mSFRBest,mpeakBest,mperiodBest,mskewBest,tau_birthBest,tau_screenBest,alpha_SF_birthBest,alpha_SF_screenBest,ZfinalBest,StellarMassBest,SFR10Best,SFR100Best,UV1500Best,UV1500AGNBest,DustLumBirthBest,DustLumScreenBest,DustLumTotalBest,DustMassBirthBest,DustMassScreenBest,DustMassTotalBest,NgasMassBirthBest,NgasMassScreenBest,NgasMassTotalBest,LPBest,mSFRQ50,mpeakQ50,mperiodQ50,mskewQ50,tau_birthQ50,tau_screenQ50,alpha_SF_birthQ50,alpha_SF_screenQ50,ZfinalQ50,StellarMassQ50,SFR10Q50,SFR100Q50,UV1500Q50,UV1500AGNQ50,DustLumBirthQ50,DustLumScreenQ50,DustLumTotalQ50,DustMassBirthQ50,DustMassScreenQ50,DustMassTotalQ50,NgasMassBirthQ50,NgasMassScreenQ50,NgasMassTotalQ50,LPQ50,mSFRQ16,mpeakQ16,mperiodQ16,mskewQ16,tau_birthQ16,tau_screenQ16,alpha_SF_birthQ16,alpha_SF_screenQ16,ZfinalQ16,StellarMassQ16,SFR10Q16,SFR100Q16,UV1500Q16,UV1500AGNQ16,DustLumBirthQ16,DustLumScreenQ16,DustLumTotalQ16,DustMassBirthQ16,DustMassScreenQ16,DustMassTotalQ16,NgasMassBirthQ16,NgasMassScreenQ16,NgasMassTotalQ16,LPQ16,mSFRQ84,mpeakQ84,mperiodQ84,mskewQ84,tau_birthQ84,tau_screenQ84,alpha_SF_birthQ84,alpha_SF_screenQ84,ZfinalQ84,StellarMassQ84,SFR10Q84,SFR100Q84,UV1500Q84,UV1500AGNQ84,DustLumBirthQ84,DustLumScreenQ84,DustLumTotalQ84,DustMassBirthQ84,DustMassScreenQ84,DustMassTotalQ84,NgasMassBirthQ84,NgasMassScreenQ84,NgasMassTotalQ84,LPQ84,mSFR_lo,mpeak_lo,mperiod_lo,mskew_lo,tau_birth_lo,tau_screen_lo,alpha_SF_birth_lo,alpha_SF_screen_lo,Zfinal_lo,StellarMass_lo,SFR10_lo,SFR100_lo,UV1500_lo,UV1500AGN_lo,DustLumBirth_lo,DustLumScreen_lo,DustLumTotal_lo,DustMassBirth_lo,DustMassScreen_lo,DustMassTotal_lo,NgasMassBirth_lo,NgasMassScreen_lo,NgasMassTotal_lo,LP_lo,mSFR_hi,mpeak_hi,mperiod_hi,mskew_hi,tau_birth_hi,tau_screen_hi,alpha_SF_birth_hi,alpha_SF_screen_hi,Zfinal_hi,StellarMass_hi,SFR10_hi,SFR100_hi,UV1500_hi,UV1500AGN_hi,DustLumBirth_hi,DustLumScreen_hi,DustLumTotal_hi,DustMassBirth_hi,DustMassScreen_hi,DustMassTotal_hi,NgasMassBirth_hi,NgasMassScreen_hi,NgasMassTotal_hi,LP_hi,ID,RA,Dec,DIC
7.15168261194953,1.67004027507292,0.522652976621611,0.193294539419282,0.00950051328808731,0.000314535405094616,2.09313788611965,1.93880725213851,0.0501187233627272,3483646527.3691,0.61255518165761,0.683357426309972,-18.1096189679636,,619793442.104635,0,619793442.104635,1859392.98156693,0,1859392.98156693,84236288.440434,0,84236288.440434,-26.7202595470908,5.87641892510162,1.45788268248435,0.348130080455245,0.278402568549949,0.0284290429108124,0.000451791383172227,1.90612197118026,1.85203637022214,0.0280604152631285,2721419195.61892,0.554759385461163,0.630475079789502,-18.0930758164008,,857342506.554285,0,857342506.554285,418258.230044079,0,418258.230044079,57385756.978459,0,57385756.978459,-29.8575613122206,4.84279040035159,1.06040969634153,0.3,0.166684947666193,0.0060341306292803,5.37886420214106e-05,0.83484485261698,1.01337027952881,0.00877920902992523,2467624865.68544,0.432252020307014,0.490959562151421,-18.1941719047952,,624075410.215157,0,624075410.215157,15386.8657616646,0,15386.8657616646,1527203.52175179,0,1527203.52175179,-31.1888325304848,7.15220666077799,1.67004027507292,0.539006342807438,0.354436662551264,0.16856970946297,0.00350768121914367,2.88869248208724,2.66805406974171,0.0501187233627272,3136000628.90715,0.690591691911479,0.775385238296713,-17.9659823922033,,1788726825.2141,0,1788726825.2141,2745449.75995989,0,2745449.75995989,247043306.393266,0,247043306.393266,-28.5914446605959,1.03362852475003,0.397472986142817,0.0481300804552448,0.111717620883756,0.0223949122815321,0.000398002741150817,1.07127711856328,0.838666090693326,0.0192812062332033,253794329.933481,0.122507365154148,0.13951551763808,0.101096088394378,,233267096.339128,0,233267096.339128,402871.364282414,0,402871.364282414,55858553.4567072,0,55858553.4567072,1.33127121826416,1.27578773567637,0.212157592588566,0.190876262352194,0.076034094001315,0.140140666552157,0.00305588983597144,0.982570510906976,0.816017699519575,0.0220583080995987,414581433.288229,0.135832306450316,0.144910158507211,0.127093424197508,,931384318.659812,0,931384318.659812,2327191.52991581,0,2327191.52991581,189657549.414807,0,189657549.414807,1.26611665162472,56116,34.3382563131137,-5.28089305277156,68.8061106127203
1761.69907881544,0.242689500476195,0.300008511759748,0.195445089005673,31.5013947797034,2.19487453560575,1.80991328988627,1.84861016157596,0.050116846259068,586706321396.484,1388.43794344719,1489.93124558005,-19.6030920229444,,9219135273451.7,7247915278884.9,16467050552336.6,11916453199.8366,10737696675.9671,22654149875.8037,539872633525.589,486469294616.356,1026341928141.94,-29.6014124659548,1710.40991218081,-0.0690169317284299,6.47135330215129,0.395033211731526,15.4287008129528,2.20008345182157,1.91774924724645,1.79081688609792,0.0472570483691238,632003068724.553,1556.20364436734,1528.36111595011,-19.6012786492631,,10347419476930.9,7398212466218.09,17864597119333.4,13478188105.9826,7175065357.84248,31335164718.6481,706467745292.226,386926055680.845,1708500929893.19,-32.0865490632456,1285.07261101937,-0.484814093876622,1.33285963478181,-0.198946542791448,7.51340744734284,2.11835750911669,1.20730209889608,0.916113748215074,0.0354848454959229,578291811198.738,1269.24430445515,1264.47751425823,-19.64339139108,,8440654780544.19,6318631903863.84,14832053695269,1233503424.36798,292185280.00095,4542015066.58262,60509779251.5037,15514839761.636,247345537524.252,-33.3123688494147,2198.45308103837,0.310987487707186,44.406478483761,0.912198882564177,31.6227766016838,2.27292218109267,2.70344572627347,2.75343079083384,0.0501187233627272,696739230712.379,1813.19314391785,1757.37634230744,-19.5603597625979,,12077755633353.4,8392693733379.47,20428533832417.9,40231510653.918,30746926251.2664,58420161243.8582,2183031203613.96,1592285687635.21,3148554366318.41,-31.0452392468797,425.337301161437,0.415797162148192,5.13849366736948,0.593979754522974,7.91529336560995,0.0817259427048787,0.710447148350374,0.874703137882845,0.0117722028732008,53711257525.8158,286.959339912195,263.883601691883,0.0421127418168332,,1906764696386.71,1079580562354.25,3032543424064.38,12244684681.6146,6882880077.84153,26793149652.0655,645957966040.722,371411215919.209,1461155392368.94,1.22581978616916,488.043168857559,0.380004419435616,37.9351251816098,0.517165670832651,16.194075788731,0.072838729271099,0.785696479027024,0.962613904735924,0.00286167499360346,64736161987.8254,256.989499550501,229.015226357323,0.0409188866651924,,1730336156422.54,994481267161.389,2563936713084.52,26753322547.9354,23571860893.4239,27084996525.2101,1476563458321.73,1205359631954.37,1440053436425.22,1.04130981636583,221999,34.3373106266039,-5.14366101455103,63.9865181217731
22.2529633212952,1.45887432462117,0.300005259295352,0.409670790247845,28.4460673260194,1.49688753040238,1.99040804000295,1.99879211740753,0.0206640722766736,10879900117.6582,3.63974106886442,3.89494458272132,-15.2955138582261,,24167191881.1192,41484150935.7094,65651342816.8286,55701747.5425759,97863868.321552,153565615.864128,6120416031.93046,10753120234.9466,16873536266.877,-20.0310555795198,20.8707806087231,0.986751106667932,1.75778103271292,0.164622025202607,16.220098335515,2.2972924657075,2.18476961932175,1.50357024482684,0.0107762999979912,14393673586.1726,17.0844789384208,17.4463625357038,-15.0910672267944,,116774733245.786,141771790919.48,257366713482.83,25795600.3281763,4663236.37230789,54046849.4686582,7832150426.11313,1734704104.62725,13330332137.7653,-22.7495238320141,15.9833529347108,0.187359194692252,0.604302566883383,-0.33900367636002,7.9821444732365,1.79613743238993,1.14798073846643,0.571301143745723,0.0021504196449986,11243178874.8098,8.73028760283607,9.38566339779561,-15.4591480046354,,59613789651.9828,70820421980.8098,135957427297.653,496827.636849644,181718.359061435,1932051.76126152,478820060.288789,103310442.672929,3478040865.31957,-23.9074292362579,34.1542339204083,1.45778328894587,12.3180597807818,0.63401333312752,31.6227766016838,2.65221791543789,3.10306255271734,2.32003018917116,0.0340604049279946,18014367157.0775,30.6227005165206,30.4834674631636,-14.6268232503197,,215862757063.32,223941481789.494,437869341550.741,163161032.323776,97351535.1382991,309008549.288927,23023057444.8419,14831681310.5137,34912758557.9041,-21.7693073726015,4.88742767401229,0.79939191197568,1.15347846582954,0.503625701562627,8.23795386227847,0.501155033317576,1.03678888085532,0.932269101081121,0.00862588035299257,3150494711.36276,8.35419133558469,8.06069913790819,0.368080777841072,,57160943593.8034,70951368938.6707,121409286185.178,25298772.6913267,4481518.01324646,52114797.7073966,7353330365.82434,1631393661.95433,9852291272.44574,1.15790540424375,13.2834533116853,0.471032182277937,10.5602787480688,0.469391307924913,15.4026782661688,0.354925449730384,0.918292933395597,0.816459944344314,0.0232841049300034,3620693570.90488,13.5382215780999,13.0371049274598,0.464243976474648,,99088023817.5338,82169690870.014,180502628067.911,137365431.9956,92688298.7659912,254961699.820269,15190907018.7288,13096977205.8864,21582426420.1388,0.980216459412624,83894,34.2237498079267,-5.260210411351,44.7903219717003
1.04340974092481,1.77450577418537,0.3,0.522910662020523,0.00316227766016838,1e-05,2.00027099060555,1.99999995011002,0.0501187233627272,616285030.714968,0.282331446149844,0.291645060580861,-17.2423867927811,,261122685.380762,0,261122685.380762,618517.268800612,0,618517.268800612,28020757.0839443,0,28020757.0839443,-34.1470964981176,0.505077188406061,0.478896274647432,1.66026939447568,0.16398124353858,1.40645831474132,0.00246175742722701,2.12915506717081,2.07153163487973,0.00222995211292971,294619816.024983,0.402258935834021,0.404742018390793,-17.3525322725889,,2646834072.35452,1225616.79900646,2683632122.08445,10283.5062149386,0.0254975007917069,13753.3074593272,74043133.5964393,4739.77566408468,77709018.6781303,-36.5792298880344,0.417208060227551,-0.227091789673294,0.363627271640163,-0.406534856360332,0.118593213313742,6.61787898782845e-05,1.16515608851568,1.15663832216269,0.000396103251561627,236197830.639666,0.270882086227458,0.282560678262616,-17.4958202462124,,709768452.804444,0,709768452.804444,57.9269302453127,0,70.1407121246725,7645031.70813282,0,14197823.4503763,-37.9675125011604,0.645639340685821,1.52377646588818,32.956459775283,0.647378797124782,17.1755906068612,0.0322575355578445,2.99521302732368,2.93212371519005,0.0175588566215884,431133282.768373,0.478188405043572,0.475903748280882,-17.1565652650706,,3328833086.99976,142651762.14117,3484145249.69738,1134460.9409468,352.736721894296,1134460.9409468,248177007.579336,3599089.43132944,253523618.030344,-35.6109410639629,0.0878691281785105,0.705988064320726,1.29664212283552,0.570516099898912,1.28786510142757,0.00239557863734872,0.96399897865513,0.914893312717034,0.00183384886136809,58421985.3853164,0.131376849606563,0.122181340128177,0.143287973623508,,1937065619.55008,1225616.79900646,1973863669.28001,10225.5792846933,0.0254975007917069,13683.1667472025,66398101.8883065,4739.77566408468,63511195.227754,1.38828261312597,0.14056215227976,1.04488019124075,31.2961903808073,0.483397553586202,15.7691322921199,0.0297957781306175,0.866057960152874,0.860592080310324,0.0153289045086587,136513466.74339,0.0759294692095512,0.0711617298900898,0.195967007518231,,681999014.645234,141426145.342164,800513127.612928,1124177.43473187,352.711224393505,1120707.63348748,174133873.982896,3594349.65566535,175814599.352214,0.968288824071493,108492,34.2418114855169,-5.23940015613858,72.2153760126433
6.02506783944603,-0.259797057323091,0.441734951506124,0.891126444305738,1.00050093809273,0.349443759593937,1.6162850654004,1.81779172349651,0.0487537963949512,275390698.126009,3.45318430405992,2.55504630408876,-18.3958888840411,,22782994337.6206,8272954563.46069,31055948901.0813,13621294.9854662,11000408.0119207,24621702.9973869,634363219.524581,512304758.833262,1146667978.35784,-20.9088106371474,8.81610015726551,-0.268467592119381,0.448481687767761,0.935427201844495,4.10478938182989,0.454154050032305,1.69205878279452,2.02754375734997,0.00209860346500857,373875157.186903,4.8402488419323,3.53701039807692,-18.4239066988056,,36895903756.2147,13170261021.7524,49956680953.7559,92291.6806100911,40938.8411128995,265951.946291761,701333617.361291,608924521.68058,1824349740.41467,-24.2699708841522,8.08550903479959,-0.283530433886776,0.417360643607858,0.81031283128316,1.2041485863229,0.380100587819313,0.861286493686825,1.09867806928466,0.000249631631200604,286425953.245865,4.07226582975038,2.78644740487208,-18.465743892981,,29705838779.7196,9981006063.90354,39677820785.9203,222.644479373236,58.0587645123397,425.893831703287,45847228.3238653,30188115.7713395,435953438.456349,-25.4586715307134,9.79862880777451,-0.253756682010281,0.462909413820085,1,22.9497282966969,0.513408130571706,2.5910291070411,2.90329683802146,0.0227726528982182,428804114.391466,5.44125630086645,3.98949140590862,-18.3840143726066,,42014601447.0221,15902268736.496,57684427917.1052,6142026.63741023,12080936.7597466,26546064.5879863,2888777109.643,1699840355.03312,3580885715.70386,-23.1666861794561,0.730591122465912,0.0150628417673951,0.0311210441599035,0.125114370561336,2.900640795507,0.074053462212992,0.830772289107694,0.928865688065308,0.00184897183380797,87449203.9410377,0.767983012181922,0.750562993204848,0.0418371941754003,,7190064976.49504,3189254957.84886,10278860167.8356,92069.0361307179,40880.7823483872,265526.052460058,655486389.037426,578736405.90924,1388396301.95832,1.18870064656126,0.982528650509007,0.0147109101090998,0.0144277260523233,0.0645727981555049,18.844938914867,0.0592540805394016,0.898970324246585,0.875753080671498,0.0206740494332096,54928957.2045633,0.601007458934148,0.4524810078317,0.0398923261989772,,5118697690.80746,2732007714.74361,7727746963.34933,6049734.95680014,12039997.9186337,26280112.6416945,2187443492.28171,1090915833.35254,1756535975.28919,1.10328470469609,14640,189.114835179598,62.2400530342146,47.6457685995279
3.57307523305835,-0.00709747309120844,0.3,0.235655943004838,1.13701592441455,1.00000000006853e-05,1.97724507551115,2.00000002821346,0.0435468172677316,689674769.236697,3.48302998433354,3.37394965120173,-19.1534222009752,,21209116601.4984,0,21209116601.4984,47101381.5997078,0,47101381.5997078,2455869372.30415,0,2455869372.30415,-17.2559090452233,4.09980414180073,-0.0521711147405122,0.354306690149627,0.448829702009621,8.32527925745912,0.00646946172714027,2.09143402137582,2.04759221151115,0.0310896706673577,804272384.483859,3.81149826942402,3.66771731581498,-19.1683152212514,,25251101457.7314,236353587.36174,25539702716.2503,34285941.6688609,150936.581245151,35073551.9229417,2593389767.97596,10714586.9285603,2681364606.47521,-19.4586405874966,3.56371868574449,-0.130258683464506,0.3,0.0187965453213817,2.46686643683237,0.00013913524381363,1.14018792959075,1.11919592830532,0.0221752801849772,747017354.663879,3.45165852257938,3.38184793689317,-19.19962217953,,22945944389.3283,38777602.6720557,23510530984.5299,1716203.8773196,11839.4645315604,2573951.88314597,124052901.685581,890960.410723998,217992585.162339,-20.8373059094308,4.45633581120947,0.0510850109984465,0.498104100852512,0.92853303708667,25.5924585682422,0.0675260144205285,2.85595929626515,2.88819333182219,0.0501187233627272,867053536.874112,4.22480429030735,4.00975295487538,-19.133761622036,,28140723509.2788,2395365597.58529,29408952116.5525,75074139.7518171,1268271.0719719,76000515.1618268,5492055690.72359,84964868.9816545,5550984466.24055,-18.412353489234,0.53608545605625,0.0780875687239943,0.0543066901496271,0.430033156688239,5.85841282062675,0.00633032648332664,0.951246091785069,0.928396283205821,0.00891439048238048,57255029.81998,0.359839746844634,0.285869378921813,0.0313069582786518,,2305157068.40316,197575984.689684,2029171731.72039,32569737.7915413,139097.11671359,32499600.0397958,2469336866.29038,9823626.51783633,2463372021.31288,1.37866532193422,0.356531669408733,0.103256125738959,0.143797410702885,0.479703335077049,17.2671793107831,0.0610565526933883,0.764525274889327,0.84060112031104,0.0190290526953696,62781152.3902527,0.413306020883337,0.342035639060401,0.0345535992153359,,2889622051.54742,2159012010.22355,3869249400.30225,40788198.0829562,1117334.49072675,40926963.2388851,2898665922.74763,74250282.0530941,2869619859.76534,1.04628709826259,11792,189.107746748559,62.2695331884535,37.6593312198076
6.22712124799978,-0.985669339646171,0.334073378289348,-0.291027613512574,1.16357428328685,1.95936870389528e-05,2.00210466466288,1.99728622175345,0.0067338473612915,277385367.236774,1.147384270161,1.02638868829091,-18.1945200119359,,7587166656.42771,0,7587166656.42771,18062258.1006731,0,18062258.1006731,6090273716.63188,0,6090273716.63188,-12.6893918971297,4.98383948579945,-0.959047406141011,0.353938139104363,-0.292068982346364,7.36552834599239,0.000565906318761715,2.23783615492321,2.30146584075501,0.00499324582218382,321505351.928145,1.19016787170094,1.08524239670802,-18.1946084144058,,8346939633.39274,11047405.5455093,8434117959.17661,760578.988478491,394.554675477498,773416.247397817,529251612.345894,385871.81103934,543905021.439634,-15.1782182021131,3.96692819167096,-1.12668634866432,0.327379472924046,-0.363040216884466,1.23727946389073,2.44604050733856e-05,1.45814407971207,1.17235740398423,0.0022219120172492,285896699.531111,1.09186599498264,1.00248053125129,-18.2492845934798,,7398903916.09585,0,7414420629.71592,62260.1373267021,0,69144.3567046767,80365414.9286528,0,92618209.0081069,-16.4963769709445,6.03332498368796,-0.873953276707746,0.408419899807311,-0.281085729625562,25.2934077705078,0.0226317060080035,2.97159010035023,3.39213450926017,0.0115672467772295,391463304.352209,1.28518028242874,1.15149233186244,-18.1343793354577,,9045839099.48697,317756014.531346,9173354736.0854,4337261.98689274,21040.0436524007,4388319.41856425,1226743797.34011,18901338.5723663,1242842452.914,-13.8737853426942,1.01691129412849,0.167638942523307,0.0265586661803168,0.0709712345381023,6.12824888210167,0.000541445913688329,0.779692075211149,1.12910843677078,0.00277133380493462,35608652.3970342,0.098301876718301,0.0827618654567379,0.054676179073951,,948035717.296885,11047405.5455093,1019697329.46069,698318.851151789,394.554675477498,704271.890693141,448886197.417241,385871.81103934,451286812.431527,1.31815876883148,1.04948549788851,0.0850941294332648,0.054481760702948,0.0109832527208018,17.9278794245154,0.0220657996892417,0.733753945427012,1.09066866850516,0.00657400095504571,69957952.4240636,0.0950124107277999,0.0662499351544181,0.0602290789481259,,698899466.094232,306708608.985837,739236776.908785,3576682.99841425,20645.4889769232,3614903.17116644,697492184.994213,18515466.761327,698937431.474368,1.30443285941885,34757,53.1717583320677,-27.7523296893308,30.4527297406231
107.18009078453,2.58577320602404,0.3,-0.5,30.7700064738216,2.26750835756321,1.99985518918315,1.94217778974633,1e-04,11966935767.8564,2.24957161375492e-275,1.71605127595208e-248,-11.2341409148803,,52164750.5339851,20828010357.8762,20880175108.4101,123420.68614483,41734001.4719818,41857422.1581266,5062731170627.88,1711933685729890,1716996416900520,-21.5484691232218,48.7206943453337,2.55362923374487,0.3,-0.27482338094358,14.692167691254,2.28299778239596,1.70645616522706,1.83317151588884,0.000249124618101238,11656328801.2072,1.01070826489535e-28,5.42542650078359e-27,-10.991223018741,,54200024.4456596,21219194541.8628,21271487772.4371,0.360171598042677,104.171408265593,107.029900745846,886360.927803606,475524227.537481,479305656.879975,-23.5971823088542,36.0917529306102,2.37137031279853,0.3,-0.5,7.44703316954472,2.08245942198002,1.03632887200962,0.642406278873807,0.000107712941775119,9439467175.07251,4.570143587688e-167,4.93405418517477e-152,-11.2681450677252,,43423490.4413319,16611024816.3707,16678003476.0582,0.0225385291797995,3.13928190332933,3.34582158149224,91926.7996898957,13344486.6405143,15730784.645124,-24.95402579129,93.3954751554275,2.58577320602404,0.446507646063407,0.185712689705238,31.0355147163604,2.46485080703293,2.51438658265703,2.77694735673147,0.00108822840554365,13386028619.1074,0.000495816851256113,0.000739102755330466,-10.6281184596529,,65070580.143177,25598287295.6022,25673511290.3345,20.0774477768308,16546.8204110512,16998.0750819284,3347808.73465849,1398645289.66239,1402089099.35905,-22.5696425891549,12.6289414147235,0.182258920946341,0,0.22517661905642,7.2451345217093,0.200538360415944,0.67012729321744,1.19076523701503,0.000141411676326119,2216861626.13469,1.01070826489535e-28,5.42542650078359e-27,0.276922048984211,,10776534.0043277,4608169725.49216,4593484296.37884,0.337633068862877,101.032126362263,103.684079164354,794434.12811371,462179740.896966,463574872.234851,1.35684348243576,44.6747808100939,0.0321439722791665,0.146507646063407,0.460536070648818,16.3433470251063,0.181853024636971,0.807930417429971,0.943775840842629,0.000839103787442408,1729699817.90023,0.000495816851256113,0.000739102755330466,0.363104559088098,,10870555.6975174,4379092753.73935,4402023517.89745,19.7172761787882,16442.6490027857,16891.0451811825,2461447.80685488,923121062.124908,922783442.479079,1.02753971969931,208439,34.4524782764103,-5.15472817283268,45.2038261346401
3.45701082832763,-1.03656185524451,6.07162374079048,0.155440454952831,4.08808353877291,0.489903964976036,2.00441617276782,2.00247777445897,0.00518553817292127,1056403984.57394,2.35751343749734,2.2752849232273,-17.7185014566711,,16589419260.2819,9238632458.40778,25828051718.6897,39743770.8179104,22016280.9726469,61760051.7905573,17402164507.9536,9640024976.35862,27042189484.3122,-40.3753438860555,2.35250169866644,-0.971053054823112,7.3836040192009,-0.017308658719304,4.64294693684669,0.0339864238400571,1.67942475931829,1.98385778005966,0.0348997516598022,666050000.26463,1.4623942085096,1.41056907801869,-17.8476624637214,,9669239843.15571,343139773.376087,9893466385.35237,4261589.62158518,93555.6557400386,7694847.78058949,362102154.896841,11181666.9883309,658223091.340751,-42.3871300608501,1.52769811938067,-1.35809348588052,0.88977474756121,-0.5,1.29014195405151,0.000257900349368821,0.922566947415868,0.908496877529798,0.0130971366874992,539871845.051593,1.18523381258109,1.15490609960873,-17.9707099527362,,7641481816.44078,12759285.5779575,8132022451.09382,242731.233777833,1227.19956349103,590863.537010753,21171358.7888583,99876.8082849415,85263876.3093433,-43.9895875950721,3.84845560082653,-0.385602432477239,53.36870590286,0.801292221065465,21.0346173663105,0.308158694634677,2.54940269188535,2.80033527325876,0.0501187233627272,950116270.162868,2.1205575098603,2.02050988430949,-17.6991797463421,,14314083281.9187,4586031128.67399,18924008792.2088,29299972.5850416,4710985.09066116,30883836.2206953,1877114837.43233,500827641.546146,2064699476.73722,-41.3100064205835,0.824803579285763,0.387040431057411,6.49382927163969,0.482691341280696,3.35280498279518,0.0337285234906882,0.756857811902423,1.07536090252986,0.021802614972303,126178155.213037,0.277160395928512,0.255662978409968,0.12304748901478,,2027758026.71493,330380487.79813,1761443934.25855,4018858.38780734,92328.4561765476,7103984.24357874,340930796.107982,11081790.180046,572959215.031408,1.60245753422194,1.49595390216009,0.585450622345873,45.9851018836591,0.818600879784768,16.3916704294638,0.27417227079462,0.869977932567055,0.816477493199098,0.0152189717029251,284066269.898238,0.658163301350705,0.609940806290799,0.148482717379277,,4644843438.76301,4242891355.2979,9030542406.85644,25038382.9634565,4617429.43492113,23188988.4401059,1515012682.53549,489645974.557815,1406476385.39647,1.07712364026669,245058,34.4107418365089,-5.12968100635144,84.3840675268183
1.38981233884257,0.978270124025401,99.9988207594473,0.994934003182878,0.568947740560591,0.12822021704419,2.00439442576788,2.00123991824987,0.00778903614839886,897486454.057125,1.38974777557282,1.38975350078639,-18.3758109337632,,7787037991.6118,2171715862.34205,9958753853.95385,18654533.7253599,5157814.31761468,23812348.0429745,5437868667.35016,1503522804.84169,6941391472.19184,-29.1427390755482,1.77069049457507,0.316266936678584,8.75461504281578,0.0717405370032019,9.80592924837312,0.0162674478206098,2.2500542222353,1.58162535038298,0.00610971363652574,772036628.211509,1.61186319739787,1.59684832201317,-18.4978386234074,,11171054958.4913,311772563.336493,11698544104.3631,1075753.38696192,4200.25557996619,1170526.43965867,731482050.513877,3562864.52660971,767327776.375656,-31.6287903012435,1.46626134663843,-0.171899238471694,1.0782328719523,-0.394525480801078,2.02974900574905,0.00032551815132234,1.28384570866134,0.763259811663476,0.000954660078755019,572333873.557842,1.31330210083238,1.32108784986942,-18.6325493992876,,8789938134.08742,13548625.7291749,9041589203.40201,5773.23382509387,1.29328544080122,6521.61229904487,67369564.1675209,24012.8720243988,89011440.9216588,-33.2369106347709,2.23004333956989,0.7993727051723,68.2289046694469,0.772367348089412,27.7031139978547,0.141561447093426,3.23730004191568,2.49741536319136,0.0228796594479583,942313925.452567,2.02080050457894,1.98088005114991,-18.3357715128848,,13934744746.9563,3092884315.07309,16274244746.7829,16151617.4004689,146387.861811909,16422547.9467776,2495597967.56637,104998191.828741,2536495555.98574,-30.4583765194562,0.304429147936643,0.488166175150278,7.67638217086348,0.466266017804279,7.77618024262407,0.0159419296692874,0.966208513573953,0.818365538719506,0.00515505355777073,199702754.653667,0.298561096565493,0.275760472143744,0.134710775880158,,2381116824.4039,298223937.607318,2656954900.96109,1069980.15313682,4198.96229452539,1164004.82735962,664112486.346357,3538851.65458531,678316335.453997,1.60812033352747,0.459352844994823,0.483105768493716,59.4742896266311,0.70062681108621,17.8971847494816,0.125293999272816,0.987245819680382,0.915790012808373,0.0167699458114326,170277297.241057,0.408937307181064,0.384031729136741,0.162067110522671,,2763689788.46501,2781111751.7366,4575700642.41983,15075864.013507,142187.606231943,15252021.5071189,1764115917.0525,101435327.302131,1769167779.61009,1.17041378178728,69070,34.4533472762435,-5.27073816811636,62.0537487558849
7.26287884416279,1.24134317735317,0.86201540951873,-0.499984790411823,2.97505789523493,2.25699965787471e-05,2.00011627532881,2.00012652234343,0.0202641943944138,3000008559.50216,0.275154028940586,0.38643862565379,-17.081954133135,,1803660759.4811,0,1803660759.4811,4270487.10381216,0,4270487.10381216,478493571.425573,0,478493571.425573,-25.829678725474,8.47493598207721,1.13952571402558,0.460589551923449,-0.066333401496767,4.55116568493429,0.0010191954629606,2.23809333087852,1.39041966765344,0.0140461835154975,3009939811.66041,0.195396865315951,0.276409769436017,-17.0751759559175,,1158994814.73578,0,1261712679.82847,244495.226601775,0,256842.736760069,44951977.7172716,0,49986606.7750987,-27.8359911325429,7.11400500496764,1.04488117729949,0.375590928817408,-0.403114597450212,0.07904904683648,8.54886168132054e-05,1.26301882652249,0.491739909935426,0.0047736434756642,2844364698.45769,0.0173955472454827,0.0328087487699154,-17.3813070298747,,72333204.8242055,0,85347416.955181,8114.63606206454,0,8789.63979754898,2585065.56175184,0,2928972.63423368,-29.1875667016145,10.7858902057275,1.24220955545027,0.669479670249894,0.0240784384122586,23.0433851417217,0.0142685596755961,3.01335690983285,2.20731258955914,0.0283917148940186,3191995251.63511,0.375577854099007,0.495968261550618,-16.7725755028694,,2424970438.59433,171915165.321718,2654724002.36003,3412494.10640559,6732.60701101973,3426670.08226014,326382618.890632,1141668.43288277,333249664.512484,-26.8603739578727,1.36093097710957,0.0946445367260955,0.0849986231060413,0.336781195953445,4.47211663809781,0.000933706846147392,0.975074504356033,0.898679757718016,0.0092725400398333,165575113.202723,0.178001318070469,0.243601020666102,0.306131073957239,,1086661609.91157,0,1176365262.87329,236380.59053971,0,248053.09696252,42366912.1555197,0,47057634.140865,1.35157556907156,2.31095422365027,0.102683841424688,0.208890118326445,0.0904118399090256,18.4922194567874,0.0132493642126355,0.77526357895433,0.8168929219057,0.0143455313785211,182055439.974696,0.180180988783056,0.2195584921146,0.302600453048083,,1265975623.85856,171915165.321718,1393011322.53156,3167998.87980382,6732.60701101973,3169827.34550007,281430641.173361,1141668.43288277,283263057.737386,0.975617174670209,94378,34.4017941796419,-5.25018120537919,53.2011963598711
0.7700035126364,1.7048917531348,99.9999261212974,0.876108228616404,3.79785339103004,0.195650574667778,2.00694494026992,2.00249502090773,0.00438269028563882,827313328.064142,0.76989553316612,0.769901064199281,-17.3969093791913,,5410463140.70434,1934662837.98065,7345125978.68499,13051610.5869793,4610649.07599562,17662259.6629749,6761629373.75896,2388632423.30019,9150261797.05914,-32.8671061856423,0.834803507104752,1.08451975906478,4.69038504173018,0.335601009605205,4.05283872111809,0.0029600398696774,1.72636697346771,1.81318687697017,0.0172956152480607,661915491.753146,0.754863693651698,0.75859878843748,-17.4605617527981,,5044904536.32454,19081463.7353597,5210386348.90177,884294.698743547,3274.92242253095,1041761.28564588,170660664.884209,633405.740261794,241225361.499131,-35.0847772829377,0.663482567342786,0.40695708994531,0.66387179832263,-0.345593965785129,1.28644927365684,0.000102457772206789,0.915434454532132,0.838271549462814,0.00269664249276152,515592887.070796,0.592863806001958,0.599047405558516,-17.6773459159752,,3788623542.08829,0,3816302170.66205,12684.0496779484,0,30035.5857231523,7019885.42358786,0,15452001.0337801,-36.5185206653065,1.09100717861908,1.60592615123174,40.9011894193222,0.862004573885798,19.4237218624126,0.110301550914458,2.78724107210996,2.63204282189198,0.0443004550828283,891118757.581139,0.935699502219748,0.932940396989301,-17.2296844240752,,6206377480.80255,1025731561.27768,6838907392.68246,12255330.4616792,109251.438710122,12509273.5330514,973626983.4393,75828788.4884249,1008611341.65794,-33.9734734032225,0.171320939761966,0.677562669119472,4.02651324340755,0.681194975390334,2.76638944746125,0.00285758209747061,0.810932518935581,0.974915327507354,0.0145989727552992,146322604.68235,0.16199988764974,0.159551382878964,0.216784163177021,,1256280994.23624,19081463.7353597,1394084178.23973,871610.649065599,3274.92242253095,1011725.69992273,163640779.460621,633405.740261794,225773360.46535,1.43374338236882,0.256203671514326,0.521406392166955,36.210804377592,0.526403564280593,15.3708831412945,0.10734151104478,1.06087409864225,0.81885594492181,0.0270048398347677,229203265.827992,0.180835808568049,0.174341608551822,0.230877328722897,,1161472944.47802,1006650097.54232,1628521043.78068,11371035.7629357,105976.516287591,11467512.2474056,802966318.555091,75195382.7481631,767385980.158807,1.11130387971512,237731,34.4178147258715,-5.13486003361594,67.6925078645635
25.1363272139399,1.25122592230312,0.300000647456704,0.355532746036435,0.756299689421734,0.229633221325093,2.00495135543443,2.00374821797745,0.00425060660877787,9303070167.6033,3.77682298493422,4.13466738376275,-19.4265127551796,,22967006482.738,17214509920.9721,40181516403.71,55103156.4310538,41166149.408398,96269305.8394518,29434292375.1999,21989601977.9565,51423894353.1564,-25.763398401252,21.1551411132233,1.19443791643216,0.300882592853814,0.338615806100897,3.10846703686487,0.0107999764540829,2.00820608985721,2.02038947280799,0.0110480591588834,8463509494.49843,3.55776299589584,3.89391990399748,-19.4384859966678,,23246241267.2528,574206695.641197,25990291403.3997,5292199.88666786,57296.8040810417,6300306.87641905,1324975692.65165,24287926.2621204,1895894604.51396,-28.8685191687571,18.0103109751829,1.10152909742758,0.3,0.297680724417496,0.792620566865083,0.000124506498968987,1.14901247772404,1.30948660486585,0.00377974484744406,7650683953.27619,2.84760823533353,3.17844980602538,-19.4856055139261,,17791157735.9155,3305875.83493653,19064297700.8093,181218.32726958,320.248533104537,474621.845392097,93358940.856615,45148.1718092569,384848512.001211,-30.2646275242286,23.9552679575223,1.25122628491231,0.337788279438076,0.363496915311291,15.907718458448,0.198048641629984,2.68509384471609,2.79337131000802,0.0213442287690295,9415850387.31284,4.25899716499543,4.6262243320382,-19.3893562797921,,28411096583.0848,14527497662.4308,39105699214.3958,37672711.2508123,1186002.11978082,39036018.1902737,4415909784.40595,547365746.710341,4555962377.48837,-27.4599327497848,3.14483013804036,0.0929088190045715,0.000882592853814423,0.0409350816834009,2.31584646999979,0.0106754699551139,0.85919361213317,0.710902867942143,0.00726831431143935,812825541.222236,0.710154760562306,0.715470097972104,0.0471195172583165,,5455083531.33724,570900819.806261,6925993702.59036,5110981.55939828,56976.5555479372,5825685.03102695,1231616751.79503,24242778.0903112,1511046092.51275,1.39610835547151,2.80012684429905,0.0567883684801511,0.036905686584262,0.0248811092103939,12.7992514215832,0.187248665175901,0.676887754858876,0.772981837200032,0.0102961696101461,952340892.814412,0.701234169099598,0.732304428040717,0.0491297168757185,,5164855315.832,13953290966.7896,13115407810.9961,32380511.3641444,1128705.31569978,32735711.3138547,3090934091.7543,523077820.44822,2660067772.97441,1.40858641897223,130917,34.2707048091246,-5.21764908331747,60.4541960389425
6.44383032470522,-0.289881146793792,0.300001824763528,0.301165210019144,0.526616365763419,0.160601569637787,1.99878194103389,2.0016492464365,0.0498120172479392,213622490.186157,2.66846334052007,1.91192186250037,-18.8047953009185,,15229742741.0442,3435748058.01867,18665490799.0629,35926967.9145562,8169050.98106357,44096018.8956197,1637625046.53873,372362135.453722,2009987181.99245,-18.2987442615155,5.85621259481531,-0.314193689551112,0.3,0.198490349062306,0.884956890850461,0.0268024918084065,1.76633646910052,2.02030214381728,0.00213694758008453,217482733.927376,2.38270701586481,1.79672858105105,-18.8870099028102,,15805568653.6141,335233879.817059,16390793315.6234,37793.2137911716,2.28793888372424,43086.5920608021,403201129.423851,1786063.99039048,480328492.520365,-21.4493657262234,4.90300130494673,-0.347467151368216,0.3,0.149774292232882,0.640390752828865,0.000274029788646605,0.916708579029054,1.16984247863855,0.000361615709663974,191465354.24894,2.13564440826879,1.59790147482411,-18.9355542763897,,13113893026.7831,0,13396409375.8993,451.577562995535,0,618.991500783204,22151976.9836841,0,55313211.1080348,-22.6308092259009,6.88625548079622,-0.289881146793792,0.303704551796469,0.259346921013112,1.91660846672778,0.120633549057828,2.84028602863282,2.95668448837748,0.00807177761094194,254165173.103394,2.73370201566713,2.02698180354266,-18.8358683343235,,18911939565.6991,2727439838.1,21213007228.0514,2024270.867296,32349.6140114495,3035049.66404666,1425712666.33514,100411683.634038,1470057647.9422,-20.1152489742957,0.953211289868574,0.0332734618171034,0,0.0487160568294246,0.244566138021596,0.0265284620197599,0.849627890071465,0.850459665178731,0.00177533187042055,26017379.6784358,0.247062607596023,0.198827106226944,0.0485443735795883,,2691675626.83106,335233879.817059,2994383939.72411,37341.636228176,2.28793888372424,42467.6005600189,381049152.440167,1786063.99039048,425015281.41233,1.18144349967754,1.03004288598092,0.0243125427573205,0.00370455179646867,0.0608565719508054,1.03165157587732,0.0938310572494212,1.0739495595323,0.936382344560196,0.00593483003085741,36682439.1760175,0.350994999802324,0.230253222491603,0.0511415684866421,,3106370912.08495,2392205958.28294,4822213912.42798,1986477.65350483,32347.3260725657,2991963.07198586,1022511536.91129,98625619.6436471,989729155.421839,1.33411675192766,7193,189.248555415728,62.2329225248423,43.5748238972969
273.951823785756,-1.99997908131831,1.94669457603473,0.624011431518169,2.27548144237799,0.676306734468099,2.09642887944403,2.05962522302445,0.0430603631030522,2273621655.15218,14.5836733507144,12.2332333056137,-18.6974574305919,,95791364359.1914,41122291057.536,136913655416.727,289596645.783035,113771510.927586,403368156.710621,15270170119.9189,5999069229.43448,21269239349.3533,-20.202126495486,397.124221202469,-2,1.90120240821546,0.659558220178669,9.20769323943147,0.774773447777677,2.21090016977871,2.09476330947342,0.0323220839071588,2555941330.6019,17.3753109203921,14.3512007412617,-18.7146637842943,,116950110326.824,52770873437.4737,170106204980.826,87395784.8777978,35921237.1617508,173226205.842062,11944155226.374,4946384960.82578,18037518843.7399,-22.3546701127181,310.41730864755,-2,1.8519877964535,0.621532974209855,3.1940466615056,0.685020755624123,1.31508055415785,1.16186994411549,0.00574675942121809,2236392304.53878,15.238324917842,12.726944541898,-18.8368098035896,,103400263808.804,44322983148.7415,148504692500.314,4761581.09988264,1964162.87168752,24703019.6636773,1096303987.59861,250192160.798154,7346323390.84835,-23.4494286464422,585.233979569868,-1.97064894321302,1.95065181568487,0.694852205208707,26.6445207490228,0.97910650389415,3.02568410528124,2.92551427794268,0.0501187233627272,3052356017.20603,22.0605699313058,18.040132267179,-18.5870168003218,,155802169309.617,86506648351.207,241657902199.635,389753270.293703,162954669.856575,492593322.488531,27407074812.1484,12475602499.4472,33804601126.7577,-21.3715252622147,86.7069125549197,0,0.0492146117619596,0.0380252459688141,6.01364657792587,0.0897526921535543,0.895819615620862,0.932893365357934,0.0265753244859407,319549026.063126,2.13698600255005,1.62425619936372,0.122146019295361,,13549846518.0202,8447890288.73219,21601512480.5117,82634203.7779151,33957074.2900633,148523186.178384,10847851238.7754,4696192800.02762,10691195452.8915,1.09475853372418,188.109758367399,0.0293510567869768,0.0494494074694101,0.0352939850300377,17.4368275095913,0.204333056116473,0.814783935502529,0.830750968469257,0.0177966394555685,496414686.60413,4.6852590109137,3.68893152591726,0.127646983972511,,38852058982.7923,33735774913.7333,71551697218.8093,302357485.415905,127033432.694824,319367116.646469,15462919585.7744,7529217538.62146,15767082283.0179,0.983144850503344,5881,214.923941475732,52.9483917354458,41.6291394383843
2.17493485822937,0.29297704013898,0.3,-0.240502500590895,20.5153114210514,1e-05,1.9931353957521,1.99999278581769,0.00535154512947314,837622231.914953,1.08545608652055,1.35659622730689,-18.5694242970657,,7607344234.2439,10956584.3991871,7618300818.64309,17667512.9569558,25932.8540825019,17693445.8110383,7495908247.397,11002697.1690453,7506910944.56605,-25.8573515747929,2.02994325658507,-0.0717250405190096,5.67487796952055,0.222209117433175,3.21928160824527,0.00308055663868171,1.67030667311797,1.90839682133398,0.0105837594713727,768139761.533741,1.78651416016722,1.75060795111995,-18.6024774041954,,11990647506.2541,46859673.5638809,12269607953.7031,1885964.66135754,3131.33660229842,2491962.57021936,359675170.874721,1580867.00136472,428500283.874325,-28.6756405304825,1.70305148961381,-0.810016506077316,1.11813318968559,-0.374515270075521,1.04132576808692,0.000151963452823757,0.95149372466315,0.713735509728075,0.00327206402289903,571771767.13485,1.55811829120657,1.54020301392997,-18.7302523895226,,10158421470.4634,0,10415549733.9473,32515.0904417636,0,41168.7444725764,19306891.3059222,0,38400254.2594503,-29.8518049221599,2.9698718682587,0.437743719467881,39.8562747976953,0.827489264122207,17.6581511856402,0.0530648017989536,2.53987361939201,2.77339483388964,0.0300511463715388,934120770.781488,2.08113402174392,2.01890184096362,-18.4657332944276,,13865089254.9702,988885333.718073,14392688008.456,13915274.8741842,288664.947281808,15192656.7611126,2036506095.90457,69538253.4275255,2042305021.86615,-27.5241053512325,0.326891766971267,0.738291465558306,4.55674477983496,0.596724387508695,2.17795584015835,0.00292859318585796,0.718812948454816,1.19466131160591,0.00731169544847363,196367994.398891,0.228395868960646,0.210404937189986,0.127774985327196,,1832226035.79071,46859673.5638809,1854058219.75581,1853449.57091578,3131.33660229842,2450793.82574679,340368279.568799,1580867.00136472,390100029.614875,1.17616439167731,0.939928611673631,0.509468759986891,34.1813968281748,0.605280146689033,14.4388695773949,0.0499842451602719,0.869566946274042,0.864998012555652,0.0194673869001661,165981009.247748,0.294619861576706,0.268293889843669,0.136744109767758,,1874441748.71611,942025660.154192,2123080054.75282,12029310.2128266,285533.610679509,12700694.1908932,1676830925.02985,67957386.4261608,1613804737.99182,1.15153517925007,6122,214.829231881358,52.8610968832497,54.2225052713792
9981.60675514961,-0.471310197808998,0.300003008469669,0.498948400713713,3.0867488918584,1.24935364041552,1.81468763737271,1.94675765733919,0.000179563523414611,3595018020.87554,110.453368839974,41.39262389362,-19.0656385418545,,867061112958.376,241674748520.761,1108735861479.14,1140167655.17469,490960968.216949,1631128623.39164,7618850636660460,3280708997750020,10899559634410500,-16.483923973663,10000,-0.470999256392249,0.3,0.489910051490252,4.16203091500566,1.27932188526563,2.28845677491151,2.19995045542362,0.00244058599525946,3901073458.93336,116.415855936802,44.8951907500431,-19.0720145594929,,915732411729.03,261604053121.116,1176894335615.95,7855761.77178,2258951.75911885,17809850.8220787,53292317932.7719,15897134801.4015,67971425050.3802,-19.3328992331548,9262.26599301883,-0.475619579236822,0.3,0.482732214822238,3.2798909796357,1.22843406827226,1.45273999248039,1.30927427904248,0.000203737460488378,3460471642.4696,106.012888076788,39.8314468877639,-19.1080794136687,,833659657130.839,230959935355.38,1064621509068.22,6716.26543237584,1166.32350543097,11247.2892277267,9337178003.22431,1383546945.40125,28882891143.0708,-20.5820176790711,10000,-0.464907480756993,0.3,0.496001253712132,15.3248262018075,1.36227842115413,3.02048560868774,2.99911151881747,0.018269759991166,4689172069.02162,138.115238588046,53.8624502764675,-19.0292898649082,,1088541253501.17,313782381001.559,1402323634502.73,822756584.817932,217807325.461198,1071088750.10576,143163830968.132,35213721670.7852,174607134774.906,-17.8870294689009,737.734006981167,0.00462032284457376,0,0.00717783666801364,0.882139935369958,0.0508878169933702,0.835716782431112,0.89067617638114,0.00223684853477109,440601816.463755,10.4029678600136,5.06374386227918,0.0360648541758373,,82072754598.1904,30644117765.7363,112272826547.731,7849045.50634762,2257785.43561342,17798603.532851,43955139929.5476,14513587856.0003,39088533907.3094,1.24911844591626,0,0.00609177563525531,0,0.00609120222187998,11.1627952868019,0.0829565358884985,0.732028833776233,0.799161063393846,0.0158291739959065,788098610.088263,21.6993826512441,8.96725952642447,0.0427246945846527,,172808841772.14,52178327880.4426,225429298886.781,814900823.046152,215548373.702079,1053278899.28368,89871513035.36,19316586869.3837,106635709724.526,1.44586976425389,3919,214.925557535025,52.8795802200015,39.6101908844399
3.23492451557166,1.99660234474922,0.30000004539784,0.508373955201962,15.1807240905186,0.632038443128621,2.00321649363034,2.00255790074784,0.0501186861266274,2072964558.45015,0.666144518104654,0.690414586233798,-15.23811881473,,4435771230.24499,3469409955.46653,7905181185.71152,10592132.3546897,8269650.82744232,18861783.1821321,479856914.580607,374641195.732271,854498110.312878,-20.1688624563339,2.49599798343123,1.55594496511694,6.04484727641854,0.0926423413630096,12.7350539591127,1.25747998888593,2.06894084773189,1.42954575810291,0.0197419922445864,2281781899.15714,1.93797970406994,1.94722226615709,-15.0239523890713,,12954426005.0175,12033014281.3791,23715364881.9941,6463514.84158742,472942.667206561,10464380.853157,1145511970.97995,156137355.650731,1714081261.17972,-22.7521671847248,1.8417532418577,0.738208007501165,1.32486418917561,-0.474125065102379,5.04743028209955,0.931919287282853,1.28972895307003,0.520608657218714,0.00251392825908065,1910470929.01911,1.26434147779294,1.3111919187701,-15.3789112605544,,8675349507.08549,7245221148.80964,17395345005.9105,64356.1004621504,83724.0085728093,432324.906023993,66720577.9353731,9269551.8225968,413477840.818123,-24.0346842360828,3.39592621901074,2.01404188863647,40.151599971669,0.656473391475429,29.814276828219,1.72104119162019,2.96966410965391,2.3528904553036,0.0496943831408002,3313000731.93667,2.90346459930063,2.90706231043557,-14.532694272913,,20393101514.4897,23279669027.0238,44116838920.9498,35220844.3020425,9204268.44938616,43687886.51217,3060563197.48354,1500611409.77907,3667707665.38676,-21.7727310781472,0.65424474157353,0.817736957615772,4.71998308724293,0.566767406465389,7.68762367701315,0.325560701603078,0.779211894661859,0.908937100884195,0.0172280639855058,371310970.13803,0.673638226277001,0.636030347386989,0.354958871483074,,4279076497.93201,4787793132.56943,6320019876.08357,6399158.74112527,389218.658633751,10032055.947133,1078791393.04458,146867803.828135,1300603420.3616,1.28251705135802,0.899928235579508,0.458096923519537,34.1067526952505,0.56383105011242,17.0792228691063,0.463561202734261,0.900723261922022,0.923344697200692,0.0299523908962138,1031218832.77954,0.965484895230687,0.959840044278479,0.491258116158274,,7438675509.47218,11246654745.6448,20401474038.9557,28757329.460455,8731325.7821796,33223505.659013,1915051226.50359,1344474054.12834,1953626404.20703,0.979436106577623,133273,150.072285210214,2.37083989009753,46.1471256229579
8.00918563959281,0.266977496875745,0.385844125311003,-0.215431910845905,5.57807065638436,1.32829943411736,2.01116743960838,2.00834335489954,0.0501187233627272,3709505890.28902,5.89890717336657,6.51333332125749,-15.9282314828531,,39005813961.2711,29138930644.485,68144744605.7562,95175950.6036268,70559006.6963947,165734957.300022,4311766747.06138,3196542580.86919,7508309327.93058,-16.6483251257478,8.59490676699461,0.00124015520095545,6.99000942526786,0.25233409544554,11.7138381019339,1.4396962478346,1.68707904359485,2.0009878137057,0.0300449454524791,3932087359.17974,7.97919515587801,7.89155563009496,-15.9565814469912,,53617784113.2949,37845333637.0408,90868072283.9253,5172312.07202874,27287912.6763959,70868557.3376484,1645910159.60846,2955655030.73066,6367083705.85291,-18.7776612251538,7.69386460570621,-0.356640378535993,0.478986005217972,-0.304664208215504,5.08993466155865,1.35231290410438,0.635173009674671,1.27748308664052,0.000547001351222651,3621429702.90317,6.85871852192915,6.87971394648541,-16.12114733342,,46257597148.0394,32381806842.9411,80020219104.4357,8916.85162063628,8800.881858392,18369.4758749342,54453586.4250759,287089137.458234,2273679820.13945,-20.0093859646342,9.86248512039304,0.812186220328161,62.7722662446313,0.883047066167969,29.3230376311877,1.83914082867917,2.52465443712805,2.79142742078171,0.0501187233627272,6867098778.33056,8.54159483775911,8.48613826915181,-15.762589332999,,59260737821.6161,71668454538.2076,128926719288.523,88701418.5948036,116986266.521186,181085050.267149,5857573222.89235,7743417485.88885,11117139425.6279,-17.734926321495,0.901042161288408,0.357880533736948,6.51102342004989,0.556998303661044,6.62390344037526,0.087383343730221,1.05190603392018,0.723504727065184,0.0294979441012565,310657656.276567,1.12047663394886,1.01184168360954,0.164565886428846,,7360186965.25546,5463526794.09977,10847853179.4897,5163395.2204081,27279111.7945375,70850187.8617735,1591456573.18338,2668565893.27242,4093403885.71346,1.23172473948041,1.26757835339843,0.810946065127206,55.7822568193634,0.630712970722428,17.6091995292538,0.39944458084457,0.837575393533198,0.790439607076005,0.0200737779102481,2935011419.15082,0.562399681881096,0.594582639056855,0.193992113992184,,5642953708.32122,33823120901.1668,38058647004.5972,83529106.5227748,89698353.8447903,110216492.9295,4211663063.28389,4787762455.15819,4750055719.77497,1.04273490365878,23392,34.3816706833193,-5.30375705537988,34.9915713858843
0.862958532161624,-1.68079796924814,2.67434884109569,-0.17732997886893,0.00885164144654335,2.48777038858622e-05,2.08063808760185,2.02847192903791,0.00118701404742379,248208933.83901,0.46884811664601,0.453080925805962,-18.1055040887604,,1016149840.4315,0,1016149840.4315,2959408.15177556,0,2959408.15177556,56674619739.2416,0,56674619739.2416,-21.171331778194,0.767597361311254,-1.56933898485365,5.05437245888233,0.0950397109068804,0.0179753325009842,0.000201709546637636,1.90618720852456,1.9921356246206,0.000460755668859738,280350331.351945,0.499358817276944,0.486217772949793,-18.1669219021933,,1326034491.96464,0,1326034491.96464,47.1218492198977,0,47.1218492198977,35207803.2175019,0,35207803.2175019,-23.3405167625847,0.621735217109274,-1.98870139768666,1.39965851203231,-0.374329906357821,0.00445788877266584,3.01335608930092e-05,0.952105190903373,1.29226947930299,0.000119994934586427,244847429.479861,0.462654786049754,0.449680248136579,-18.3148780483601,,1030866008.49608,0,1030866008.49608,1.21819106809961,0,1.21819106809961,1713592.84273601,0,1713592.84273601,-24.5601056140838,0.915793402857223,-0.549378567775543,44.1822453837364,0.753386039071523,0.091381185242552,0.00233096434764064,2.77110546643221,2.82439194163679,0.00132004628388068,307070257.791669,0.553875684837515,0.539903436556064,-18.0660237562032,,1810492528.21067,0,1810492528.21067,2742.45509833743,0,2742.45509833743,107009430.994784,0,107009430.994784,-22.3082339049863,0.145862144201981,0.419362412833004,3.65471394685002,0.469369617264702,0.0135174437283183,0.000171575985744626,0.95408201762119,0.699866145317612,0.000340760734273311,35502901.8720832,0.0367040312271898,0.0365375248132145,0.147956146166795,,295168483.468551,0,295168483.468551,45.9036581517981,0,45.9036581517981,33494210.3747659,0,33494210.3747659,1.21958885149906,0.148196041545969,1.01996041707811,39.127872924854,0.658346328164642,0.0734058527415678,0.002129254801003,0.864918257907651,0.832256317016189,0.000859290615020941,26719926.4397243,0.0545168675605711,0.0536856636062708,0.100898145990076,,484458036.246038,0,484458036.246038,2695.33324911753,0,2695.33324911753,71801627.7772817,0,71801627.7772817,1.03228285759847,93339,150.106275512121,2.30311897189149,43.4618499131993
3.93027387447983,0.946802419602153,0.3,0.160902921653797,0.107824555640718,1e-05,1.99852992303806,1.99999999223836,0.000139596545773705,1407371750.97341,0.262344594223505,0.327916244983073,-18.2294412218171,,998215171.294992,0,998215171.294992,2353155.43816517,0,2353155.43816517,34319112050260.4,0,34319112050260.4,-17.9534608768886,2.84130860342044,0.887770159104603,0.372999257114001,0.0749191434347325,0.178491636450803,0.000887778107887101,2.13346848498597,2.07635914715681,0.000529748580888667,1231664432.04308,0.40750033950646,0.497750463099074,-18.2429671593167,,1474041533.84388,0,1477639239.62675,235.66361151583,0,245.505368839864,54770919.9309958,0,58208952.498101,-20.7038197684209,2.49047118520473,0.669654247673857,0.3,-0.13355196802968,0.0189609840533293,4.14134270670295e-05,1.20464752567343,1.21744104267129,0.000201105279313756,1076897411.2615,0.256938459001284,0.328136097733178,-18.3106604397023,,721866016.641914,0,721866016.641914,4.66292722347231,0,4.71936688931912,5424936.34199271,0,7094672.53712716,-22.0406310859794,3.70024314620651,1.00266328566693,0.584989695990711,0.134660885586171,1.74101289149319,0.0140487622686566,2.98469490855692,2.90259123345433,0.00250147216169426,1369380039.35967,0.609408539053196,0.716283618973376,-18.165307144621,,3842050162.75243,67651899.286148,3965174684.01362,12131.1347385013,6.39161901234257,14178.6294905926,196724856.911283,1630138.10611135,203927902.484678,-19.5339248039337,0.35083741821571,0.218115911430746,0.0729992571140015,0.208471111464413,0.159530652397474,0.000846364680820071,0.928820959312544,0.858918104485525,0.000328643301574912,154767020.781585,0.150561880505176,0.169614365365896,0.0676932803856829,,752175517.201965,0,755773222.984832,231.000684292357,0,240.786001950545,49345983.5890031,0,51114279.9609738,1.3368113175585,0.858934542786063,0.114893126562322,0.211990438876709,0.0597417421514384,1.56252125504239,0.0131609841607695,0.851226423570947,0.826232086297515,0.00197172358080559,137715607.316588,0.201908199546736,0.218533155874302,0.0776600146956952,,2368008628.90856,67651899.286148,2487535444.38687,11895.4711269855,6.39161901234257,13933.1241217528,141953936.980288,1630138.10611135,145718949.986577,1.16989496448718,7903,189.122526841303,62.2928575968151,40.7717381582844
1.08205687078977,1.51161604777323,100,-0.259018386597047,0.118455904557251,0.0280672015752442,2.00446500122972,2.0000019524332,0.0501187233627272,1102826663.27797,1.08193310766985,1.08194037145139,-18.4208723260377,,2452786841.21685,0,2452786841.21685,5876998.49280588,0,5876998.49280588,266246320.767976,0,266246320.767976,-25.5769563961038,1.0770970462085,1.52025297877307,18.9907490999135,0.259775395267864,0.183095641037479,0.00354600214005252,2.27797337866614,1.57666192404418,0.0381701924003743,1068063538.88149,1.04565614664142,1.04604349375151,-18.4424605830599,,3147886724.53148,0,3147886724.53148,3597733.61621258,0,3647298.80249204,369298270.681776,0,369535337.706861,-28.0477385917649,1.0006294949461,1.10135658836671,1.91793282553224,-0.292381224211136,0.0878345009128204,0.000273614999263153,1.3162116954005,0.695360357984385,0.00979241050216641,955174042.863423,0.969045368195285,0.978131925679207,-18.4952080933939,,2004476405.95342,0,2004476405.95342,198016.11030735,0,198422.384386345,27677027.2650764,0,27825785.0772088,-29.4669953803097,1.37221610901444,1.76246168046242,83.8870622899564,0.78351229774748,0.328445833565628,0.0261912826769618,3.13539395570699,2.41989623261555,0.0501187233627272,1255121091.59057,1.14816853319238,1.15169027112203,-18.3974556243463,,4844458547.78247,9442610.65494652,5123335432.43358,9837128.84889566,15.1121632574405,9837128.84889566,843631880.596419,55744.1880058558,856613675.624937,-26.8125685417049,0.076467551262398,0.418896390406351,17.0728162743813,0.552156619479001,0.0952611401246587,0.00327238714078937,0.961761683265638,0.881301566059795,0.0283777818982079,112889496.018072,0.0766107784461374,0.0679115680723063,0.0527475103339476,,1143410318.57805,0,1143410318.57805,3399717.50590523,0,3448876.41810569,341621243.4167,0,341709552.629653,1.41925678854483,0.295119062805945,0.242208701689355,64.8963131900429,0.523736902479616,0.145350192528149,0.0226452805369093,0.857420577040846,0.843234308571365,0.0119485309623529,187057552.709076,0.102512386550954,0.105646777370515,0.0450049587136014,,1696571823.251,9442610.65494652,1975448707.9021,6239395.23268308,15.1121632574405,6189830.04640363,474333609.914643,55744.1880058558,487078337.918076,1.23517005005994,1444,214.845489479547,52.8482920229715,62.5342652820344
2.56751175448683,1.5099560853294,0.3,0.361518043909565,0.00316227766016838,1e-05,2.00045743301455,1.99999998621972,0.0501187233627272,1129247594.02315,0.242801630250872,0.266245095084087,-17.1042010334449,,225015863.13201,0,225015863.13201,533264.703913766,0,533264.703913766,24158550.5911332,0,24158550.5911332,-24.7026271141941,1.82598887434587,1.54774968652765,0.469294914536042,0.276766622684567,2.18599182217676,0.00144859767210806,2.12943662784501,1.98797766945647,0.0228751933593389,1074211645.73502,0.314314263705017,0.342154565020738,-16.8163839289281,,1582934827.74301,598519.709300995,1600196695.95128,642176.993587543,119.769153176121,1027753.13667649,85291413.0904354,38625.4123853553,122969193.235077,-28.3395477156348,1.43822432095144,1.24900041219586,0.370484682490826,0.0140822331665427,0.0150612993692254,4.31289007974072e-05,1.16674509189148,1.09729601420296,0.00672095313110282,967208878.696626,0.208156564016019,0.229524626259877,-17.3212460690697,,364214985.570329,0,364214985.570329,75895.2189604621,0,121681.980771218,11492057.5843658,0,26929840.5278953,-29.4569529961043,2.312513875507,1.66274269338201,1.85577460738228,0.388149183927885,18.0635040225684,0.512643942812036,2.98734224268717,2.84316249539876,0.0492842306039022,1238290082.87386,1.19757999684849,1.20877259870178,-16.3728022510824,,7965176452.90709,4010710985.25957,11849784611.787,4090248.14181542,1493871.73541612,6168213.88352638,477797410.98335,196794913.210416,732015679.509842,-26.803469687919,0.387764553394422,0.298749274331798,0.0988102320452156,0.262684389518025,2.17093052280753,0.00140546877131065,0.96269153595353,0.890681655253506,0.0161542402282361,107002767.038396,0.106157699688999,0.112629938760861,0.504862140141608,,1218719842.17268,598519.709300995,1235981710.38095,566281.774627081,119.769153176121,906071.155905276,73799355.5060696,38625.4123853553,96039352.707182,1.11740528046944,0.486525001161139,0.114993006854357,1.38647969284624,0.111382561243318,15.8775122003916,0.511195345139928,0.857905614842156,0.855184825942285,0.0264090372445633,164078437.138834,0.883265733143474,0.866618033681044,0.4435816778457,,6382241625.16409,4010112465.55027,10249587915.8357,3448071.14822787,1493751.96626294,5140460.74684988,392505997.892915,196756287.798031,609046486.274765,1.53607802771588,104399,34.3036331425157,-5.2426518988062,62.8838826970871
14.0962998609509,0.562981271540124,1.80918589757747,0.545982908097832,30.8362526069136,0.508290294907121,2.43828954946887,1.78674466870672,0.0268324162661679,7166427407.57922,13.623231746136,13.6844528803082,-19.2486302107309,,90492327571.7988,44523224276.5895,135015551848.388,495078415.813134,52873092.0473988,547951507.860532,41893075603.0204,4474071928.32093,46367147531.3414,-31.7360775177953,48.6854048316827,-0.829503888112048,6.5075537446495,0.178736864538285,10.771532386572,0.76866170126414,2.13323285729387,2.07380941625938,0.0137469147792491,7212455324.79697,23.4639922460649,21.9978188010034,-19.1607181369653,,159728997835.456,89058460753.4815,249305939953.841,49780303.4060434,16732883.834555,103407772.139928,10500413893.7105,5984783694.06052,19594867030.28,-34.0736263704754,15.8063018461104,-1.87565649936668,1.95436725682729,-0.421754926578729,3.7163057861768,0.614860676692671,1.18014140126617,1.16214574007685,0.00250853344561335,5921957773.36688,14.5403642836028,14.3155108718078,-19.262079103157,,100662996847.7,56305984508.1964,155839397001.391,1241208.61481878,746580.117866924,4576866.185366,794802601.539221,401525424.493582,7250454733.55782,-35.7905841377949,117.925994690638,0.442515421946179,47.8031137065846,0.733156242316688,27.7945982168303,0.984968082969065,2.9851598325779,2.88664353397843,0.0325542064789031,9324973494.64288,32.5494963906676,29.7322184163283,-19.0387828813991,,228349489396.279,148039971157.726,372247589927.165,274102901.975044,108701588.690702,358938074.137026,29373957759.6743,14216449453.8228,37994531006.3532,-32.9299867340873,32.8791029855723,1.04615261125463,4.55318648782221,0.600491791117014,7.0552266003952,0.15380102457147,0.953091456027706,0.911663676182529,0.0112383813336358,1290497551.43009,8.92362796246214,7.68230792919566,0.101360966191717,,59066000987.7554,32752476245.2851,93466542952.4498,48539094.7912247,15986303.7166881,98830905.9545616,9705611292.17124,5583258269.56694,12344412296.7222,1.7169577673195,69.2405898589551,1.27201931005823,41.2955599619351,0.554419377778402,17.0230658302583,0.216306381704925,0.851926975284028,0.812834117719049,0.018807291699654,2112518169.84591,9.08550414460269,7.73439961532484,0.121935255566225,,68620491560.8232,58981510404.2442,122941649973.324,224322598.569001,91968704.8561471,255530301.997099,18873543865.9638,8231665759.76227,18399663976.0732,1.14363963638806,115903,34.2645908074605,-5.23255427263782,67.6620115218118
7.31876563059783,1.00744437292871,0.3,0.424485948406091,3.40835378480452,1.00000004470038e-05,2.01478903835706,2.00000006857208,0.00431109140087135,2829822123.11351,2.45419265791783,2.60241772354064,-19.3373554560106,,17200404811.4411,0,17200404811.4411,42380916.3769849,0,42380916.3769849,22320871541.3171,0,22320871541.3171,-25.0516191899914,5.95893583600812,0.965155193443706,0.744155403055968,0.203196060498924,3.78075558073968,0.00514276278809783,2.07009879191898,2.05002831391078,0.00526628067307666,2812250876.02367,2.44227309790114,2.63760211257982,-19.3199012925885,,16624247905.6978,88603711.2582493,16946297200.2791,1553785.47806533,3269.35713384528,2337521.63796687,862101075.539893,2329104.26065454,1046360096.26006,-28.6261604697165,4.45675303966385,0.694427858589768,0.3,-0.268943799654976,0.633276986216825,5.48443832775698e-05,1.19936787936566,1.1395746707288,0.00227833148567356,2447993642.34319,1.96824096084529,2.15681688135047,-19.3694194357124,,11027448748.837,0,11120906607.751,43396.1787193209,0,62761.3249850064,68300752.0363996,0,121466546.228103,-29.7204242967293,7.77744068330425,1.0162214922239,1.25461323715786,0.338087315228179,21.1657372369342,0.0625519229165725,2.9876015058009,2.90745127310077,0.0109657790341651,3187622679.00983,3.25871809031202,3.33879623182703,-19.2179705792642,,22783472434.0881,2789392342.94089,25646938238.6125,10017064.1036051,421328.844015984,10223789.0223036,2659906697.14923,175291014.138431,2783932042.63201,-27.0958233589622,1.50218279634427,0.270727334853938,0.444155403055968,0.4721398601539,3.14747859452285,0.00508791840482026,0.870730912553319,0.910453643181978,0.0029879491874031,364257233.680489,0.47403213705585,0.48078523122935,0.0495181431238834,,5596799156.86083,88603711.2582493,5825390592.5281,1510389.29934601,3269.35713384528,2274760.31298186,793800323.503494,2329104.26065454,924893550.031957,1.09426382701281,1.81850484729613,0.051066298780195,0.510457834101896,0.134891254729255,17.3849816561945,0.0574091601284747,0.917502713881923,0.857422959189996,0.00569949836108841,375371802.986158,0.816444992410881,0.701194119247209,0.101930713324261,,6159224528.39023,2700788631.68264,8700641038.33338,8463278.6255398,418059.486882139,7886267.38433668,1797805621.60933,172961909.877776,1737571946.37195,1.53033711075425,5090,189.261321390821,62.2319696577589,59.9077797867558
30.3837594733507,0.483880869111002,5.55308860338115,-0.5,10.8202649641918,0.970971119543966,1.95609867461895,2.25166484244709,0.0261445001980728,12993199681.9021,30.2608625727083,30.2831428585638,-18.9000539997958,,201007973993.45,135451471342.701,336459445336.151,419839216.165976,561389949.176237,981229165.342213,36461177870.7324,48754232581.418,85215410452.1504,-26.9149775890028,29.3243629432916,0.577463741359691,4.43246991265685,0.335901649255951,8.50406207558812,0.957333549597911,1.74494302986333,1.72948720733446,0.0191912514723581,12657539277.7898,28.0491075617583,28.0712440361652,-18.9592119177628,,192258293981.335,135508408174.539,328495178433.847,46400528.9275169,42367649.4426763,177302140.676061,6650022406.26395,4584781520.86717,18498229380.6757,-29.2671134568502,26.400174309902,0.359633395879219,0.613926298456652,-0.333695239805046,3.71761038989034,0.778471302962401,0.934294598612129,0.81743033827597,0.00575132331306294,10772864815.564,22.7291592332714,23.0794416688595,-19.1080649630989,,152918312280.015,95387117242.0142,251319719565.447,2036871.6217581,888810.979422798,19904138.3339036,319612704.780509,204120841.076714,5887793938.61861,-30.7484425831081,32.8253684701984,0.785833111527181,37.0214094311036,0.862644636167252,27.2410519316053,1.05733604563512,2.7603195854784,2.63886951891922,0.0443595611060683,14215214323.1934,31.732117568318,31.758066982361,-18.8511351688928,,215938138445.7,168737040186.188,379571363112.706,289809488.78598,234506277.773478,454068503.84944,39545122995.1903,19203386661.9973,46495496891.4473,-28.0008079394505,2.92418863338963,0.217830345480472,3.81854361420019,0.669596889060997,4.78645168569778,0.17886224663551,0.810648431251201,0.912056869058491,0.0134399281592951,1884674462.2258,5.3199483284869,4.99180236730564,0.148853045336168,,39339981701.32,40121290932.5247,77175458868.3993,44363657.3057588,41478838.4632535,157398002.342157,6330409701.48344,4380660679.79045,12610435442.057,1.48132912625793,3.50100552690675,0.208369370167489,32.5889395184468,0.526742986911301,18.7369898560171,0.100002496037213,1.01537655561507,0.909382311584755,0.0251683096337102,1557675045.40359,3.68301000655968,3.68682294619583,0.108076748869976,,23679844464.3657,33228632011.6493,51076184678.8594,243408959.858464,192138628.330802,276766363.173379,32895100588.9263,14618605141.1301,27997267510.7716,1.26630551739973,8875,189.15196401271,62.2596504996775,57.3282670744857
1.81769468622475,1.41848365309592,99.9995551218889,-0.399744978439933,0.834773024361406,0.0581882246338553,2.00271462081917,2.00023343766901,0.0501187198348662,1573384850.63606,1.81751104774511,1.81752253809117,-18.1225363771354,,10206163602.2094,855790489.209705,11061954091.4191,24337748.9894525,2026888.51932988,26364637.5087824,1102575845.18093,91824364.0057336,1194400209.18666,-31.1568563799512,2.24846923845558,0.683173423178341,5.9084268443221,0.13625529345734,3.49625028909545,0.137564941261326,2.18788165193381,1.41268841292954,0.0208193471989047,1451442600.3951,2.08521122752619,2.09176575173105,-18.2111618066751,,13794386803.9644,2772513269.15167,16156031122.2551,7574357.86977471,58441.5968393748,11551035.5395594,1103156769.55365,14850122.8290091,1263770595.79133,-33.8913426175043,1.79688689428883,0.207020740305851,0.998886631692777,-0.383914223491917,1.03936424292839,0.0153240012843385,1.38798416623971,0.518569537285995,0.00291919428482699,1230099265.6137,1.57573621181047,1.59864379329948,-18.3060684121912,,9304876310.25571,152851231.218285,9839500661.97178,232980.059205187,245.715563116319,300058.077421621,151300771.940841,655531.328279899,308195172.421557,-35.3416848471041,2.90475506275673,1.20797601135561,40.4454721201168,0.714863856596349,20.3094087841571,0.391075660724562,3.0767974186358,2.29611024635368,0.0494029624833083,1757060662.94474,2.81727080072648,2.81151942803786,-18.1292543413313,,19369969413.2054,10082411554.2568,29688872689.4404,31825348.3784777,3022476.33592314,32948933.4121322,2912968637.74746,446363319.01905,3138919809.12378,-32.5728681329889,0.451582344166748,0.47615268287249,4.90954021262932,0.520169516949257,2.45688604616706,0.122240939976987,0.7998974856941,0.894118875643547,0.0179001529140777,221343334.781399,0.509475015715728,0.493121958431576,0.0949066055160621,,4489510493.70864,2619662037.93338,6316530460.28331,7341377.81056953,58195.8812762585,11250977.4621377,951855997.61281,14194591.5007292,955575423.369771,1.45034222959976,0.656285824301156,0.52480258817727,34.5370452757947,0.578608563139009,16.8131584950616,0.253510719463236,0.888915766701992,0.883421833424142,0.0285836152844036,305618062.549643,0.73205957320029,0.71975367630681,0.0819074653438499,,5575582609.24105,7309898285.10513,13532841567.1853,24250990.508703,2964034.73908377,21397897.8725728,1809811868.19381,431513196.190041,1875149213.33246,1.31847448451546,8153,214.924120690059,52.8490558162263,68.4807520869212
158.881758256717,0.700640488902818,0.3,-0.5,1.20449338191738,0.0142006070932646,1.44475182756087,2.09614663748639,0.0139453413682806,69734054722.1567,0.000355176812137066,0.00732789321270187,-19.536051504392,,358504096.130615,3139421433.86411,3497925529.99472,99515.448438824,9484858.58158521,9584374.03002403,16202774.5899246,1544293152.72805,1560495927.31797,-20.7041206915755,162.361811694686,0.777348776075552,0.319588737894377,-0.494436575509771,1.02318917781623,0.00374255989725611,1.74644937193766,2.27973901547049,0.0119506182929281,70892025144.7272,0.00129217538525306,0.00975143318613705,-19.5116352181279,,397847434.833588,498692023.04126,912269613.363312,93434.1084068352,40630.676410801,353169.83914387,21276170.8260292,9818924.39949743,79212706.4916851,-23.1208240046676,145.932793344617,0.747985211536039,0.3,-0.5,0.0944183629681982,8.20696733377487e-05,1.09792704010201,1.14366575896234,0.00912048404691909,67779189209.4449,1.26489720657022e-05,0.000413363032007783,-19.6256579660846,,362849478.633057,0,375801590.90567,8962.33397684721,0,41789.2471327286,2029411.62728742,0,9899845.29992392,-24.6841354089378,174.336128417617,0.915116056025046,0.381983869682066,-0.304202317956485,6.92118368181992,0.0151767647600871,2.72842574703241,3.1180934958858,0.0153508850746887,73194982045.7469,0.0855398605373055,0.274873009640926,-19.4327585349823,,925249627.589722,3346560892.57855,4117417769.31976,463617.151392108,3227723.77853401,3451569.70711238,92277435.3289127,579506793.250949,627591368.126133,-22.0561033054258,16.4290183500692,0.0293635645395139,0.019588737894377,0.00556342449022879,0.928770814848036,0.00366049022391836,0.648522331835648,1.13607325650815,0.00283013424600906,3112835935.28233,0.00127952641318736,0.00933807015412927,0.114022747956671,,34997956.200531,498692023.04126,536468022.457642,84471.774429988,40630.676410801,311380.592011141,19246759.1987418,9818924.39949743,69312861.1917612,1.56331140427015,11.9743167229305,0.137767279949493,0.0623951317876891,0.190234257553286,5.89799450400368,0.011434204862831,0.981976375094746,0.838354480415313,0.00340026678176058,2302956901.01968,0.0842476851520524,0.265121576454789,0.0788766831456584,,527402192.756134,2847868869.53729,3205148155.95645,370183.042985272,3187093.1021232,3098399.86796851,71001264.5028835,569687868.851451,548378661.634448,1.06472069924183,5480,214.895621973593,52.8565003682318,58.8797148406419
51.1931368352214,-2,99.9999996934487,-0.0192559278676628,22.7829807390301,2.59398140206396,1.97969995209549,1.98184357503429,0.00519297675402206,5651616114.20797,16.5346078119011,15.5392073904481,-14.1338597850465,,116730007830.967,104402368078.035,221132375909.002,261052715.81636,234907070.693333,495959786.509693,114140526852.242,102708821574.242,216849348426.483,-17.3216210847608,212.098865494457,-1.57995802549218,0.35720535185481,-0.483971585995015,18.2580312018174,3.12497835282468,1.95348414505709,1.58763561562601,0.00345103529507306,9644273685.02042,35.851856033101,32.584488275479,-13.3187944662355,,250763435591.398,206535580971.081,457661283431.242,2270375.48924532,984615.638642199,11276233.0856603,10370419053.4519,3340573805.28027,17573941684.5995,-19.7220119563465,77.2791543325588,-1.84129442996564,0.3,-0.5,10.1773931553733,2.68328860769106,1.06138285971506,0.474319236060127,0.000278164200202603,6140312854.76287,21.4487384942359,19.4180820318456,-14.1403471499976,,146870801807.375,115731087968.47,257876243544.935,4260.33987732229,555.78266304083,6886.58425459783,651656228.223039,112423973.551908,5704137140.64118,-20.7814917552742,350.082841053858,-1.29120419727703,27.2447033351049,0.0885059475402695,31.6227766016838,3.99565301354553,2.84123746715189,2.40798640284234,0.0279873903091519,16503885810.1959,57.0795161923629,52.2514693568846,-11.7740441185145,,398995617943.58,334638168403.794,722281483081.29,110790712.892968,117923666.317424,284360889.885852,26690963031.6695,18099009052.7251,42788005506.2688,-18.7899507478405,134.819711161899,0.261336404473455,0.0572053518548103,0.0160284140049856,8.08063804644417,0.441689745133619,0.89210128534203,1.11331637956588,0.00317287109487046,3503960830.25755,14.4031175388651,13.1664062436335,0.821552683762095,,103892633784.023,90804493002.6102,199785039886.307,2266115.149368,984059.855979158,11269346.5014057,9718762825.22885,3228149831.72837,11869804543.9584,1.05947979892778,137.983975559401,0.288753828215147,26.8874979832501,0.572477533535284,13.3647453998664,0.870674660720852,0.887753322094798,0.820350787216338,0.0245363550140788,6859612125.17549,21.2276601592618,19.6669810814055,1.54475034772094,,148232182352.183,128102587432.714,264620199650.047,108520337.403722,116939050.678781,273084656.800192,16320543978.2176,14758435247.4448,25214063821.6692,0.932061208505971,57337,34.2324191948354,-5.28062291657354,36.1265915401981
4.32756983256848,0.931572326311578,0.468315770184331,0.222266041958144,4.23078426393956,1.00000000765109e-05,2.00547174654597,2.00000499309716,0.0179426731224425,1894475480.93339,1.53776508280524,1.66629484826315,-18.5098841793961,,10270015287.6641,7467028.79879761,10277482316.4629,24675122.4266882,17674.1090133191,24692796.5357015,3122483891.05203,2236549.01193507,3124720440.06397,-27.7908827991789,4.5320309393583,0.798898882108042,0.557511514644422,0.22671941903957,6.71331817075694,0.386558228160353,2.01146953519297,2.21423832671203,0.00754668218696095,1890547603.65601,2.93827414817555,3.05898589003335,-18.4759618715514,,19930848054.1597,12006085312.4478,32151705281.5954,2559455.71285848,390881.286044201,7137256.9441527,981823071.348444,377166660.392837,2081551791.23392,-31.1219115751574,3.62292857764293,-1.36590541598705,0.330102907653548,-0.168163007071178,1.99422500625083,0.00316940612500232,1.28528026464989,1.2911388156185,0.00277308119709525,1529935055.42363,1.48829342673838,1.6088750761972,-18.5623331608993,,10081037944.9339,56883029.6343734,10498461246.6827,113870.006436656,4096.19532935972,555014.391912425,108962781.059187,789592.471788907,532205954.998383,-32.4895339754555,23.7862995976903,0.933098805629916,4.84607179245761,0.578670440242088,24.15577826776,0.56556342920068,3.01890621702652,3.11953747254016,0.0203583060685724,2157008427.98945,5.99817326115301,5.51017555683958,-18.3884727157213,,42128051960.092,22337806778.8923,64226319202.078,23202239.227858,7154050.73439348,28034527.00482,3256548294.21227,2544276604.58864,4828381354.65206,-29.6657340125154,0.90910236171537,2.16480429809509,0.227408606990874,0.394882426110749,4.71909316450611,0.383388822035351,0.726189270543072,0.923099511093524,0.0047736009898657,360612548.232383,1.44998072143717,1.45011081383615,0.0863712893479161,,9849810109.22582,11949202282.8134,21653244034.9126,2445585.70642182,386785.090714841,6582242.55224028,872860290.289257,376377067.921048,1549345836.23554,1.36762240029816,19.254268658332,0.134199923521874,4.28856027781319,0.351951021202517,17.4424600970031,0.179005201040326,1.00743668183355,0.905299145828129,0.0128116238816114,266460824.333433,3.05989911297746,2.45118966680623,0.0874891558301698,,22197203905.9323,10331721466.4445,32074613920.4826,20642783.5149996,6763169.44834928,20897270.0606673,2274725222.86382,2167109944.19581,2746829563.41814,1.45617756264199,37806,53.1265354803478,-27.8180930847436,68.2848880305074
7857.80297527082,-0.829215559872776,0.721895576735671,0.997438322747114,1.98537060461518,0.777594222304436,2.09202978805213,2.01971598323381,0.000462025777086336,1842431243.71971,47.0719567621994,20.796385812268,-19.5730524709561,,363443427564.662,107161953752.209,470605381316.872,1087504351.65915,267541641.238184,1355045992.89734,388117008236460,95482341029363.6,483599349265823,-32.4265964841468,8924.37975809835,-0.829931323579776,0.714184493277449,0.992372253934382,6.0928185707406,0.793880074231024,1.85955661508377,1.98875791624293,0.00212794393841422,1934039869.24588,49.9716153476709,21.8927344327853,-19.5720977816615,,389007637118.064,111529275874.612,501319109104.566,858465.36155061,507092.837931784,1961749.13542708,11956016237.3873,4854882840.265,18916735391.7366,-34.9919374960802,7695.16933703789,-0.831563065317581,0.713419109933616,0.971553806916636,2.00677534429607,0.745337113801963,0.94279118955787,1.04345974122898,0.000188302388978636,1747527763.74565,45.7158491603237,19.8261038603824,-19.6280086958331,,356896956056.483,100235628724.31,456072321810.437,1513.71466246978,343.187921751038,2530.21662221081,601044847.145287,236250522.94986,5531432695.76599,-36.2711166648586,10000,-0.82501792533123,0.721320130914882,1,23.4490758464654,0.910466563788625,2.7033315869091,2.82318617316679,0.0172457232603177,2409572052.37491,60.0987810577816,27.0720929301665,-19.4931409989433,,469367608760.662,144080292971.574,613200715959.638,147370604.381578,58424140.1668318,255977391.230316,43581587928.5906,13970962817.7111,49835861804.1168,-33.7988916174203,1229.21042106045,0.00163174173780478,0.000765383343832471,0.0208184470177456,4.08604322644454,0.0485429604290618,0.916765425525902,0.945298175013948,0.00193964154943558,186512105.500232,4.25576618734717,2.06663057240296,0.0559109141715233,,32110681061.5811,11293647150.3021,45246787294.1284,856951.646888141,506749.650010033,1959218.91880487,11354971390.242,4618632317.31514,13385302695.9707,1.27917916877838,1075.62024190166,0.00491339824854653,0.00713563763743308,0.00762774606561822,17.3562572757248,0.116586489557601,0.843774971825328,0.834428256923864,0.0151177793219035,475532183.129026,10.1271657101107,5.17935849738115,0.0789567827182331,,80359971642.5977,32551017096.9625,111881606855.073,146512139.020028,57917047.3289,254015642.094889,31625571691.2033,9116079977.44607,30919126412.3802,1.19304587865989,16066,53.1687245786523,-27.8151967214095,70.0143305969762
4.67623016693877,-0.207521481414366,100,0.278517226536399,0.950787564569813,0.280045254732273,1.9796555378964,1.99346858629635,0.0501187233627272,991140660.875623,4.0909038611326,3.89181292933848,-18.5217243657675,,23938585965.8123,7685281314.38216,31623867280.1944,53529033.0062193,17865050.1185349,71394083.1247542,2425031775.93451,809342365.872293,3234374141.8068,-20.7050155776405,5.2095249623904,-0.166619022936765,7.6104450101248,0.394513893806359,4.4429641849838,0.312003090134278,1.78487736324289,2.13465100673095,0.0411999678207439,1138564639.15215,4.48118212340909,4.3114935318013,-18.5512738830126,,29183109221.4402,9108297414.50054,37688850892.6456,16341806.9236054,11702969.0995257,36009247.0086198,1403440215.53573,952509397.164058,2720038993.52156,-23.8578620977601,4.00646382609632,-0.461121626349563,1.21577321574182,-0.249781276375805,1.21741806851871,0.206776521281145,0.953698714613324,1.44466506137386,0.0128733970814946,967662906.388573,3.82982869001031,3.73331932638961,-18.6334330347641,,24614856710.5467,5589798137.79416,30537037585.9164,574195.991704862,825315.125677758,8331222.68264606,68645906.9955104,107462028.555781,829230071.252535,-24.9789940299503,8.14539586491987,0.108793046801842,66.1079554690977,0.912223623488435,19.761700070756,0.470429918959262,2.58568459718472,2.85093272805618,0.0501187233627272,1491388488.48886,5.97542564879686,5.57889599545399,-18.4601926047833,,40834710625.3525,17610803089.5497,57026191960.8788,78233142.5770911,34884911.266866,95193096.2024609,6033650090.50276,2373140763.54669,6966477799.6383,-22.7419677666329,1.20306113629408,0.294502603412797,6.39467179438299,0.644295170182164,3.22554611646509,0.105226568853133,0.83117864862957,0.689985945357086,0.0283265707392493,170901732.763575,0.651353433398781,0.578174205411687,0.0821591517514797,,4568252510.89348,3518499276.70638,7151813306.72928,15767610.9319005,10877653.973848,27678024.3259737,1334794308.54022,845047368.608278,1890808922.26902,1.12113193219017,2.93587090252947,0.275412069738607,58.4975104589729,0.517709729682076,15.3187358857722,0.158426828824984,0.800807233941826,0.716281721325236,0.00891875554198334,352823849.33671,1.49424352538777,1.26740246365269,0.0910812782293604,,11651601403.9123,8502505675.04913,19337341068.2331,61891335.6534857,23181942.1673402,59183849.1938411,4630209874.96703,1420631366.38263,4246438806.11674,1.11589433112714,3691,214.859091588586,52.7816296171659,46.2176853282171
1.38814966007871,0.0607692306285844,0.3,0.376216838741649,29.0730380978443,0.0725278486424193,1.89580925587199,1.98684624333401,1e-04,294639192.160723,1.34838440808715,1.3519339575348,-18.5140938786179,,10360303858.9172,1371788682.30735,11732092541.2245,17963396.8081567,3130391.23586367,21093788.0440204,736860665677164,128409019436740,865269685113904,-22.7566091034213,1.51540459577588,-0.171618536244046,0.437371187094029,0.309956551161473,10.0604006211257,0.00822382097417835,2.06972842590942,2.04336375519342,0.000195940291659377,269694656.254001,1.33850943418304,1.20989436177761,-18.5095790248393,,9421789098.43938,127033623.754176,9648615209.80494,60.9052874174818,0.347877820341846,66.1989064698418,330918090.394645,1826428.7776251,349267278.353095,-24.8871432909869,1.28569375079311,-0.276751841705417,0.320855837186953,-0.0611371163899467,1.02777285363742,0.000564211301824154,1.11901938108734,1.15097069079678,1e-04,205641394.350071,1.16057205403895,1.10933009307623,-18.5496040305362,,8495348457.4412,0,8611612766.75269,10.0422280044073,0,11.0114532625205,21586615.3714179,0,34326165.7464323,-26.4235601281316,1.99629416492768,0.00136858732202338,0.752790782120624,0.677123343803156,28.0005686674036,0.0667919444512501,2.95860061957614,2.88605075554672,0.00102678475698638,320157327.044536,1.49346054232614,1.39199798320554,-18.4618222203047,,10883622182.6457,1190570815.54321,11861262568.0163,2380.46111003906,23.2671529754266,2497.95492543816,757879909.351634,32633416.8150754,774028171.722413,-23.9044704385074,0.229710844982777,0.105133305461371,0.116515349907076,0.37109366755142,9.03262776748826,0.0076596096723542,0.950709044822076,0.892393064396648,9.59402916593768e-05,64053261.9039306,0.177937380144083,0.100564268701381,0.0400250056969327,,926440640.998178,127033623.754176,1037002443.05225,50.8630594130746,0.347877820341846,55.1874532073212,309331475.023227,1826428.7776251,314941112.606663,1.53641683714471,0.480889569151797,0.17298712356607,0.315419595026595,0.367166792641683,17.9401680462779,0.0585681234770718,0.888872193666716,0.842687000353296,0.000830844465327001,50462670.7905344,0.154951108143106,0.182103621427933,0.0477568045345684,,1461833084.20637,1063537191.78904,2212647358.21137,2319.55582262158,22.9192751550848,2431.75601896832,426961818.956989,30806988.0374503,424760893.369318,0.982672852479475,41218,53.1210258112419,-27.8159945466206,49.1827179261219
10.5507092538983,0.0419488097872247,0.300000227452032,-0.0142681524539037,0.965433434706983,1.27555837842397e-05,1.96386133468594,2.00005462334542,0.0501187184698737,2675013494.48069,10.2933533188592,10.2387631140535,-20.305832726398,,60276647787.0382,0,60276647787.0382,128796202.061371,0,128796202.061371,5834869332.94674,0,5834869332.94674,-30.6741705588265,13.179994273277,-0.155301302195912,9.17183410424851,0.0874825195752157,9.08775922554423,0.00348616727556539,1.84528974367042,1.56307096821899,0.0311665007315074,4763065407.97168,12.0508768359807,11.8658189929954,-20.3199922553126,,81616343641.326,396413342.138035,85556618977.545,9527431.35469515,35540.3458798924,14805801.9034354,3687543350.79408,18481351.9928557,4150514546.89371,-34.8930879345429,11.031342722253,-0.549177134088472,1.25503296377387,-0.438567047107489,1.60385662192546,0.000109737348084572,0.934040514218962,0.690896723063513,0.000527553516216172,4121991902.57918,10.5463770356638,10.4735675175156,-20.373659527526,,70407311497.678,118517114.974937,72290748481.4851,16225.7406978226,261.830444106115,18318.3569990355,175208080.587112,331480.377449203,241191672.353259,-36.0008784772441,16.7619074245515,0.208089705859472,63.8302190155783,0.688010384374831,28.3298641557383,0.252715552505014,2.66850967429655,2.32976674531821,0.0493114967797661,5530379203.95108,13.5219647328858,13.082103779106,-20.275631884717,,91464041998.4191,34714066027.3071,115597255709.847,150230737.916084,555039.226954407,151248789.105875,12034613831.085,619017873.659001,12054597801.4481,-33.4996506520869,2.14865155102402,0.39387583189256,7.91680114047464,0.526049566682705,7.48390260361877,0.00337642992748081,0.911249229451462,0.872174245155479,0.0306389472152913,641073505.392503,1.50449980031686,1.39225147547974,0.0536672722134028,,11209032143.648,277896227.163098,13265870496.0599,9511205.61399733,35278.5154357863,14787483.5464364,3512335270.20697,18149871.6154065,3909322874.54045,1.10779054270115,3.58191315127446,0.363391008055383,54.6583849113298,0.600527864799615,19.242104930194,0.249229385229448,0.823219930626124,0.766695777099214,0.0181449960482587,767313795.979395,1.47108789690508,1.21628478611065,0.0443603705955766,,9847698357.09311,34317652685.169,30040636732.302,140703306.561389,519498.881074514,136442987.20244,8347070480.2909,600536521.666145,7904083254.55437,1.39343728245605,29048,189.23812830965,62.1369785074471,73.4935046599623
222.429815807824,-1.9999901015998,0.300000572959077,-0.309606453059581,0.161476555082362,2.5406027270748e-05,2.00606165497644,2.00070890524364,0.00159588223256166,257318414.247996,1.43882063553823,1.22167110743417,-19.0200239623595,,5352845923.27021,0,5352845923.27021,12881629.1077741,0,12881629.1077741,98551921983.5302,0,98551921983.5302,-19.638217336577,283.881190080449,-1.96816277258046,0.3,-0.298164944171765,0.171613697654368,0.0016605014970626,2.22993834704522,2.05414886868681,0.00127681602438967,256852647.24897,1.47736695840452,1.2485394459908,-19.028104629354,,5640935310.04475,0,5640935310.04475,6687.44108365264,0,6687.44108365264,226163285.546317,0,226398375.819878,-21.9491718782469,227.799190744875,-2,0.3,-0.309606453059581,0.0244134384538585,6.52119755211928e-05,1.4515903203147,1.11993820441494,0.000198921285678019,220527583.007155,1.33033332723698,1.11145402051141,-19.0957435691917,,3096022527.84254,0,3096022527.84254,42.1818968164025,0,44.8800308937868,46681012.4801975,0,53374175.2939344,-23.248370072789,325.6390570528,-1.91901898550366,0.3,-0.287748140551952,1.93966790336946,0.0140182222722275,3.01889080598274,2.91791644812066,0.00262469201079513,370297927.89739,2.17792871819373,1.83515557261122,-18.949110252288,,15759069723.5185,18324244.7652806,15864509429.2449,93744.3435665125,0.08700959240357,93744.3435665125,569660907.597198,98560.471591489,570402900.266211,-20.9279103520369,56.0819993355737,0.0318372274195382,0,0.0114415088878159,0.147200259200509,0.00159528952154141,0.778348026730525,0.934210664271864,0.00107789473871165,36325064.2418148,0.14703363116754,0.137085425479387,0.0676389398377175,,2544912782.20221,0,2544912782.20221,6645.25918683624,0,6642.56105275885,179482273.06612,0,173024200.525943,1.29919819454212,41.7578669723509,0.0491437870768066,0,0.0104168036198137,1.76805420571509,0.0123577207751649,0.788952458937519,0.863767579433853,0.00134787598640547,113445280.64842,0.700561759789212,0.586616126620419,0.0789943770660528,,10118134413.4737,18324244.7652806,10223574119.2001,87056.9024828599,0.08700959240357,87056.9024828599,343497622.05088,98560.471591489,344004524.446334,1.02126152621006,16313,189.30032044423,62.1447066984308,42.9584437805229
5.16218514801588,1.80175963483654,1.72610502656717,-0.5,0.424350574578967,0.121719893956429,1.9998173911998,1.99992412797957,0.0501187233627272,4273986305.49564,1.34367005512507,1.47070589374878,-18.0229358845089,,5865363134.79739,2436798287.92077,8302161422.71816,13875881.599745,5766505.73019669,19642387.3299417,628620617.797763,261240654.771601,889861272.569364,-21.5598522928404,3.91885721995388,1.59938592939122,3.49455220453176,-0.177277750637575,7.03177504262714,0.273790138818282,2.12516687585957,2.02343428702005,0.0372317793965138,3584662033.69659,3.3373876743887,3.34490302754225,-18.0215526497664,,22203012489.0912,6783015186.56799,29622620014.9159,19352603.6126449,5268363.83755892,33607417.073418,1619430058.92965,289125296.955705,2213047570.64787,-24.9458313549555,3.48420120568827,1.06215732236725,1.67303440062996,-0.5,1.61227496724643,0.0460444594665409,1.21571242683581,1.14306936229501,0.0159609468859635,3281186753.29931,1.25729590049079,1.36071895729399,-18.1160208106541,,7667313068.56681,853718225.243915,8732995327.24973,1406506.28746807,166514.493111314,7062851.10448245,97289597.9700287,14119378.3974741,538238799.605299,-26.0809146780452,4.36238992589175,1.81562082195454,41.0515085649561,0.611395918581354,25.1837655081601,0.417179975784838,2.92741070600823,2.8745739734184,0.0501187233627272,3970270879.70659,3.97883827208093,3.98010732660692,-17.9335381602,,26210221842.1973,11464487342.8678,37425567070.4552,75330190.5682275,24425848.7912633,92812091.5652742,4788182731.14837,1594946901.44048,5772910858.78091,-24.133717650986,0.434656014265613,0.537228607023973,1.82151780390179,0.322722249362425,5.41950007538071,0.227745679351741,0.90945444902376,0.880364924725044,0.0212708325105503,303475280.397283,2.08009177389791,1.98418407024826,0.0944681608876792,,14535699420.5244,5929296961.32407,20889624687.6662,17946097.3251768,5101849.34444761,26544565.9689355,1522140460.95962,275005918.55823,1674808771.04257,1.13508332308975,0.443532705937872,0.216234892563313,37.5569563604244,0.788673669218929,18.151990465533,0.143389836966556,0.802243830148663,0.851139686398348,0.0128869439662134,385608846.009996,0.641450597692235,0.635204299064669,0.0880144895663584,,4007209353.10613,4681472156.29986,7802947055.53928,55977586.9555826,19157484.9537043,59204674.4918562,3168752672.21872,1305821604.48478,3559863288.13304,0.812113703969487,6999,189.295050718495,62.1935818538137,47.7273509795865
25.2811804342846,1.12546766057747,0.980577033353694,-0.5,21.1656728560233,0.0392214330254381,2.00151224457223,2.00013089002642,0.0501187233627272,11839568692.7831,4.4497045033606,5.37288341032984,-19.1091423706001,,29447541076.0877,2548805732.28816,31996346808.3759,69990028.4884466,6034992.56108104,76025021.0495276,3170766097.40595,273403943.733665,3444170041.13961,-31.4098561941094,26.6028142336591,1.14299941846094,0.88456275228421,-0.5,7.24797948235369,0.0755322372527717,2.12187586694284,2.04681235356913,0.0217087279561454,12247514917.0372,2.45314885895176,3.17990908151544,-19.11765695795,,15981900295.5295,4750101754.76693,19887141076.3805,6899850.71132748,535912.152618074,8257925.11911581,1199390835.10388,108461138.201103,1589736749.45937,-33.8429693571543,23.2747631648968,1.11365795479813,0.787288134400119,-0.5,1.52840628234767,0.00183847651265608,1.11671213567148,1.13476388936774,0.00459168090231712,10802190860.4768,1.17337728986716,1.6822220537437,-19.2215930637646,,8113463176.63833,68837647.9629572,12740713492.4998,190527.260031197,3002.99272884123,388694.096136224,71206369.2557261,892813.164400201,163425230.375633,-35.0744128524252,32.8924150631247,1.14299941846094,0.936789724537117,-0.448194512021368,25.9586719176413,0.225361846971471,3.00561571920185,2.91951012008488,0.0498184016394448,15482442067.3821,4.49914905083705,5.51021385820653,-19.0222367035025,,29794391814.3044,17540889676.7934,47261322233.754,57648524.1596106,12635700.2733361,81293811.8693717,4484504721.92749,1634414482.8432,5592828070.48319,-32.6794207585025,3.32805106876232,0.0293414636628058,0.0972746178840914,0,5.71957320000602,0.0736937607401157,1.00516373127135,0.912048464201397,0.0171170470538283,1445324056.56038,1.2797715690846,1.49768702777174,0.103936105814579,,7868437118.89116,4681264106.80397,7146427583.88072,6709323.45129628,532909.159889233,7869231.02297959,1128184465.84815,107568325.036703,1426311519.08373,1.23144349527094,6.28960082946556,0,0.0522269722529067,0.051805487978632,18.7106924352876,0.149829609718699,0.883739852259014,0.872697766515751,0.0281096736832994,3234927150.34491,2.04600019188529,2.33030477669109,0.0954202544475571,,13812491518.7749,12790787922.0265,27374181157.3735,50748673.4482832,12099788.120718,73035886.7502559,3285113886.82362,1525953344.64209,4003091321.02382,1.16354859865179,26895,189.229134905025,62.1461964302696,65.8921189278613
26.7155164986293,-0.159032436136806,0.3,1,31.6227766016838,0.587325674682472,1.34876927507283,1.87884553824619,0.0202486434238622,937418751.699975,16.4857570317032,10.3439369172494,-19.2535324544862,,127726086672.085,44317085671.8927,172043172343.977,22826466.4835238,72699222.4846925,95525688.9682163,2559592278.70684,8151956794.2819,10711549072.9887,-30.4007111096087,25.6791728007724,-0.134284214873642,0.3,0.914249582425946,7.33691093512208,0.725865803896103,1.48101134168029,1.83316233633376,0.00260018936581405,1452375080.98436,17.866482894167,13.5896031687155,-19.1355453932475,,135999161047.057,62478336704.6523,195758145242.659,459587.94181603,585517.775769747,2565821.06986929,1542831089.69559,1874542478.39683,6185775916.61276,-33.6296659535467,19.0400921966269,-0.157846391950899,0.3,0.729970801381828,2.45096402386634,0.633277620221928,0.619911725071817,0.837476057199809,0.000349150336862138,1099406703.99757,15.4651520687938,11.2022869953516,-19.2092900256077,,114353888750.291,48288395405.3632,167110434123.619,1351.86468980285,319.38546460935,5599.42944519637,110354063.248848,81168158.4538567,1936488161.19351,-34.7264640380908,30.1907023942608,-0.112747711584305,0.305594633501426,1,23.636738426791,0.842799291434001,2.55871318333424,2.71002814412541,0.0220602907557588,1735439701.88271,22.6622462000643,16.8262474114256,-19.0504630884057,,174878287806.97,81477261529.4366,253894188996.419,25712496.4233051,32812036.2865629,79123306.146066,10775018212.6907,6867397157.51836,13063876950.2271,-32.5479216480665,6.6390806041455,0.0235621770772571,0,0.184278781044119,4.88594691125575,0.0925881836741747,0.861099616608476,0.995686279133949,0.00225103902895191,352968376.986791,2.40133082537319,2.38731617336393,0.0737446323602065,,21645272296.7664,14189941299.2891,28647711119.0405,458236.077126227,585198.390305138,2560221.64042409,1432477026.44674,1793374319.94297,4249287755.41926,1.09679808454415,4.51152959348836,0.0215365032893374,0.00559463350142575,0.0857504175740537,16.2998274916689,0.116933487537899,1.07770184165395,0.876865807791655,0.0194601013899447,283064620.898344,4.79576330589736,3.2366442427101,0.0850823048418405,,38879126759.9128,18998924824.7843,58136043753.7601,25252908.481489,32226518.5107932,76557485.0761967,9232187122.99509,4992854679.12154,6878101033.61435,1.08174430548014,5783,189.177877601602,62.2653700641789,64.1814314016995
924.601769564586,-0.251985747231938,0.465003014839161,0.984452076013077,23.8477849983288,2.40634908297648,1.90552448216858,1.94731247692802,0.0500326242274348,45174860759.9185,553.784034175882,415.637065116574,-18.1942466158619,,3927508331102.83,2225253940943.34,6152762272046.17,7025124592.17606,4528100845.10076,11553225437.2768,318807686876.586,205490071731.714,524297758608.3,-10.4286629802516,618.071218002402,-0.248601373684824,0.491330280672295,0.920240897956314,16.9523572125533,2.27781786638398,2.19076090366928,2.09127796852731,0.0167963850106232,40795249501.4069,411.049900195269,335.30457102269,-18.2564650139262,,2908515853216.92,1806222680663.3,4760722151108.88,724405964.405989,545361330.845736,2433201125.12903,226309313903.465,132590275485.78,387135345770.425,-12.7015448107833,509.432520153036,-0.275865843763871,0.464863685776958,0.787137446012358,8.00203539287475,2.20389063589079,1.26706925857804,1.19626376394762,0.00191832786665927,36162144110.2787,358.075393536432,297.36528203819,-18.3466038823937,,2523808702869.66,1573404825519.87,4099389467238.8,7479804.852886,4040563.4569313,18616710.6316543,20426219659.7056,9366575536.21828,171994656943.571,-14.0483914616583,768.424992663589,-0.234447654366248,0.559505976922996,1,31.6227766016838,2.43748014137874,2.93678584564038,2.89217793159811,0.0463902499550861,54272794978.5339,491.184811256537,405.8513678267,-18.1267969797684,,3499389401238.24,2304175356979.42,5816432804564.9,9388732826.97188,4385881604.84324,13656461787.3128,614130522564.144,341609761124.672,884575869853.506,-11.7619142477396,108.638697849366,0.0272644700790474,0.0264665948953366,0.133103451943956,8.95032181967851,0.0739272304931906,0.923691645091245,0.895014204579693,0.014878057143964,4633105391.12821,52.9745066588368,37.9392889845009,0.0901388684675304,,384707150347.266,232817855143.431,661332683870.076,716926159.553103,541320767.388805,2414584414.49737,205883094243.76,123223699949.562,215140688826.854,1.34684665087507,150.353774661187,0.0141537193185754,0.0681756962507012,0.0797591020436861,14.6704193891305,0.159662274994758,0.746024941971095,0.800899963070799,0.0295938649444629,13477545477.127,80.1349110612678,70.54679680401,0.129668034157799,,590873548021.318,497952676316.122,1055710653456.02,8664326862.56589,3840520273.9975,11223260662.1838,387821208660.678,209019485638.892,497440524083.08,0.939630563043647,19882,34.3630288992121,-5.30611777664874,24.9879021116742
158.054105479986,-0.446496765842874,0.372066842341134,0.24819930778767,23.3339430590243,0.531230038428867,1.96791961238822,1.98561017630822,0.0501160323342204,3484816483.60875,40.1723206781905,29.1830979036873,-20.322915789079,,285759241731.553,103754666021.867,389513907753.42,617836338.175423,235944638.033726,853780976.209149,27991411752.6331,10689600313.1379,38681012065.771,-22.3599764827268,16.6612930344662,-0.449876427249252,0.798423405157772,-0.0111163973200539,1.78024125482207,0.00345441093089019,1.63979809676689,1.94259696694005,0.00427156793672857,3201908628.7197,9.9178470415029,9.35977168340668,-20.6432591579724,,68286997881.9119,17635695.1304932,68962426173.6873,813401.78160579,0.0373004104649386,898502.985136409,1023328985.49363,13454.8934399474,1132370910.1124,-25.4339526104415,7.11423920094475,-0.881526572126148,0.370177569098944,-0.429207872318657,0.0706087500387521,0.000152031474600824,1.03712438060705,1.04295928921752,0.000345190184833297,2371345058.01987,5.99004528318289,5.88606274924367,-20.8027072666431,,16322305447.3765,0,16322305447.3765,408.408823556147,0,428.423745308864,74236953.5057327,0,78484851.7867254,-26.689018774036,32.4758763858953,0.374123570515684,7.75681367601253,0.260649325033635,14.0837302844769,0.0895872671524005,2.58657563810664,2.95243885498182,0.0255283792999524,4194899171.36912,14.5875890455958,12.7682922687302,-20.4457017625392,,102848045035.638,11237912051.6794,110623808029.409,54667035.5317385,1122569.14659103,60889563.7805003,9133901175.41463,311756441.203048,10342300651.381,-24.3787535977461,9.54705383352143,0.431650144876897,0.428245836058828,0.418091474998603,1.70963250478332,0.00330237945628936,0.602673716159831,0.899637677722526,0.00392637775189527,830563570.699829,3.92780175832,3.47370893416301,0.159448108670738,,51964692434.5354,17635695.1304932,52640120726.3107,812993.372782234,0.0373004104649386,898074.5613911,949092031.987897,13454.8934399474,1053886058.32567,1.25506616359447,15.8145833514291,0.823999997764936,6.95839027085475,0.271765722353689,12.3034890296549,0.0861328562215103,0.946777541339754,1.00984188804177,0.0212568113632238,992990542.649421,4.66974200409292,3.4085205853235,0.19755739543319,,34561047153.726,11220276356.5489,41661381855.7218,53853633.7501327,1122569.10929062,59991060.7953639,8110572189.921,311742986.309608,9209929741.26858,1.05519901269535,33630,34.343826199814,-5.29543113144404,49.2443496375679
14.4499089378116,0.221170053498283,0.300000114849585,0.148122556662994,12.2082281237674,0.0624160312727159,1.97311778327268,1.99782224832038,0.0501186359514392,4774257588.57747,11.6446068891108,12.4936964319624,-20.1505968578488,,77314068543.8797,6066163876.8066,83380232420.6863,169683803.150434,14272274.0535489,183956077.203982,7687217740.80184,646579557.20594,8333797298.00778,-18.1896303561448,11.5113079939707,0.098577007952851,14.4051688029358,0.125525662406694,6.28502649982879,0.00754123982667478,2.14716120462025,1.78689474495361,0.0428496973067234,5374680210.77416,11.3227881309847,11.2702049925339,-20.1309814540449,,74155260254.1646,764777731.969578,76232669761.3371,106021499.90748,416190.324098028,117942109.274773,8086071113.15235,28644691.0719835,8513351182.31977,-22.0137245708631,10.0886605793137,-0.156518281257446,1.59220478211498,-0.376959842819941,1.13927539851464,0.000175252041049943,1.32498535293939,1.03954504219442,0.0240119080928113,4889339704.84411,9.9534922346527,9.94323872489406,-20.2338051343966,,65380829890.7182,93880830.9812079,65984590426.0223,11157142.7656558,6707.23886841694,18319004.0235611,737297438.618832,423166.921417998,1323019099.10849,-23.1868489407095,13.3867820224677,0.276322647757265,81.9489970932073,0.71850844885675,25.6794250214352,0.198584529587087,3.02926368089685,2.41401660313474,0.0501187233627272,5910435168.90053,12.5572619100442,12.5559020854453,-20.0496617267927,,80568170637.2236,21550519910.8187,97198278587.2182,314660198.831069,17498235.1310348,321541361.201708,18137631556.6165,1447688099.98478,18824905916.7624,-20.6546640930963,1.422647414657,0.255095289210297,12.8129640208208,0.502485505226636,5.14575110131414,0.00736598778562483,0.822175851680851,0.747349702759187,0.0188377892139121,485340505.930051,1.36929589633201,1.32696626763985,0.10282368035163,,8774430363.4464,670896900.98837,10248079335.3149,94864357.1418242,409483.085229611,99623105.2512117,7348773674.53352,28221524.1505655,7190332083.21127,1.17312436984636,1.87547402849706,0.177745639804414,67.5438282902715,0.592982786450056,19.3943985216064,0.191043289760412,0.882102476276601,0.627121858181132,0.00726902605600386,535754958.126364,1.23447377905946,1.28569709291136,0.081319727252275,,6412910383.05902,20785742178.8491,20965608825.8811,208638698.923589,17082044.8069368,203599251.926935,10051560443.4641,1419043408.9128,10311554734.4426,1.35906047776682,82455,34.3316310581463,-5.26058952521646,45.6020342342755
125.615326164684,1.52668578208455,0.3,0.472415182928801,24.6181122306628,2.50518775830025,2.0002350158255,2.00042999577548,0.00417151762276789,63867238249.4189,30.1213123963449,31.5295054762955,-15.3085853152503,,212334663352.134,390919285010.667,603253948362.801,502904114.287595,926369105.800894,1429273220.08849,273727947964.249,504217617602.04,777945565566.288,-16.4061572418262,123.363663115322,1.06630202830417,2.64008280708387,0.408696089518522,17.4207604749729,3.07239047508673,2.13021542004747,1.33146559061234,0.00380049959460967,78366851867.6637,103.546335557911,103.722792075651,-14.9895374358079,,724148931181.088,857576861558.625,1562461393816.96,25364045.6173581,4557002.70484331,47384040.8097948,27974702063.922,3949355403.26761,44833856499.9049,-19.062994827482,104.816308713218,0.241678279974663,0.3,-0.29682390244447,9.26399836750794,2.59420086138803,1.35983747466364,0.456563559118569,0.00121943624741154,66454922010.7987,40.4754147946765,42.1118132678804,-15.2306152562866,,284684747049.474,429718387490.383,728011353811.414,659820.648079251,142208.050891618,1238338.94487349,4483117956.5498,463606747.249688,15835915669.8237,-20.3661306931559,148.247587189194,1.52668578208455,30.56871146343,0.661195528992225,31.6227766016838,3.25015762003228,3.03924533327517,2.26738213419132,0.021647510649636,92163002628.2459,143.414810071699,142.627086764216,-14.749335124702,,1014616887115.49,1131844258184.95,2137630215489.83,373819769.138738,105015344.491667,691709295.009364,80014451665.6036,48552697102.4307,128636719395.406,-17.9580931002484,18.5473544021037,0.82462374832951,2.34008280708387,0.705519991962992,8.15676210746492,0.478189613698699,0.770377945383826,0.874902031493773,0.00258106334719813,11911929856.865,63.0709207632341,61.6109788077706,0.241077820478722,,439464184131.615,427858474068.242,834450040005.549,24704224.9692789,4414794.65395169,46145701.8649213,23491584107.3722,3485748656.01792,28997940830.0812,1.30313586567393,24.8839240738718,0.460383753780373,27.9286286563462,0.252499439473703,14.2020161267109,0.177767144945551,0.9090299132277,0.935916543578982,0.0178470110550263,13796150760.5823,39.8684745137887,38.9042946885649,0.24020231110582,,290467955934.399,274267396626.321,575168821672.872,348455723.52138,100458341.786824,644325254.199569,52039749601.6816,44603341699.1631,83802862895.5012,1.10490172723365,38176,34.4134897330075,-5.29104794725976,35.6109495527082
20.3550381131511,0.265748088627714,0.3,0.299840816436502,25.2063511602152,0.422256054117859,1.97095725637817,1.9874495942055,0.0325937571311428,6904685485.61012,16.0423848629499,17.0439238056664,-19.7005983459017,,106432774332.9,46390380600.7204,152823154933.62,232144615.687848,106041236.686085,338185852.373932,16171571517.7387,7387005026.2305,23558576543.9692,-27.1523843618659,19.517011811035,-0.142304953133928,2.91744982055838,0.0777988231789159,8.16928200860385,0.419027128163473,2.20673764260489,1.47553265361265,0.0270319030154968,7331330210.3536,17.7810574023025,17.5141605375216,-19.6941531019356,,119603112958.054,46113769311.1411,167077870341.393,51057510.467252,3680496.72224338,73563070.6778325,9338512358.55377,556615221.385863,11025580249.4054,-30.4104359725102,10.921901170467,-0.378682155058949,0.482104199743347,-0.406166624018959,1.99656737804946,0.15446892898251,1.07580388700596,0.764102338109719,0.00499819896738231,6456998654.96937,10.0055185493947,10.0056783392598,-19.8948116005542,,66145482909.5287,13208407632.9455,80067047735.3791,1393992.2888288,95574.0904980131,3730351.95899725,360692412.396799,40796527.647266,1391811680.77359,-31.7978312569145,21.8487309390227,0.602800932013963,31.9493091776076,0.671789268210198,26.9917821560764,0.500268979629611,2.84544465184988,2.18629283383135,0.0420461789100742,8285953963.93927,19.676437554629,19.3255270201499,-19.6347216422723,,132134328417.184,60933199053.0907,190835964875.038,352029118.73558,47327375.0181851,413470855.426604,22339575788.7903,4338431932.28297,25116488800.1615,-28.7426668317451,8.59511064056806,0.236377201925021,2.43534562081503,0.483965447197875,6.17271463055439,0.264558199180963,1.13093375559892,0.711430315502931,0.0220337040481145,874331555.38423,7.77553885290782,7.50848219826178,0.200658498618601,,53457630048.5256,32905361678.1956,87010822606.0144,49663518.1784232,3584922.63174537,69832718.7188352,8977819946.15697,515818693.738597,9633768568.63181,1.38739528440433,2.33171912798761,0.745105885147891,29.0318593570492,0.593990445031282,18.8225001474726,0.0812418514661378,0.638707009244994,0.710760180218699,0.0150142758945773,954623753.585665,1.89538015232648,1.81136648262831,0.059431459663216,,12531215459.1294,14819429741.9497,23758094533.6442,300971608.268328,43646878.2959417,339907784.748771,13001063430.2365,3781816710.89711,14090908550.7561,1.6677691407651,72188,34.296344029266,-5.26865538326746,66.4838440598902
53.414311582568,2.76494530872512,0.812774748623262,0.868929383935365,23.695879165731,3.07628599527673,2.00114993442276,2.00114662285771,0.0501187153879264,80616008936.2338,43.7698298784427,43.8177710112295,-13.1469927446025,,291594985766.542,317960057584.812,609555043351.353,692365658.751759,754960252.804848,1447325911.55661,31366323953.669,34202054307.9984,65568378261.6674,-16.3199619391577,65.437272483895,1.46427516839616,12.9365011241446,0.307278571894428,18.5121261331622,3.29822863998764,1.74479131534064,1.86972856736007,0.0428935916628126,78262878410.6793,62.8557429680343,62.9012985827461,-13.0359015848951,,420341182538.125,428535171851.837,863054212381.649,229459585.406769,416780060.858589,943497792.893251,17706888046.6221,27120286344.9768,65064723737.8208,-18.4830060053952,52.8298499208618,0.378775101717754,3.02064583906292,-0.370610962457064,10.4319987513719,3.10843897626761,0.728659974961774,0.723478434071582,0.0232245314604106,66449533691.7767,48.1891502678661,48.3197570941356,-13.3169412218993,,320931309728.882,345048711940.05,671479135454.326,8421691.93523809,10128110.4415202,309767414.767567,554142100.805864,548086228.822457,20482821439.3823,-19.8434780485455,71.3375735973784,2.47965502186449,64.2266058917684,0.915538837483255,31.6227766016838,3.49334983864619,2.59334755050475,2.78505455581149,0.0501187233627272,90843624566.6969,70.2355888831673,70.1603017480051,-12.7429725590855,,468203762848.012,505241562641.922,949042676753.756,1291417680.09457,1328634490.41094,2179722802.18419,73072220943.025,96031495053.4763,136567715272.817,-17.4579853814276,12.6074225630331,1.08550006667841,9.91585528508168,0.677889534351493,8.08012738179025,0.189789663720026,1.01613134037886,1.14625013328849,0.019669060202402,11813344718.9025,14.6665927001681,14.5815414886105,0.281039637004223,,99409872809.2426,83486459911.7869,191575076927.323,221037893.471531,406651950.417069,633730378.125685,17152745945.8162,26572200116.1543,44581902298.4384,1.36047204315033,5.90030111348342,1.01537985346833,51.2901047676238,0.608260265588827,13.1106504685216,0.195121198658551,0.848556235164109,0.915325988451416,0.00722513169991464,12580746156.0176,7.37984591513303,7.2590031652589,0.292929025809583,,47862580309.8872,76706390790.0845,85988464372.1068,1061958094.6878,911854429.552353,1236225009.29094,55365332896.4029,68911208708.4996,71502991534.9966,1.0250206239676,216681,34.4089643226577,-5.148425234163,34.1251704226559
0.4127660940833,0.454124809283869,0.3,0.313597425778239,6.14838218148402,0.102502627860204,2.22914816860293,2.06794704432892,0.00173737653479507,171143694.362945,0.239945411606348,0.259071873472199,-16.6171727585145,,1688480531.69904,389128726.551535,2077609258.25057,6721143.87530183,1098939.80550594,7820083.68080778,39515624772.0591,6460997384.83911,45976622156.8982,-16.6668845906552,0.40901612598109,0.0562625456802692,0.300665478942525,0.420083382417534,8.10451895676895,0.00830660282537974,2.24455040485724,2.11342772029923,0.0063740833844662,103238096.559656,0.387908607183514,0.384465366170463,-17.0060485664215,,2557156485.99393,31033433.7282083,2648839595.62795,413756.014285586,1927.65182040832,420379.593599481,162132523.727685,1060361.54523395,166717698.593647,-19.472668575755,0.359073020314676,-0.0335025469034649,0.3,0.122121169125286,1.52649585745766,0.000559475842098677,1.80903767825956,1.2676908984261,0.00220291443211323,85797223.7191907,0.307570342616131,0.320706386455068,-17.1858985525522,,1773487193.52643,3189782.91824856,2044583842.53285,28254.9324768618,15.620221310357,34403.0543174864,73134599.7240844,26922.2736821445,84915922.0993345,-20.7932097290126,0.454985907105355,0.257999291539079,0.421029565578888,0.685468893691386,25.6938931642136,0.0501612452594041,2.93187479642101,2.97553520900032,0.0168086619545034,137495198.702441,0.440115394280628,0.432844393520867,-16.7675333698084,,3017726038.82454,209034743.241586,3131938508.49298,2612318.31717584,24433.6295632042,2663643.62015049,410470443.131798,16264100.9822691,413464965.289395,-18.3289161056226,0.0499431056664146,0.0897650925837341,0.000665478942525,0.297962213292248,6.57802309931129,0.00774712698328106,0.435512726597686,0.845736821873135,0.00417116895235297,17440872.8404654,0.0803382645673829,0.0637589797153948,0.17984998613068,,783669292.4675,27843650.8099597,604255753.0951,385501.081808724,1912.03159909797,385976.539281995,88997924.0036004,1033439.2715518,81801776.4943126,1.32054115325755,0.0459697811242647,0.20173674585881,0.120364086636364,0.265385511273851,17.5893742074446,0.0418546424340243,0.687324391563772,0.862107488701083,0.0104345785700372,34257102.1427848,0.0522067870971144,0.0483790273504048,0.238515196613093,,460569552.83061,178001309.513377,483098912.865032,2198562.30289025,22505.9777427959,2243264.026551,248337919.404113,15203739.4370352,246747266.695748,1.14375247013243,14150,189.110839722917,62.2455390953864,38.88524181279
1144.94236589435,-1.99682252513342,0.540253532551479,-0.112192274386319,0.64497124129604,0.180338978016078,1.99368666836915,1.99794248734052,0.0438786863761918,1709242251.3877,10.6963821386932,8.90100359187879,-19.9915806901321,,57284632992.606,14515009764.2774,71799642756.8834,133243393.829819,34161774.310831,167405168.14065,6894775097.26802,1767725543.65917,8662500640.92719,-13.7231623433285,1358.35003653439,-2,0.534743042635886,-0.11097955108839,4.59400037870136,0.0390460272012837,2.20224047890925,2.07308937953791,0.0436735830880358,1847138660.18106,11.6896978689673,9.70044678581794,-20.1373047399546,,77479349370.5356,3330537862.10078,80563240314.1475,142333678.348551,2100654.64289049,162137613.546606,9558789098.5251,114929124.396841,10455180219.0591,-16.0573409697273,1209.21241679767,-2,0.530518892475442,-0.113830774074328,1.1978796997179,0.00210214539862333,1.30672637311205,1.15591293236738,0.0297447258720873,1730467281.21359,11.0596802185758,9.17523778676429,-20.1982449129626,,70481086759.8741,239185002.364401,74164153631.3775,13461513.0520862,133064.148978264,24669775.7828842,718160558.640729,8144304.08664356,1167883998.08494,-17.2912499935945,1558.13184263575,-1.99177996376405,0.540407618739269,-0.107019371971814,21.6255219133696,0.19933118610371,3.00452346441071,2.95335926472621,0.0501187233627272,1968344267.79211,12.5337566053995,10.4091213571142,-20.0235695968044,,83568967212.5169,18097018394.1274,93728027381.7369,336239309.149161,23051595.247616,337688633.887268,19219278648.2535,1739373853.97679,19839013229.0959,-15.1621415052022,149.137619736724,0,0.00422415016044386,0.00285122298593796,3.39612067898345,0.0369438818026603,0.8955141057972,0.917176447170528,0.0139288572159486,116671378.96747,0.630017650391435,0.525208999053652,0.0609401730079924,,6998262610.66152,3091352859.73638,6399086682.76999,128872165.296465,1967590.49391222,137467837.763722,8840628539.88437,106784820.310198,9287296220.97418,1.23390902386716,199.78180610136,0.00822003623594991,0.00566457610338289,0.00396017911657612,17.0315215346683,0.160285158902427,0.802282985501461,0.8802698851883,0.00644514027469139,121205607.611056,0.844058736432205,0.708674571296234,0.113735143150201,,6089617841.98129,14766480532.0266,13164787067.5894,193905630.80061,20950940.6047255,175551020.340663,9660489549.72842,1624444729.57995,9383833010.03679,0.895199464525055,12007,189.086178539587,62.2826835474889,30.0372354179358
652.470503890886,-0.433866594922505,0.32668347711708,-0.137119549594529,31.2791292347115,3.25153361491591,1.75753917939655,1.82121062427817,0.0239779610136323,57482777182.3364,310.598591931547,271.93397316089,-15.2295419614879,,2116233375764.43,1451515714484.39,3567749090248.82,2251230271.86998,1953745889.37909,4204976161.24907,213174722323.232,185005169245.787,398179891569.019,-12.782775379765,777.073004225552,-0.383957467826856,0.331463478146926,-0.0907131920411471,20.0019597183192,3.35151988736241,2.4329350315248,1.98236933411436,0.017409549705627,54517325101.7172,345.755714196493,301.686805387857,-15.2725777945672,,2395100685531.21,1687402245498.24,4109665549657.47,2497745752.6561,623595818.11555,3572464102.56915,356338957729.199,127842259804.979,512912720051.112,-14.9981198233358,640.633024224863,-0.470790017313493,0.3,-0.150698748426297,10.7893868847937,3.21404654071796,1.30505510687758,1.18188917684565,0.00758294300907016,51245129132.9503,299.922199627325,258.797573298364,-15.3457228571231,,2048785947572.78,1377282814746.42,3426688896917.88,77513431.9241656,56233227.5353506,779956731.576151,21758889863.7656,8721587396.77596,202001155533.977,-16.2783752410131,929.117603196886,-0.341206983884935,0.347172106555261,0.150085704010049,31.6227766016838,3.45742143213951,3.24031064374829,2.85064612727472,0.031957392044311,62035359767.4934,458.127131599271,375.181061527648,-15.1877023461164,,3234969742922.24,2138412841773.97,5347222099705.86,5528490153.85476,2337958130.78789,7044851036.54394,680817302423.184,345369108859.771,857357457300.028,-13.9421527449172,136.439980000689,0.0868325494866365,0.0314634781469263,0.0599855563851501,9.21257283352546,0.137473346644441,1.12787992464722,0.800480157268712,0.00982660669655689,3272195968.76697,45.8335145691681,42.8892320894922,0.0731450625558239,,346314737958.432,310119430751.822,682976652739.591,2420232320.73194,567362590.5802,2792507370.993,334580067865.433,119120672408.203,310911564517.135,1.28025541767735,152.044598971334,0.0427504839419213,0.0157086284083343,0.240798896051196,11.6208168833646,0.105901544777104,0.807375612223487,0.868276793160359,0.0145478423386839,7518034665.77617,112.371417402778,73.4942561397915,0.0848754484508518,,839869057391.021,451010596275.735,1237556550048.4,3030744401.19866,1714362312.67234,3472386933.97479,324478344693.986,217526849054.792,344444737248.917,1.05596707841858,1847,189.196905596343,62.284114998907,28.3807420926862
8.20342668820887,-0.103587412497071,0.300000062115665,0.999999997018451,1.14263834400955,0.419528270545166,1.5625002472072,1.77211000248741,0.0254186631050533,552662815.735921,6.91885432659183,5.42276432103152,-18.9676716855264,,46381632550.6461,18906045796.5507,65287678347.1968,21924115.3542419,21256411.2196366,43180526.5738785,1958382001.22114,1898739012.74822,3857121013.96936,-25.4396632945098,5.36780471658452,-0.0903993958618188,0.302362800213315,0.615775228776095,1.97714415959494,0.343218329762076,1.43280809292706,2.04494370740103,0.000342331367009426,718089559.797543,5.02301328278006,4.6260595689264,-18.9943507457019,,36303806034.1125,14613051529.7511,50958070196.3736,217.710627203345,316.799521413913,776.895489908623,286155894.82813,367344491.320895,942826415.443886,-29.092094529792,3.84288734590694,-0.131788500364935,0.3,0.028872272914755,1.11423543948591,0.21976180868157,0.728345451951804,1.40973898152927,0.00012124127354591,582051725.023527,3.40295654071613,3.22924767520892,-19.0327864252751,,24369610703.2889,7985443604.82475,32841828348.6414,5.66249287536282,16.3952484733549,42.8749759352089,24800783.3051339,51622142.2186978,350985104.707176,-30.1957649280126,7.54893864856066,-0.0346488313551566,0.454962526543455,1,10.9554906453356,0.430587447082671,2.21815437678787,2.77615443487165,0.00167103540008626,891147794.456422,6.63551382834224,5.56015965103263,-18.9489810405703,,46948835626.9389,20192898786.616,67168838133.6845,86209.3655252218,29858.1772687097,128697.770740647,1328807906.9569,1702668099.52618,2234395524.39845,-27.727747472002,1.52491737067758,0.0413891045031164,0.00236280021331525,0.58690295586134,0.862908720109028,0.123456521080505,0.704462640975254,0.635204725871759,0.000221090093463516,136037834.774017,1.62005674206393,1.39681189371749,0.0384356795731975,,11934195330.8235,6627607924.9263,18116241847.7321,212.048134327982,300.404272940558,734.020513973414,261355111.522996,315722349.102197,591841310.736711,1.10367039822054,2.18113393197613,0.0557505645066622,0.15259972633014,0.384224771223905,8.97834648574064,0.0873691173205959,0.785346283860809,0.731210727470616,0.00132870403307684,173058234.658879,1.61250054556218,0.934100082106227,0.0453697051316127,,10645029592.8264,5579847256.86496,16210767937.3109,85991.6548980185,29541.3777472958,127920.875250738,1042652012.12877,1335323608.20529,1291569108.95456,1.36434705779005,6191,189.135103888133,62.2978689598861,63.577382699423
12.3898955396804,0.136272887035527,0.3,-0.270239262636593,1.69241331618013,1e-05,1.98154635642612,1.99999998195318,0.0501187233627272,3442847030.71473,10.9558648423888,11.6557586056715,-20.3001069145397,,69587261478.4761,0,69587261478.4761,156440784.110303,0,156440784.110303,7087254359.24682,0,7087254359.24682,-21.3431650970149,11.5978988447741,0.178291959057834,6.49911112902999,0.309404662756595,1.79248861840291,0.000931587803516303,1.66962295626935,1.846465624364,0.0486742610172127,3606700416.91271,11.330558055029,11.2872612144098,-20.3061678460956,,72652636192.4289,125405292.139183,73136092989.9375,45138219.7909394,34886.5008474875,47825019.0826459,2485437988.43964,1819806.23893522,2566779900.03802,-23.6244207621273,9.87976839646578,0.0394740116615916,0.785771822539128,-0.350312345646207,1.00086840451683,3.86619109211078e-05,0.803848934576772,0.878351653375354,0.030435602618317,3290254453.547,9.83546092996812,9.84279032348056,-20.3464803635619,,58856307248.186,0,59587649130.0479,2000300.56344928,0,2960867.06344168,115669379.666301,0,185278926.008376,-25.0828310385257,12.3776409529643,0.310362308483569,64.8027249453743,0.898401793619878,12.2773744727925,0.0154967645962123,2.54237308697753,2.67734396163523,0.0501187233627272,4001444491.68818,12.1407764490193,12.0572643351906,-20.2663533206095,,79927241952.4634,1226809595.92148,80430057051.458,251113743.977861,1230774.6938677,251602135.862871,12890714800.2897,68236924.0429239,13106447448.6455,-22.4826177360672,1.71813044830835,0.138817947396243,5.71333930649086,0.659717008402802,0.791620213886086,0.000892925892595195,0.865774021692576,0.968113970988641,0.0182386583988957,316445963.365716,1.49509712506089,1.44447089092922,0.0403125174662549,,13796328944.2429,125405292.139183,13548443859.8896,43137919.2274901,34886.5008474875,44864152.0192043,2369768608.77334,1819806.23893522,2381500974.02965,1.4584102763984,0.779742108190217,0.132070349425735,58.3036138163443,0.588997130863282,10.4848858543896,0.014565176792696,0.872750130708183,0.830878337271232,0.00144446234551453,394744074.775469,0.810218393990283,0.770003120780821,0.0398145254861504,,7274605760.03458,1101404303.78229,7293964061.52054,205975524.186922,1195888.19302021,203777116.780225,10405276811.8501,66417117.8039887,10539667548.6075,1.14180302606006,16639,189.079848959653,62.2564763297346,47.565591298697
16.5959867141189,2.47858909173087,81.2357794349308,0.127687034649234,0.779524774309513,0.282071177778954,2.08342854828588,2.31951123135219,0.0501187233627272,24630225399.6011,16.5883543782523,16.5886274333995,-19.9253770939675,,91310224292.1746,39753450927.967,131063675220.142,267710848.132713,184283556.034964,451994404.167676,12128134528.5796,8348618573.30901,20476753101.8886,-22.3558929342443,18.8620322633257,1.58710495786694,21.166686672033,0.354799708300596,1.43516598340572,0.250061549726245,1.65481494742333,2.05901194568501,0.0501187233627272,22237640901.9814,18.139950669482,18.1499629934689,-19.9259472739485,,113601434667.03,34546580404.5411,149462000518.361,80197767.9441794,79325138.8020265,199203018.22607,3727890886.1888,3687377174.14201,9444646470.43932,-26.3754434399948,16.6405337574701,0.842330573938819,3.97190726944679,-0.237963266871677,0.896936224050599,0.153108866125582,1.00232604238703,1.34594025804602,0.0473036760338732,19552717207.9365,15.61131581705,15.6208869539707,-19.9849063712231,,95293496230.1308,20013200164.9427,118363581392.168,7452761.02961702,6465602.63247993,76020909.8643164,347358576.503182,297799220.274715,3483025417.72248,-27.1696002744224,21.1309025882945,2.37934730143592,82.2363699837168,0.925530141342532,8.65940025345712,0.354914231739666,2.3612636638077,2.81665720923074,0.0501187233627272,25815993105.6591,20.8612744170542,20.8596714385212,-19.8613026597335,,128149360647.198,53448549431.859,177112795848.518,323579004.028186,175147254.465454,447447382.76466,14947180289.162,8353133130.45761,21336081159.3779,-24.8471605296257,2.22149850585556,0.744774383928122,17.1947794025862,0.592762975172273,0.53822975935512,0.0969526836006639,0.652488905036303,0.713071687638991,0.00281504732885399,2684923694.04482,2.52863485243203,2.52907603949815,0.0589590972745953,,18307938436.8989,14533380239.5984,31098419126.1933,72745006.9145624,72859536.1695465,123182108.361754,3380532309.68561,3389577953.8673,5961621052.71684,0.794156834427614,2.26887032496876,0.792242343568982,61.0696833116838,0.570730433041936,7.2242342700514,0.10485268201342,0.706448716384367,0.757645263545736,0,3578352203.67771,2.72132374757215,2.70970844505238,0.0646446142150339,,14547925980.1688,18901969027.3179,27650795330.1573,243381236.084007,95822115.663427,248244364.538589,11219289402.9732,4665755956.3156,11891434688.9386,1.52828291036904,8231,53.1858467600794,-27.8100225147368,57.4521800470759
21.5516923209781,0.189925051913414,0.300013735763463,0.311012343172483,10.0098270624578,0.510136027672682,1.92047956267048,1.95240453390127,0.0501166992855907,6336720242.32001,18.8235016545601,19.7117845730362,-19.4807891229606,,125104549157.554,52455999347.3521,177560548504.906,234559019.279963,108372388.373448,342931407.653411,10626682679.5179,4909804730.60189,15536487410.1198,-24.3560275177811,31.0535291670188,-0.532153771449509,2.86632433620563,-0.0775241263611227,7.49965988245934,0.528997890212517,1.7230786647352,1.79331222469563,0.0501187233627272,6820180139.62413,22.2675616136818,21.1693296697991,-19.4722186467695,,147313867512.983,57005808979.9345,204470116173.965,130624479.938233,63440764.220909,286985140.211278,6519791290.47239,3087954738.08155,14010767360.0399,-27.0678420438043,25.8377117353637,-1.01045677030288,0.57613355077923,-0.43386954638668,2.50821379252383,0.486365360856322,1.04871806234183,0.744988480939314,0.0424564030507358,6158784329.73654,20.7763405042134,19.7098593285654,-19.5191157031051,,136687865241.487,49523457483.7815,187398414632.711,11103431.7789478,1735629.28683549,96513869.2002288,520893105.888656,85836290.1079874,4606084341.96275,-28.2848283625415,41.3301302416634,-0.248505519379028,28.7315221635346,0.696622199637523,25.4317287926238,0.577373200211833,2.66177464012345,2.69833056436495,0.0501187233627272,7455752535.62124,24.0416408230069,22.9983678624832,-19.4297331713223,,159287571249.728,64743130171.0771,223821872238.471,663676820.206868,232858821.701348,720723976.294086,31439443591.9233,11112081416.3133,34250182866.4224,-26.1377764981349,5.21581743165508,0.478302998853376,2.2901907854264,0.356345420025558,4.99144608993551,0.0426325293561953,0.674360602393369,1.04832374375632,0.00766232031199138,661395809.887592,1.49122110946839,1.45947034123366,0.0468970563355455,,10626002271.4967,7482351496.15299,17071701541.2542,119521048.159286,61705134.9340735,190471271.011049,5998898184.58373,3002118447.97357,9404683018.07716,1.21698631873718,10.2766010746446,0.283648252070481,25.8651978273289,0.774146325998645,17.9320689101644,0.0483753099993155,0.938695975388253,0.905018339669316,0,635572395.997101,1.77407920932507,1.8290381926841,0.0424854754472506,,11973703736.7448,7737321191.14266,19351756064.5062,533052340.268635,169418057.480439,433738836.082808,24919652301.4509,8024126678.23172,20239415506.3825,0.930065545669393,5654,53.1031947774776,-27.7449386852846,53.4850077700256
7.96466270901774,0.365116758968582,0.657130008740557,-0.304777084114674,15.5936207061624,0.00380129462804002,1.9999880771486,1.99981982241434,0.0393026669762827,5702212090.78623,6.45513168480699,6.79709895161484,-19.5822786864982,,42865498516.8505,278817802.2304,43144316319.0809,101455917.960229,659612.813294532,102115530.773523,5861157595.17327,38106152.1914412,5899263747.36471,-12.6893853963285,8.49308810695629,-0.323789844232886,12.0670624627777,0.435223744098086,6.75893746138068,0.00261483011199956,2.35855766610337,2.28281080691786,0.0490589364272214,5502099196.76274,7.68095015964172,7.5918573389496,-19.5993680245614,,50551752511.8446,184360032.989433,51285425384.5434,133777001.381961,282314.930429625,135677505.94502,7508204669.93151,13385411.125615,7581631416.86434,-16.0992778731207,7.29013495063855,-0.690510538757845,0.681501015941237,-0.342810100456662,2.06948016981643,9.94113301639515e-05,1.45204745024287,1.12073486430335,0.036811728532266,5265244694.84755,6.75625654081475,6.80711950981805,-19.6371082097656,,44117460111.8837,39165272.5761078,44455927572.9385,16960005.9639535,3859.20137715153,20260846.2287501,841885247.746894,199512.847916259,1098430597.4842,-17.1984706349585,9.28454538396631,0.638857598608197,62.0915717738253,0.950361538928781,23.414739274481,0.0348394861689271,3.15325780723649,3.22620573386181,0.0501187233627272,5826186482.2753,8.05428510351467,7.93566439841322,-19.5538756154544,,53380709402.3673,2256809443.40406,54534497145.4199,244097434.767343,4419026.86549479,247578451.918983,12191035889.5113,230800483.918481,12353537162.8905,-14.8760674565228,1.20295315631774,0.366720694524959,11.3855614468365,0.778033844554748,4.68945729156425,0.00251541878183561,0.906510215860499,1.16207594261452,0.0122472078949553,236854501.91519,0.924693618826969,0.784737829131552,0.0377401852042176,,6434292399.96092,145194760.413325,6829497811.60488,116816995.418007,278455.729052474,115416659.71627,6666319422.18461,13185898.2776987,6483200819.38014,1.09919276183779,0.791457277010023,0.962647442841083,50.0245093110475,0.515137794830696,16.6558018131003,0.0322246560569275,0.794700141133129,0.943394926943943,0.00105978693550587,324087285.512556,0.373334943872949,0.343807059463614,0.0454924091070588,,2828956890.52268,2072449410.41463,3249071760.87648,110320433.385383,4136711.93506517,111900945.973963,4682831219.57982,217415072.792866,4771905746.02613,1.22321041659785,26730,53.1606663326869,-27.7918209892422,30.8846314932822
696.356060272615,-0.24141376470842,0.300002804017192,0.941247394926268,31.5928575023756,1.05279321990665,2.01756413392076,2.00466677065285,0.010724679328944,6213812185.86749,165.290298668745,72.2717376715518,-20.1875004191817,,1293787331701.88,400549862284.473,1694337193986.36,3211601231.37126,960265891.47239,4171867122.84365,679931772723.463,203298991013.253,883230763736.716,-20.5774502642412,856.194344374455,-0.242179768770258,0.3,1,13.1215191043582,1.10717675438276,1.7077488373615,1.79072940615252,0.00370654650922635,6840327324.0823,187.074939936309,79.6870415791428,-20.1522302411208,,1465047088070.38,448557013976.824,1906668511101.72,13691542.9476764,6360333.15445781,49176543.2333936,30373340652.1076,12454420647.8105,53563095551.3519,-22.9187336985709,683.416869907391,-0.244262916368467,0.3,0.962451488204746,5.69993220564707,1.04589705225158,1.03992963951877,0.639755993992819,0.000339795896171989,6082828023.75923,164.709291567511,70.7456018666714,-20.2054990891857,,1279187378192.29,393554693299.621,1675848866264.53,26457.8685301971,986.00259856222,41168.3364906487,3768778522.27126,342751739.89698,25378100272.8158,-24.4715742364551,1054.71687900877,-0.240666072497438,0.311543735561684,1,29.5503401408458,1.1657248157296,2.24592488743079,2.49368119154429,0.0364585828155954,7570731971.52611,214.98118340076,88.2485790494908,-20.0991089023021,,1685137628705.91,503329503463.312,2190435047094.45,946957470.261153,405289083.580049,1797923206.6683,116224380722.585,56839574233.9875,146321483490.093,-21.870392718691,172.777474467064,0.0020831475982091,0,0.0375485117952544,7.42158689871113,0.0612797021311773,0.667819197842734,1.1509734121597,0.00336675061305436,757499300.323073,22.3656483687979,8.94143971247138,0.053268848064846,,185859709878.085,55002320677.203,230819644837.188,13665085.0791462,6359347.15185925,49135374.896903,26604562129.8364,12111668907.9135,28184995278.5361,1.5528405378842,198.522534634319,0.00151369627281944,0.011543735561684,0,16.4288210364876,0.0585480613468401,0.538176050069281,0.702951785391771,0.0327520363063691,730404647.44381,27.9062434644514,8.56153747034801,0.0531213388187624,,220090540635.532,54772489486.488,283766535992.733,933265927.313477,398928750.425591,1748746663.43491,85851040070.4775,44385153586.177,92758387938.7407,1.04834097987983,43130,53.1310768535564,-27.7903786055739,45.2143607814286
4.60786157117769,-0.551875570469413,1.62575212644186,0.811363157418266,0.0297412841504708,0.00145358567067579,2.00048649707381,2.00003856440243,0.0369484080904152,1606276364.04007,3.91574758918863,3.81027873438579,-20.1179566345871,,5727915828.4885,0,5727915828.4885,13575661.671705,0,13575661.671705,834244419.22021,0,834244419.22021,-12.6893856490826,4.61122962690021,-0.482314070090975,1.49082178674421,0.784572907889468,0.0205861280697933,0.000173394461283502,2.30490991454399,2.1338781444145,0.0417483221559559,1562209450.12307,3.93269831632678,3.81939087575312,-20.0911730625351,,5213443249.22595,0,5213443249.22595,13438614.93662,0,13438614.93662,775039557.992341,0,775039557.992341,-15.159354590926,3.96320797191187,-0.698260694132039,0.399764911797475,0.397333952948903,0.00487615125086629,1.93331301189072e-05,1.10428362406632,1.16588396173136,0.0347930562552813,1340200123.67761,3.70184720644407,3.63855759518003,-20.1596127785738,,4136381330.34441,0,4136381330.34441,536370.597970744,0,536370.597970744,27557652.5390036,0,27557652.5390036,-16.6228190055801,5.05132282866846,-0.000164856379307758,1.78645986263861,1,0.152911665158457,0.00143875655688549,3.12741571094974,3.04415190771162,0.0501187233627272,1707310538.47578,4.43286253246303,4.43084789306999,-20.0204458279684,,12119843543.3437,0,12119843543.3437,28187538.7602022,0,28187538.7602022,1514940054.53005,0,1514940054.53005,-13.9269461056253,0.648021654988336,0.215946624041064,1.09105687494673,0.387238954940565,0.0157099768189271,0.000154061331164595,1.20062629047768,0.967994182683134,0.00695526590067459,222009326.445456,0.230851109882714,0.180833280573094,0.0684397160386503,,1077061918.88153,0,1077061918.88153,12902244.3386492,0,12902244.3386492,747481905.453337,0,747481905.453337,1.46346441465409,0.440093201768249,0.482149213711667,0.295638075894401,0.215427092110532,0.132325537088664,0.00126536209560199,0.822505796405743,0.910273763297128,0.00837040120677137,145101088.352712,0.500164216136245,0.61145701731687,0.0707272345667569,,6906400294.1178,0,6906400294.1178,14748923.8235822,0,14748923.8235822,739900496.537706,0,739900496.537706,1.23240848530061,15006,53.1557286955655,-27.8371835220526,29.8497544110128
240.787424351534,-0.0999138799103192,0.300104979549882,0.901939306697681,30.223816972895,3.1060463510038,2.06903202052377,2.02620486340522,0.0500965150469555,17983583810.0035,206.661708294714,167.498057877508,-15.2399552393961,,1463815761091.61,877231440069.095,2341047201160.71,4144968794.97271,2228052467.68572,6373021262.65843,187863230288.035,100982457175.15,288845687463.185,-16.66751314918,238.055182151777,-0.0736561995554949,0.3,0.798518620560848,19.8675110429589,3.23771658867361,1.27126561791095,2.12284778310599,0.00893036941053432,24390523560.8062,216.706646541513,194.391241824247,-15.0836628001584,,1557802614643.13,1081068684756.46,2632301851178.16,18839006.5335236,287479996.960692,458848303.853647,9628921961.88406,75215645577.0677,117565801763.318,-19.8695142632882,209.628965797784,-0.116118333132738,0.3,0.531936969416546,10.7175652883555,3.15272253114816,0.646587650397745,1.37469244896091,0.000370623954256601,21050722463.3834,193.06163287434,170.869806695309,-15.1707566589018,,1360890811968.23,895157683495.375,2271201751097.76,29896.5047722249,48856.4932485218,116794.441533214,1628307077.16261,9447624821.9292,40847339357.5449,-21.3553884822685,329.264124211885,-0.0422135234844342,0.311628264020103,1,31.6227766016838,3.41104172928838,2.0247044947426,2.75424506335944,0.0378963243951047,35742786545.5464,285.275254941109,249.650708967204,-14.9951388215082,,2032343768619.95,1452069569434.85,3521834956606.27,267287633.257705,1655742819.09003,1933065225.4946,89537756596.3067,186948100597.649,225390671744.37,-18.526422666243,28.4262163539935,0.0424621335772431,0,0.266581651144303,9.14994575460349,0.0849940575254453,0.624677967513204,0.748155334145077,0.00855974545627771,3339801097.42281,23.6450136671728,23.5214351289372,0.0870938587434225,,196911802674.908,185911001261.081,361100100080.397,18809110.0287514,287431140.467443,458731509.412114,8000614884.72145,65768020755.1385,76718462405.7734,1.48587421898021,91.2089420601076,0.0314426760710607,0.0116282640201026,0.201481379439152,11.7552655587248,0.173325140614775,0.75343887683165,0.631397280253448,0.0289659549845704,11352262984.7402,68.5686083995965,55.259467142958,0.088523978650116,,474541153976.82,371000884678.396,889533105428.113,248448626.724182,1368262822.12934,1474216921.64095,79908834634.4227,111732455020.581,107824869981.052,1.34309159704521,19573,53.1965717472941,-27.757063142296,42.0998863713976
17.638790729577,-0.607263291985551,0.300005119078957,-0.249968006966966,0.637153928737946,0.174742772047078,2.06193298334763,2.01744321937709,0.0190385212807476,1210144863.48751,5.79475301907595,5.11167227119607,-19.5069533080602,,32367134396.9141,8796124240.31192,41163258637.226,90063325.6209596,21827790.6608257,111891116.281785,10740952631.5526,2603182415.51602,13344135047.0687,-15.4778413299037,15.1217806638894,-0.597258232616373,0.34732376176415,-0.21432306594875,4.12761530863141,0.00402015168799989,1.82110448408556,1.94829586045829,0.0235999686146692,1223693170.67729,5.62968662845123,5.01424514766435,-19.5870248567905,,37835871520.9398,183271063.495762,38488085888.8081,22737214.6326766,93057.7886111542,23414532.041695,2112508303.79992,7917214.10942017,2244477273.58743,-18.405389936652,13.6108861312373,-0.610898103730663,0.3,-0.22799085190764,1.19891603348366,9.15949850349655e-05,0.847318619750226,1.1667103679574,0.0181512482576037,1103113597.95654,5.37960526231498,4.79092267419988,-19.6395231185554,,34266666451.7407,20997052.003596,35891201818.4848,712767.07090037,521.72119937827,1914174.44444045,67927972.7458451,51824.2283784956,202156694.612224,-19.5879475151386,17.9865324759928,-0.576428864846687,0.376596016153641,-0.171317941362451,18.699737665779,0.0617569879703807,2.66355748227026,2.76215378567613,0.0308182067836279,1282547405.12442,6.00402760053294,5.27313106190609,-19.5410391668456,,40209042187.3976,2952038392.27919,41535093803.37,76454398.7882885,2016256.41039113,77902165.7941371,7237824553.15937,221826459.385113,7279328462.92743,-17.3362898421917,1.51089453265204,0.01363987111429,0.0473237617641497,0.0136677859588896,2.92869927514775,0.00392855670296492,0.973785864335333,0.781585492500885,0.00544872035706544,120579572.720745,0.250081366136251,0.223322473464476,0.0524982617648888,,3569205069.19914,162274011.492166,2596884070.32336,22024447.5617762,92536.0674117759,21500357.5972546,2044580331.05407,7865389.88104167,2042320578.9752,1.18255757848662,2.86475181210344,0.020829367769686,0.0292722543894912,0.0430051245862986,14.5721223571476,0.0577368362823808,0.842452998184698,0.813857925217839,0.00721823816895876,58854234.447135,0.374340972081709,0.25888591424174,0.0459856899449136,,2373170666.45773,2768767328.78343,3047007914.56186,53717184.1556119,1923198.62177998,54487633.7524421,5125316249.35945,213909245.275693,5034851189.34,1.0691000944603,24249,53.1937761308745,-27.7478688703034,36.0184874865695
7703.69503193196,-1.99931256410074,0.300033300171575,-0.380168678875054,3.82159215793429,1.22300859857754,2.18854617786011,2.12072604820003,0.050112655125492,58991354193.644,223.929639837512,201.3095359386,-20.0286408493603,,1486126176316.83,764286694145.274,2250412870462.11,5476124746.63945,2442319890.20279,7918444636.84224,248115533706.191,110658089630.041,358773623336.232,-16.799514983684,7000.94079495951,-2,0.3,-0.385146555155339,11.710738552202,1.24336018091843,2.21131776919253,2.24806437252459,0.049591110770846,61663467349.1996,226.645854462077,204.673554244593,-20.0401679545743,,1517931545698.16,796168043887.353,2315472889429.43,2459685783.63589,1444193660.19811,4877519415.96205,173220394477.189,98203947405.2018,277862165835.304,-19.0359737881624,6268.61176618602,-2,0.3,-0.388756877843665,4.27774027158056,1.18106591823472,1.31024622543232,1.36338508643557,0.0217506984543475,56395218037.1373,210.967009546185,189.717269097624,-20.0959845639268,,1404839358896.04,715213432763.058,2120441445402.71,115744447.872162,85758086.7559584,973647283.394025,14546926199.5024,8900680433.52457,124817399584.881,-20.7506609144398,7703.69503193196,-1.94186893449488,0.3,-0.380265816173662,28.3536598517311,1.34384850537968,2.89064262657862,2.95298500563264,0.0501187233627272,65911687839.9385,245.363414843437,221.642967625531,-19.9788761577001,,1652440390547.64,991228120271.723,2609360292073.52,6756710594.28622,3758883060.19537,8945194667.58854,337833363765.096,195021931673.347,444518486093.896,-17.923371797787,732.32902877349,0,0,0.00361032268832562,7.43299828062141,0.0622942626837195,0.901071543760212,0.884679286089024,0.0278404123164984,5268249312.0623,15.6788449158917,14.9562851469695,0.0558166093525294,,113092186802.118,80954611124.2954,195031444026.718,2343941335.76373,1358435573.44215,3903872132.56802,158673468277.687,89303266971.6772,153044766250.422,1.71468712627745,702.754236972458,0.058131065505117,0,0.00488073898167746,16.6429212995292,0.100488324461246,0.679324857386083,0.704920633108052,0.000527612591881256,4248220490.73886,18.7175603813607,16.9694133809374,0.0612917968742046,,134508844849.478,195060076384.37,293887402644.09,4297024810.65033,2314689399.99726,4067675251.62649,164612969287.906,96817984268.1455,166656320258.592,1.11260199037541,46496,53.1311472914982,-27.7731932132561,40.6109758871977
9999.52889683745,-0.273789378543726,0.300001149486109,0.999925320867886,19.5855334015727,3.35416319107804,1.93026147571439,1.98749326094823,0.0479074767781168,28371595297.0697,974.711089824168,329.516207891619,-15.686086766644,,7701835332913.27,2095966977340.13,9797802310253.4,14883354337.879,4791643327.49159,19674997665.3706,705383926675.018,227095862185.448,932479788860.465,-18.1929809821523,10000,-0.280493339048843,0.3,1,17.2449891877946,3.20989331631626,2.44084248751909,1.78896244249433,0.0106096261637081,22614750132.2804,805.65816823955,262.125567963567,-15.8424757477892,,6377044580904.37,1669790563606.83,8046752980544.16,4371192766.3768,119542151.419005,5069853538.20312,728141032568.297,61277851558.7995,911024403703.226,-20.5680785684025,9830.26656887217,-0.282103990396291,0.3,0.998991794218197,10.0307649085887,3.12751499736553,2.10166544881092,1.14160587911636,0.000917722430813027,21381770197.4597,768.323025248053,247.704849650643,-15.9847124652658,,6084106657503.29,1577492496716.13,7661413518800.72,8103830.7004009,639335.751821017,10293934.4059019,364458544458.846,5189464220.57624,415867397587.17,-21.8730002282725,10000,-0.275913362410426,0.3,1,31.6227766016838,3.29030823347612,2.93427125849813,2.70730036075425,0.0402625609722583,26429384051.3559,918.613453457369,306.770911692971,-15.7286313630015,,7261700874913.11,1952008611185.34,9214332432649,18097982745.2277,2394051819.32755,20551561062.2689,1257240794683.18,255457678671.537,1378817448130.86,-19.4279556056153,169.733431127834,0.0016106513474477,0,0.00100820578180316,7.21422427920586,0.0823783189507266,0.339177038708168,0.64735656337797,0.00969190373289503,1232979934.82066,37.3351429914974,14.4207183129241,0.142236717476607,,292937923401.081,92298066890.6978,385339461743.441,4363088935.6764,118902815.667184,5059559603.79722,363682488109.451,56088387338.2232,495157006116.056,1.30492165986999,0,0.00457997663841708,0,0,14.3777874138892,0.0804149171598629,0.493428770979041,0.918337918259919,0.0296529348085503,3814633919.07555,112.955285217819,44.6453437294041,0.113844384787704,,884656294008.741,282218047578.504,1167579452104.84,13726789978.8509,2274509667.90855,15481707524.0658,529099762114.88,194179827112.738,467793044427.635,1.14012296278723,40808,53.1295271665393,-27.7996524352095,40.1442582223356
9964.04641009656,-1.44543445794348,0.318217828972365,-0.244206807938262,31.5855254965402,3.86664401319496,2.30898877326632,2.21295094974963,0.0501186486580483,45796400666.0052,262.465168480028,222.012719190345,-13.1627890768342,,1756854920602.77,1055638244811.73,2812493165414.49,8011155171.99123,4077438892.30305,12088594064.2943,362930800735.016,184720946026.043,547651746761.059,-17.6023949641295,10000,-1.41649772014893,0.32284076317095,-0.239772873992466,21.548564796117,3.9312326402651,2.32350870032763,2.21690315699632,0.0501187233627272,48612247577.353,279.972587316096,236.7560345037,-13.0819008506117,,1874052251452.77,1137099592460.98,3017464050673.38,5438338321.20192,2768491722.85916,8287859880.08665,274705010343.056,146521634229.352,412509738134.371,-19.5099404433639,9267.24106243853,-1.44627553656998,0.318586304057831,-0.242702309146159,12.3288449522904,3.85588690835027,1.8890623798052,1.36274416663483,0.0403560711171865,45038923475.577,259.59244677481,220.08224376754,-13.2378553827245,,1737442298023.94,1051595269268.42,2787227986430.6,2641383830.73973,307018470.557358,5511993408.51785,130365896513.74,14830033148.8564,279294741590.428,-21.0164798155104,10000,-1.39856635578017,0.326369880671732,-0.233112487278973,31.6227766016838,4.04299576610976,2.93385129127842,2.96136578599626,0.0501187233627272,52502081848.24,301.839511487083,254.838289752489,-12.8779641406204,,2020798278595.12,1264419704826.74,3281980399850.74,8794279815.86693,5539689839.1711,11798669218.8177,435812417403.329,266816150271.866,570307250635.7,-18.5023763237491,732.75893756147,0.0297778164210489,0.00425445911311972,0.00292943515369373,9.21971984382659,0.0753457319148319,0.434446320522432,0.854158990361484,0.00976265224554072,3573324101.77605,20.3801405412863,16.6737907361606,0.155954532112823,,136609953428.83,85504323192.5606,230236064242.787,2796954490.46219,2461473252.3018,2775866471.56879,144339113829.316,131691601080.495,133214996543.944,1.50653937214649,0,0.0179313643687684,0.00352911750078178,0.00666038671349242,10.0742118055668,0.111763125844659,0.610342590950789,0.744462628999939,0,3889834270.88694,21.8669241709864,18.0822552487889,0.203936709991289,,146746027142.348,127320112365.762,264516349177.357,3355941494.66502,2771198116.31194,3510809338.73107,161107407060.273,120294516042.514,157797512501.329,1.00756411961479,5201,215.054198730171,52.9259141813777,37.6729058509441
358.095321364904,-0.438170687230069,0.553451518032278,0.999990094584056,2.7669924769248,0.726984238760425,2.2233526170119,2.09898951824202,0.000801548435086081,4951395518.31004,83.2627689611586,51.250117895962,-20.6234914995223,,641940400309.266,243229220516.97,885169620826.236,2528184641.39413,739725168.466935,3267909809.86107,163539780521977,47850338822941.1,211390119344918,-12.7244383774252,348.726059318418,-0.435036491526909,0.537388545288354,0.973512451984531,2.64834631866766,0.722122959655485,2.82619624782862,2.40137764851554,0.00239259226965596,4806215552.1358,78.2837657703893,48.8582733494733,-20.6151490051879,,603201152045.942,231707927964.056,828368303415.781,19165898.5885916,2412316.85875938,23589654.4349223,57976096867.1951,17483496737.4693,74671999357.5026,-15.1827037243207,296.821465478536,-0.442935182320558,0.532375373224598,0.924264806996393,1.78741282447541,0.614845291399587,2.32448707505124,1.76126533502327,0.000193857088603163,3943295368.74679,67.4884785727407,41.017966065591,-20.7117236370019,,511672008398.538,185590469569.774,700302866509.516,8281.72528574225,1595.68793834729,10267.3624436952,34998052750.2548,4783096015.64304,45594158033.0498,-16.6150697444123,420.865820689169,-0.432255435961388,0.55482133676419,1,4.71006005975826,0.798699774198949,3.41484072453251,3.14882395698203,0.0180061829169997,5626095894.63659,94.8530039703546,57.8767756937284,-20.5514230377859,,734747955682.468,282112144720.622,1014217299118.05,1041980524.28562,235021140.119438,1313737609.20881,136023277217.277,41001001769.953,168156936621.337,-14.0582787280676,51.9045938398828,0.00789869079364919,0.0050131720637554,0.0492476449881379,0.860933494192242,0.107277668255899,0.501709172777382,0.640112313492274,0.0021987351810528,862920183.389016,10.7952871976486,7.8403072838823,0.0965746318140006,,91529143647.404,46117458394.2814,128065436906.265,19157616.8633058,2410721.17082103,23579387.0724786,22978044116.9403,12700400721.8262,29077841324.4528,1.43236602009163,72.139761370751,0.00278105556552127,0.0174327914758361,0.0264875480154693,2.0617137410906,0.0765768145434637,0.588644476703891,0.747446308466492,0.0156135906473438,819880342.500789,16.5692381999653,9.01850234425515,0.0637259674019042,,131546803636.526,50404216756.5664,185848995702.266,1022814625.69703,232608823.260679,1290147954.77389,78047180350.0814,23517505032.4837,93484937263.8346,1.12442499625309,15034,189.067940264524,62.2751344499157,29.7447941847838
1.54116994893739,0.541268159360622,0.3,0.473569393335247,0.603975105750491,0.0851493533646339,2.04365461460645,2.00927452800204,0.000672297773125799,679122286.747596,0.983194769760134,1.02723265514283,-18.3889680886109,,5768245062.54332,1225476681.82703,6993721744.37035,15329018.6681197,2974952.03328614,18303970.7014058,1710291267393.28,331921735735.436,2042213003128.72,-19.646920968371,1.34530626366522,0.351890636282534,0.445281171298535,0.115207164156635,1.52538241034563,0.00839035940321793,1.90855348597203,2.02032924103916,0.000397997373467445,764114223.109057,0.989504610293906,1.02733514069126,-18.4293844357651,,6817584676.00035,101634594.649435,7123229185.67748,199.05643730142,1.31161385196082,231.650215571064,165335157.214664,825605.23411164,217518885.439039,-21.8770012717131,1.09640369805487,0.0917523086646423,0.3,-0.452627045791115,0.712012498644856,7.28691282263801e-05,0.882072473591338,1.31253561541264,0.000142084018583103,649980388.098732,0.752272700697806,0.850482123533327,-18.4843018983039,,5030028809.21231,0,5295050390.77578,2.24295103168965,0,8.0587691844654,6890897.8210931,0,23780560.5863065,-23.293490213605,1.53062298066407,0.592674649436748,0.890972056680014,0.687217067221741,9.83002944217893,0.112487303017455,2.769294228684,2.8451486579918,0.000784831192220449,882960918.650905,1.18432104787453,1.19082628286023,-18.3723558859516,,8060510484.01867,1863887905.12427,9645197585.01165,3225.95722941732,115.263095512852,3688.40504231675,476890948.865988,68271768.8980688,501480627.073874,-20.9083957460419,0.248902565610356,0.260138327617892,0.145281171298535,0.56783420994775,0.813369911700772,0.00831749027499154,1.02648101238069,0.707793625626518,0.000255913354884341,114133835.010324,0.2372319095961,0.176853017157931,0.0549174625388531,,1787555866.78804,101634594.649435,1828178794.9017,196.813486269731,1.31161385196082,223.591446386599,158444259.393571,825605.23411164,193738324.852732,1.41648894189192,0.185316716998846,0.240784013154214,0.445690885381479,0.572009903065106,8.30464703183331,0.104096943614237,0.860740742711973,0.824819416952644,0.000386833818753005,118846695.541849,0.194816437580629,0.163491142168972,0.057028549813424,,1242925808.01833,1762253310.47484,2521968399.33416,3026.9007921159,113.951481660891,3456.75482674569,311555791.651324,67446163.6639571,283961741.634836,0.968605525671169,12320,53.1758126924809,-27.8166317021619,42.1968334434916
4629.61548504839,-1.99702287526794,1.13182796274599,0.202700985314207,22.8693808182396,3.55715469088613,2.01220591825364,1.99705950050075,0.0501165911749748,30116231592.3533,180.942054604413,153.033465826563,-13.610427827306,,1211064051981.69,728377261591.102,1939441313572.8,2963340830.36821,1710097928.71088,4673438759.07909,134254272988.338,77476053987.828,211730326976.166,-13.8893587426346,4350.50641826706,-2,1.10051571616357,0.180235406434545,21.4098071867508,3.537051665238,2.06639334465823,2.02159852306968,0.0501187233627272,29839749841.9869,176.326541927406,149.794826347719,-13.6348434538924,,1180215272242.85,720704664073.933,1903222306531.05,2436186156.23408,1296864564.74273,4515261084.86966,118714035802.438,77742422915.6878,221396473113.374,-16.3245746010923,3934.61053821035,-2,1.08986470965754,0.158857140450188,11.7202588379288,3.42948064617442,0.9723450745433,1.4003242218404,0.0378842497686676,26806951485.7904,158.960924024217,134.673753421939,-13.8075657098477,,1063934283249.18,644771081185.165,1705566169715.75,70627033.8026032,233640307.455421,902671053.348661,3730594332.73929,11891524430.7947,70626494464.4263,-18.0258577799026,5507.49189445301,-1.9886131823519,1.12568508921272,0.188780516041943,31.6227766016838,3.81433057746432,3.05732331542413,2.79634702421116,0.0501187233627272,41504567224.6936,238.031531527478,203.403852195393,-13.1836092661296,,1592718733415.06,975382802153.137,2570773878324.39,5738587126.74495,3265210581.47782,7495426450.35054,276686966541.041,162337418453.687,354218832744.355,-14.9151662471938,415.895880056716,0,0.0106510065060248,0.0213782659843568,9.68954834882202,0.107571019063576,1.09404827011493,0.621274301229275,0.0122344735940596,3032798356.19647,17.3656179031892,15.1210729257805,0.172722255955369,,116280988993.675,75933582888.7677,197656136815.301,2365559122.43148,1063224257.28731,3612590031.521,114983441469.699,65850898484.8931,150769978648.948,1.70128317881029,1156.98547618594,0.0113868176480953,0.0251693730491476,0.00854510960739854,10.212969414933,0.277278912226319,0.990929970765897,0.774748501141478,0,11664817382.7067,61.704989600072,53.6090258476736,0.451234187762793,,412503461172.204,254678138079.204,667551571793.344,3302400970.51087,1968346016.73509,2980165365.48088,157972930738.602,84594995537.9995,132822359630.981,1.40940835389847,48965,53.1014553873187,-27.82171648551,42.3583075806494
6.63080290039332,3.84644543772732,99.9554571511008,-0.0973194178542178,3.47157401354313,0.998487287604375,2.01678375140228,2.01202899933226,0.0501185512650823,15013505522.1302,6.62587117513623,6.62598614158293,-16.6723148096752,,43713272352.8762,33783219134.7613,77496491487.6376,108284443.828235,82624415.9348405,190908859.763075,4905639128.35667,3743156019.81126,8648795148.16793,-39.7841153897861,8.74326699162812,2.80920995585337,3.62595350743299,0.498584273386035,8.3721414731265,1.10486093463656,2.13401354777882,1.56486970913835,0.03895928016417,14253395538.5427,6.72060578456118,6.74310878991054,-16.6514076492067,,44637889899.7727,41086525218.4954,85187540152.9138,60616860.4585221,10939097.5003611,120037982.087913,4537314536.4051,949264274.22291,7805954714.75793,-42.3249257721547,6.34383751545173,1.49281845298055,0.710940462320278,-0.29764080415983,3.67108590235801,0.971333832660477,1.47405492948616,0.521194158717777,0.0150798583434481,11452567806.276,5.53211440349114,5.57198108191411,-16.7678386502388,,36895815319.1513,32196181583.068,70398358119.876,7603114.51651713,488095.700550958,21098849.3784064,871455409.78851,44550366.8779905,2761195674.63778,-43.7688347940454,13.1997353043071,3.75145172215198,41.4186667684654,0.711350212368573,26.0651518521301,1.2822923735002,3.0207770035311,2.46018521884118,0.0501187233627272,20071839202.5972,8.52803862529603,8.60206649526173,-16.5193261019961,,57569057668.196,56071771117.9597,113281361809.569,168732679.841917,107881603.373914,233816740.864391,10789492604.0069,5947578275.33467,13500004457.9167,-41.1986760445972,2.39942947617639,1.31639150287282,2.91501304511271,0.796225077545864,4.7010555707685,0.133527101976079,0.659958618292668,1.04367555042057,0.0238794218207218,2800827732.26669,1.18849138107004,1.17112770799643,0.116431001032176,,7742074580.62139,8890343635.42742,14789182033.0379,53013745.942005,10451001.7998101,98939132.7095068,3665859126.61659,904713907.34492,5044759040.12015,1.44390902189063,4.45646831267895,0.942241766298612,37.7927132610324,0.212765938982538,17.6930103790036,0.177431438863644,0.88676345575228,0.895315509702832,0.0111594431985572,5818443664.05446,1.80743284073485,1.85895770535119,0.1320815472106,,12931167768.4233,14985245899.4643,28093821656.6556,108115819.383395,96942505.873553,113778758.776477,6252178067.60183,4998314001.11176,5694049743.15879,1.12624972755756,211293,34.4495886151842,-5.14939916271593,87.690573364261
295.667875120941,-1.9997978098187,0.571810944226027,-0.205405198315634,0.951496413671273,0.307396867835278,2.04009792089568,2.00647153449605,0.0501168572671414,1727441034.50135,8.5491698711111,7.441496373517,-19.18187949485,,50322490241.7142,15984966143.6833,66307456385.3975,132517469.089032,38510772.897609,171028241.986641,6003677278.07088,1744722818.77785,7748400096.84873,-21.7529480921664,312.428015187768,-2,0.535036552095594,-0.226857186521229,6.74620145221293,0.277895485048623,2.1012461557653,2.08026406076728,0.0501187233627272,1977602348.37134,9.56607309539757,8.3480022073208,-19.2585859226612,,63298209155.0749,15055326021.7562,77398819598.2978,128945962.350783,26701653.6309596,164978234.891921,6599727688.63293,1340699598.2731,8190863412.30256,-24.8327356025089,273.587558394831,-2,0.523910901024049,-0.251443088839581,1.56705421555822,0.204322959789548,1.20150492191641,1.19917990956994,0.038994874198405,1712406889.10018,8.4174117778591,7.31770844380717,-19.352767646138,,53361576282.2926,10494350449.4006,65132111652.852,7855842.50168394,1656510.85788602,49029976.9256538,399754885.400582,91072739.1197327,2386394252.48109,-26.0557575733183,343.866788640924,-1.93054380941726,0.549761816635628,-0.209469914307204,23.0698675944122,0.324589180893766,2.85884198177962,2.96598501645815,0.0501187233627272,2209518868.81151,10.5177764258275,9.16345687862296,-19.1927209682976,,70183328073.4161,18282726543.1392,87898039854.0927,287461554.863408,71080722.3928554,322043567.058717,14371558489.7666,3545105976.50293,15913727062.4046,-23.8334363447614,38.8404567929367,0,0.0111256510715452,0.0245859023183526,5.17914723665472,0.0735725252590748,0.899741233848893,0.881084151197344,0.0111238491643222,265195459.271158,1.14866131753846,1.03029376351363,0.0941817234768791,,9936632872.78233,4560975572.35561,12266707945.4458,121090119.849099,25045142.7730736,115948257.966268,6199972803.23234,1249626859.15336,5804469159.82147,1.22302197080942,31.4387734531568,0.0694561905827447,0.014725264540034,0.0173872722140241,16.3236661421993,0.0466936958451434,0.757595826014322,0.88572095569087,0,231916520.440175,0.951703330429977,0.81545467130216,0.0658649543635121,,6885118918.34116,3227400521.38301,10499220255.7948,158515592.512625,44379068.7618958,157065332.166796,7771830801.13364,2204406378.22983,7722863650.10201,0.999299257747442,55521,34.3751775844999,-5.28087399983631,50.2078371594899
29.462962217504,-0.245866196456852,99.999797672201,-0.282909499435131,0.457363788971735,0.135868829243011,2.02388517973318,2.0064766332984,0.0501187233627272,14441228132.1187,27.4523604516883,27.0613934839344,-21.2068674444567,,124951579281.46,33860293637.9777,158811872919.438,315424428.63664,81576911.4597919,397001340.096432,14289708208.6457,3695687954.04181,17985396162.6875,-26.1656559983101,27.0653734740428,0.0635597284400024,19.6691695973619,0.0795084975247992,1.80452005956553,0.00616096745000727,2.20487308608192,2.00927255261641,0.0253410222094848,15101555215.0246,26.0349419783143,25.6637760234886,-21.321155255134,,167366651259.396,1275498667.94031,170165294659.769,156718688.477252,391588.033717194,168657483.920373,18403302713.62,39828840.9331941,19388150724.8963,-29.3819664489156,23.6618767190234,-0.575509944080526,2.13850436745741,-0.412553426119788,0.675547857987511,7.85705372930245e-05,1.51374238279191,1.14779904195827,0.0131394553564599,12980145785.3326,23.381262403897,23.3564710584011,-21.3829498235271,,126606530070.735,0,136180236667.873,33867114.3934071,0,36988165.7975786,3105865901.80109,0,3597266535.82405,-30.8724634394274,35.6025278540004,0.526953849543885,87.9317963107755,0.714484426981216,17.561885167288,0.0701880791890279,2.99002473398955,3.19004725288859,0.0469223725838238,17625884948.535,28.6017079514691,28.3328352373089,-21.2516509861237,,187644954675.414,17425294523.0066,198108515107.146,410701327.548679,17749761.0828061,419696807.444167,39654052463.6405,1601179738.58912,41933238037.0409,-27.9910193469204,3.40349675501935,0.639069672520529,17.5306652299045,0.492061923644587,1.12897220157802,0.00608239691271424,0.691130703290008,0.861473510658141,0.0122015668530248,2121409429.69205,2.65367957441725,2.3073049650875,0.0617945683931289,,40760121188.6616,1275498667.94031,33985057991.8954,122851574.083845,391588.033717194,131669318.122794,15297436811.8189,39828840.9331941,15790884189.0722,1.49049699051176,8.53715437995762,0.463394121103882,68.2626267134136,0.634975929456417,15.7573651077225,0.0640271117390206,0.785151647907635,1.18077470027217,0.021581350374339,2524329733.51039,2.56676597315483,2.66905921382033,0.0695042690102987,,20278303416.0177,16149795855.0663,27943220447.3776,253982639.071427,17358173.049089,251039323.523794,21250749750.0205,1561350897.65593,22545087312.1446,1.39094710199526,239709,34.4931026721279,-5.1310217039562,60.1746294089416
83.2083557629182,2.48784956288462,0.3,0.442137004073494,25.1620610705813,0.182136540019766,2.01190904968361,2.00572282744836,0.0501187233627272,42040331749.1474,4.79474575958522,5.08431646060504,-18.5858762312057,,31988556029.1899,15371858137.8057,47360414166.9957,78209867.2648723,36958274.5447391,115168141.809611,3543150373.87092,1674324849.92379,5217475223.79471,-22.7408578477319,76.0798186630404,2.32751630009011,0.3,0.442629396636191,9.50492313507752,0.358083902402088,2.10491158421442,2.10731987617108,0.0477121076678702,42572105137.049,5.90343854466138,6.25567410658028,-18.5252781515222,,40459976234.5598,32187709598.1139,79145146901.1339,56866099.0565479,39412061.8867134,132282688.44145,4269635239.41065,2644163160.7476,8522757467.46064,-25.9111453600928,69.4441897396646,1.91926585075475,0.3,0.435961226504554,3.23136291946356,0.153020680472298,1.18926267300292,1.28482533636818,0.0170466316834418,38322064946.7248,4.51544655789617,4.78991037864114,-18.6523045354319,,30061735574.0384,12519738525.2839,43010136891.0938,4161359.31077824,3391230.53569368,35234533.7110791,272439483.914117,238290380.511664,2313320228.35411,-27.3319924791597,83.2173950383281,2.48784956288462,0.302984993883171,0.44738396083931,26.789890849906,0.645808361281251,2.95759995076316,2.92385399127908,0.0501187233627272,48870854642.7198,8.5293018455736,9.06932645093694,-18.3144153697928,,56554496907.2914,72349246153.6784,127093204545.782,160979044.968735,139359834.887221,251198498.26419,8633673563.12008,10897167146.4407,15539134119.0499,-24.5630275345699,6.63562892337573,0.408250449335358,0,0.00666817013163706,6.27356021561396,0.20506322192979,0.9156489112115,0.8224945398029,0.0306654759844284,4250040190.32417,1.38799198676522,1.46576372793914,0.127026383909662,,10398240660.5214,19667971072.83,36135010010.0401,52704739.7457697,36020831.3510197,97048154.7303704,3997195755.49654,2405872780.23594,6209437239.10653,1.42084711906696,7.13757637528777,0.160333262794505,0.00298499388317131,0.00475456420311915,17.2849677148285,0.287724458879163,0.852688366548741,0.816534115107995,0.00240661569485701,6298749505.67081,2.62586330091222,2.81365234435666,0.210862781729361,,16094520672.7316,40161536555.5645,47948057644.6482,104112945.912187,99947773.0005071,118915809.82274,4364038323.70942,8253003985.69314,7016376651.5893,1.34811782552286,22942,53.1488594606372,-27.8211814564934,54.0699093700877
480.330613412864,1.21984118424321,0.749008346488565,0.522060516802665,21.399923627807,4.91724703210309,2.05320232249366,1.99557143930467,0.000174890775912668,420001812708.205,337.563707804392,342.529565597317,-11.6812834925647,,2513753318654.32,3850651339953.5,6364404658607.82,6843906576.05806,9003504346.98763,15847410923.0457,49627634957983300,65287657291820900,114915292249804000,-12.6915234431519,545.623719310809,-0.705280565366141,3.40491632168661,-0.117847510582973,23.7616219195081,4.88559326872404,2.19711057504647,2.43002755427454,0.00111690924304032,269437365231.662,455.980579292278,447.374767111066,-11.8181110365871,,3222494395850.08,3818723648733.21,6997257952970.99,2399239.67615296,7875798.01298928,12873685.2215447,160820499155.123,240655161177.152,375414132886.902,-15.5593979758358,483.517080168959,-1.0061813478043,0.958444967674951,-0.4830534400975,15.5546822516351,4.6350747070661,1.5630720611619,1.9278056352545,0.000170827899430732,195793584043.217,368.178415594258,360.211802024727,-12.0256680759316,,2614943539643.5,2806798144113.82,5563826304737.97,18311.7900938203,21011.1917766727,47648.2857137446,35273970391.4836,113284985883.37,237268874305.788,-16.8393972989291,626.299218615686,-0.169474320594249,19.7848616874126,0.429459804762236,31.6227766016838,4.99660430147288,3.09358188904022,3.06777973808816,0.00554535972030992,317278780854.768,512.151615098227,501.307715951944,-11.6564169426062,,3706464372950.33,4328879191343.28,8009926065809.05,485356996.635068,534605391.176916,1207688782.79031,349596561061.189,366921194884.816,639427796606.337,-13.9946729095341,62.1066391418501,0.300900782438162,2.44647135401166,0.365205929514527,8.20693966787299,0.250518561657939,0.634038513884576,0.502221919020045,0.000946081343609584,73643781188.4452,87.8021636980198,87.1629650863391,0.207557039344479,,607550856206.579,1011925504619.39,1433431648233.02,2380927.88605914,7854786.82121261,12826036.935831,125546528763.64,127370175293.782,138145258581.114,1.27999932309332,80.6754993048771,0.535806244771892,16.379945365726,0.547307315345209,7.86115468217572,0.111011032748843,0.896471313993752,0.637752183813616,0.0044284504772696,47841415623.1058,56.1710358059489,53.9329488408778,0.161694093980859,,483969977100.253,510155542610.067,1012668112838.06,482957756.958915,526729593.163927,1194815097.56877,188776061906.066,126266033707.664,264013663719.435,1.56472506630174,20371,53.1614288254978,-27.8111445996627,30.8548790750164
318.111689501415,0.830860486690833,0.3,-0.279471391412386,27.5894030332149,2.8741581954949,1.99995274028458,1.97520731867238,0.000448398784179337,132989955715.571,0.0144111578633071,0.071130047373633,-14.0431714958386,,965267737.922608,508993258577.694,509958526315.617,2284415.52873497,1123815286.85175,1126099702.38048,894565803940.968,440080498892598,440975064696539,-13.2600587076495,312.333861854043,0.672257570340055,0.307115640275673,-0.323449607250077,17.5285385612006,3.10877615591726,1.77721781890246,1.77161741618789,0.00035552354705764,145962552022.276,0.812240440628828,2.69722844575315,-14.0789766003139,,6655138174.6521,699658135371.855,712460445192.365,113.009768105407,6585.0700606154,8834.87377063502,89125534.7159455,12498692833.9715,13579255720.6165,-15.4991356239315,284.946325827181,0.597799037289132,0.3,-0.5,9.72958449510906,2.99736781137956,1.06717894908356,0.707240371222209,0.000184959702902144,136725646640.775,0.0357795375499071,0.212475488420911,-14.2021997070082,,1290187800.30518,591170666148.628,600282941128.945,3.59209505188953,689.292532042242,817.045453922693,14696369.6954274,467945018.249386,836168876.873331,-16.8204109915166,343.215851911361,0.904841681790971,0.377930705790195,-0.120105128163944,31.6227766016838,3.16145237954031,2.64106886188305,2.60768190128962,0.000574591268311626,156344440206.891,8.70492509644904,15.2931037852383,-13.9590208501502,,62075716836.9301,775141769022.658,830282374136.874,2536.20499938065,66981.0646977756,73862.9019155494,950557291.17921,40346481148.739,40868005838.2701,-14.6388493991685,27.3875360268618,0.0744585330509238,0.00711564027567263,0.176550392749923,7.79895406609151,0.11140834453769,0.710038869818896,1.06437704496568,0.000170563844155496,9236905381.50105,0.776460903078921,2.48475295733224,0.123223106694368,,5364950374.34692,108487469223.227,112177504063.421,109.417673053517,5895.77752857315,8017.82831671233,74429165.0205181,12030747815.7221,12743086843.7431,1.32127536758514,30.8819900573183,0.232584111450916,0.0708150655145228,0.203344479086133,14.0942380404832,0.0526762236230569,0.863851042980596,0.836064485101731,0.000219067721253986,10381888184.6149,7.89268465582022,12.5958753394851,0.119955750163658,,55420578662.278,75483633650.8023,117821928944.509,2423.19523127524,60395.9946371602,65028.0281449144,861431756.463265,27847788314.7675,27288750117.6536,0.860286224762973,40623,53.1269282533846,-27.8046860627397,29.1741577402622
39.3771550838609,0.557481977175825,0.440829299558996,-0.49996072197737,21.030778779215,2.76678999951203,2.01424170535377,2.0035900510595,0.0497649129979098,40923284167.5552,4.14003351047375,6.7726163296696,-12.0353092062471,,27176325519.3642,120419478451.356,147595803970.72,66862741.7587534,287842280.877671,354705022.636425,3050626002.6297,13132861794.24,16183487796.8697,-12.6895069744707,45.8964967635383,1.12641285569459,0.574728321588434,-0.0735678157145945,16.7374635855911,2.77291152641422,1.61621276630187,1.90469172406117,0.0426836409479918,42378495520.9475,6.19327976883663,7.57570867721862,-12.1781142830865,,40956285278.4627,124538233023.139,162845903089.378,18820580.3423366,142472376.800228,217143423.864267,1111395741.05913,9010063830.67111,12798362516.1492,-15.1718964785616,37.674540908526,0.773312801251401,0.506687237491543,-0.476874136144487,8.74069518526213,2.61085369359142,0.777651418083423,1.1522118767213,0.0252623773284961,37351752790.1548,3.49311496639598,4.43007970200185,-12.4478331462002,,23114896705.7864,103764472357.958,127064902379.184,940968.406679876,12115852.2009346,39795936.529255,50433716.0970682,646025699.211694,2193158751.58401,-16.4646449046427,49.9616181319623,1.28972386877861,0.869512720944928,0.0630494476338387,31.6227766016838,3.0556734568583,2.39054310711777,2.77382423083418,0.0501187233627272,47460576721.976,12.9522412002169,14.4044020064087,-11.8256690598211,,85965298798.3425,175506879113.362,260938821482.36,114584514.38738,425808655.96465,492456930.256567,7639382559.20087,26971346612.7728,31333189431.7705,-14.0189355779141,8.2219558550123,0.353100054443191,0.0680410840968914,0.403306320429893,7.99676840032895,0.162057832822801,0.838561348218445,0.752479847339876,0.0174212636194956,5026742730.79269,2.70016480244066,3.14562897521677,0.26971886311369,,17841388572.6763,20773760665.1806,35781000710.194,17879611.9356567,130356524.599293,177347487.335013,1060962024.96206,8364038131.45942,10605203764.5652,1.29274842608116,4.06512136842396,0.163311013084022,0.294784399356494,0.136617263348433,14.8853130160927,0.282761930444074,0.774330340815901,0.869132506773009,0.00743508241473546,5082081201.02852,6.75896143138022,6.82869332919009,0.352445223265349,,45009013519.8798,50968646090.2233,98092918392.9823,95763934.0450434,283336279.164422,275313506.392299,6527986818.14174,17961282782.1017,18534826915.6213,1.15296090064748,39860,53.161634503182,-27.7470159705401,31.6025916546705
45.3066412128502,4.47638004984213,3.55747246737004,0.420398625694764,23.4552588434207,2.79882574226812,2.005546315024,1.98545546688963,0.0329094495724011,105453307509.664,32.6964511293981,32.8407866464301,-13.7749845050442,,217613313701.438,294866789550.642,512480103252.08,522952128.055497,670253765.725562,1193205893.78106,36080234517.1345,46243072273.7291,82323306790.8635,-12.689507946291,52.9266599128801,3.94351016817983,1.72361026815678,0.54816788631426,16.7638081387032,2.75138537700605,2.2584390395048,1.48441069814814,0.0293571203340386,103939156026.399,30.106305206828,30.3505174212556,-13.8153372324735,,200637093741.641,285952328558.692,489149830723.941,286688240.42568,74915710.5971458,533506625.516511,26885404597.5378,5263256363.88191,43323872167.9383,-15.0304363099503,49.3524568223879,3.16516792753675,1.10084722927464,0.341442267442636,9.02201779925482,2.69854581345198,1.37019782354439,0.484285012644293,0.0211266397631748,98420281332.6078,26.2942116752709,26.5715688932746,-13.9025675447047,,175040797569.664,265733706916.078,452101817764.209,29431692.4870698,3679433.6283748,151766020.161536,2343050570.13816,274126439.991876,12471307465.1291,-16.3899635695626,56.1884114862916,4.62342953682283,3.06827082149217,0.624630733487676,31.6227766016838,2.89584988551345,3.13958416953318,2.46165266845074,0.0368116331064881,108949967082.179,35.28282672448,35.4395012995605,-13.6789049834291,,234584958159.01,333804223989.188,561308466837.765,632871373.939779,560941166.250372,908182938.300625,50085826078.9871,47995090093.4242,74982737818.8677,-13.7961502558274,3.57420309049226,0.778342240643087,0.622763038882134,0.206725618871624,7.74179033944842,0.0528395635540715,0.888241215960401,1.00012568550385,0.00823048057086382,5518874693.79128,3.81209353155704,3.77894852798104,0.0872303122311742,,25596296171.9772,20218621642.6144,37048012959.7316,257256547.93861,71236276.968771,381740605.354975,24542354027.3997,4989129923.89004,30852564702.8092,1.35952725961228,3.26175157341152,0.679919368642995,1.34466055333539,0.0764628471734162,14.8589684629806,0.144464508507401,0.881145130028386,0.977241970302604,0.00745451277244941,5010811055.77971,5.17652151765203,5.08898387830482,0.13643224904434,,33947864417.3687,47851895430.4954,72158636113.8242,346183133.514099,486025455.653226,374676312.784113,23200421481.4493,42731833729.5423,31658865650.9294,1.23428605412292,19435,53.1765898121728,-27.7855167515068,27.6607450798979
215.12701549514,1.64159984559337,0.372227554322706,-0.499996928518324,30.3398885479489,0.676953497559842,1.99987431471828,2.001962940687,0.0501185978144622,37650322862.7841,9.80246101679004e-36,7.79404604457266e-31,-16.5476296344187,,172818266.232895,37554871766.4885,37727690032.7214,408905.833020352,89369646.4418942,89778552.2749146,18524753.1433933,4048733241.63616,4067257994.77956,-18.7275405684225,274.571345512375,1.64297818187729,0.3,-0.472814030808397,8.56470241688739,0.853208436777594,1.749427917302,1.75970439141084,0.0229198012155137,41791301122.5574,2.14033667236042e-45,3.19058431921871e-39,-16.3317999999682,,218037107.539734,53010038886.5844,53224693039.9613,36087.9308341509,6464952.97981906,6716051.55333691,7769697.79396689,2044648219.06434,2057073103.11604,-20.968148576913,231.279398286101,1.63224670642024,0.3,-0.5,3.45012815131704,0.728422236381305,0.851156260487245,0.784397051292748,0.00192173944932621,37390711429.9069,2.43351253191355e-69,2.78233350870568e-59,-16.4985928823879,,191562236.991038,41276983863.0462,41468624612.4494,358.92487356124,103781.49498369,124336.132453394,336666.862349357,73185476.3163415,99319100.5145423,-22.3210889887828,297.340657120143,1.64297818187729,0.335913936492575,-0.282418067883225,27.1488852072464,1.16199521267358,2.76024629387617,2.58167220589316,0.049299747607409,45770769634.7874,1.18779220558562e-21,2.87394465964942e-19,-16.1061464908719,,301289192.081971,84635915227.3476,84931814710.5517,482113.340534616,94094002.7495217,94222694.7717741,39116544.1021048,7422704660.579,7450763410.7343,-19.8703169462199,43.2919472262742,0.0107314754570533,0,0.0271859691916034,5.11457426557035,0.12478620039629,0.898271656814758,0.975307340118091,0.0209980617661875,4400589692.65049,2.14033667236042e-45,3.19058431921871e-39,0.166792882419774,,26474870.5486963,11733055023.5382,11756068427.5119,35729.0059605897,6361171.48483538,6591715.42088352,7433030.93161754,1971462742.748,1957754002.6015,1.35294041186988,22.7693116077677,0,0.0359139364925752,0.190395962925172,18.584182790359,0.308786775895982,1.01081837657417,0.82196781448232,0.0263799463918953,3979468512.23004,1.18779220558562e-21,2.87394465964942e-19,0.225653509096265,,83252084.5422375,31625876340.7632,31707121670.5903,446025.409700465,87629049.7697026,87506643.2184371,31346846.308138,5378056441.51466,5393690307.61827,1.09783163069304,44883,34.3309565851872,-5.28748137645798,40.1667559615936
0.584024878414007,3.41922070931222,0.441443548893049,-0.0723381632642046,31.6226548287185,7.06188995658033,1.99961581122172,1.99885324727333,0.0501183859972253,159090514.693239,2.82574437585309e-20,1.31357950855672e-19,10.8659738721927,,449720.120435506,200889936.637364,201339656.7578,1063.32789960461,473992.510165449,475055.838065054,48172.3871608468,21473480.3060487,21521652.6932095,-50.0965361146028,0.00145826934739178,0.981235646532591,3.03948854519415,0.219337441284449,0.285276023823888,0.00485369727182411,1.6180509845281,1.99937382702739,0.00636568903765499,1302148.0042,0.000981913558967222,0.000978063098090543,-10.3155175984447,,2989813.85437388,0,3466374.94754914,23.912940612097,0,104.918690321763,31260.8873038554,0,80888.2328247599,-51.3878808348666,0.001,-1.4794518126856,0.431684963466837,-0.338734245504017,0.0256319693898415,0.000321353072059931,0.586940237336527,1.24971361683868,0.000721896768768254,219058.428380678,2.76485181016292e-09,2.33778901610271e-09,-11.3380878638191,,14018.169020519,0,197686.560720954,0.00586367328451342,0,0.0133779375900038,125.558960624875,0,1025.92871243948,-52.4832932606804,0.00576738364271746,2.98129883386537,51.2078884882095,0.823890240837798,19.1064223061291,0.427009142557823,2.45320077086641,2.80327906364062,0.0361730551951928,2925397.57503003,0.00163739909672502,0.00162399305554993,-1.24922800457122,,8818360.92388889,2971372.98829721,12507964.1030557,2886.43791142926,433.50564339479,4895.72319609705,547554.233032341,111366.016645949,684454.26719259,-50.6202115058204,0.000458269347391782,2.46068745921819,2.60780358172731,0.558071686788467,0.259644054434047,0.00453234419976418,1.03111074719157,0.749660210188715,0.00564379226888674,1083089.57581932,0.000981910794115411,0.000978060760301527,1.02257026537435,,2975795.68535336,0,3268688.38682818,23.9070769388125,0,104.905312384173,31135.3283432305,0,79862.3041123204,1.09541242581377,0.00430911429532568,2.00006318733278,48.1683999430154,0.604552799553349,18.8211462823052,0.422155445285999,0.835149786338308,0.803905236613231,0.0298073661575378,1623249.57083003,0.000655485537757797,0.000645929957459389,9.0662895938735,,5828547.06951501,2971372.98829721,9041589.15550659,2862.52497081716,433.50564339479,4790.80450577529,516293.345728485,111366.016645949,603566.03436783,0.767669329046278,185028,34.4680618467243,-5.16568694099282,98.746575024667
221.986735164501,-0.249944516892262,0.3,1,2.02032510037595,0.511844792043298,1.62499999999886,1.89866559707512,0.00668786395866465,1257295453.6996,37.9874946333216,14.6661338878328,-19.950350588896,,293859235615.856,65372386105.6457,359231621721.501,182381927.432683,114394507.593929,296776435.026612,61918782236.0003,38837009260.7853,100755791496.786,-24.8757607794523,233.646772008416,-0.264361715602578,0.3,0.923330478385412,3.96974426795834,0.51740227503565,1.5521794746367,2.03128901488725,0.00464478712244825,1364342066.38163,38.7816277603608,15.896734556273,-19.9721337857958,,304273425345.434,68689677472.8427,372523476233.506,1471026.77722365,1672196.73458688,6337338.35542503,3284267505.07553,2558857537.21134,9331342646.46686,-27.740118242676,179.024193425419,-0.267097781103723,0.3,0.881597632981481,1.37378978505513,0.349084914977467,0.740986460707629,1.12548602850848,0.00039712900789112,867358196.837454,26.3023856151331,10.0974746037341,-20.0446090661568,,200591160394.631,38560767919.8445,233882454514.591,5489.09096863129,1663.23486535592,11871.2404564492,324438308.255993,161664393.012463,2280688916.70414,-29.2197367486519,272.354010149182,-0.254956588885021,0.3,1,21.0636283098926,0.595162707171738,2.5702137839078,2.92611764795118,0.0288575183456528,1583869120.44616,44.7929000528082,18.4371943547507,-19.9283016476194,,351430059594.256,85831749515.5067,436061024170.94,145350029.664838,63282196.9306182,239127416.935286,24389612133.9161,9204418673.88614,29186292604.2816,-26.395416778226,54.6225785829971,0.0027360655011448,0,0.0417328454039319,2.59595448290321,0.168317360058183,0.811193013929073,0.905802986378769,0.00424765811455713,496983869.544179,12.4792421452276,5.79925995253892,0.0724752803609903,,103682264950.803,30128909552.9982,138641021718.915,1465537.68625502,1670533.49972152,6325467.11496858,2959829196.81954,2397193144.19888,7050653729.76272,1.47961850597581,38.7072381407668,0.00940512671755694,0,0.0766695216145876,17.0938840419342,0.0777604321360885,1.0180343092711,0.894828633063938,0.0242127312232046,219527054.064525,6.0112722924474,2.54045979847778,0.0438321381764339,,47156634248.8224,17142072042.664,63537547937.4336,143879002.887614,61610000.1960313,232790078.579861,21105344628.8406,6645561136.6748,19854949957.8147,1.34470146445007,52539,34.3991545879267,-5.28302180379709,57.6549449502616
31.967226115422,1.08192994926696,0.3,-0.426299084667843,30.8283624540524,1e-05,2.00001129079219,1.99999997228388,0.000387407212232224,14989496415.7697,1.78601713825478e-14,6.84360332642988e-12,-18.7320532326801,,89262506.6802521,0,89262506.6802521,211283.849442661,0,211283.849442661,130179721029.35,0,130179721029.35,-35.1545811532436,35.8438533443708,1.57474084061187,0.329871775894561,-0.255074796131478,0.969986098988086,0.00111115031066898,1.90299643121783,1.89023740869613,0.00030521871841431,16174540523.9674,8.66456391165855e-10,1.11412834930813e-08,-18.0647726213664,,87712680.4751282,0,106388797.466232,1.15135382759047,0,2.64666422020667,2416885.36536176,0,4294804.31333491,-37.8951095657016,26.1598314537943,1.09073363007124,0.3,-0.5,0.0193902647862651,0.000103997157705097,0.874315708447694,1.04280740416716,0.000123375467713199,12772166074.2639,5.30076873114534e-49,1.62250257759333e-43,-18.7857125214227,,80386135.5937494,0,83038873.2450418,0.055285825217405,0,0.157826182445521,87914.6903466926,0,413556.727700701,-39.0923719626035,67.1247631706822,2.45010551103059,0.411410456681345,0.0413611935798802,19.0947296589516,0.00873285966919177,2.89875968535324,2.80196013817388,0.000908501739862609,20057937680.3254,0.00452739097999855,0.0102582103947087,-17.6982085481511,,108954388.881714,304408905.969801,556799325.506838,51.7752596198212,4.70616978988134,109.43357842501,7503211.3545616,6837392.4889111,18390620.2983515,-36.8156667948487,9.68402189057648,0.484007210540637,0.0298717758945608,0.244925203868522,0.950595834201821,0.00100715315296388,1.02868072277013,0.847430004528967,0.00018184325070111,3402374449.70342,8.66456391165855e-10,1.11412834930813e-08,0.720939900056322,,7326544.88137878,0,23349924.2211905,1.09606800237307,0,2.48883803776115,2328970.67501507,0,3881247.58563421,1.19726239690197,31.2809098263114,0.875364670418715,0.081538680786784,0.296435989711358,18.1247435599635,0.0076217093585228,0.995763254135414,0.911722729477748,0.0006032830214483,3883397156.35802,0.00452739011354216,0.0102581992534252,0.366564073215255,,21241708.4065857,304408905.969801,450410528.040606,50.6239057922307,4.70616978988134,106.786914204803,5086325.98919984,6837392.4889111,14095815.9850166,1.07944277085291,160077,34.3735824458376,-5.18499199984155,73.9301927994884
5.5756920406952,0.177446634149016,0.300000456025352,0.281154039108899,1.25170733405699,0.000104642669733485,1.95689452801535,1.99957343902508,0.0501183668419081,1630402660.64551,4.91635376549861,5.1437249779235,-19.471327350496,,30130027732.0674,0,30130027732.0674,63079491.1589129,0,63079491.1589129,2857717579.43921,0,2857717579.43921,-27.2806746288059,7.893910842104,-0.590343721560321,5.89345337262777,0.356010926914105,3.15478063330557,0.00676079157202306,1.67804653047391,2.05492342994206,0.0501187233627272,2163748132.89387,5.92016601745752,5.77667674028881,-19.4735804212553,,38848117447.2823,164032038.472248,40233240244.2378,25214621.721683,237074.723910338,27219275.8980059,1344439760.1436,12875881.2143597,1499001270.39992,-30.3736372574262,5.46224993404471,-0.865483555727743,0.648204504964704,-0.266607959709009,0.978916667337074,0.000126526922271436,0.927826218673009,1.46761413087097,0.0360589853408116,1856023704.81421,5.00741178513753,4.92615297279397,-19.5251993209989,,29397949276.9745,0,29573930496.9652,1394667.47130167,0,3344642.99785283,85460617.1461803,0,194486999.29178,-31.8308060186462,9.96089354849885,0.139960489837029,60.0753940635623,0.925620622908005,18.1307608953334,0.0511373085443452,2.48450391362783,2.75917021198024,0.0501187233627272,2400519293.80189,6.53308810981287,6.22911820835576,-19.4009536338626,,43157716582.1659,2316010052.17375,44526416476.2328,141095904.744884,3686524.78411418,143139651.994186,6767924335.59547,217540177.906691,6840489569.1701,-29.2751300941126,2.4316609080593,0.275139834167422,5.24524886766306,0.622618886623115,2.1758639659685,0.00663426464975162,0.750220311800902,0.587309299071095,0.0140597380219157,307724428.07966,0.912754232319996,0.850523767494838,0.0516188997435521,,9450168170.30787,164032038.472248,10659309747.2726,23819954.2503813,237074.723910338,23874632.9001531,1258979142.99742,12875881.2143597,1304514271.10814,1.45716876121995,2.06698270639484,0.73030421139735,54.1819406909346,0.5696096959939,14.9759802620278,0.0443765169723222,0.806457383153919,0.704246782038184,0,236771160.90802,0.612922092355345,0.452441468066946,0.0726267873927036,,4309599134.88356,2151978013.7015,4293176231.99501,115881283.023201,3449450.06020384,115920376.09618,5423484575.45187,204664296.692331,5341488298.77018,1.09850716331368,148827,34.3642243220332,-5.19771658103113,64.1959058119588
2.03942704308525,1.95538531332761,100,1,0.00316227766016838,1e-05,2.00200181763783,1.99999997450574,0.0501187233627272,2675304432.82624,2.03905401613235,2.0390706338011,-19.3810118385302,,1901107161.06248,0,1901107161.06248,4524562.84575183,0,4524562.84575183,204976777.217067,0,204976777.217067,-34.0869277743906,2.10334303812801,1.74087688119227,20.6772799272893,0.366775193393439,0.0166256361117975,0.000277613580054223,1.65512419480837,2.12789719460101,0.0501187233627272,2627477040.54419,2.06649356774308,2.06833219878129,-19.355200601355,,2400934950.13112,0,2400934950.13112,1838487.85715158,0,1838487.85715158,91780942.9273707,0,91780942.9273707,-36.0756932745895,2.01838158888224,1.21594999321075,3.71283754619673,-0.304929118176224,0.00451640702971532,4.25665524442013e-05,0.664151930515789,1.44526803028171,0.0398883256609602,2389554789.08491,1.97633806435648,1.97786912464632,-19.4249321509412,,2007148010.80297,0,2007148010.80297,72476.0972066829,0,72476.0972066829,3507373.91627104,0,3507373.91627104,-37.440036541035,2.28740507883717,2.20405884674916,77.1572999189526,0.962365755072398,0.0971474637381592,0.0018029524644934,2.45802296737204,2.90538846485014,0.0501187233627272,2810863488.4872,2.1731077853094,2.17585557712595,-19.2228860703409,,4370140882.28218,0,4370140882.28218,9544297.71998254,0,9544297.71998254,480296769.455207,0,480296769.455207,-35.0543845310262,0.0849614492457782,0.524926887981515,16.9644423810926,0.671704311569663,0.0121092290820822,0.000235047027610022,0.990972264292585,0.682629164319295,0.010230397701767,237922251.459281,0.0901555033866019,0.0904630741349652,0.0697315495861943,,393786939.328144,0,393786939.328144,1766011.75994489,0,1766011.75994489,88273569.0110997,0,88273569.0110997,1.36434326644546,0.184062040709155,0.463181965556892,56.4800199916633,0.595590561678959,0.0805218276263617,0.00152533888443918,0.802898772563667,0.777491270249126,0,183386447.943017,0.106614217566317,0.107523378344662,0.13231453101411,,1969205932.15106,0,1969205932.15106,7705809.86283097,0,7705809.86283097,388515826.527836,0,388515826.527836,1.02130874356327,76998,34.4736894165724,-5.26437494299025,70.3528034986539
19.6250764270879,-0.0596855029873698,0.300000081202552,0.999999355317121,17.0668083408849,0.723308418217719,1.51699602200786,1.68750052606057,0.000100000252272692,1877959938.2206,18.3401627604685,16.1399218208717,-19.3379609082078,,141166497773.395,74242685782.6144,215409183556.009,54442561.8599197,59855561.0818244,114298122.941744,2233222873906110,2455263006953070,4688485880859180,-17.7055891785329,21.7853981886142,-0.122887325628151,0.3,0.885666475332217,12.5096420617637,0.723403059508134,1.66580688394975,1.87026349002113,0.000248779249761957,1845556107.37431,19.590338069227,16.3638967126889,-19.3337675360348,,149806599423.969,74895936175.6693,225261884935.215,778.542197845426,510.024598516368,1809.82329984954,2168716388.5501,2131974460.93104,6173032684.7946,-20.0703234465567,17.3159083044365,-0.138986671003819,0.3,0.572304109010674,4.83954932163954,0.645640398250898,0.879168937446616,1.05129806280302,0.000105352454006548,1694186705.26991,15.0205826503703,13.0921325981661,-19.3780106777117,,113901037631.026,58437378641.9262,172641717161.037,25.9454789182298,20.5977500045798,132.325573043667,179461269.340714,127118294.69665,1489773669.41471,-21.2137346184724,39.0102906751877,-0.0832541359615975,0.316868609698969,1,29.7639443416699,0.827281385777745,2.49814391585679,2.71211799092984,0.00409183103903335,2017694270.352,28.4294744851656,20.4648213289956,-19.2903607473426,,219649450137.423,97997304972.6305,316802522145.356,1493480.37884798,3150317.72561618,11623611.4838521,10690199213.4768,5953935559.52843,13702942140.5122,-19.110589789075,4.46948988417769,0.016099345375668,0,0.313362366321542,7.67009274012413,0.0777626612572359,0.786637946503134,0.818965427218111,0.000143426795755409,151369402.104401,4.56975541885671,3.2717641145228,0.0442431416769544,,35905561792.9432,16458557533.7431,52620167774.1783,752.596718927196,489.426848511788,1677.49772680587,1989255119.20938,2004856166.23439,4683259015.37989,1.14341117191563,17.2248924865735,0.0396331896665531,0.016868609698969,0.114333524667783,17.2543022799063,0.103878326269611,0.832337031907044,0.841854500908708,0.0038430517892714,172138162.977691,8.8391364159386,4.10092461630673,0.0434067886921383,,69842850713.4533,23101368796.9612,91540637210.1405,1492701.83665013,3149807.70101767,11621801.6605522,8521482824.92674,3821961098.5974,7529909455.71763,0.959733657481735,27764,189.209526948069,62.1639598030993,37.7323897008004
10.2413565637754,0.808774022873369,0.300006733914052,0.373826355583623,12.5508200758904,1.0386188212581e-05,1.97866165430851,1.99927396674284,0.000100001922200457,4871453330.11731,3.77497313043768,4.06075582007068,-20.2430669531083,,28997594237.2897,0,28997594237.2897,64658500.7868983,0,64658500.7868983,2652141324554580,0,2652141324554580,-29.1376045183111,8.6462820090078,-0.535087811047552,6.46606096582856,0.124225323502342,7.28712147749448,0.0177522347751192,2.07930289504382,2.04149745001019,0.000856256335152618,3056774008.87413,6.7895486247539,6.59604671802609,-20.2429749648853,,47344501881.2446,1511496732.94973,49223363553.9491,18333.0573420635,413.688287166049,21605.816829954,1693802705.29538,15379748.3099109,1997047810.33785,-31.0317055395953,6.55959035961275,-1.41525227603771,0.640168458379855,-0.439233097162301,1.83924749348068,0.000456114573170853,1.11831348192835,1.11956365079085,0.000217760878382864,2677412436.90152,5.87559762715891,5.83188296926849,-20.2930121352278,,41068579983.4485,41978970.5969455,42477676324.2099,222.167875032655,0.403986754844179,371.22546067817,127302740.753006,371484.311024941,288893847.41741,-32.3132246624491,15.9784235263992,0.302761909408467,48.6853054552229,0.712581654557534,26.1197389032147,0.143602191634491,2.96553353526282,2.91062856382234,0.00340060669676729,3725824965.75154,8.46136514289859,8.078827176498,-20.1681687883796,,60624523569.3831,14331157626.0876,72791170456.7077,956236.739487217,16669.7824708365,1122486.62799382,3886738898.05844,302687416.550857,4046766014.32646,-30.2504908254908,2.08669164939505,0.880164464990154,5.82589250744871,0.563458420664643,5.44787398401379,0.0172961202019484,0.960989413115472,0.921933799219334,0.000638495456769754,379361571.97261,0.913950997594984,0.764163748757597,0.0500371703425167,,6275921897.79617,1469517762.35278,6745687229.73924,18110.8894670308,413.284300411205,21234.5913692758,1566499964.54238,15008263.9988859,1708153962.92044,1.28151912285385,7.33214151739136,0.837849720456019,42.2192444893943,0.588356331055192,18.8326174257203,0.125849956859372,0.886230640218998,0.869131113812155,0.00254435036161467,669050956.877414,1.6718165181447,1.48278045847191,0.0748061765056285,,13280021688.1385,12819660893.1379,23567806902.7586,937903.682145154,16256.0941836705,1100880.81116387,2192936192.76305,287307668.240946,2049718203.98861,0.781214714104433,93088,34.2585372393075,-5.25177082079435,59.7333259923188
16.0219897988815,-0.340767591525765,0.33757451312993,-0.0503599727271024,19.3709597836752,0.30159467940776,1.96045539553167,1.98915039287223,0.000209502214515221,1332281898.20163,8.70805755201389,7.4746967408693,-19.6918100647831,,65376919318.3969,22925398356.3115,88302317674.7084,138310936.276084,52654202.7139902,190965138.990074,573018595831193,218144986333947,791163582165140,-24.5768723695691,12.0911024760817,-0.334349797021276,0.325625113736517,0.0386052809043675,8.7679975607919,0.00153559836809191,2.00597998646335,1.94624012408589,0.0166672951272966,788653531.641251,6.01850784564989,4.95489128079154,-19.7218145834151,,41665111676.6568,87873302.0809898,41976037243.521,12388662.7126755,22210.4002075459,12555821.374436,2946632782.41263,6736549.84451186,3054446510.42714,-27.5956959792522,10.4207341240009,-0.375193056295149,0.3,-0.0986360003869035,3.2300816826241,4.97654135453762e-05,1.05015882578783,1.21498492269845,0.00106877983587769,702940213.169361,5.45990774411076,4.66819102255159,-19.7707753647398,,38399421737.3287,23818576.5318202,38563709177.0913,42659.1799109885,88.0889482705816,58518.3428782409,110873446.704869,164922.490545408,287307242.485031,-28.8174522913941,13.7138182619782,-0.270208830411807,0.406292415710111,0.188621091014591,25.5150444132455,0.187528620379463,2.80170700828851,2.78010979576795,0.0411352692918555,1090505578.04808,7.59053217325541,6.40030766992721,-19.6860418447026,,54376190721.6264,12203830755.3024,66706403624.5532,87995899.8451996,212814.671868689,88077102.417035,7871847358.46723,206230987.191744,7911380338.77826,-26.1845316312089,1.67036835208079,0.040843259273873,0.0256251137365173,0.137241281291271,5.5379158781678,0.00148583295454653,0.955821160675517,0.731255201387438,0.0155985152914189,85713318.4718901,0.558600101539124,0.286700258239946,0.0489607813247659,,3265689939.32809,64054725.5491696,3412328066.4297,12346003.5327645,22122.3112592753,12497303.0315577,2835759335.70777,6571627.35396645,2767139267.94211,1.22175631214188,1.62271578589654,0.0641409666094696,0.0806673019735938,0.150015810110224,16.7470468524536,0.185993022011372,0.795727021825162,0.833869671682061,0.0244679741645589,301852046.406824,1.57202432760552,1.44541638913567,0.0357727387125024,,12711079044.9697,12115957453.2214,24730366381.0322,75607237.1325241,190604.271661143,75521281.0425991,4925214576.05459,199494437.347233,4856933828.35112,1.41116434804326,965,214.793740189188,52.8147458942666,54.372320836673
18.9791280109709,0.2090839543442,0.300000006831284,0.421161612530155,2.15953083272558,0.683218159314759,1.98567423122028,1.99205813717971,0.0383389039405629,5672348001.88963,16.5163682879403,17.2044109956524,-18.9813943609258,,107131015835.699,59546821142.8844,166677836978.584,243666579.910198,137879383.977424,381545963.887622,14430597401.0081,8165592018.44792,22596189419.456,-15.8853865427432,20.3959998892581,-0.323098956635865,1.43223928036736,0.304998756780413,9.36741155008225,0.678403762864312,2.24143326114628,1.39734210369267,0.0245746416094907,6266940414.55855,16.898757385204,16.5012314783258,-19.0363680518473,,114593235467.692,60623666857.2169,175938301103.222,107075986.458046,7002331.43598187,141667049.767993,13870457714.1063,816116710.496498,16442202227.8949,-18.8350183230009,17.0732203111796,-0.627419470879653,0.324253951198548,-0.386996862386973,2.59576285762308,0.62148177001799,1.29308113477442,0.553312309795626,0.010441353070751,5703990755.41557,15.258353428077,15.1747780665396,-19.1356081912507,,102118189852.567,51146088567.8606,154475943478.789,8234623.61761583,540047.220599496,27908439.3479165,947838024.2196,58850061.7427859,3047838716.52138,-20.1322130042037,22.6994115556205,0.215263879339727,20.8580886559757,0.86175985953381,26.9803402877488,0.747437871274842,3.02280748064706,2.25097012431073,0.0478714830868251,6844132166.05701,18.4027786313996,18.0405276325747,-18.9533972996819,,123773465971.526,74306836787.6432,197167792356.02,319922099.894417,81367083.15649,362063905.704006,26202018362.0478,7331475354.76595,29432197671.0898,-17.5717162549143,3.3227795780785,0.304320514243788,1.10798532916881,0.691995619167386,6.77164869245917,0.0569219928463215,0.948352126371864,0.844029793897045,0.0141332885387397,562949659.142974,1.64040395712703,1.32645341178617,0.0992401394033884,,12475045615.1251,9477578289.35626,21462357624.4333,98841362.8404303,6462284.21538237,113758610.420076,12922619689.8867,757266648.753712,13394363511.3735,1.29719468120282,2.30341166636237,0.538362835975591,19.4258493756083,0.556761102753397,17.6129287376665,0.0690341084105302,0.781374219500778,0.853628020618058,0.0232968414773344,577191751.498468,1.50402124619556,1.53929615424896,0.0829707521654157,,9180230503.83423,13683169930.4263,21229491252.7983,212846113.436371,74364751.7205082,220396855.936013,12331560647.9415,6515358644.26945,12989995443.1948,1.26330206808658,5318,214.839926770355,52.8200732503257,35.144516556322
15.6770869806707,0.0360301976960831,0.300013581102519,-0.0539611865595805,10.6583703441921,0.755382535653942,1.8288851916131,1.91788401788594,0.0501186660210155,4098180951.45702,15.3093135676417,15.1906931387696,-18.5358467440464,,101894918126.339,48393228042.1869,150288146168.526,140932649.298196,90001161.439792,230933810.737988,6384694896.24735,4077337359.10356,10462032255.3509,-22.7772541146801,22.1903951209951,-0.57681929148751,10.2721074678617,0.183328972976173,9.08936432987721,1.03543786861426,1.55499429378358,1.7927306387366,0.000185733234305526,6299112946.6859,17.2609423203743,16.615881692332,-18.6711709376663,,128082777549.36,107408119726.94,235652130406.894,174.418113440126,256.472684023097,735.387557532853,1279339753.57642,2137202749.01397,5567734524.4947,-26.0749287513974,18.315299743721,-0.999245219836157,2.28202167254742,-0.408732090605366,3.66528846507845,0.958930135400107,0.586080069171697,0.759295470796339,0.000101205464518364,5684225900.8871,15.4303921841798,14.9094336868556,-18.7657408233395,,112851192835.573,93676488305.3436,206240888977.149,6.87086211562889,13.9417359691866,114.166715118247,74182063.8240045,78063643.3817016,1807302549.77851,-27.1907701622291,29.0830749263577,-0.302405553036811,65.6650069581334,0.837668006723583,26.4901251084406,1.09952232448831,2.49424501525224,2.65250457928333,0.00041351884245586,6801659559.39892,18.8700248437396,18.1634240715689,-18.5812763325011,,142806956359.622,119959036074.388,262371027757.784,4867.0007973085,4190.07537671569,13082.507989717,7694933932.35159,7477906442.08528,10981552567.8385,-25.0646489959477,3.87509537727402,0.422425928348647,7.99008579531425,0.592061063581539,5.42407586479876,0.0765077332141519,0.968914224611887,1.03343516794026,8.45277697871627e-05,614887045.798799,1.83055013619458,1.70644800547648,0.0945698856731418,,15231584713.7869,13731631421.5968,29411241429.7451,167.547251324497,242.53094805391,621.220842414606,1205157689.75242,2059139105.63227,3760431974.7162,1.11584141083171,6.89267980536268,0.274413738450699,55.3928994902717,0.65433903374741,17.4007607785634,0.0640844558740465,0.939250721468658,0.859773940546734,0.000227785608150334,502546612.713026,1.60908252336523,1.54754237923689,0.0898946051652416,,14724178810.2619,12550916347.4473,26718897350.89,4692.58268386838,3933.60269269259,12347.1204321841,6415594178.77516,5340703693.07132,5413818043.34384,1.01027975544966,2620,189.227698651308,62.2517682587616,50.5804328646819
18.9402090083361,-0.0446160312393356,0.300000012906567,0.999999820462133,1.45696432592035,0.454657197442366,1.85715787614457,1.93316578007206,0.00110261497181157,1980344668.59183,17.9937709577125,16.2565467820319,-20.0301896153191,,123315297011.88,58444230688.3887,181759527700.269,188108554.646468,113948644.328366,302057198.974835,4527843555739.32,2742786663142.92,7270630218882.24,-24.9795783336983,13.3091281880852,-0.144741824856126,0.378945952456331,0.482102231844226,5.21136354279769,0.267996891514809,1.98282430978475,1.89085181878212,0.00174621795395683,1903817767.69051,11.0328332156864,10.1259173817014,-20.0321853730479,,73445408962.2645,28008969992.784,102035944616.204,494163.29656964,3069.07994121823,681279.067156966,3532533035.13801,144413730.524729,4852881675.45932,-28.1343287534374,10.5277832121716,-0.205668083807541,0.3,0.0129098572992579,1.15659920138455,0.000491010774577883,1.26457817258257,1.15327472636039,0.000125531114760072,1469883026.64767,8.56546647794922,7.77401725288025,-20.081127716318,,56731710240.0864,95279585.1219733,57293085916.3302,230.156800986133,13.3639274066057,326.238783241186,426480798.118397,1691175.07207827,715420663.227142,-29.4949118263022,16.793627206696,-0.0153259479518457,0.49636522190886,0.928548514115464,22.1119509141374,0.49407594161407,2.79382731358499,2.75502848031171,0.0501187233627272,2835466192.53087,16.3914168579835,15.9623116291047,-19.9828316996635,,123163404416.224,66997577728.1631,191162998859.695,102115365.357699,653861.401912436,102644713.018847,9578773578.94792,2444094461.13638,11017623746.9353,-26.3744662572194,2.78134497591366,0.060926258951415,0.0789459524563307,0.469192374544968,4.05476434141314,0.267505880740231,0.718246137202187,0.737577092421729,0.00162068683919676,433934741.042843,2.46736673773715,2.35190012882115,0.0489423432700491,,16713698722.1781,27913690407.662,44742858699.8739,493933.139768654,3055.71601381163,680952.828373725,3106052237.01962,142722555.452651,4137461012.23217,1.36058307286482,3.48449901861081,0.12941587690428,0.117419269452529,0.446446282271238,16.9005873713397,0.226079050099262,0.811003003800238,0.864176661529594,0.0483725054087704,931648424.84036,5.35858364229714,5.83639424740332,0.049353673384438,,49717995453.9593,38988607735.3791,89127054243.491,101621202.06113,650792.321971218,101963433.95169,6046240543.80991,2299680730.61165,6164742071.47602,1.75986249621805,6964,189.176070205265,62.2563308799037,58.3699635736177
18.1128324033699,-0.00218473052616345,0.431742543772379,0.272621813849486,23.4106692861421,0.44908713766469,2.21407937775236,1.87526882668779,0.000111407936109687,4430951979.20868,17.6756922079125,17.3255362550905,-20.2909381193605,,135267057357.558,74663645443.0675,209930702800.625,523586098.851985,121038646.66461,644624745.516595,15365440632649900,3552065541195960,18917506173845900,-31.2390569394062,21.5871255473758,-0.807958649479847,10.7560676331925,0.218084354050477,10.0991278568811,0.324997171057492,2.10970971902463,1.66717460998216,0.000248463351892964,4469165451.77042,14.1619436177829,13.4275328808891,-20.2933294815213,,103392505777.436,46284370779.0507,150591959282.649,1383.41377350527,254.386511941098,1899.88540186604,4076212537.60358,467771950.796474,5034011543.08758,-34.3962626327164,17.2032207810435,-1.38336074759971,0.375106509021055,-0.363512492198088,2.58888731624009,0.156864203863412,1.26515794655287,0.868499204212661,0.00010061235672698,3370419599.764,11.3459756774887,10.7667990635372,-20.3574922407274,,79237149552.0921,17658565083.7,95038668773.7102,70.7890951820275,7.40663207975682,100.682973135353,425625601.720817,48487413.1797795,1056680917.23949,-35.5653421793016,27.5981875718525,-0.00199793457689079,75.7485933219083,0.825592736218589,28.5842339719465,0.441199476160425,3.08914263614665,2.50183757742763,0.00448002931461498,5608250862.71317,17.3206028810223,16.75527848126,-20.1721846955833,,129395676569.05,72443931847.5976,201800286866.641,1171001.10951306,241917.406622391,2540312.39296505,10128793370.6366,2873474982.1049,11812974763.9543,-33.1249975480658,4.38390476633224,0.575402098119865,10.3809611241715,0.581596846248566,7.51024054064098,0.168132967194079,0.844551772471761,0.7986754057695,0.000147850995165983,1098745852.00642,2.81596794029422,2.66073381735196,0.0641627592061056,,24155356225.3435,28625805695.3507,55553290508.939,1312.62467832324,246.979879861341,1799.20242873068,3650586935.88276,419284537.616694,3977330625.84808,1.16907954658527,6.01106202447674,0.805960714902956,64.9925256887157,0.607508382168112,18.4851061150654,0.116202305102933,0.979432917122021,0.834662967445474,0.00423156596272201,1139085410.94275,3.15865926323931,3.3277456003709,0.121144785938032,,26003170791.6147,26159561068.5469,51208327583.9921,1169617.69573956,241663.02011045,2538412.50756318,6052580833.03307,2405703031.30842,6778963220.86669,1.27126508465061,6576,214.978146284417,52.8795210050113,68.1118294864879
6551.89813066675,-1.99992435100404,0.39374881049276,-0.215604413320497,0.805033403326958,0.00566932313669233,1.97703287130239,1.9997668626908,0.0501185983646112,3397304502.05356,23.6738264729799,19.2370860873803,-21.2239578201444,,135253133561.414,0,135253133561.414,300189513.440744,0,300189513.440744,13599553057.5037,0,13599553057.5037,-18.7566241875684,6629.30903914287,-2,0.401036780162588,-0.214660841163429,1.53146465842626,0.00215823631998592,1.79163684533683,1.9632787480374,0.0499421671172254,3866845732.61463,26.2679930683278,21.390286184415,-21.2215510384987,,170470646999.103,237120594.283234,172656498956.265,169421672.109772,89721.7147719571,170398917.886887,8412472668.73893,5099218.75909956,8518172427.27003,-21.6682349874354,5236.96871262096,-2,0.389956038379738,-0.219399586569086,0.834552905851141,6.24306723914321e-05,0.901457741234221,1.04478064339675,0.0372242191842241,3418047803.35283,23.8338399544016,19.3994149476671,-21.2632005570388,,137115340108.604,0,137614819902.806,6779965.05961188,0,11833213.9721697,375913131.633596,0,563811825.266085,-22.9823381807562,7722.57808111432,-1.98096870578258,0.410969666974056,-0.210920100133439,17.3127434273496,0.018172880487962,2.70023774942269,2.96019148800608,0.0501187233627272,4286715616.12819,29.3887871101339,23.9220756191011,-21.1755361715656,,196934276704.81,2535541940.59551,199137505573.959,693916842.557259,5227753.47147512,695050798.35769,34766527843.3236,282956234.684299,34814701990.2511,-20.2132727732599,1392.34032652191,0,0.0110807417828501,0.00473874540565686,0.696911752575117,0.00209580564759449,0.890179104102608,0.918498104640647,0.0127179479330012,448797929.261802,2.43415311392619,1.99087123674783,0.041649518540094,,33355306890.4988,237120594.283234,35041679053.4595,162641707.05016,89721.7147719571,158565703.914717,8036559537.10533,5099218.75909956,7954360602.00394,1.31410319332079,1093.26904197146,0.0190312942174207,0.0099328868114682,0.00374074102998992,15.7812787689234,0.016014644167976,0.90860090408586,0.996912739968685,0.000176556245501856,419869883.513564,3.12079404180609,2.53178943468617,0.0460148669331097,,26463629705.7066,2298421346.31227,26481006617.6935,524495170.447488,5138031.75670316,524651880.470803,26354055174.5847,277857015.925199,26296529562.9811,1.45496221417552,9801,214.86168189589,52.8184405233584,42.6492974713343
146.243750729066,-0.101521571454101,0.3,1,5.54802426432722,1.57883721322862,2.07628444663682,2.04719664170862,0.0501187233627272,9950106877.38416,123.649036684693,97.2727281690396,-18.843739994555,,874704040408.283,491257661837.279,1365961702245.56,2520902780.34595,1317344535.32271,3838247315.66865,114204740923.87,59679806986.9873,173884547910.857,-11.4677180941776,85.1676131226425,-0.00926661751719921,0.3,0.828122024976858,14.3807310160621,1.56285492266155,2.16085308761063,2.09325621718528,0.000343729417815899,14141062574.9998,82.6593366654075,80.6184606039253,-18.8487220744543,,604739732275.278,475274304145.377,1093471367332.78,11528.2560405117,7637.4723022109,29667.8078884784,20048016662.6586,14142764033.4284,37791295733.8746,-13.8093321670948,57.5942540758998,-0.101020322711799,0.3,0.415169630700769,5.92461353444124,1.43254125099144,1.28762593476457,1.19599026956051,0.000113131214851727,11784097831.2009,55.5501410453369,56.1000363130036,-18.9584525749188,,414394187808.99,352312568478.438,770497118192.534,500.238071614449,289.076564916985,1244.10713407261,2611370882.37553,1324688548.57646,15419247703.7146,-15.0133380470347,176.058719669554,0.0668486045859808,0.380365633431079,1,30.8929117973294,1.72371489746706,2.90960985242779,2.95704882631412,0.00179161430657304,15674663375.7199,148.591899845259,122.582243080852,-18.7512032364449,,1081509721069.28,687262927844.455,1775637868517.3,3473921.36826206,3422916.78022701,7126532.06581343,88222367718.3644,44725541002.7569,121998126843.853,-12.8793089355935,27.5733590467428,0.0917537051945993,0,0.412952394276089,8.45611748162082,0.130313671670108,0.873227152846055,0.897265947624779,0.000230598202964172,2356964743.79887,27.1091956200706,24.5184242909217,0.109730500464533,,190345544466.287,122961735666.94,322974249140.248,11028.0179688972,7348.39573729391,28423.7007544058,17436645780.2831,12818075484.852,22372048030.1599,1.20400587993999,90.8911065469117,0.07611522210318,0.0803656334310789,0.171877975023142,16.5121807812673,0.160859974805511,0.748756764817169,0.863792609128833,0.00144788488875714,1533600800.72011,65.9325631798512,41.9637824769265,0.0975188380094067,,476769988794.005,211988623699.078,682166501184.513,3462393.11222155,3415279.3079248,7096864.25792495,68174351055.7058,30582776969.3285,84206831109.9783,0.930023231501204,4234,214.929218447638,52.8850504244693,26.3495423274345
18.6517672105701,2.26729030606277,99.9999965825202,-0.455858116897483,5.38316743358279,1.53527543982432,2.07272306127473,2.06250001131171,0.0501187228223781,25601621359.6196,18.6468954338744,18.6470883949088,-16.3771990140923,,123815023029.309,103538804699.339,227353827728.648,353768158.411878,288507149.592802,642275308.00468,16026798664.7974,13070271843.1065,29097070507.9039,-23.7399088999553,23.0275382418315,1.47653827944426,9.44149181359536,0.310441437952126,11.4403136180708,1.68169486025176,1.66570297149732,1.74664230351516,0.0501187233627272,25403192089.5667,20.9410970726709,21.0335023675179,-16.2455524650087,,139173536961.416,125506567904.195,265162735215.601,104066742.525039,112290874.639136,392859376.090316,5304131134.23376,5699363821.0133,20433309124.3761,-26.3872389212658,19.4949818806258,0.661822486635169,1.431158755682,-0.402246700780158,5.90374582399711,1.54892099392831,0.874616892385223,0.787509535725084,0.0377005601489208,22942289276.111,18.5410566776991,18.5948440167576,-16.4073511237231,,123414087143.129,106956949207.579,230829714409.379,5701634.2199242,4276735.53121927,127878865.13157,278104426.739651,212885091.380265,6745803937.57281,-27.8297165222329,29.7446919454929,2.20192523401508,50.8310120201739,0.883648835685418,29.1227694689081,1.80421005805214,2.59500103693842,2.70990222580484,0.0501187233627272,28028194595.307,26.0854523156572,26.1022074581872,-16.073271489673,,173646300884.088,146862373130.308,319765883828.212,541020442.557385,504578980.976538,792405418.68022,29063760197.6236,26551099339.5199,39067898448.3205,-25.2617641196485,3.53255636120569,0.814715792809092,8.01033305791336,0.712688138732284,5.53656779407366,0.132773866323449,0.791086079112094,0.95913276779008,0.0124181632138064,2460902813.4557,2.40004039497182,2.43865835076031,0.161798658714357,,15759449818.2871,18549618696.6166,34333020806.2218,98365108.3051148,108014139.107916,264980510.958747,5026026707.49411,5486478729.63303,13687505186.8033,1.44247760096718,6.71715370366137,0.725386954570817,41.3895202065785,0.573207397733293,17.6824558508373,0.122515197800385,0.929298065441102,0.963259922289675,0,2625002505.74026,5.14435524298624,5.06870509066928,0.172280975335706,,34472763922.6725,21355805226.1132,54603148612.6111,436953700.032346,392288106.337402,399546042.589904,23759629063.3898,20851735518.5066,18634589323.9444,1.12547480161725,140605,150.077157477132,2.38035559878489,55.1663311942961
2.8133750026025,-0.289833677519088,1.16156574096498,1,0.608768500931816,1.00000000839441e-05,1.98255408254653,2.00000337936174,0.0109856082633599,699511144.833781,2.46827814153816,2.37584690026657,-19.2319580416828,,14073171973.9076,0,14073171973.9076,31728589.1531875,0,31728589.1531875,6557747467.59415,0,6557747467.59415,-15.6332288315115,2.34908334572823,-0.0719388614975935,1.53072709007045,0.253086041432479,0.747796067350719,0.000433080619493064,1.88627491675955,2.27985654137098,0.000779956144533644,1144208939.0791,2.17517822994712,2.11041606430909,-19.2526896144831,,13826104264.4578,0,13841764879.1035,2782.47208321556,0,2782.47208321556,445012310.137642,0,447989971.820322,-19.2026034367678,1.92892618537866,-0.400469405312897,1.13148489808079,-0.343839955037468,0.45411178418028,2.78334199325123e-05,1.20854505733909,1.30909644640618,1e-04,751068698.434038,1.87435970086999,1.87379281941829,-19.3040374158623,,10734343214.6445,0,10741448873.9533,5.43137081517031,0,6.72547905687932,46938492.0400418,0,57119879.5219045,-20.2612780226522,2.80828717161327,0.780699552144689,23.6040001990578,0.88554390442829,10.5899203698119,0.0150659034910807,3.03265508346957,3.0178801640373,0.0103005428059981,1541862830.36371,2.42190128466801,2.37473424021984,-19.1938227853301,,16552954376.312,167148457.794672,16808559551.4369,7901035.69443195,1.12497200474301,7901035.69443195,1994688790.67403,4912815.87426805,1994688790.67403,-18.0048527249645,0.420157160349574,0.328530543815304,0.399242191989653,0.596925996469947,0.293684283170439,0.000405247199560552,0.677729859420452,0.970760094964799,0.000679956144533644,393140240.645058,0.300818529077138,0.236623244890799,0.0513478013792863,,3091761049.81329,0,3100316005.15019,2777.04071240039,0,2775.74660415868,398073818.0976,0,390870092.298417,1.05867458588441,0.459203825885037,0.852638413642282,22.0732731089874,0.632457862995811,9.84212430246115,0.0146328228715876,1.14638016671002,0.738023622666324,0.00952058666146445,397653891.284616,0.246723054720889,0.264318175910758,0.058866829152926,,2726850111.85418,167148457.794672,2966794672.33343,7898253.22234873,1.12497200474301,7898253.22234873,1549676480.53639,4912815.87426805,1546698818.85371,1.19775071180334,130533,150.078308861471,2.36475144654217,44.5980972195005
53.3132298660287,-0.0731733566159203,0.3,1,17.8727228009628,1.18330492525382,1.83660033549082,1.90609661820402,0.00549786466111468,4646535274.62395,48.7708512645068,41.6801979011138,-18.9887705253167,,344731215341.863,200658221475.824,545389436817.687,489892834.782565,359570640.432576,849463475.215141,202318258645.22,148497182786.015,350815441431.234,-13.0176865594007,43.517354860631,-0.0629903159002546,0.3,0.779863086470134,12.2888088023089,1.15930127902943,2.12988521623679,2.16917886191415,0.0026424457639209,4815940710.93507,40.8426522563638,37.2864492307737,-18.9954545329517,,288717438279.916,189284172051.327,478142699480.4,2257875.20587068,1215591.96626601,6230867.50840733,13383549897.1882,8898174996.72088,21641455406.6683,-15.1685850922656,35.6262494597331,-0.0871321610015949,0.3,0.58774230659924,4.49975617368355,1.08249023765323,1.18642889991463,1.24956950463784,0.000718916563022582,4412191404.80752,33.7769394223089,31.6061817545326,-19.0286139448518,,238329872460.445,156629257084.555,397075801815.002,43815.962746438,46159.2402962135,143955.242854868,785925742.459967,636306126.46902,8334249097.92761,-16.5824592127288,53.375243953316,-0.0380177231227881,0.339287909310657,1,29.3782772749408,1.22693726153052,2.85545892408225,2.93964156941313,0.00563971351138498,5704842646.56294,47.9652303722918,41.8574219062809,-18.9435484472925,,342823166249.576,214181880677.468,553382327537.609,71628503.0058671,27274979.28917,115399231.844346,31714976212.0959,17993729938.9628,49995181356.4553,-14.2716318562241,7.89110540089792,0.0241418451013403,0,0.192120779870894,7.78905262862537,0.0768110413761995,0.943456316322155,0.919609357276314,0.00192352920089832,403749306.127551,7.06571283405491,5.68026747624112,0.0331594119001046,,50387565819.4707,32654914966.7714,81066897665.398,2214059.24312424,1169432.7259698,6086912.26555247,12597624154.7282,8261868870.25186,13307206308.7407,1.41387412046319,9.85788909268496,0.0249725927774666,0.0392879093106568,0.220136913529866,17.0894684726319,0.0676359825010899,0.725573707845462,0.770462707498985,0.00299726774746408,888901935.627866,7.12257811592803,4.57097267550723,0.0519060856591942,,54105727969.66,24897708626.1408,75239628057.2092,69370627.7999964,26059387.322904,109168364.335939,18331426314.9078,9095554942.2419,28353725949.7869,0.896953236041453,3405,214.867871050576,52.8508748237664,28.7888940065044
35.7654363151337,-0.196764965336423,0.828557760724366,0.684980907537685,0.86583872076034,0.0688561299120062,1.92222088538925,1.99339132951752,0.0436317910357914,8307145178.09303,32.2007508267464,30.897539008958,-21.4091154035234,,184719651942.168,16855829053.5974,201575480995.765,348211459.27641,39174311.0809186,387385770.357328,18120411428.6815,2038573445.27516,20158984873.9567,-19.0226042102014,29.9009480989593,0.119075575555022,0.3310806122257,0.627692810071859,1.07862092433606,0.00716846677120467,1.76184522192807,2.08337524807106,0.0418832128452852,8309686415.35788,28.5334041255287,28.6270283912767,-21.4335264199805,,176554768455.728,720346123.141144,181750565963.536,140591537.998927,592129.750183944,176473327.73662,8680129508.23326,42105911.1830049,10746051131.9724,-21.5041133931532,28.0773006246465,-0.0350833352464785,0.3,0.114870688066061,0.750461627720858,0.000117066921798964,1.00377633969704,1.47900778348213,0.0254776425938735,7568930730.06732,26.0430356244257,26.426753575689,-21.4915254426229,,149670911301.285,0,152943678801.985,7789620.32974486,0,18416755.1514873,486325130.779328,0,1198317923.8835,-23.0149407909158,33.7240523349861,0.20311917957634,0.559330512167662,0.996676682080033,3.49472273248244,0.0686231727125723,2.55417953318089,2.87686627224857,0.0501187233627272,9153839474.47095,31.8479361986226,31.7831964119309,-21.3813273328913,,197342720521.856,16814437216.1363,207673825560.172,507507650.270137,41367521.2686736,515683562.20398,32437603952.1257,2143651147.58384,32711503601.8216,-20.2492663579681,1.82364747431277,0.1541589108015,0.0310806122257004,0.512822122005798,0.328159296615203,0.0070513998494057,0.758068882231031,0.60436746458893,0.0164055702514117,740755685.290566,2.49036850110299,2.20027481558769,0.0579990226424627,,26883857154.4435,720346123.141144,28806887161.5507,132801917.669182,592129.750183944,158056572.585133,8193804377.45393,42105911.1830049,9547733208.08893,1.51082739776257,3.82310423602677,0.0840436040213183,0.228249899941962,0.368983872008173,2.41610180814638,0.0614547059413676,0.792334311252823,0.793491024177509,0.00823551051744199,844153059.113066,3.31453207309394,3.15616802065424,0.0521990870891251,,20787952066.1276,16094091092.9951,25923259596.6365,366916112.27121,40775391.5184897,339210234.46736,23757474443.8924,2101545236.40084,21965452469.8491,1.25484703518507,8507,189.233047870637,62.2367850381644,45.5170725027448
18.6804530216911,1.55432016927219,99.999941333851,0.392639577361743,6.35701901370025,1.64706624251556,2.01087101126223,2.00879792074182,0.0501187233627272,18792129382.3243,18.6782382339802,18.6783635326255,-16.1031599412864,,124166147341.856,100497824689.025,224663972030.881,302728581.736471,243652448.418663,546381030.155134,13714546834.9715,11038214152.5114,24752760987.4829,-13.9174234461619,22.4736790045095,1.23907058133814,19.6030046587295,0.265014015271366,15.0180616709447,1.83037905494818,2.31155805221438,1.94841827817108,0.0274187858906804,20007409751.1809,21.6184633001128,21.6206080559897,-16.0514578811253,,146749953404.664,136324164506.541,278438080134.524,111341628.471454,54668242.7615652,233013250.368673,15632127943.8081,8452372475.19225,26777609590.4771,-15.9069163806802,19.2345755150781,0.727782968408078,4.15142630079258,-0.326751613303556,6.95630732763488,1.72858517914417,1.46703661514187,1.05490539625856,0.00463237649731438,17537754086.1916,18.5915372249132,18.6166884096419,-16.2861664819368,,124358256141.072,112595366902.161,243400129334.387,8275463.30981985,2742507.9924753,38728251.4018922,2629563715.91158,431511426.164106,9485744024.444,-17.2435008779084,28.0144054932296,1.64214821839342,80.7510957739885,0.833561754319847,31.6227766016838,2.0387817649559,3.20355406704095,2.77954350848393,0.0501187233627272,23061862239.6299,26.9653907182215,26.9935738408898,-15.8775965799183,,186392040108.013,185013691899.34,381180388038.38,471064383.612413,331590215.748485,695417870.867115,34304887106.539,26892873866.9002,54309735303.8998,-14.8862017147775,3.2391034894315,0.511287612930058,15.4515783579369,0.591765628574922,8.06175434330985,0.101793875804009,0.844521437072515,0.893512881912519,0.022786409393366,2469655664.98928,3.02692607519965,3.00391964634784,0.234708600811491,,22391697263.5926,23728797604.3809,35037950800.1368,103066165.161634,51925734.7690899,194284998.966781,13002564227.8965,8020861049.02814,17291865566.0331,1.33658449722818,5.54072648872008,0.403077637055286,61.148091115259,0.568547739048481,16.6047149307391,0.208402710007713,0.891996014826574,0.831125230312853,0.0226999374720468,3054452488.44906,5.34692741810863,5.37296578490009,0.173861301206957,,39642086703.3484,48689527392.7985,102742307903.856,359722755.140959,276921972.98692,462404620.498441,18672759162.7308,18440501391.7079,27532125713.4227,1.02071466590266,11701,34.405870226589,-5.3129642442951,29.7445635740604
252.500320882728,-0.20112592824227,0.3,1,20.003040146608,1.19466231814809,1.3504160327432,1.59542227283161,0.00217262968597535,4389045302.87297,99.8900165156367,50.6177832181411,-19.3894696706569,,778130904416.083,281454826543.938,1059585730960.02,140114408.727962,153745437.663499,293859846.391462,411930558135.246,452005218609.853,863935776745.099,-13.6802390629363,323.155443470971,-0.214567154825634,0.3,1,16.1056846512302,1.20639700842996,1.39638605036043,1.77315139094805,0.00241032663459209,4478171202.58526,107.734806268846,51.742864849636,-19.3844061329841,,840424860984.641,290897113993.291,1139397653167.5,1387404.34313536,1449639.33051844,4371163.60638092,6439391859.57509,9066153328.96563,24267761107.0309,-15.4661012808426,266.829782793798,-0.220028083611995,0.3,0.942871910605592,6.97347156981642,1.15418203944157,0.804021832057969,0.98961928608547,0.000216065892021363,4088821329.43326,95.8857941376211,47.5563938691147,-19.4451968894387,,746900566937.358,263609719071.75,1014925511907.4,2511.58504213387,860.741785804443,6106.71336680573,919496263.525127,521380410.551961,6169202735.44419,-16.973438962384,398.64274285336,-0.212921351946843,0.303802177691099,1,31.6227766016838,1.2964587225655,2.06534582915575,2.76295848787008,0.0175742926151085,5110208927.89152,123.973600705386,59.2224250429205,-19.2768666037941,,968454739849.079,337339891311.61,1301547540381.58,103857141.938847,121735985.966907,323622543.260093,44422177645.3701,28381995808.786,65881903844.3027,-14.4888617792496,56.3256606771728,0.00546092878636095,0,0.0571280893944077,9.1322130814138,0.0522149689883886,0.592364218302461,0.783532104862579,0.00219426074257073,389349873.151998,11.8490121312246,4.18647098052128,0.0607907564546011,,93524294047.2838,27287394921.541,124472141260.1,1384892.75809322,1448778.58873263,4365056.89301411,5519895596.04996,8544772918.41367,18098558371.5867,1.50733768154136,75.4872993823889,0.00164580287879093,0.00380217769109931,0,15.5170919504536,0.0900617141355367,0.668959778795317,0.989807096922026,0.0151639659805164,632037725.306255,16.2387944365408,7.4795601932845,0.107539529190021,,128029878864.438,46442777318.3195,162149887214.082,102469737.595712,120286346.636388,319251379.653712,37982785785.795,19315842479.8204,41614142737.2718,0.977239501593015,27685,34.3651023349215,-5.300122806878,28.8587225560832
15.8503936917567,0.0710782458824812,0.300000310644326,0.158379117292784,1.34204514540595,0.41666824752687,1.97729984635761,1.9917457009829,0.0501187233627272,3717935537.27297,15.3259833821836,15.4458878200154,-19.5705883438211,,95190028745.9856,38131934747.5924,133321963493.578,211431826.57491,88216875.0057959,299648701.580706,9578519713.37609,3996498966.04413,13575018679.4202,-25.5020173562649,14.3441140266316,-0.096616127188642,9.59466680339703,0.435633816349693,4.84916983978027,0.26676456578778,1.73589760361039,2.15613195279037,0.0469752350312962,3983917341.74271,13.064370246297,12.748104045628,-19.6992935500767,,85116913367.4939,22172051341.0906,107809245285.33,60988487.209071,44409871.2953853,131113996.795361,3797167033.83514,2452840976.8783,7412023935.69934,-28.8493047395984,12.2840251597313,-0.35318564764843,0.543909232509518,-0.219109888497782,1.62123011157544,0.177646850008779,0.785232831122078,1.54255988211537,0.0325572718115037,3435337325.77759,11.5167273012139,11.1609117902994,-19.8127934725201,,74699411754.5993,14109231658.5527,90127667749.4424,2923837.11008046,7468004.81007909,46110851.7342476,151316739.810546,421821197.960859,2488044672.06623,-30.1132295013519,17.1378022753855,0.153439921818801,71.7468280186988,0.93573146124279,19.3273921036151,0.379614397725219,2.44913637936406,2.84715341659845,0.0501187233627272,4701217170.18256,14.7983955055792,14.5233310768598,-19.5811743784005,,99120330182.7495,34251016886.1621,132835911500.849,259588502.96721,99621932.9508669,312457159.076435,14531913228.7871,5487177791.09962,17612708807.5018,-27.5617329461642,2.06008886690025,0.256569520459788,9.05075757088751,0.654743704847476,3.22793972820482,0.0891177157790004,0.950664772488311,0.613572070675005,0.0144179632197925,548580015.965119,1.54764294508307,1.58719225532856,0.113499922443431,,10417501612.8945,8062819682.53791,17681577535.8876,58064650.0989905,36941866.4853062,85003145.061113,3645850294.02459,2031019778.91744,4923979263.63311,1.2639247617535,2.79368824875393,0.250056049007443,62.1521612153018,0.500097644893096,14.4782222638348,0.112849831937439,0.713238775753668,0.691021463808076,0.00314348833143103,717299828.439854,1.73402525928223,1.77522703123183,0.11811917167616,,14003416815.2556,12078965545.0715,25026666215.5187,198600015.758139,55212061.6554816,181343162.281075,10734746194.952,3034336814.22132,10200684871.8024,1.28757179343423,78529,150.081606355261,2.29374216877298,59.4421022482179
118.382781930019,1.09403470615805,3.25580221444712,0.916849143029697,30.8732354539809,3.83525368166722,2.00050241974597,2.00101790144041,0.00624072024069285,145925966302.168,114.810413748724,115.015422777641,-12.9539292498702,,810259342123.106,1111775918427.89,1922035260550.99,1920469533.74072,2638853981.76544,4559323515.50616,698716088193.553,960082781350.732,1658798869544.29,-12.6893860994222,119.050581107,1.57997609646366,9.19900842067055,0.720173824515722,19.6980611811756,3.87462388699933,2.03415453376716,2.29949456955776,0.00440278449468989,151376076798.608,112.488844020234,112.744137529415,-12.9606956660263,,793895095042.947,1141658283212.97,1932397749820.8,21033574.6670261,73326962.2246426,139811811.79868,35679809786.5054,72977097414.798,115265039677.709,-14.9021456483379,95.2469107219832,0.987771916135722,0.598665603232361,-0.0847538605399403,11.6933032349139,3.67468970836038,1.07989574378296,1.65494185849131,0.00204104249239674,135625856484.33,94.3200187006681,94.3569235422422,-13.1374827974266,,655546855129.636,938020804161.545,1605548903218.35,2891298.20237445,9250988.29113834,18759317.703627,2293025718.52157,23070597775.5283,52868307381.7537,-16.1649557289496,147.103275320766,2.41429114655715,55.4499918588658,1,31.6227766016838,3.94487039553349,2.82387871369592,2.99547073256441,0.00951572750319303,170139522698.219,131.628500017481,131.64598947613,-12.8289678670464,,927961010321.925,1284591298867.83,2203263754429.09,233749260.98959,552162913.103344,832652633.203156,80952911636.0392,164973386315.51,225662083512.188,-13.8598861030702,23.8036703850165,0.592204180327934,8.60034281743819,0.804927685055662,8.00475794626168,0.199934178638953,0.954258789984205,0.644552711066446,0.00236174200229316,15750220314.278,18.1688253195657,18.3872139871723,0.176787131400328,,138348239913.311,203637479051.428,326848846602.45,18142276.4646516,64075973.9335043,121052494.095053,33386784067.9838,49906499639.2697,62396732295.9552,1.26281008061173,28.0526942137665,0.83431505009349,46.2509834381953,0.279826175484278,11.9247154205082,0.0702465085341602,0.789724179928755,0.69597616300665,0.00511294300850314,18763445899.6108,19.1396559972476,18.9018519467158,0.131727798979867,,134065915278.978,142933015654.859,270866004608.289,212715686.322564,478835950.878701,692840821.404475,45273101849.5338,91996288900.7124,110397043834.479,1.04225954526773,146132,150.129273932131,2.36955695633955,27.1799367024349
3.86264741782249,-0.187312757973244,0.375984831675187,0.112532871537746,1.2696498906486,0.286165126113738,1.9993328421247,2.00080279776391,0.00305642076649758,598499886.111338,3.19606114557641,2.91985910981719,-18.6009990263988,,21442641798.9314,7947228491.33631,29389870290.2677,50659983.1361246,18851996.1689054,69511979.30503,51701270075.6776,19239488153.3073,70940758228.985,-12.6898615464388,2.46953800687279,0.0160506613023329,0.354704620455902,0.361258803547422,4.99119711906888,0.159675790352643,1.96483725179154,1.48286920286193,0.00777708298943105,538192625.289462,2.33376776340206,2.29943307481694,-18.6136232888736,,15408217061.6328,3710120557.71427,18964945114.9354,1150509.2792467,57080.441407428,1876559.47927248,804334784.957232,39755342.7460255,1086185869.92826,-15.7064160885961,2.11421710358099,-0.146523111127463,0.3,-0.0411671451957533,0.876690778028456,0.0831462116156584,1.02528304951772,0.541778288109203,0.00262660726027629,489358662.81679,2.02184729580683,2.03225485642367,-18.6581831354951,,13449643177.7442,1824765140.55412,15444037721.6586,103493.76087397,7974.74580582673,199308.827913563,40996774.3372118,2175735.16571112,152038871.164326,-16.9673458231811,3.43931255066146,0.101036395944757,0.411460088326625,0.917162990176517,22.7511350681934,0.243168692072299,2.91046790876225,2.53633960188078,0.0165588644736369,654483855.795746,2.84189435190426,2.64547966900326,-18.5557263293947,,20033299844.2642,6529201840.50316,26374886016.9829,8896721.54576753,886982.737481774,10262363.1753163,2096046305.53967,401934800.725612,2431313173.75718,-14.5642231887983,0.355320903291797,0.162573772429796,0.0547046204559021,0.402425948743175,4.11450634104043,0.0765295787369849,0.939554202273818,0.941090914752728,0.00515047572915475,48833962.4726725,0.311920467595223,0.267178218393266,0.0445598466215387,,1958573883.88862,1885355417.16015,3520907393.27681,1047015.51837273,49105.6956016013,1677250.65135892,763338010.62002,37579607.5803144,934146998.763937,1.26092973458497,0.969774543788673,0.0849857346424246,0.0567554678707227,0.555904186629095,17.7599379491245,0.0834929017196559,0.945630656970708,1.05347039901885,0.00878178148420585,116291230.506283,0.508126588502203,0.346046594186323,0.0578969594789136,,4625082782.6314,2819081282.78889,7409940902.04749,7746212.26652083,829902.296074346,8385803.69604383,1291711520.58244,362179457.979586,1345127303.82891,1.14219289979786,159133,150.096406580984,2.39511118818305,29.6070039728774
1.01113623410339,2.37958452553762,3.84339903820697,0.660491937561651,0.383383947746454,0.000962359174911476,2.00016437706313,1.99984270908043,0.0143473493884627,1858178946.20324,0.925741102876959,0.927767284938066,-18.2264635418408,,4251768116.50048,0,4251768116.50048,10068147.0012861,0,10068147.0012861,1593330645.03989,0,1593330645.03989,-12.6893853927746,1.01087791315401,2.97576063949564,7.58538832590485,0.617969205547816,0.450062766431986,0.00137189719705085,2.15151541521229,2.17343158089031,0.0128954545372154,1940461174.39997,0.929877680986258,0.930763500606654,-18.1644359252715,,4592015601.6584,0,4646612652.75071,2453989.71027538,0,2581627.91525423,480290328.40718,0,502858073.993794,-15.326830134596,0.924609351480946,1.89695049969772,1.86168973707118,-0.117002610613874,0.294901438725833,6.63235063569703e-05,1.17770921704737,0.933950380911433,0.00903497112134125,1812976508.69109,0.867280000584071,0.868551526807282,-18.2715906065698,,3671146845.58701,0,3676602495.38269,134545.181757686,0,159880.694388535,22649961.7874103,0,28334675.3421734,-16.7931175518977,1.12110282718732,3.6718295795264,57.7102436155244,0.942522799841485,0.728099134674474,0.0180609110059359,2.92899505402982,3.34359452630884,0.0180443210453491,2062413899.90247,1.03008795757782,1.03066248289561,-18.0786839903847,,5666148320.87076,72617474.6158977,5782284749.75614,6165719.42148011,13653.3510443953,6373173.49167695,1143688628.84846,3359670.39661443,1160741854.54363,-14.1101798859112,0.0862685616730643,1.07881013979792,5.72369858883367,0.73497181616169,0.155161327706153,0.00130557369069388,0.973806198164917,1.23948119997888,0.00386048341587417,127484665.70888,0.0625976804021877,0.0622119737993717,0.107154681298319,,920868756.071391,0,970010157.368024,2319444.52851769,0,2421747.22086569,457640366.619769,0,474523398.65162,1.46628741730175,0.110224914033311,0.696068940030757,50.1248552896196,0.324553594293669,0.278036368242488,0.016689013808885,0.777479638817533,1.17016294541853,0.00514886650813368,121952725.502501,0.100210276591564,0.0998989822889581,0.0857519348867157,,1074132719.21236,72617474.6158977,1135672097.00543,3711729.71120473,13653.3510443953,3791545.57642272,663398300.441276,3359670.39661443,657883780.549831,1.21665024868477,8112,214.885562634603,52.8350530078307,32.6261557829133
3301.59937271127,-1.17541957038121,1.02117417503048,0.202215475875009,29.972462680616,4.87497390900784,1.32067530139777,1.47588739300518,0.0501090389370846,207094543971.971,932.503820027402,836.575789277167,-11.813087572584,,6230142940645.09,3994174265960.82,10224317206605.9,979509245.191293,1278338183.63366,2257847428.82496,44383393200.2393,57923890484.5786,102307283684.818,-13.0588130360868,3844.06131449129,-1.06512999187285,1.02753659440279,0.346704371421467,24.9550568698572,5.0111516197623,1.70670547576494,1.44509292363396,0.049956498530502,183083683827.816,994.19812700998,870.299883145762,-11.5448880426205,,6646840556808.97,4205551204737.38,10847058835085.4,4187369343.45448,1084685595.99283,9354843522.19205,270961746114.765,82694196072.1409,571441460545.69,-16.5119818265015,3464.33765610691,-1.20434550817808,1.01535322888059,0.284154285132264,16.1927376298792,4.77738963759364,0.914456576998834,0.890435053592309,0.0245924764389247,155682424736.693,845.486735418191,738.117171192561,-12.0351738238424,,5652423957187.42,3589664655626.82,9271408174930.23,296794951.825954,158797556.919322,1964342844.88101,15770480127.8489,9217333351.38801,129688580722.138,-17.8686526716697,5072.55344496804,-1.02923578644226,1.04842435919413,0.414873254293401,31.6227766016838,5.33863554847748,2.38125586445697,2.28879024686228,0.0501187233627272,233346888640.014,1300.11131722398,1092.29667326346,-11.2529233913581,,9130968061596.66,6310524068007.18,15529323710401,15989255479.2763,12017595022.2989,22026819998.3346,1039784710598.57,605826463999.199,1325159535852.61,-15.3619918997892,379.72365838438,0.139215516305235,0.0121833655222068,0.0625500862892033,8.76231923997796,0.233761982168661,0.792248898766105,0.554657870041655,0.0253640220915773,27401259091.1225,148.711391591789,132.182711953202,0.490285781221946,,994416599621.555,615886549110.564,1575650660155.13,3890574391.62852,925888039.073504,7390500677.31104,255191265986.916,73476862720.7529,441752879823.552,1.35667084516814,1228.49213047675,0.0358942054305853,0.0208877647913415,0.0681688828719343,6.6677197318266,0.327483928715182,0.674550388692035,0.843697323228319,0.000162224832225215,50263204812.1982,305.913190213997,221.996790117695,0.29196465126236,,2484127504787.69,2104972863269.79,4682264875315.65,11801886135.8218,10932909426.3061,12671976476.1426,768822964483.804,523132267927.058,753718075306.917,1.1499899267123,134028,150.098546392493,2.3653554114868,35.8561082851709
8.64086930351395,0.524962814628732,0.3,0.031022327883586,3.5399800676811,0.285352257506178,2.03281524241653,2.02937910037213,1e-04,3608802744.75011,2.16458272189525,2.72122830842428,-19.1708769019899,,16510070544.3729,14781247313.7344,31291317858.1072,42665472.9449936,37856647.2681704,80522120.213164,1750142755929310,1552884156835150,3303026912764460,-20.9756827347381,5.37053581493562,0.446511798835399,3.12162444069373,0.165360105925191,8.18955377326783,0.368775268644177,2.20658012557167,2.1024711464416,0.000268606156742334,3388037751.29238,4.79248284661909,4.78526031735986,-19.1751757584706,,34836450649.3261,21305086179.5722,55647234004.9127,770.936954611799,227.694019247497,1276.03464022387,1381452775.66614,698649565.537488,2323327544.16337,-23.0405057485787,4.72516143916253,-0.224866216372323,0.309661094271176,-0.354308428292086,2.02662478239827,0.313786677508978,1.4476952952987,1.16185888519775,0.000105905220819898,2823888107.03644,3.7505139757761,4.01615759902066,-19.2301383500079,,26533039510.842,17132753625.9741,45557852301.7692,22.9913284389578,12.3763955941268,64.9444878349232,228866078.325688,55540976.0701119,1110055981.79709,-24.4086349751707,7.57498377960764,0.908171461812265,40.5605563369314,0.828092839060368,26.0060047574865,0.44357223833313,2.95862519992179,2.93033394450723,0.000739795117274603,4026038063.91408,5.74601682977693,5.69573121987475,-19.1270628361156,,41446504723.3788,27160069944.6008,67238819014.336,13854.4173999949,5846.92617423557,24771.652381163,2744720894.27242,1664684577.28653,3523480410.92401,-22.1213607191396,0.645374375773096,0.671378015207722,2.81196334642256,0.519668534217277,6.16292899086956,0.0549885911351987,0.758884830272969,0.940612261243847,0.000162700935922435,564149644.25594,1.04196887084299,0.769102718339203,0.0549625915373433,,8303411138.48404,4172332553.59809,10089381703.1435,747.945626172841,215.31762365337,1211.09015238894,1152586697.34045,643108589.467376,1213271562.36627,1.36812922659203,2.20444796467201,0.461659662976866,37.4389318962377,0.662732733135177,17.8164509842186,0.0747969696889531,0.752045074350117,0.827862798065637,0.00047118896053227,638000312.621698,0.953533983157843,0.91047090251489,0.0481129223549672,,6610054074.05268,5854983765.02865,11591585009.4233,13083.4804453831,5619.23215498807,23495.6177409391,1363268118.60628,966035011.749042,1200152866.76064,0.919145029439086,54465,150.089842513388,2.25040870558463,45.1429069304081
51.3027231713398,0.370943405905998,0.300019848599611,0.0642341884536971,28.2685926747893,1.66716445984298,1.8337236113288,1.85010814272316,0.0501154801819752,21372073799.227,26.5324542086087,30.6133248128993,-16.7257360357859,,175711931190.276,162911140675.759,338623071866.035,247200735.706099,242596058.979599,489796794.685698,11199687340.1537,10991067655.0545,22190754995.2082,-18.352014278849,42.0248235689955,0.482874668667023,0.433338745295452,0.582691791621494,13.2195871184238,1.74042497090379,1.88264161230281,1.91450404204344,0.0383357744133116,22987460903.9931,34.7943140556019,35.6102347764103,-16.8022290219979,,231823488812.922,190591938434.474,423503122387.866,209215242.775389,205066115.510407,535788894.295648,16085722648.0351,13142945387.1165,38355548058.0763,-20.9464736405949,35.2107876180072,0.256483582398769,0.3,0.236804745512238,5.99340973425381,1.53887038073294,0.879846983165684,1.2279833899459,0.0234041914278037,20827025348.262,24.7007324465994,26.2313488210333,-16.9217834419853,,164205227659.667,138933511207.83,304972306733.906,6949181.52042232,17819529.0902951,154741340.718983,438592266.835767,1195336638.06817,9574200845.58353,-22.3154808397749,50.0560745070357,0.794551189812729,0.744775291128799,0.935440436343085,29.493786351966,1.89727238547211,2.6687515008204,2.66982393154469,0.0501187233627272,25512677858.3044,41.3418917066477,42.0356945037292,-16.7144034627338,,277039777630.446,243625079252.701,520749095602.298,715412219.771401,615492840.032908,1097332873.15039,45339657848.9048,36927406838.0587,67851533871.2598,-19.8687846489695,6.81403595098823,0.226391086268255,0.133338745295453,0.345887046109255,7.22617738416996,0.201554590170852,1.00279462913713,0.686520652097538,0.0149315829855079,2160435555.73111,10.0935816090025,9.378885955377,0.119554419987466,,67618261153.2551,51658427226.6442,118530815653.96,202266061.254967,187246586.420112,381047553.576665,15647130381.1994,11947608749.0483,28781347212.4927,1.36900719917996,8.03125093804024,0.311676521145705,0.311436545833347,0.352748644721592,16.2741992335422,0.156847414568325,0.786109888517589,0.755319889501249,0.0117829489494157,2525216954.3113,6.54757765104575,6.4254597273189,0.0878255592640329,,45216288817.5239,53033140818.2265,97245973214.4316,506196976.996012,410426724.522501,561543978.85474,29253935200.8697,23784461450.9421,29495985813.1835,1.0776889916254,59715,150.088824240896,2.26159468307975,39.5938996052665
2.33439988364362,2.57750715420741,100,1,0.00316227766016838,1e-05,2.00280540787147,1.99999995552238,0.0501187233627272,3594524408.69509,2.33366630195303,2.33369101829104,-19.5239623335898,,2167925278.58929,0,2167925278.58929,5170947.27573177,0,5170947.27573177,234260003.424208,0,234260003.424208,-37.0523502587393,2.46400417934908,0.721840824889303,11.4539988220242,0.149233110289164,0.0212933753354041,0.000347769603222231,2.14145674774559,2.05869780397539,0.0305511074952979,2396042904.73828,2.30302589722836,2.28554512498597,-19.5422564706258,,3426992273.9941,0,3426992273.9941,3739607.94901833,0,3739607.94901833,389227100.133978,0,390466623.954136,-40.2995295335534,2.24831778773734,-1.49950288530428,2.71566719713561,-0.438439760041471,0.00593161368571726,2.85556415620408e-05,1.2068605059059,1.16522166759783,0.0141727190355692,1483184862.41854,2.11139370046805,2.09053956923812,-19.6010592598138,,2643013165.50981,0,2643013165.50981,277599.96554133,0,277599.96554133,22930534.1879303,0,22930534.1879303,-41.4708442642,3.41692902411228,2.02402461440864,63.4622701189612,0.892665289171488,0.097063671380528,0.00278769667191983,3.05562630894543,2.92707533454799,0.0501187233627272,3193760887.5598,2.49849552364269,2.48054690329942,-19.4614877162561,,5461120489.43857,0,5461120489.43857,11422697.9226955,0,11422697.9226955,867371587.117803,0,867371587.117803,-38.8691065082009,0.215686391611738,2.22134371019358,8.7383316248886,0.587672870330635,0.0153617616496868,0.00031921396166019,0.934596241839688,0.893476136377561,0.0163783884597287,912858042.319737,0.191632196760305,0.195005555747847,0.058802789187979,,783979108.484292,0,783979108.484292,3462007.983477,0,3462007.983477,366296565.946047,0,367536089.766205,1.17131473064654,0.952924844763201,1.30218378951934,52.008271296937,0.743432178882324,0.075770296045124,0.0024399270686976,0.91416956119984,0.868377530572594,0.0195676158674293,797717982.821522,0.19546962641433,0.195001778313451,0.0807687543696751,,2034128215.44447,0,2034128215.44447,7683089.97367716,0,7683089.97367716,478144486.983826,0,476904963.163668,1.43042302535252,61115,150.086471728623,2.26429281309888,80.9172949678325
336.072038683574,-1.99999014284459,0.300000941732336,-0.412637928996058,14.8354543400438,2.41362401473494,1.89361114015365,1.93374133283242,0.0480433582471326,5555946781.16611,17.2085069772341,15.8070086781433,-14.0256970689399,,114884625103.589,71840440336.0641,186725065439.653,197784629.320822,140313561.908088,338098191.228911,9347322270.82952,6631233613.18155,15978555884.0111,-21.0010071917055,334.655153078266,-1.95735348535924,0.3,-0.407623773346651,17.5193957190803,2.50639612906281,1.85918612072876,2.02120730002618,0.0434843800696568,5913211882.66433,18.8374767320187,17.2741207101231,-13.9329344951047,,125668618778.529,81577710361.5542,206875447138.752,141329967.810966,121284232.051583,338662451.638395,7996913697.68786,7303362031.02686,20134616633.1077,-23.197441488151,307.303010556931,-2,0.3,-0.411736803380845,8.6516568005597,2.35421960065714,0.860366260662208,1.17216833916407,0.0301280055833693,5183532351.09128,16.5512701176588,15.1898687971013,-14.1369397361504,,110519307359.81,68512135231.772,178784567642.728,3723006.20481815,8594698.61952824,57428756.5746307,258584644.356298,448960492.020621,3857785747.32582,-24.8106090966608,390.371802506703,-1.81977565637409,0.3,-0.402790324946651,31.6227766016838,2.63154139952777,2.94576297631381,2.77693137619144,0.0501187233627272,6732957605.48254,20.8902396998514,19.1854262805757,-13.7117019954137,,139448582684.679,95787095336.6626,235134452886.335,512897270.810773,300004744.620739,683049618.362246,27297963628.7413,18164187921.4071,36072926722.058,-22.0003697261851,27.3521425213356,0.0426465146407602,0,0.00411303003419361,8.86773891852055,0.152176528405672,0.998819860066554,0.849038960862107,0.0133563744862875,729679531.573051,2.28620661435989,2.08425191302181,0.204005241045721,,15149311418.7193,13065575129.7822,28090879496.0237,137606961.606148,112689533.432055,281233695.063765,7738329053.33156,6854401539.00624,16276830885.7818,1.61316760850976,55.7166494284363,0.137577828985152,0,0.00483344840000061,14.1033808826035,0.125145270464955,1.08657685558505,0.755724076165264,0.00663434329307038,819745722.818213,2.05276296783266,1.9113055704526,0.221232499690927,,13779963906.1498,14209384975.1084,28259005747.5834,371567302.999807,178720512.569156,344387166.723851,19301049931.0534,10860825890.3802,15938310088.9503,1.19707176196586,61573,150.083477528228,2.2660460011479,45.2988393258717
15.1841464006603,-1.98481163534872,0.885761335480835,-0.49981036618239,1.2189829826578,0.432083434743187,2.13032284607668,2.04702611213299,0.0501118755702949,2751956746.2122,5.24317857797883,5.03825517734291,-18.1154008343999,,32041990069.2863,12818218776.3703,44860208845.6566,104590291.090799,34358133.6394364,138948424.730235,4738913152.7187,1556743075.37247,6295656228.09117,-22.5621898409726,8.75181293856328,-1.53334235016693,4.47225982123954,0.0479845612267363,4.32061346092045,0.411340810598507,2.19464073139737,2.08394721269092,0.0501187233627272,2955133162.45295,5.19574200244357,5.0561479931266,-18.1412597338955,,34044608461.7493,12138891672.5264,45741053842.726,83786066.7769154,25787826.332047,109891687.875638,4287211736.98949,1257473599.83072,5581448330.29308,-25.9848112136582,5.71401040970754,-1.96439421557127,1.63554073979614,-0.429867045270064,1.3505119191596,0.316081221924915,1.42912497302517,1.29620632171652,0.0421915829218757,2629765872.40564,4.41531008405696,4.33067127693568,-18.2116060752961,,28528819210.8146,8559401099.5967,37277742864.2174,11054674.7630941,2030278.77571263,46371990.0044277,502132822.260965,95278133.5861891,2148093964.83121,-26.9996337843446,15.0642104046811,-1.00860961037224,37.7388500113623,0.444580855356115,20.289050231681,0.500756045454135,3.00914813539083,2.98717124739503,0.0501187233627272,3238011783.20062,6.41871869759136,6.16124815874598,-18.0796929441182,,42568984338.1468,16078178206.0538,58310697893.6723,184439019.025401,59613966.3018908,221903386.126401,8708312249.31652,2887077851.39332,10525613341.2055,-24.6139087640306,3.03780252885574,0.431051865404339,2.8367190814434,0.477851606496801,2.97010154176085,0.0952595886735921,0.765515758372204,0.787740890974406,0.00792714044085155,325367290.047307,0.780431918386608,0.725476716190916,0.0703463414005938,,5515789250.9347,3579490572.92973,8463310978.50863,72731392.0138213,23757547.5563343,63519697.8712108,3785078914.72853,1162195466.24453,3433354365.46187,1.01482257068639,6.31239746611783,0.52473273979469,33.2665901901227,0.396596294129379,15.9684367707605,0.0894152348556284,0.814507403993459,0.90322403470411,0,282878620.747674,1.22297669514779,1.10510016561938,0.061566789777352,,8524375876.39759,3939286533.52736,12569644050.9462,100652952.248486,33826139.9698439,112011698.250763,4421100512.32703,1629604251.5626,4944165010.91245,1.37090244962761,72482,150.128732733192,2.26979848684563,55.644168140023
47.0421237606416,-0.170024907166487,1.11579217274183,-0.367270690327097,19.4842840492269,2.60619705714624,1.50215855676373,2.59449435963632,0.0501187233627272,33778263640.6527,44.7985957589975,44.3049417442463,-14.474745945919,,298410901310.748,239695311806.489,538106213117.237,107619228.543859,1556505829.60905,1664125058.1529,4875485960.8634,70514557880.9668,75390043841.8302,-27.100846108475,46.1966941751513,-0.409331714908422,9.29117815155923,0.112090273967155,18.9713145309017,2.73529304901578,2.06575394061953,2.13445408370763,0.0444407809083509,38127978146.9379,43.2151582925747,42.9284249476191,-14.3086513503163,,287597943359.6,258073455030.374,547063742042.254,326187047.61876,383529684.020727,839051332.215962,21422917049.8413,23371793875.4121,52023322876.9887,-29.6424883288568,31.9243819440055,-1.72309021518723,0.961071109167884,-0.464497642830389,9.1973278443988,2.30677736635576,1.15014195838446,1.27184048366195,0.0243385979897934,33445622529.9674,26.8359369317986,26.878396124691,-14.7475910099103,,178744139249.756,166311662426.445,344685969629.32,23997812.5504921,32689549.0931309,356393320.337126,1410239587.1501,1819797816.11835,26389934236.7323,-31.1055713814578,72.2837282840884,0.934901659855612,52.7132699337311,0.674463505674945,31.6227766016838,2.97636357867764,2.88551200868067,2.92879716012582,0.0501187233627272,45401006491.6673,53.1669654894681,52.4488778337295,-13.8379376323092,,359884646734.521,344302109147.124,702717151471.567,944733233.459539,895170880.93646,1463449789.2463,56368731595.1798,61556821850.913,95064617798.1974,-28.2865718819721,14.2723122311458,1.31375850027881,8.33010704239135,0.576587916797544,9.77398668650288,0.428515682660018,0.915611982235063,0.862613600045689,0.0201021829185575,4682355616.97056,16.3792213607762,16.0500288229282,0.438939659594043,,108853804109.844,91761792603.9288,202377772412.934,302189235.068268,350840134.927597,482658011.878835,20012677462.6912,21551996059.2937,25633388640.2564,1.46308305260107,26.0870341089371,1.34423337476403,43.4220917821718,0.562373231707789,12.6514620707821,0.241070529661859,0.819758068061143,0.794343076418183,0.00567794245437635,7273028344.72934,9.95180719689338,9.52045288611038,0.470713718007104,,72286703374.9209,86228654116.7502,155653409429.313,618546185.840779,511641196.915732,624398457.030342,34945814545.3385,38185027975.501,43041294921.2086,1.35591644688467,73098,150.085721338953,2.28510936147679,66.6815762455163
33.5365895119328,-0.890414500504153,0.300124297995015,-0.329160774057742,0.80482362460276,1.32893594689135e-05,1.97585317708855,2.000389434596,0.0254562937876118,1593015292.08899,6.87471869183636,6.13098665759425,-20.003320667968,,39697625368.6814,0,39697625368.6814,87811141.7971267,0,87811141.7971267,7832176854.24037,0,7832176854.24037,-13.67805510977,24.3565732389348,-0.876139149380963,0.3,-0.349925742468104,1.51713321599485,0.0207250389186207,2.11980631616738,2.06920085141958,0.0107645310491772,1877889640.28841,6.9526893214826,6.34177855319106,-20.0368851763828,,47376748830.292,1096871446.61124,48550838880.247,14388791.0797978,57250.6603594305,14985805.7178606,3422627267.42627,20062414.30414,3554606044.91113,-16.5464877572394,21.8523004325946,-0.926915166366413,0.3,-0.379046378307794,0.547004282195797,0.000316983891403814,1.16443381425395,1.16554236390883,0.00428915367501573,1684564189.05692,6.28329045771343,5.75027150694165,-20.1092607405263,,33060806909.5429,0,35357864120.3509,615209.613595033,0,848146.698150698,202269696.354148,0,392095723.379709,-17.6969977067796,34.1314417350796,-0.810399781185504,0.378996851929464,-0.329715250359774,19.3091111765888,0.100456363698624,2.93005357272276,2.92242375530549,0.0237347542995796,2107729722.73916,7.94323853176294,7.18590209419376,-19.9673921355855,,55825375353.078,7615571374.88045,59953633306.2177,59587687.5561804,967615.620391223,59912271.3262066,8770195391.93711,328053496.337958,9021174415.81071,-15.4246888591134,2.50427280634023,0.05077601698545,0,0.0291206358396908,0.970128933799051,0.0204080550272169,0.955372501913435,0.903658487510756,0.00647537737416144,193325451.231497,0.669398863769168,0.591507046249417,0.0723755641434885,,14315941920.7491,1096871446.61124,13192974759.8961,13773581.4662027,57250.6603594305,14137659.0197099,3220357571.07212,20062414.30414,3162510321.53142,1.15050994954014,9.77486849614477,0.0657393681954593,0.0789968519294638,0.0202104921083297,17.7919779605939,0.0797313247800035,0.810247256555374,0.853222903885909,0.0129702232504025,229840082.450742,0.990549210280343,0.844123541002691,0.0694930407973082,,8448626522.78601,6518699928.26922,11402794425.9707,45198896.4763827,910364.960031793,44926465.608346,5347568124.51084,307991082.033818,5466568370.89958,1.12179889812603,87115,150.119547073635,2.29190252314856,31.8871553605323
9999.21089242009,-0.362352950977591,0.300005590971389,0.999990572435487,0.659738023118591,0.207860411653625,2.11224121015989,2.00955982083946,0.000273142286121301,488595329.001884,25.7705340047368,5.46758418713817,-20.2442443946607,,181323255439.897,14412533789.1752,195735789229.073,568473520.860643,35014726.074933,603488246.935576,1034907267932590,63744384161914.3,1098651652094500,-15.258085222966,10000,-0.36209757049589,0.3,1,0.66216662122385,0.214846746379374,2.11123828732335,2.00104192013542,0.00250340175947034,496045143.861467,26.1233193855554,5.55156756187266,-20.2483202920341,,183371921672.791,15182527049.5625,198554646708.73,1392132.60484518,87854.9439529676,2184249.57257473,8530970928.63822,603902583.010172,9308664905.30721,-16.8012270098734,9919.35001565029,-0.362894502017997,0.3,1,0.571835528255842,0.175320844257119,1.31053858670154,1.10617401648283,0.000289138249391622,470687101.809114,24.8897869556785,5.26570002446957,-20.2852987092972,,169430414516.225,11558481439.3619,186135092806.48,3543.34813994486,90.2703520330948,3919.30892619577,1301858497.8875,32179712.3018054,2547643973.74156,-18.1718119337206,10000,-0.361791424870629,0.3,1,0.783108238856095,0.235631028510792,2.80095260425383,2.85256099126899,0.0231641746162856,517115148.811205,27.1691229971477,5.78924967571009,-20.2107852204511,,198200724730.445,17693634558.2504,211084241599.121,114044197.750722,14765704.9107571,143270986.605036,19728449363.8414,2036316217.79774,21232139219.9531,-16.0235432206695,80.6499843497095,0.000796931522106192,0,0,0.0903310929680086,0.039525902122256,0.800699700621803,0.894867903652592,0.00221426351007872,25358042.0523526,1.23353242987691,0.285867537403087,0.0369784172631036,,13941507156.5664,3624045610.20063,12419553902.2502,1388589.25670524,87764.6736009345,2180330.26364853,7229112430.75072,571722870.708367,6761020931.56566,1.37058492384721,0,0.000306145625261101,0,0,0.120941617632245,0.0207842821314178,0.689714316930488,0.851519071133569,0.0206607728568152,21070004.9497378,1.04580361159226,0.237682113837436,0.0375350715830081,,14828803057.6539,2511107508.68784,12529594890.3913,112652065.145876,14677849.9668041,141086737.032462,11197478435.2032,1432413634.78757,11923474314.6459,0.777683789203898,86751,150.083085665809,2.30300788832743,30.0800129334057
9.28393809217954,2.32860345700031,0.300945844892406,0.999825293121963,2.27074863555389,0.70745270961341,2.04823180131864,2.03676998609321,0.0501053044854224,12048682806.2556,8.20057753173433,8.20092463439585,-17.7207548130828,,53265911332.9179,32315783885.9266,85581695218.8445,143212311.552111,84372093.2708849,227584404.822996,6489700949.97551,3823342057.09853,10313043007.074,-17.0341884386779,8.88351056471616,1.98450841322829,7.48310316052298,0.600924377812649,7.13976664661658,0.691233071114627,1.70875557057705,2.22710604672425,0.0501187233627272,11311942223.291,8.23527356813816,8.2402169960512,-17.7681416553848,,54740441242.7092,31828850510.2154,86562885898.5164,45208152.9212251,92741672.6495639,159418226.415028,2205098304.9515,4436438360.49754,7785620098.47826,-19.50701175515,7.9559050900409,0.932357353150272,1.03302740316279,-0.179062362781522,2.76219315511291,0.608805217022714,0.618762557817463,1.53900547234063,0.0432446021886649,10601556821.1757,7.29221229132945,7.29859952802717,-17.8897197869964,,48185845891.2299,26728959755.2351,74874756656.1661,1267129.47709531,15227150.2016875,58401482.2894756,57787501.601154,761407221.224751,2901583635.57832,-20.8798218608121,11.2004359867709,2.42073189277395,61.5176158465624,0.996143763547845,22.3344926006272,0.888757633620746,2.46602953745091,2.90407107781491,0.0501187233627272,12158502748.7779,10.8877677363423,10.9306272879319,-17.6021888040119,,71876855634.2179,46346651434.1523,118291519861.843,228465627.159486,172898907.834718,339185362.322646,11148586774.8323,8177237286.78064,16207723170.5091,-18.4350474859602,0.927605474675262,1.05215106007801,6.45007575736019,0.779986740594171,4.37757349150367,0.0824278540919138,1.08999301275958,0.68810057438362,0.00687412117406231,710385402.115299,0.943061276808717,0.941617468024034,0.121578131611656,,6554595351.47933,5099890754.98026,11688129242.3504,43941023.4441298,77514522.4478764,101016744.125552,2147310803.35035,3675031139.27279,4884036462.89994,1.37281010566206,2.31692542205473,0.436223479545663,54.0345126860394,0.395219385735196,15.1947259540106,0.197524562506118,0.757273966873868,0.67696503109066,0,846560525.486889,2.65249416820412,2.69041029188067,0.165952851372829,,17136414391.5086,14517800923.937,31728633963.3271,183257474.238261,80157235.1851545,179767135.907618,8943488469.88084,3740798926.28311,8422103072.03085,1.07196426918982,86583,150.081088254843,2.30401462720915,37.5885946293894
8740.84780815624,-1.99889823513759,0.648808753211768,-0.191566116535799,31.0647564864785,5.15131979888033,1.77247548968983,1.85177119730586,0.0501161099814551,133466403729.128,527.015690829728,473.334348041071,-10.401612291377,,3521353187839.89,2260630792529.01,5781983980368.89,3964577197.93111,3385623321.56807,7350200519.49918,179617050629.829,153387270622.694,333004321252.524,-23.6472770884253,9295.2395545181,-2,0.626369209971965,-0.206059186843377,24.1636234356692,5.07236846954289,1.59976814697792,2.07372775000921,0.0483284238631094,131799881680.093,500.771264646304,448.589482191346,-10.6102117690401,,3347180772113.94,2198325914650.85,5535993515117.53,1508646722.88073,3445862559.93683,8025277393.31597,89413613629.2249,216446018311.323,453498528302.441,-26.2111828826379,5856.17367974143,-2,0.584220001800636,-0.236442011917482,15.7242579800098,4.58868230779148,0.789273113046384,1.31448588050751,0.0278591686963317,85584157427.4388,363.583745710415,321.792945198488,-11.5282562609268,,2430540541504.63,1587750557302.04,4016018325482.72,105657439.368945,272250644.3569,2145020018.88308,5311210951.15411,18263171717.2406,124865811521.33,-27.3957161506095,10000,-1.97615752439094,0.642255911705046,-0.187001251953042,31.6227766016838,5.55503010321942,2.64400207388187,2.79304144265325,0.0501187233627272,152277784885.979,587.329602294389,527.829552819364,-9.6594561171906,,4021669150238.1,2840012445118.16,6900899539808.47,8494797930.14022,9733789499.75449,14007197891.1103,610004937816.672,508441062638.981,821912979328.347,-25.0897566786725,3439.06587477668,0,0.0421492081713288,0.0303828250741049,8.43936545565939,0.483686161751403,0.81049503393154,0.759241869501696,0.0204692551667776,46215724252.6544,137.187518935889,126.796536992858,0.918044491886633,,916640230609.304,610575357348.813,1519975189634.81,1402989283.51179,3173611915.57993,5880257374.43289,84102402678.0708,198182846594.083,328632716781.111,1.18453326797155,704.760445481898,0.0238424756090558,0.0158867017330809,0.0190579348903357,7.45915316601464,0.482661633676529,1.04423392690395,0.71931369264404,0.00179029949961785,20477903205.886,86.558337648085,79.2400706280178,0.950755651849533,,674488378124.161,641686530467.305,1364906024690.94,6986151207.25949,6287926939.81766,5981920497.79438,520591324187.447,291995044327.657,368414451025.905,1.12142620396543,98300,150.105394574117,2.31282702157775,50.8099680062541
73.6131860224052,-2,0.744842480125235,-0.5,2.40239456950067,0.758497447224781,2.05591819824778,2.02829291733276,0.0385035283309671,8295597579.47835,19.2373708030369,18.2709849738966,-18.6934342453248,,125751230097.75,63626466833.5614,189377696931.312,344708687.103532,162492156.556842,507200843.660374,20327301810.393,9582082586.62338,29909384397.0164,-18.952456019632,92.5211422130439,-1.85697612649114,0.775482520021521,-0.383514329252159,10.979109062434,0.873670058151088,2.18961945136516,2.11938251620538,0.0279211008358074,8934871079.05056,22.5704711868766,21.2283684584618,-18.6621165962638,,150885800129.994,82782940300.9775,232978673557.173,79403039.364011,44139169.7878266,250962137.741202,13516448983.4327,7370084848.48919,22143118738.6445,-21.14294692963,81.3759819956329,-2,0.68971064951529,-0.467112808038931,3.69643884397676,0.763089872508137,1.22164436713584,1.19181467750184,0.00211310333171696,7947054663.47954,20.370061775807,19.1826569184604,-18.7191984430428,,134965413634.056,63993690107.8441,201088785799.483,1465717.91815868,1037198.30185781,4036057.3197364,991418089.63166,423732581.885894,9907572448.42525,-22.2326461847272,137.613828087422,-1.70106332656467,0.818756403664454,-0.343665389668563,28.4891195098386,1.17978304795473,2.96345896616146,2.93528831914268,0.0501187233627272,10844196422.277,29.8275563581408,27.9550959967405,-18.578445608608,,210514137951.196,167862026132.232,379047866835.983,462383166.110718,234183603.75447,595643927.749436,29834811642.9393,17863878825.8426,40058248257.1777,-20.2645635374559,11.145160217411,0.143023873508856,0.0857718705062302,0.0835984787867725,7.28267021845721,0.110580185642951,0.967975084229322,0.927567838703539,0.0258079975040905,987816415.571018,2.20040941106956,2.04571154000144,0.0570818467790382,,15920386495.9386,18789250193.1334,31889887757.6904,77937321.4458523,43101971.4859688,246926080.421465,12525030893.801,6946352266.6033,12235546290.2192,1.08969925509718,45.0926858743782,0.155912799926475,0.0432738836429335,0.0398489395835954,17.5100104474047,0.30611298980364,0.773839514796302,0.815905802937304,0.0221976225269198,1909325343.2264,7.2570851712642,6.72672753827866,0.0836709876558075,,59628337821.2023,85079085831.2548,146069193278.809,382980126.746707,190044433.966644,344681790.008235,16318362659.5066,10493793977.3534,17915129518.5333,0.878383392174104,9766,189.173350197374,62.2304101894983,39.7676599254652
15.0116401823485,0.265939824774765,0.331931164982812,-0.383313807478942,25.9160051214353,0.868073089037563,1.98527799311527,1.98887464384814,0.00860538892585569,8820308776.13792,8.68859398673965,10.5291108509748,-18.3235118257018,,60943540594.1338,63164598773.8835,124108139368.017,138459936.998037,144962204.344642,283422141.342679,36532690872.3159,38248315825.5908,74781006697.9067,-12.6895563910735,12.5903153196963,0.720599028834851,0.639222103820763,0.663399197939877,8.76702352200497,0.86330113168944,1.65967032148061,2.15717408959985,0.00773926484168141,9292893658.68645,10.5841605974126,10.6750305113606,-18.3591118202885,,74011599349.5269,63812088269.6572,137526550177.703,4307125.81222745,12536645.8572292,28623969.1519184,1805680886.12511,4611476188.44957,9115323089.52279,-15.7026497795658,10.6784993512641,0.22750286662266,0.410829108026447,-0.0926361236221494,3.2568306048169,0.782839405092939,0.700195251758329,1.40235900922855,0.00436333067824914,8739560775.16326,8.91437925273048,9.14540964008138,-18.4315747599829,,62405330840.2486,53038070719.7335,115847498568.74,223930.448528388,1284644.57873705,5571080.59651556,85526538.4316924,653333467.091781,3246104870.49183,-17.0715124017327,14.0720155784243,0.944868237893789,1.11160048235631,0.991079806573138,24.2709467658907,0.916827500997611,2.5141155731382,2.9507746085485,0.0110226115913759,9820923822.48467,12.084242978881,12.1601018665378,-18.2963471676317,,84184600677.5892,72045311198.1266,155206219813.99,35360676.9840242,50139527.0351049,76190832.5601697,10013520464.3335,12860403692.5354,18624945538.752,-14.3754966333606,1.91181596843226,0.493096162212191,0.228392995794316,0.756035321562026,5.51019291718806,0.0804617265965013,0.959475069722283,0.754815080371297,0.00337593416343227,553332883.523184,1.66978134468207,1.5296208712792,0.0724629396944607,,11606268509.2782,10774017549.9237,21679051608.9627,4083195.36369906,11252001.2784922,23052888.5554029,1720154347.69342,3958142721.35779,5869218219.03095,1.36886262216688,1.48170025872794,0.224269209058939,0.472378378535542,0.327680608633262,15.5039232438858,0.0535263693081708,0.85444525165759,0.793600518948657,0.00328334674969451,528030163.79822,1.50008238146849,1.4850713551772,0.0627646526567389,,10173001328.0623,8233222928.46947,17679669636.2879,31053551.1717968,37602881.1778757,47566863.4082512,8207839578.20837,8248927504.08583,9509622449.22926,1.32715314620514,9246,189.171737651453,62.2379808581733,30.4477851772842
21.4415976416683,0.0984881177600206,0.300000075308122,0.998043174164695,10.1140999791392,0.981804035496803,1.73822126240665,1.81320753492994,0.0134674223392638,4286293619.34514,20.5811728911504,20.8210847341333,-18.6976756184178,,144480456281.744,97893042954.6774,242373499236.422,142644268.480317,128044795.958244,270689064.438561,24049047603.4305,21587655965.2747,45636703568.7052,-16.0642165379932,18.4152272033521,0.0984881177600206,0.41572286189415,0.451437187727722,10.2087818402952,1.00730157013646,2.26345285312321,1.7319596499987,0.00118696312619429,6353208093.77479,16.6410278635692,16.858518010095,-18.7108546101829,,122563466374.512,108358291020.495,236222089772.576,50222.0429163263,24229.7449712661,79312.6849133725,6394283176.5328,2188450428.52104,9040845315.79552,-19.5911785981473,15.2302723818975,-0.550202022556188,0.3,0.0163117804573988,3.8618316628388,0.766230311486718,1.50899284150604,0.920496562420282,0.000134196854665279,4640608323.42682,12.1333587169457,11.805464267668,-18.7566258858792,,84111148003.4621,59099057817.1337,142521037137.853,222.465530627442,128.099431099007,467.98929604199,1174191810.32801,124673512.778058,3615482344.57459,-20.7236570511029,21.7614774883179,0.359917854254238,1.37085766239482,0.924742476617011,28.7845416749954,1.1106815387525,3.00405967690066,2.44972534323493,0.00874097697954353,8828509315.84684,20.5816933371266,20.9025697195963,-18.6730367494803,,150429888581.789,136031171651.086,283074101670.11,36756563.8672223,5657839.3615031,52735575.0500417,12741949914.7862,7158362750.20717,19149600520.6645,-18.2286053235109,3.18495482145453,0.648690140316209,0.11572286189415,0.435125407270323,6.3469501774564,0.241071258649746,0.754460011617177,0.811463087578414,0.00105276627152901,1712599770.34798,4.5076691466235,5.05305374242704,0.0457712756963034,,38452318371.0499,49259233203.3612,93701052634.7237,49999.5773856988,24101.6455401671,78844.6956173305,5220091366.20479,2063776915.74298,5425362971.22094,1.13247845295558,3.34625028496587,0.261429736494218,0.955134800500668,0.473305288889289,18.5757598347002,0.103379968616034,0.740606823777448,0.717765693236236,0.00755401385334923,2475301222.07205,3.94066547355741,4.04405170950128,0.0378178607025994,,27866422207.277,27672880630.5914,46852011897.5333,36706341.824306,5633609.61653183,52656262.3651283,6347666738.25343,4969912321.68613,10108755204.869,1.36257327463644,2803,189.209186094701,62.2642883964941,39.3013491920821
1346.47012016573,0.799134437316687,2.88713742392765,-0.162288184713845,0.0328489617101055,4.16405105196665e-05,2.00000000669294,1.99999999268735,0.00285072758048894,1040987097569.46,1291.97161737144,1298.02002573192,-26.6889678340787,,3031962265444.03,0,3031962265444.03,7176414936.07921,0,7176414936.07921,9089536286767.73,0,9089536286767.73,-1.83787706640935,5.88369582281752,0.534884623460758,18.9650768061514,0.303307021809104,0.167919190162916,0.000146206240186977,2.04915136855345,2.14981930858755,0.00280035113922226,2044719832.53089,3.29042925366212,3.20276060853397,-19.8220306551741,,13272551171.2366,0,13918927660.9874,71942.9716676042,0,75935.5849090911,216409622.720465,0,264397529.453165,-2.38341563213265,0.0185186608382801,-1.17798048760598,1.22717345276333,-0.354253347964084,0.0131986295660622,1.94102801361803e-05,1.13136387361751,1.44413701770119,0.000216098284728322,10788097.2051995,0.0121355353537136,0.012109232629488,-26.4954236912503,,58905139.2102413,0,58910073.1042504,60.1285164788973,0,60.7117357642045,1517173.35728631,0,1534024.87667809,-3.06820584429007,2645.3851669434,1.38418784866178,81.5536270206882,0.863269649677404,8.72081381720808,0.0150371580227881,2.92745825921728,3.03346290572632,0.0168152110358615,723063160390.656,1315.44325934218,1251.67461200635,-13.5058751384174,,5368620018028.25,48911886.6439298,5544624969350.75,22232456.4054825,3571.51774710744,22265930.9791462,167981325512.597,2172235.96894894,170693158070.326,-1.98897079005936,5.86517716197924,1.71286511106674,17.737903353388,0.657560369773188,0.154720560596854,0.000126795960050796,0.917787494935935,0.705682290886367,0.00258425285449394,2033931735.32569,3.27829371830841,3.19065137590448,6.67339303607613,,13213646032.0263,0,13860017587.8831,71882.8431511253,0,75874.8731733269,214892449.363179,0,262863504.576487,0.684790212157415,2639.50147112058,0.849303225201026,62.5885502145369,0.559962627868301,8.55289462704516,0.0148909517826011,0.878306890663828,0.883643597138766,0.0140148598966392,721018440558.125,1312.15283008852,1248.47185139782,6.3161555167567,,5355347466857.01,48911886.6439298,5530706041689.76,22160513.4338149,3571.51774710744,22189995.3942371,167764915889.877,2172235.96894894,170428760540.873,0.394444842073297,10835,189.104234032495,62.2845839079817,0
640.230444498476,-1.50398335642661,0.536778508587882,-0.0719714378121463,0.95317897498764,0.325728978736532,1.96121684940279,1.98622235281967,0.0501166940083523,2812744310.06603,19.0256650530934,15.6584361571872,-20.0624500869354,,112967551365.162,37904644703.3839,150872196068.546,239526760.217542,86346074.2412112,325872834.458753,10851747035.4536,3911904266.22527,14763651301.6789,-14.2302868473608,769.618872186468,-1.49676075810511,0.523023640139381,-0.0757016931443611,3.4504784798256,0.342124876719826,2.15721132989669,2.12908759207975,0.0466966219345453,3240804605.64732,22.251348428242,18.2282529998059,-20.0918161635709,,149355455987.339,41691158460.9566,189727552108.19,282316053.486322,85201854.1124603,374557865.309609,16034596930.2924,4337983394.72667,21714734834.3083,-17.1292604906925,694.933815190552,-1.51547923291584,0.510477964920494,-0.0827751192704821,1.0205465884676,0.301854531898445,1.31028967948815,1.25074609490493,0.032909780574304,2784923380.35415,19.295700925794,15.7556661312472,-20.1325232030053,,116708966571.717,35674319659.0814,155487925178.412,26955708.1882282,5825637.01351867,142652337.163773,1386365422.30666,299534735.373173,8150998710.3419,-18.2659357212642,839.182013357719,-1.44054384116774,0.53922536690573,-0.0619807611132408,20.2244075949445,0.377002514013797,2.88228524723623,2.87428211381682,0.0501187233627272,3488250651.45448,23.6893811745227,19.4613774936025,-20.0497822650082,,160039764789.255,48303019323.199,208412739556.342,600364951.219929,171404499.582252,683517237.736651,32512450680.1808,9556261358.8594,37586980579.3163,-16.052870709751,74.6850569959165,0.0187184748107334,0.0125456752188865,0.00707342612612102,2.429931891358,0.0402703448213809,0.846921650408539,0.878341497174819,0.0137868413602413,455881225.293173,2.955647502448,2.47258686855863,0.0407070394343876,,32646489415.6216,6016838801.87528,34239626929.7783,255360345.298094,79376217.0989417,231905528.145836,14648231507.9857,4038448659.35349,13563736123.9664,1.13667523057168,69.5631411712504,0.056216916937375,0.016201726766349,0.0137209320311202,16.7739291151189,0.0348776372939708,0.725073917339538,0.745194521737075,0.00342210142818192,247446045.807159,1.43803274628073,1.23312449379665,0.0420338985627637,,10684308801.9161,6611860862.24235,18685187448.1513,318048897.733607,86202645.4697914,308959372.427043,16477853749.8884,5218277964.13273,15872245745.0081,1.07638978094149,17029,189.106518829541,62.2306308220322,33.1088315233017
206.255182592863,1.52562139859227,0.301981195035431,0.0119491723880202,14.6665398617974,0.752820320205086,2.00041928060265,1.99982097984243,0.022161116498194,52492530512.6939,0.00127559505487662,0.00278199196137021,-15.5750109970837,,294747436.874878,66552224757.3338,66846972194.2087,698448.227367956,157446330.825931,158144779.053299,71560047.2028633,16131284215.9819,16202844263.1848,-12.6893858344343,230.499032630709,1.60193587603071,0.3,0.0490060390600248,9.21437725658672,1.07308069478092,1.55519133214465,1.81405814153585,0.00875178344217091,62638606741.3998,0.0328521081000583,0.0539043736573646,-15.6453171665241,,661763907.094269,112205832580.358,112794066713.743,91412.3841771468,22673333.3134655,22833797.498895,19697885.8218312,5419598972.17423,5444282015.96392,-14.804871199968,215.845434579914,1.52562139859227,0.3,-0.0213823830706705,3.83096988485605,0.952185531842071,0.587734364158078,0.850855618231629,0.00568835193365033,57898348777.8548,0.00278140780706691,0.00582302508863003,-15.8433844401411,,417114126.789181,90727461464.7207,91042608821.8184,3140.93152183583,892270.302190642,1094494.49479645,814080.73895428,163462563.918489,213359023.920197,-16.1096263277534,253.637508232136,1.68861619990377,0.386736845926279,0.148151073595193,26.643566919441,1.25071141085616,2.38180405417879,2.76042765516881,0.0142137289802945,71953918880.5827,0.141097260492947,0.211077316907804,-15.4311843458422,,1442199253.66677,147322730736.667,148013406232.709,422031.843182276,85420336.1919184,85576970.2585707,103793529.338642,22279701530.6666,22339340055.1842,-13.6730305590126,14.6535980507951,0.076314477438439,0,0.0703884221306954,5.38340737173068,0.120895162938846,0.967456967986568,0.963202523304218,0.00306343150852058,4740257963.54505,0.0300707002929914,0.0480813485687345,0.198067273616989,,244649780.305088,21478371115.6373,21751457891.9245,88271.452655311,21781063.0112748,21739303.0040986,18883805.082877,5256136408.25574,5230922992.04372,1.3047551277854,23.1384756014268,0.0866803238730534,0.0867368459262786,0.0991450345351683,17.4291896628543,0.177630716075239,0.826612722034144,0.946369513632965,0.00546194553812356,9315312139.18293,0.108245152392889,0.15717294325044,0.214132820681904,,780435346.572505,35116898156.3094,35219339518.9664,330619.459005129,62747002.8784529,62743172.7596757,84095643.5168108,16860102558.4924,16895058039.2203,1.13184064095533,9026,214.850572615136,52.8660295029147,26.1522090191906
229.126530432745,-0.164452554079823,0.3,1,8.34962553420789,0.452322035039712,1.74314343593602,1.92004623944305,0.000657654256087636,7537863239.20302,136.433081685133,83.7512437047291,-21.8921164145243,,1057407435619.53,316393764724.403,1373801200343.93,1064152722.6774,592408093.440549,1656560816.11795,127118336946529,70766094026764.6,197884430973294,-15.3275677580719,247.675221650278,-0.174606750429104,0.3,1,13.76479256366,0.447350598366285,1.83583863301869,2.00908569943004,0.00233889787953038,7477582702.90333,137.957539144126,82.961293384891,-21.8991012283809,,1069554084416.29,312678939801.364,1377570317345.33,2792562.08292179,2081044.90473536,8842123.52427762,30346685050.1175,14384538182.2249,52487033967.4862,-17.0713895038704,229.126530432745,-0.187139707571079,0.3,0.916640885416461,5.71469887774636,0.413048666347657,1.02167944460369,1.15569370434237,0.000196960243920252,7010095568.64026,129.660233368656,78.2432659075897,-21.9368725329548,,1005869286556.74,282310720677.704,1286484286043.61,5716.51477945567,796.633084244694,8925.57594724006,2558871288.85766,850097892.682636,17448759446.1505,-18.1800901609723,289.147143105202,-0.169663275508138,0.307900978321547,1,30.8057426178011,0.483393183791176,2.64203891651086,2.92136567817378,0.017387703964105,7876756271.57994,149.186800862551,88.0002823736835,-21.8622835646561,,1157584887148.61,346117171835.316,1501827531337.13,385207821.819297,213174867.644144,712422626.885123,95513620858.6626,37958071014.5624,113298985048.152,-16.1630034217084,18.5486912175327,0.0125329571419756,0,0.083359114583539,8.05009368591364,0.0343019320186281,0.814159188414992,0.853391995087672,0.00214193763561013,467487134.26307,8.29730577547014,4.71802747730135,0.0377713045738659,,63684797859.553,30368219123.66,91086031301.721,2786845.56814234,2080248.27165112,8833197.94833038,27787813761.2599,13534440289.5422,35038274521.3356,1.10870065710193,41.4719214549242,0.00494347492096581,0.00790097832154674,0,17.0409500541411,0.0360425854248911,0.806200283492174,0.912279978743737,0.0150488060845746,399173568.676606,11.2292617184251,5.0389889887925,0.0368176637248006,,88030802732.318,33438232033.9522,124257213991.794,382415259.736375,211093822.739409,703580503.360845,65166935808.5451,23573532832.3375,60811951080.6653,0.908386082161989,9980,214.863779383405,52.8803629241462,31.1963083608527
1069.16314015529,-0.487857001405631,0.38944245709579,0.428902615518201,3.51734283460765,1.17792876671772,2.54255877574199,1.936170947871,0.0100266983192809,7773236173.18081,127.828102388398,78.0071898751643,-19.8693488799039,,989747056676.216,425862074484.325,1415609131160.54,6101298507.42503,837942000.791054,6939240508.21608,1381631928652.03,189750988456.404,1571382917108.43,-22.2693687890019,456.916991868116,-0.461617694369475,0.419296393618214,0.420426699515347,8.03975284196001,1.12346686962909,2.34746047220674,2.18882699337364,0.0015896212762449,7861165544.1486,99.6329285172678,70.2206751932223,-19.8907471377042,,767275192888.635,378026164048.028,1140752050184.14,2040771.5258297,1046189.18555303,5922764.51301594,47754934358.8337,21678812507.79,67102085154.9739,-24.5499395944723,327.792720921654,-0.480169300175248,0.38944245709579,0.350905392523067,3.30988086588528,1.06259488847581,1.354778811219,1.31062432080706,0.000193345140959311,6996150781.63271,90.1811018681985,63.7822657351879,-19.9498207714681,,683783801878.568,337826503365.693,1024765505680.93,2864.40465779002,1293.81666792441,5558.4887486894,4336847335.31917,1689339770.12041,29960433571.4164,-25.7895473746775,795.145332023657,-0.448597355057298,0.437297220811961,0.466399176435594,24.9800140580344,1.19406888866238,3.09635879398572,2.92466906341134,0.0161598906335633,8804401036.64733,126.624085227084,80.7242556389833,-19.8444349987012,,981347534929.023,440938145571.334,1422688217176.52,768203032.446951,340916098.278499,1166709356.38271,137753482711.998,51572963241.3479,188637577403.699,-23.5087716314661,129.124270946462,0.018551605805773,0.0298539365224239,0.0695213069922796,4.72987197607473,0.0608719811532885,0.992681660987742,0.878202672566575,0.00139627613528559,865014762.51589,9.4518266490693,6.43840945803437,0.0590736337638838,,83491391010.0669,40199660682.3352,115986544503.21,2037907.12117191,1044895.36888511,5917206.02426725,43418087023.5145,19989472737.6696,37141651583.5575,1.23960778020523,338.228340155541,0.0130203393121778,0.018000827193747,0.0459724769202473,16.9402612160744,0.0706020190332828,0.748898321778977,0.735842070037708,0.0145702693573184,943235492.498729,26.9911567098158,10.503580445761,0.0463121390030459,,214072342040.387,62911981523.3063,281936166992.374,766162260.921122,339869909.092946,1160786591.86969,89998548353.1646,29894150733.5579,121535492248.725,1.04116796300619,113148,34.2935330843951,-5.23456825783281,46.965085994775
393.665082767453,-0.479127407436775,0.515372221464788,0.723064799849253,3.33913330456408,1.01911652740078,1.88492720786829,1.33299651839783,0.00747834928921151,4928622791.57647,75.9511775236996,48.6577364941097,-19.7776309659856,,586844881676.286,256022598517.409,842867480193.695,982135665.822803,42575013.1321681,1024710678.95497,298190478873.176,12926384811.8957,311116863685.072,-21.1808847448241,136.151339762199,-0.478294240992794,0.545439651604321,0.641966641107344,8.90339223509873,0.795079197746185,2.07030835214544,2.04386564939588,0.00334714506067144,4068594549.74338,43.5770819457522,33.019612159609,-19.8703673198747,,316948389614.388,154825316392.191,471297031076.557,2962299.7625667,2095920.37376274,11605909.9748398,17366227275.1645,7763847696.61475,25989853987.9334,-23.2269812382348,114.22597280162,-0.493200425037333,0.53589624569494,0.577238199361577,2.6765264171711,0.696923228853692,1.07174459799291,1.20850038265441,0.000323311892933445,3272419715.84304,38.5435940351116,28.1605322283399,-19.9744955890715,,274327375667.123,122674897950.435,396389016439.455,4337.46980814152,4759.32886316035,14293.0762985097,724268543.191892,636339293.80196,8000273465.46942,-24.3138549116872,313.311382952656,-0.461321708061751,0.555903779301435,0.694273446249341,25.2732013856678,1.00063114711533,2.86693727735647,2.81722688375819,0.0153422348192487,5028808967.90523,69.8755255649348,47.2439153316205,-19.7775955521835,,540784626718.036,246429146586.833,788351489686.565,288855059.038957,101254537.03848,428905433.31174,53264048433.7754,19657021503.2172,71219523457.9434,-22.4136628591292,21.9253669605789,0.0149061840445391,0.00954340590938085,0.0647284417457673,6.22686581792763,0.0981559688924928,0.99856375415253,0.835365266741465,0.00302383316773799,796174833.900339,5.03348791064058,4.8590799312691,0.104128269196742,,42621013947.2654,32150418441.7555,74908014637.1019,2957962.29275856,2091161.04489958,11591616.8985413,16641958731.9727,7127508402.81279,17989580522.464,1.08687367345242,177.160043190457,0.016972532931043,0.0104641276971141,0.052306805141997,16.3698091505691,0.205551949369144,0.796628925211033,0.773361234362313,0.0119950897585772,960214418.161856,26.2984436191826,14.2243031720116,0.0927717676912359,,223836237103.648,91603830194.6424,317054458610.008,285892759.27639,99158616.6647168,417299523.3369,35897821158.6109,11893173806.6025,45229669470.01,0.813318379105589,126454,34.3093903197024,-5.22194049858565,43.2296031691862
10.1643846938254,1.22244231632805,0.398190858603139,0.302500087014435,26.8609320636013,1.05114484778018,2.00070558850033,1.99765088914895,0.00627582430780426,6546248949.90114,2.18175943200664,2.36702360101622,-16.3645225999359,,15388781326.717,25461146795.1828,40849928121.8998,36494712.4881639,59875845.4100751,96370557.8982389,13203443314.3513,21662517029.7529,34865960344.1042,-12.6893887165533,8.89466244187369,1.35656771096193,0.388732261642026,0.30374732274863,8.28754919357108,0.774754897712401,1.89402536437336,1.8509593797279,0.0196183302333294,5706213923.92341,1.42610230396531,1.54329252920333,-16.4424691070495,,9712038711.35146,14933212387.7871,24210787441.9558,3516365.90696458,4905867.60652222,13239314.3124531,645504437.678335,772927627.013109,1962597062.50699,-14.8898916686869,7.71543675008014,1.1755782442925,0.376767746081839,0.269903468538389,2.94879046618095,0.513783209294524,0.783854755245167,1.03505010814924,0.00690924199586431,5051393567.95755,1.11880205197611,1.22705862330915,-16.5636314105771,,7412581142.28431,8134377119.31169,15508591954.6543,69911.2978422164,215305.569384049,1691885.64739165,10522703.6583399,39465945.7627663,374396799.489411,-16.3884066161235,9.75978816284541,1.53473711884354,0.401043887218227,0.349879149996116,23.9387365352425,0.923435294731848,2.69928333070065,2.6803107921374,0.0291533826563689,6228326283.22419,1.98498133560119,2.17011480852493,-16.3427068207176,,13472863221.8032,19935325643.3437,33838669203.45,19525126.2660414,21594065.8020269,34573702.1110484,1946266711.45158,2481916133.6487,3769212040.96626,-13.8554479078949,1.17922569179354,0.180989466669428,0.0119645155601869,0.0338438542102417,5.33875872739013,0.260971688417877,1.11017060912819,0.815909271578656,0.0127090882374651,654820355.965861,0.307300251989194,0.316233905894187,0.121162303527569,,2299457569.06715,6798835268.47542,8702195487.30151,3446454.60912236,4690562.03713818,11547428.6650614,634981734.019995,733461681.250343,1588200263.01758,1.49851494743653,0.865125720971724,0.178169407881605,0.0123116255762009,0.0461318272474854,15.6511873416714,0.148680397019448,0.805257966327288,0.829351412409503,0.00953505242303948,522112359.300777,0.558879031635886,0.626822279321592,0.0997622863319343,,3760824510.45172,5002113255.5566,9627881761.49424,16008760.3590768,16688198.1955047,21334387.7985953,1300762273.77325,1708988506.63559,1806614978.45926,1.03444376079208,21646,189.032160502803,62.2508181838641,27.9355723329686
1450.05650041077,-0.241560557012131,0.300001587235889,0.999996676497125,26.4744521513425,1.24178876765294,0.937553765360185,1.24998541077287,0.000159123512967796,10511139533.3789,301.682681256645,122.650978321448,-20.2689174386221,,2366472884178.79,711446336430.487,3077919220609.28,79629231.8499128,81405912.6716983,161035144.521611,773914398473027,791181912393823,1565096310866850,-18.0241068305542,1585.65764779603,-0.246387349651679,0.3,1,16.4730323405858,1.23132382762994,0.874505784439111,1.27457961712759,0.00396940642177742,10307535683.2907,301.67480085558,120.273743261167,-20.2760557231374,,2367921989318.18,698182961794.658,3067719297827.93,4824703.12164028,3313748.99956795,11720983.6221985,3373182194.61018,3537376703.50888,13041607565.4941,-19.9301992245429,1502.50590231047,-0.248142381146832,0.3,0.997731404105728,8.72779253203955,1.1994784088703,0.341544688837485,0.588570404177317,0.000349906999115193,9646375352.14683,284.704360465964,112.539641047936,-20.3179019880183,,2234667004597.95,652265226132.979,2893014575315.88,4542.0664206506,2656.53656687727,11089.7880450278,1385619147.70075,499919807.268782,3260474038.81345,-21.4687967574639,1693.87320488402,-0.244745318584864,0.3,1,31.6227766016838,1.26021087157535,1.3691260985158,1.91589617230482,0.0297595558688199,10911491581.4849,320.536409803884,127.320781738797,-20.2370394183164,,2517385260675.07,741872790428.86,3256726780958.99,69127988.2912158,211609428.954872,477206790.255306,17146243997.8148,29298890111.2578,56393405313.2486,-18.8653783543726,83.151745485555,0.00175503149515355,0,0.00226859589427197,7.74523980854626,0.03184541875964,0.532961095601626,0.686009212950275,0.00361949942266222,661160331.143902,16.970440389616,7.73410221323123,0.0418462648809417,,133254984720.227,45917735661.679,174704722512.049,4820161.05521963,3311092.46300108,11709893.8341534,1987563046.90944,3037456896.2401,9781133526.68069,1.53859753292093,108.215557087994,0.00164203106681474,0,0,15.149744261098,0.028887043945409,0.494620314076692,0.641316555177223,0.0257901494470425,603955898.194136,18.8616089483045,7.04703847762953,0.0390163048209899,,149463271356.885,43689828634.2024,189007483131.067,64303285.1695755,208295679.955304,465485806.633107,13773061803.2047,25761513407.7489,43351797747.7545,1.06482087017032,9555,189.14804334866,62.2560780372435,41.4543497719238
51.3178706888759,2.85555313999207,0.371578182116435,0.514700344731526,4.20048207806545,1.23933173490432e-05,1.99804620727694,2.01103747658557,0.0500528564299766,40706774280.8008,8.80922947122895,9.05398093629843,-19.6961901048461,,58340678084.5012,0,58340678084.5012,137346879.25175,0,137346879.25175,6230429192.22788,0,6230429192.22788,-24.8411206671733,54.388174955688,2.29860290423071,0.361420031304868,0.504653132369703,10.5113906882476,0.0601600476879346,2.28125164298059,2.09167881986876,0.0446234462052999,41827113490.3953,10.0095482956076,10.3008408441578,-19.6247524419977,,65862938406.2936,7021424897.54656,72085917573.3304,177884912.05455,2174979.75688636,213624519.397792,10817262628.2223,125685137.672997,13598813916.6847,-28.1907143239629,46.8532832713765,1.06262992662944,0.3,0.405147483827307,3.51476343292318,0.000114312876284052,1.67782467321398,1.15596710539309,0.0121434347345928,38689075898.1365,8.44034201004161,8.68411618194305,-19.7342624156404,,55607020750.9917,0,55830441208.3017,34000030.6428852,0,58784560.3822077,3269680637.8873,0,5077771972.72753,-29.5409187362066,154.282208872589,2.8559193274102,0.400411434755871,0.518264123259275,27.3837206150079,1.73232019590729,3.01044090214063,2.92907446838264,0.0501187233627272,61788662840.1199,64.5033778517867,66.9967921699129,-18.1415911323116,,454746457670.798,683002572100.867,1157399337797.03,379324267.759019,196476507.967472,433121385.382083,24660383657.1213,33834203760.8956,60265457823.6476,-26.3566955787766,7.53489168431146,1.23597297760127,0.0614200313048683,0.0995056485423964,6.99662725532438,0.0600457348116505,0.603426969766604,0.93571171447567,0.0324800114707071,3138037592.25881,1.56920628556602,1.61672466221476,0.109509973642631,,10255917655.3019,7021424897.54656,16255476365.0286,143884881.411665,2174979.75688636,154839959.015584,7547581990.33496,125685137.672997,8521041943.95718,1.35020441224368,99.8940339169007,0.557316423179491,0.0389914034510031,0.0136109908895716,16.8723299267603,1.67216014821935,0.729189259160047,0.837395648513879,0.00549527715742732,19961549349.7246,54.4938295561791,56.6959513257551,1.48316130968613,,388883519264.505,675981147203.32,1085313420223.7,201439355.704469,194301528.210586,219496865.984291,13843121028.8991,33708518623.2226,46666643906.9629,1.83401874518633,15484,189.064586331183,62.2738256546791,66.0135068261264
219.716298605384,-1.99580607593868,1.1360063208344,-0.0894533897896022,3.73194934363996,1.07502208110879,2.02309044668052,2.01490294042713,0.0362258708760089,14102070457.4135,41.3958551440639,38.5048284359842,-18.7115549404221,,274196421730.721,153606192820.418,427802614551.139,690720652.253172,378593492.845866,1069314145.09904,43292397992.5239,23729158982.2848,67021556974.8088,-12.7045135451272,231.994205583763,-2,1.06299521244241,-0.112580203407581,11.538496177523,1.07579055742463,2.24809628744843,2.19721394546298,0.0378609708050746,14281261435.3477,42.2043237801187,39.1800183157129,-18.7007428613044,,281118076595.836,152448960180.686,431994885371.264,530627685.445868,317704294.218917,879449471.519267,37031066501.8273,18770150064.4256,55143724189.8377,-14.5898050784721,218.269924332554,-2,1.02986863627955,-0.147581950924522,4.32167773149377,1.03052329858777,1.43193174414987,1.28373181797509,0.0282165074741167,13668770270.0817,40.5511976932199,37.78425806362,-18.7475429965301,,270054865705.591,139339150447.664,410902152181.074,79549246.5485569,21064291.4609332,426895305.364018,4312449526.46903,1354379662.86449,25313268887.2679,-15.9408158581405,249.661312671398,-1.91679503660124,1.09184248382869,-0.0857552277435561,28.2021868184066,1.13353031567281,3.00607041139061,2.97228005126328,0.0501187233627272,14814640168.8476,44.0780535375065,40.8985429840944,-18.6597397249694,,292993308855.193,172423414899.008,462775017558.813,1138305488.26325,600539866.540552,1467999634.88432,67362111459.9036,36671294063.4798,87390721439.3092,-13.7447402978766,13.7242812512088,0,0.0331265761628676,0.0350017475169412,7.21681844602921,0.0452672588368526,0.816164543298557,0.913482127487888,0.00964446333095794,612491165.265993,1.65312608689879,1.3957602520929,0.0468001352257517,,11063210890.2448,13109809733.0219,21092733190.1901,451078438.897311,296640002.757984,452554166.155249,32718616975.3583,17415770401.5611,29830455302.5697,1.35101077966845,17.6671070876349,0.0832049633987562,0.0288472713862737,0.0268249756640245,16.6636906408837,0.0577397582481865,0.75797412394218,0.775066105800299,0.0122577525576526,533378733.499853,1.87372975738778,1.71852466838157,0.0410031363349397,,11875232259.3571,19974454718.3223,30780132187.5493,607677802.817378,282835572.321635,588550163.365054,30331044958.0762,17901143999.0542,32246997249.4715,0.845064780595505,942,189.197549495719,62.2913394656315,28.3217041557299
1529.08891959407,-1.21327438084185,0.319037644912387,-0.208956315080691,28.9957022661443,0.867390430357484,2.02446732113584,2.00831406389562,0.000106008615300874,5899393640.12985,43.207892368147,34.8806675890111,-19.8620609334549,,333220001715.016,186081106457.958,519301108172.973,842466368.973024,450553765.152812,1293020134.12584,28839775955561400,15423606355683300,44263382311244600,-18.2234394754679,1077.13247021715,-1.17423882298086,0.3,-0.229229614411164,9.58208602457632,0.803590758652453,1.97830618657208,2.03233719970845,0.00022386694061215,5456041012.76792,38.5993151957379,31.4151422391668,-19.8896558489425,,291433257045.596,162230798984.395,454194608023.379,1470.6512429584,1614.34148682971,4205.75790221265,8397162601.98176,4059130896.36696,14549886534.0721,-20.9371622049452,652.628866446609,-1.21904596126683,0.3,-0.233810343928262,2.51673553004973,0.50803058105659,1.07122212124749,1.22756866807684,1e-04,3073773821.12226,22.9927199506967,18.4858910370129,-19.9718193323104,,160233783983.834,68080641885.2609,229054544056.726,133.59372863712,98.2380231268041,449.393026969313,492423508.358969,359079622.612639,4320143528.51587,-22.5808977808942,1449.5824137296,-1.13070907351709,0.314806545719648,-0.213544102435602,25.9298910606158,0.873563302306513,2.72961757140853,2.86817561382379,0.00424431905281071,6021582653.99277,43.207892368147,35.04439300041,-19.8247872944068,,330329238971.337,186873655687.355,517723342580.965,7048504.5501975,1400789.9636116,11374303.6029812,19198002875.395,10823523235.4062,25568932187.4028,-19.3762895547834,424.503603770543,0.0448071382859627,0,0.00458072951709795,7.0653504945266,0.295560177595863,0.907084065324593,0.804768531631613,0.00012386694061215,2382267191.64566,15.6065952450412,12.929251202154,0.0821634833679141,,131199473061.762,94150157099.1338,225140063966.654,1337.05751432128,1516.1034637029,3756.36487524334,7904739093.6228,3700051273.75432,10229743005.5562,1.643735575949,372.449943512445,0.0435297494637694,0.0148065457196482,0.0156855119755624,16.3478050360395,0.0699725436540605,0.751311384836455,0.835838414115334,0.00402045211219856,565541641.224842,4.60857717240909,3.62925076124319,0.0648685545357211,,38895981925.7407,24642856702.96,63528734557.586,7047033.89895454,1399175.62212477,11370097.845079,10800840273.4132,6764392339.03927,11019045653.3307,1.56087265016178,12216,189.133914999581,62.2424344366106,44.5272994885215
14.4171118938317,-0.326534240034043,0.49090704848988,0.615833640360338,0.882375368638849,0.204104104211746,2.38794734456609,1.87047513707037,0.000374925716658554,818087665.548569,7.92663810569578,6.34123389272366,-19.8563501046871,,53996905131.688,14410452848.8546,68407357980.5426,276575446.152374,22991134.1122178,299566580.264592,188616776482029,15679315225703,204296091707732,-24.8867467175656,17.8620983924597,-0.415736944903496,0.479392804264713,0.432027687137865,4.96932555148446,0.0152152157495635,1.87806732683469,1.95524402191693,0.0057332159521644,691289567.920827,6.75144733738666,5.25755293269973,-19.8909773234521,,47754290585.8958,672687189.383324,48278412606.3138,1452213.99418712,10814.1580104726,1873712.46045182,1635966691.73401,13999344.9177351,1847151997.09496,-27.4599732140929,13.6745730889211,-0.467714825578178,0.462821620165354,0.374226254373836,1.43941852284271,0.000127267520061737,0.956191365188836,1.05462145902527,0.000816885634385607,636508494.253402,6.22909316429298,4.92912555266806,-19.9458558077073,,43088235591.1789,3688342.18947083,43855815919.1334,12073.80332721,0.192276249484283,15702.3987494425,90828041.4343267,84437.6718324256,144971907.846242,-28.825578553712,19.8790488382757,-0.354262228057435,0.506739624698417,0.476453081077129,21.6495934539516,0.159511799773556,2.88559365223104,2.86031767511559,0.027822542225437,844186665.076032,7.90491293540718,6.34647729802392,-19.7800459821874,,57039357754.9257,10899437335.9911,67385016866.0715,55062363.265456,385369.993601589,55214388.8967403,8614657797.91611,241427825.979572,8713300058.71801,-26.4023569540549,4.18752530353869,0.0519778806746817,0.01657118409936,0.057801432764029,3.52990702864175,0.0150879482295018,0.92187596164585,0.900622562891668,0.00491633031777879,54781073.6674254,0.52235417309368,0.328427380031666,0.0548784842552585,,4666054994.71683,668998847.193853,4422596687.18038,1440140.19085991,10813.9657342232,1858010.06170238,1545138650.29969,13914907.2459027,1702180089.24871,1.36560533961915,2.016950445816,0.0614747168460614,0.0273468204337035,0.044425393939264,16.6802679024672,0.144296584023993,1.00752632539635,0.905073653198656,0.0220893262732726,152897097.155205,1.15346559802053,1.08892436532419,0.110931341264656,,9285067169.02995,10226750146.6077,19106604259.7577,53610149.2712689,374555.835591117,53340676.4362885,6978691106.1821,227428481.061837,6866148061.62306,1.05761626003801,16972,189.058317421305,62.2725587141236,52.7142785014614
22.8431623319242,-0.11448107172814,0.717785552551864,0.707573198183641,31.6176337274695,0.964544706947638,2.00085894877688,2.00039121611262,0.0314008545691015,5495233219.11643,21.4615320224531,20.7732263131604,-18.4831920327077,,142764105901.976,83329378590.712,226093484492.688,338709694.078095,197446226.915991,536155920.994085,24491432900.6077,14276948969.9819,38768381870.5897,-12.689385856648,23.9153122313333,-0.356199449441512,1.02143458910497,0.386523308936956,11.675358057071,0.911019433635504,2.1878632731789,2.06741629696819,0.0285539674950415,5914409699.08771,19.8851370006252,18.9746511479854,-18.4822219741188,,133739583668.308,73650396944.1499,210382702547.613,163377473.687472,81381285.6676533,276049650.517169,15748399193.3428,6987839941.70877,26004179904.9981,-15.8696257336163,21.9504296106497,-0.634619900493937,0.787222100457488,-0.0514695255038454,4.31032734401714,0.851402551053323,1.49895583378513,0.998778519436913,0.0161425016934972,5569554438.73656,17.1991227243263,16.4932632563033,-18.5271669386839,,114739348010.203,64863113698.9799,180255246276.353,28068681.5852914,2950080.27897461,97467133.7652634,2496157256.35761,225828730.076686,8660069211.74824,-16.9463867215604,26.0880231359918,-0.153275120245578,1.51595679427995,0.908613580159849,29.4823801169314,0.996666759076237,2.95215465114862,3.24944482572967,0.0433130547087985,6299226999.01756,21.7263412285267,20.8286527359776,-18.4413019104969,,145384435713.692,90258737308.6651,233603719865.852,406211061.675155,229987903.86043,575542720.623446,30864783490.6438,20485177598.7368,42457045764.0658,-14.5287445780387,1.96488262068356,0.278420451052425,0.234212488647484,0.437992834440801,7.36503071305384,0.0596168825821803,0.688907439393771,1.06863777753127,0.0124114658015443,344855260.351151,2.68601427629892,2.48138789168216,0.0449449645651114,,19000235658.1056,8787283245.17003,30127456271.2593,135308792.102181,78431205.3886787,178582516.751906,13252241936.9852,6762011211.63208,17344110693.2498,1.07676098794403,2.17271090465852,0.202924329195933,0.494522205174982,0.522090271222893,17.8070220598604,0.0856473254407335,0.764291377969726,1.18202852876149,0.0147590872137571,384817299.929849,1.84120422790153,1.85400158799218,0.0409200636218259,,11644852045.3837,16608340364.5152,23221017318.2397,242833587.987683,148606618.192777,299493070.106277,15116384297.301,13497337657.028,16452865859.0677,1.3408811555776,20197,189.337089016745,62.2485152399926,31.3265842242563
387.428492302411,-0.223161928629069,0.3,1,30.8423273565453,0.720601232063225,1.90326491219086,1.9739612548367,0.000107154016777387,4144814109.00597,108.085387236257,48.2629843682727,-20.6405187541646,,845184664772.327,238606029417.887,1083790694190.21,1500930960.2744,524945574.504894,2025876534.7793,49697142026461200,17381408914079900,67078550940541100,-31.1642202898923,608.100093955022,-0.24640476947145,0.3,1,11.0534824995528,0.723049592811385,1.93215196083321,1.76648697893047,0.00209427528592651,4128138725.24363,116.499339462779,48.0568645153627,-20.644321861137,,913921518311.197,240028830548.523,1153739242786.53,5323041.88707715,1082067.29390205,10881427.1010058,34654320942.14,5219506961.06261,50717572596.7344,-33.1356039293641,510.695615470591,-0.248744445997241,0.3,0.953423741014911,4.68282761066491,0.686135604065377,1.1547918888495,0.528849192305215,0.000259362707112986,3800102462.79426,106.426914428603,44.254170628311,-20.6868665147637,,833962038986.891,218380401209.695,1061318165051.55,11878.835776606,219.854764234267,17430.801630896,2749568907.01109,130816130.764058,16239784470.9637,-34.4249933308891,734.747859102412,-0.239973865703289,0.3,1,27.5262260997709,0.764988486088718,2.87506310556239,2.69401822996529,0.0270302266224123,4474400863.72194,131.395249759707,52.1815354898298,-20.6022203739441,,1031038137966.36,268020973383.481,1297705014062.49,375434681.155929,240588717.882785,729956846.846961,84896644627.8994,32134914283.2802,94670312247.3254,-32.0181419634719,97.4044784844309,0.0023396765257919,0,0.0465762589850893,6.37065488888784,0.0369139887460078,0.777360071983704,1.23763778662525,0.00183491257881353,328036262.449366,10.0724250341758,3.80269388705166,0.0425446536266847,,79959479324.3053,21648429338.8275,92421077734.9786,5311163.05130055,1081847.43913781,10863996.2993749,31904752035.1289,5088690830.29856,34477788125.7707,1.28938940152504,126.64776514739,0.00643090376816019,0,0,16.4727436002182,0.0419388932773331,0.942911144729183,0.927531251034824,0.0249359513364858,346262138.478312,14.8959102969282,4.12467097446713,0.042101487192884,,117116619655.168,27992142834.9583,143965771275.964,370111639.268852,239506650.588883,719075419.745955,50242323685.7594,26915407322.2176,43952739650.591,1.11746196589217,1547,189.305768517986,62.2108848259866,65.208666097013
102.826481027087,-1.99933900046573,2.88942190265512,0.157698960676383,4.76843141338347,0.610872008885292,2.0128062255708,2.00310243174282,0.0501185622613531,5853404049.49938,21.2090949866007,19.4754448424472,-19.1447344541604,,141061351520.478,54724090648.2053,195785442168.684,345720286.138044,130634327.808249,476354613.946293,15662255177.9382,5918160603.14801,21580415781.0862,-27.7831621433984,71.3125146897493,-1.6812052620038,2.26280374451872,-0.357239543167886,10.0482966595001,0.598201195636494,1.89546680540189,2.01102005082387,0.049072986038091,5701188584.88251,19.9288146599715,18.4175207389205,-19.1584135451777,,132191734066.952,52950955451.9064,184989986749.799,161191652.447804,92268400.1530915,308585695.972894,9088534423.00307,4661424465.30665,16674009358.7688,-29.8308597205473,58.6057692210838,-2,0.599006414005051,-0.5,2.52876363550154,0.540953054990055,0.876590457915556,1.15592031470885,0.035180358782421,5091137146.4143,18.0651832382347,16.6959643121615,-19.225173143124,,118971555065.815,45466497478.8134,165592685897.154,5321059.43077554,5183001.33805751,49232236.8063929,262482545.133957,276137258.60374,2761073877.255,-31.3125245656752,86.1977428938926,-1.14664429379946,21.1196813552172,0.311304786634007,28.2281607688679,0.678907938046347,2.8451857747384,2.87594318635579,0.0501187233627272,6179161852.94339,22.6462224579037,20.7319199870316,-19.1097691676309,,150803252472.595,65628540099.3066,215852361408.563,589899101.893136,242633972.840139,726788689.438259,31121575182.772,12049091370.7645,38140660994.8967,-28.7880240225439,12.7067454686654,0.3187947379962,1.66379733051367,0.142760456832114,7.51953302399857,0.0572481406464388,1.01887634748633,0.855099736115026,0.01389262725567,610051438.46821,1.86363142173681,1.72155642675907,0.0667595979462377,,13220179001.1364,7484457973.09296,19397300852.6454,155870593.017028,87085398.815034,259353459.166501,8826051877.86912,4385287206.70291,13912935481.5138,1.48166484512792,14.8852282041433,0.53456096820434,18.8568776106984,0.668544329801892,18.1798641093678,0.0807067424098534,0.949718969336512,0.864923135531918,0.00104573732463624,477973268.060875,2.71740779793219,2.31439924811102,0.0486443775467791,,18611518405.6436,12677584647.4002,30862374658.7636,428707449.445332,150365572.687047,418202993.465365,22033040759.7689,7387666905.4579,21466651636.1279,1.04283569800339,11269,189.265427095898,62.1993781148801,58.8749069756496
13.8332675868774,0.177992904908444,0.300002606584778,-0.0823887354108456,13.0253801705617,1.00294203820253e-05,1.99187342663335,1.99987481772525,0.050118448962028,3929438208.72078,11.5213213058191,12.458632833521,-20.3485375854326,,76451355330.5646,138825949.147469,76590181279.7121,176930431.903418,328476.961003755,177258908.864422,8015543052.65559,14881110.0182489,8030424162.67384,-24.3059821532306,12.8457510181758,0.135956105297506,2.88531189640652,0.240956212350672,5.48558960545006,0.00271090750197376,1.6532087831979,1.94484324405523,0.0497896261503174,3923251403.18603,12.5152782909645,12.4699345368511,-20.3461127531936,,82907969382.919,262372961.502209,83442465969.2339,52610581.388304,365991.302692477,66597734.2926785,2826658251.96677,17631940.5958148,3697385246.03135,-26.2457065215532,11.7854793475848,-0.0145320749790195,0.605118463369019,-0.401337600394915,1.94669915082968,5.53309219365975e-05,0.948465551305169,0.822695087162478,0.037005169023018,3381510514.73095,11.5643998647077,11.5745625851948,-20.3847038116216,,74733230047.9417,51118148.5673676,75100901897.1546,3700647.99612446,1708.90269573513,7392530.59614373,186398190.130408,88369.3932072616,358388677.469272,-27.5353538623304,13.6655249650967,0.25888748559655,30.8754317626975,0.854992503801807,21.7654897159692,0.0510484744086215,2.53187946538008,2.76635178395298,0.0501187233627272,4407801476.57716,13.3392685187858,13.2931127681648,-20.3082936982068,,88816973050.2449,5521176023.15611,93827319522.6789,315497403.163585,15678950.0824792,317137892.723925,14947900617.1638,853849728.036447,15173002222.7345,-25.3253253620125,1.06027167059093,0.150488180276526,2.2801934330375,0.642293812745588,3.53889045462038,0.00265557658003716,0.704743231892734,1.12214815689275,0.0127844571272994,541740888.455074,0.95087842625675,0.895371951656259,0.0385910584279969,,8174739334.97731,211254812.934841,8341564072.0793,48909933.3921796,364282.399996742,59205203.6965348,2640260061.83636,17543571.2026075,3338996568.56208,1.28964734077722,0.819773946920966,0.122931380299044,27.990119866291,0.614036291451135,16.2799001105191,0.0483375669066478,0.878670682182179,0.821508539897744,0.000329097212409785,484550073.391131,0.823990227821321,0.823178231313694,0.037819054986862,,5909003667.32591,5258803061.6539,10384853553.445,262886821.775281,15312958.7797867,250540158.431247,12121242365.197,836217787.440632,11475616976.7031,0.920381159540671,16900,189.082660314825,62.2524803877119,49.9524844899923
496.735138451221,-1.34091443035246,0.543504000520042,-0.19588273609427,2.85356543206922,0.568258438456149,2.02247514339329,2.00987874652209,0.0501177125343814,7752138066.86494,43.2775511711654,37.1791595987771,-20.0963876733069,,286032321013.946,106020407196.451,392052728210.397,719363046.616299,257795127.741899,977158174.358197,32590041946.0761,11679157090.5975,44269199036.6736,-12.4485592860795,575.503272263114,-1.34960597333471,0.536401436488362,-0.208157359774299,9.91473661229317,0.722355354444359,2.184359737614,2.1471635607858,0.0284661215412703,8740778072.50698,48.2979288717344,41.3950860198147,-20.0672616000773,,331249409935.786,152044802126.15,482343647463.003,235405740.390268,48669443.8473008,459013844.74865,28347746166.2762,12875065433.9754,43407086117.1813,-15.2392636236899,500.590370398101,-1.40305240908908,0.498775276601078,-0.238115067999918,3.05660997856064,0.587569726768158,1.37091846272823,1.18194854166444,0.00245282250623216,7645920757.08128,43.8269861810665,37.4470130081625,-20.1254385443428,,293470746677.468,112555755497.624,409009251171.19,1755754.0832389,1822539.46706451,6043606.14388839,2837772727.18434,754599640.596541,18454719479.8604,-16.5951975153969,682.388016552923,-1.32512293663783,0.560863705415563,-0.184150439262139,27.2700654534093,0.91286592753796,2.94202976349212,2.9292535846516,0.0501187233627272,11413005083.525,59.4533354763042,51.6574647233772,-19.9308400277792,,414382255040.814,250525692079.148,662789116132.42,1255771361.85087,398634294.350739,1563778353.8011,72240634525.4581,28158415016.1653,85301988413.3565,-13.8292768027765,74.9129018650131,0.0534464357543707,0.0376261598872839,0.0299577082256197,6.85812663373253,0.134785627676201,0.813441274885772,0.965215019121358,0.0260132990350381,1094857315.4257,4.47094269066787,3.94807301165222,0.0581769442655293,,37778663258.3185,39489046628.5267,73334396291.8129,233649986.307029,46846904.3802363,452970238.604761,25509973439.0919,12120465793.3788,24952366637.321,1.35593389170703,106.884744289809,0.0244830366968836,0.0244622689272009,0.0240069205121599,17.3553288411162,0.190510573093601,0.757670025878121,0.782090023865798,0.0216526018214569,2672227011.01805,11.1554066045697,10.2623787035625,0.136421572298119,,83132845105.028,98480889952.998,180445468669.417,1020365621.46061,349964850.503438,1104764509.05245,43892888359.1819,15283349582.1899,41894902296.1752,1.40998682091342,4119,214.949462941075,52.8454227064745,29.5587537024477
49.5280809878789,0.199929985978656,0.300000029456917,-0.0442776778201957,1.49045614695911,0.368581615419304,2.00887296281764,2.00384902784791,0.0334745034837127,17657740485.5997,39.4288371663212,42.9737767629322,-20.8427373387794,,247923063556.478,107652309168.212,355575372724.69,601200558.185009,257506718.468363,858707276.653373,40778689691.0167,17466361969.9135,58245051660.9302,-19.5882614264078,40.6751067744818,0.327334777607069,0.402304589404545,-0.0673235827293484,4.44494667681354,0.0103670204024759,1.80860196320119,2.05587356139692,0.0393600897822652,18678932300.0313,23.5544367218425,24.6288741649355,-20.882201869174,,153817234240.895,2107684976.18176,157071218569.109,144194109.136534,1359332.31428006,276683758.236368,8881377139.26769,78132613.8027105,17570358498.9979,-23.4044635238635,35.7488706502965,0.154596152057908,0.3,-0.410392644711142,1.35713036470411,9.83996572610822e-05,0.970107682813038,1.37493812654466,0.0277212723393498,17452395748.179,16.0173510877653,20.4224660652991,-20.9785854888554,,99973916695.1777,0,102163223196.443,4690165.97609118,0,61686430.7093939,315449226.393326,0,4106505473.36601,-24.5848991115273,44.9054838811629,0.529695250488682,0.756418389558411,0.740927738972872,17.591931667585,0.34576492393432,2.73300388360476,2.79454024277985,0.0501187233627272,19865997332.1526,42.4825692900202,42.3743677710373,-20.8293873908406,,281847166984.108,100422959444.717,375068530505.577,566155718.469082,279257096.796616,614757956.772746,28194933609.4564,17039825941.6273,33720297808.6772,-21.5396471534106,4.92623612418535,0.172738625549161,0.102304589404545,0.343069061981793,3.08781631210943,0.0102686207452148,0.838494280388151,0.680935434852261,0.0116388174429154,1226536551.85225,7.53708563407716,4.20640809963647,0.0963836196813368,,53843317545.7171,2107684976.18176,54907995372.6664,139503943.160443,1359332.31428006,214997327.526974,8565927912.87436,78132613.8027105,13463853025.6319,1.18043558766382,4.23037710668109,0.202360472881613,0.354113800153866,0.808251321702221,13.1469849907714,0.335397903531844,0.924401920403572,0.738666681382934,0.010758633580462,1187065032.12132,18.9281325681777,17.7454936061017,0.0528144783334064,,128029932743.214,98315274468.5349,217997311936.468,421961609.332547,277897764.482336,338074198.536379,19313556470.1887,16961693327.8246,16149939309.6793,1.86481637045284,5357,214.896496723333,52.8708816957982,61.0232300481689
27.3413421067805,2.29409095619651,99.9987136144975,-0.413882433046425,22.7114698730178,2.61387831919262,2.0468274797454,2.04653277422101,0.0501187233627272,42192479419.5733,27.3340425214149,27.3343280786752,-13.8825451444317,,182084601948.968,181290956021.74,363375557970.708,487815816.225093,485325816.323234,973141632.548327,22099574543.2545,21986769798.895,44086344342.1495,-13.2746094088862,33.6575305871211,1.86538175987233,21.5368801191906,0.259161155418678,18.3586684008304,2.80036775033825,2.23130875844207,2.26173246133243,0.0462526139073346,42587167337.3087,32.7043459049678,32.7169650007057,-13.758785997477,,219576968408.936,226300525353.803,458861747453.595,417071778.391318,441259946.058907,1042430539.63387,27141704872.8783,29696697934.5749,59395085831.1397,-15.7172624574071,27.2871043868991,0.563721655768202,4.56508674446633,-0.344528226372042,9.3597087295715,2.59890402212056,1.38963886524419,1.29058080269852,0.0268575371499285,39244199217.3241,26.637207142473,26.6461001539014,-13.9177694435959,,177284031724.516,179126252558.312,357194256706.59,40959590.3791093,30545205.6158958,241766183.730911,2976596855.79135,2021907249.34996,20030951063.3932,-17.2894468550173,40.1187123006491,2.43860971116097,76.497038652311,0.870545252495536,31.6227766016838,2.94910502644784,2.94054671538057,3.31684145545034,0.0501187233627272,48193354930.0384,39.5068075572068,39.5061463606995,-13.5403233681877,,263829110539.018,269401596736.805,533755022324.569,940308228.265278,1132987829.83434,1778149821.21883,50343147060.0089,60375023176.0069,92494077553.6576,-14.3786299359881,6.370426200222,1.30166010410412,16.9717933747242,0.603689381790721,8.99895967125888,0.201463728217691,0.841669893197873,0.971151658633915,0.0193950767574061,3342968119.98458,6.06713876249481,6.07086484680433,0.158983446118894,,42292936684.4195,47174272795.4911,101667490747.005,376112188.012208,410714740.443011,800664355.902963,24165108017.0869,27674790685.2249,39364134767.7465,1.5721843976102,6.46118171352795,0.573227951288648,54.9601585331205,0.611384097076857,13.2641082008534,0.148737276109583,0.709237956938505,1.0551089941179,0.00386610945539258,5606187592.72966,6.80246165223896,6.78918135999385,0.218462629289224,,44252142130.0828,43101071383.0017,74893274870.9735,523236449.87396,691727883.775432,735719281.584957,23201442187.1306,30678325241.432,33098991722.5179,1.33863252141897,6944,214.896711505705,52.8497991007546,35.5193194362527
149.624297051817,2.19420133949719,99.9575247192641,0.680309925337205,19.4125920556104,3.26090664972875,2.06926827781915,2.06963008689219,0.050118711880296,197046912660.475,149.58946958656,149.590860371864,-13.9953873172072,,996411780233.64,1001317485407.47,1997729265641.11,2823090193.19213,2839500639.25773,5662590832.44986,127894800425.3,128638244871.216,256533045296.516,-14.4355206678339,157.710146231533,1.92042117908173,7.71031592044195,0.647810349967539,18.9791881499344,3.27390355040475,2.01059154607102,2.14557529368433,0.0501187233627272,186575691036.192,148.80586678924,148.886781395054,-14.0342391096508,,990831750883.642,1025889275597.59,2013823915370.51,1656868326.38673,2309623315.88367,4456519040.12333,86126259056.7982,117656763770.018,228284079345.994,-16.5624137474505,143.435442658613,1.39740132715898,0.531627929121886,-0.282341998823543,10.1943235583586,3.15836417662888,1.19852723550161,1.44899373961998,0.040177996804657,171629691256.575,132.357691042964,132.499873583339,-14.1548330386531,,881501557847.736,891499198652.774,1768726937309.55,114572165.942915,327525757.758644,1968077147.76315,5605148375.3496,17632580977.1937,99200487272.0862,-18.1110638045241,188.041185065509,2.1949688120289,60.823322937418,0.986159941002951,31.6227766016838,3.34076179591853,2.81593982000065,2.82568330328684,0.0501187233627272,199693048006.851,163.651658705861,163.847325519015,-13.9340830241735,,1089199012782.33,1102511647495.94,2197210791826.72,4594441783.81505,4699336780.8282,7438130679.14729,231405808729.203,221519338892.987,358867032522.048,-15.4473460876853,14.2747035729194,0.52301985192275,7.17868799132007,0.930152348791082,8.78486459157577,0.11553937377587,0.812064310569406,0.696581554064354,0.00994072655807018,14945999779.6175,16.4481757462758,16.3869078117157,0.120593929002254,,109330193035.905,134390076944.813,245096978060.952,1542296160.44381,1982097558.12502,2488441892.36018,80521110681.4486,100024182792.824,129083592073.908,1.54865005707365,30.3310388339766,0.274547632947174,53.113007016976,0.338349591035412,12.6435884517494,0.0668582455137807,0.805348273929633,0.680108009602513,0,13117356970.6585,14.8457919166214,14.9605441239607,0.100156085477369,,98367261898.6923,76622371898.3518,183386876456.216,2937573457.42832,2389713464.94453,2981611639.02396,145279549672.404,103862575122.969,130582953176.053,1.11506765976511,3514,214.876292906244,52.8523537198611,41.4135035796337
30.5099813871548,-1.99999976249378,99.9991956432915,-0.269214714761586,31.6223639186703,1.05106690282972,2.07194977520948,2.04396871650311,0.0501187219265472,8806483940.46003,16.1055745250723,15.5789016577991,-17.5629373574374,,107360668730.114,59564814515.5775,166925483245.692,306177585.493547,158419621.84871,464597207.342257,13870797835.8391,7176902072.53876,21047699908.3779,-18.9024444711604,47.1400496665281,-1.7394861285593,0.966844473576414,-0.493270329689057,9.55940816873311,1.11522772552737,1.70719323310188,1.96214096108079,0.0459514250649221,8628229038.36306,17.6182841114657,16.9221823909764,-17.5726805673482,,117671507454.579,68023757165.2699,185616475055.661,84730401.897587,85162818.4630027,243133176.802035,5034794817.84109,5517717048.0031,14988206693.8912,-21.1094614665524,30.628431908092,-1.9745562030038,0.821531516548094,-0.5,3.65210328544206,1.05258571880219,0.79638859382933,1.07468177866571,0.0271194259623002,8068285150.75951,16.207173597811,15.6020974339925,-17.6606657756599,,107717676382.982,60749179427.9802,168970099112.036,2708650.67537559,5068573.63580105,71636006.6016815,184000698.73983,269494701.090966,5204186653.98442,-22.5618174310454,51.5877701476178,-1.59114399403077,21.6368988648418,-0.222911249314387,26.6535494772554,1.23849069770947,2.55535401761822,2.78027627578564,0.0501187233627272,9206752161.11886,19.3633465380024,18.5213847281681,-17.4976150299077,,129506661123.533,86608479733.2138,213902558519.491,393323738.126699,265277064.69876,527295953.393299,22801278962.6834,15601161231.5781,29583482383.1621,-19.9153787277134,16.5116177584361,0.235070074444494,0.14531295702832,0.0067296703109429,5.90730488329105,0.0626420067251765,0.910804639272549,0.887459182415084,0.018831999102622,559943887.603553,1.41111051365463,1.32008495698395,0.087985208311693,,9953831071.59746,7274577737.28975,16646375943.625,82021751.2222114,80094244.8272017,171497170.200353,4850794119.10126,5248222346.91214,9784020039.90676,1.45235596449298,4.44772048108966,0.148342134528535,20.6700543912654,0.27035908037467,17.0941413085223,0.123262972182105,0.848160784516344,0.818135314704854,0.00416729829780509,578523122.755798,1.74506242653673,1.59920233719165,0.0750655374405085,,11835153668.9534,18584722567.9439,28286083463.8297,308593336.229112,180114246.235757,284162776.591264,17766484144.8423,10083444183.575,14595275689.2709,1.19408273883899,6171,214.916374444695,52.8913253914987,40.8441446345659
1.89486983836203,1.55872819825408,0.3,0.467678915168692,0.143918750925862,0.0150972210634466,1.74806720182747,1.54643659928287,0.00702954445504533,1198733275.99327,0.425730932228598,0.446292839191612,-17.8101240109477,,1402882348.69292,0,1402882348.69292,1439004.16703025,0,1439004.16703025,464796560.348753,0,464796560.348753,-23.5577475587549,1.87890080451339,1.62589343344457,0.302825204842955,0.486032963235761,3.35614831856316,0.000607854707989415,1.79850051856258,2.30914807509991,0.00311886626918711,1230082795.81883,0.520769685643215,0.537149832251384,-17.6865526510468,,3641815974.49551,239950.78870821,3691417987.19901,49013.7577488104,1.07864269399942,51379.9110602725,76390227.595648,915.473223277878,82597931.6414026,-26.3838820005839,1.60500773905084,0.968335676115092,0.3,0.411157513477811,0.12390756719944,2.82137756033235e-05,1.13394978231419,1.24359499203185,0.00128518305700746,1099271177.38752,0.385753506115568,0.405217375558753,-17.7911483329523,,1173091297.87787,0,1189679747.22723,1347.91344820491,0,1524.11523069522,7935157.12745241,0,9965263.43105867,-27.8236476176253,2.17120235260501,2.23878909863591,0.360083633155657,0.57750040534815,20.3195871089127,0.0255912426983469,2.80695030642219,3.10205889337137,0.0113579513692447,1394468476.80229,0.687892902736693,0.716441400424377,-17.5191537698763,,4783708826.48128,141654649.658471,4850629497.01787,1419515.18372845,4943.75969323239,1658681.34474274,408448396.454635,6788726.08478969,463035904.580091,-24.9707530536613,0.273893065462545,0.65755775732948,0.00282520484295545,0.0748754497579494,3.23224075136372,0.000579640932386092,0.664550736248391,1.06555308306806,0.00183368321217965,130811618.431314,0.135016179527647,0.131932456692631,0.104595681905504,,2468724676.61764,239950.78870821,2501738239.97179,47665.8443006055,1.07864269399942,49855.7958295772,68455070.4681956,915.473223277878,72632668.2103439,1.4397656170414,0.292301548091624,0.612895665191339,0.0572584283127016,0.0914674421123893,16.9634387903496,0.0249833879903575,1.00844978785961,0.792910818271457,0.00823908510005759,164385680.983456,0.167123217093478,0.179291568172993,0.167398881170527,,1141892851.98577,141414698.869763,1159211509.81886,1370501.42597964,4942.68105053839,1607301.43368247,332058168.858987,6787810.61156641,380437972.938689,1.41312894692265,11723,214.890535330704,52.8929768778752,54.9169556954134
27.198840097511,0.0890121450143874,0.300003125209774,0.0768765051527279,1.54441604422191,0.472868831076972,1.97683749559515,1.99228212760871,0.0501170370558034,7514138569.18764,25.8476524032191,26.3731439577987,-19.9315127667736,,163050232221.982,68597686730.226,231647918952.208,361682491.407855,158935548.704976,520618040.112831,16385893729.7128,7200517229.39654,23586410959.1093,-23.4621217497305,21.3394281677313,-0.0321066924394984,1.48015977934773,0.451217790254474,2.96056460585449,0.303757146229913,1.88010864462583,2.21993800169173,0.0501187233627272,8088024909.43738,19.325109343394,19.1021932927463,-20.0230978448741,,119729564823.651,37755588841.0754,155927404931.655,175470701.667662,82404876.8806172,385338564.429011,9255004815.91464,3921493081.02514,18941768777.7681,-26.8591064527419,17.1171170080846,-0.400488630364008,0.3,-0.217548232150089,1.16169114334069,0.150426872559897,1.14005770959688,1.31679556686119,0.0401206222807477,7516836943.54374,16.5774872209262,16.3046512058757,-20.1330075368055,,104975441307.605,17098459643.1352,124797875911.724,12431527.086558,5920360.58302529,44991508.4227587,597197887.180239,284172492.865069,2067301985.03026,-27.9632344066648,29.0502692452764,0.157184524479562,13.3955541983597,0.950739036067805,17.5228857066465,0.509208522720546,2.88758399968124,3.06718760320708,0.0501187233627272,8637885022.32276,27.6341994961772,27.9020182261235,-19.9106342789875,,182797890264.834,79158511003.2308,263359030024.345,605448086.68212,337754809.359791,745981042.910623,29885948725.9474,17190532720.4606,36689417797.1372,-25.5616182413171,4.22231115964665,0.368381937924509,1.18015977934773,0.668766022404563,1.7988734625138,0.153330273670016,0.74005093502895,0.903142434830534,0.00999810108197956,571187965.893638,2.74762212246779,2.79754208687051,0.109909691931474,,14754123516.046,20657129197.9402,31129529019.9312,163039174.581104,76484516.2975919,340347056.006252,8657806928.7344,3637320588.16007,16874466792.7378,1.10412795392294,7.71084107754515,0.189291216919061,11.915394419012,0.499521245813332,14.562321100792,0.205451376490633,1.00747535505541,0.847249601515358,0,549860112.885377,8.30909015278313,8.79982493337725,0.112463565886511,,63068325441.1838,41402922162.1554,107431625092.69,429977385.014458,255349932.479173,360642478.481612,20630943910.0327,13269039639.4355,17747649019.3691,1.29748821142476,3723,214.860838500406,52.7847751067615,63.420929237095
4.95154654561441,0.227353552003173,0.300001329703454,0.488020805366402,25.5435914392267,0.310204918479342,1.98966337811967,1.9969477464014,0.0501183976658944,1491662355.7522,4.29290569549911,4.45744468218359,-18.4097556958609,,28544181569.2855,8570343952.31514,37114525521.6007,65653330.2510419,20115404.9704994,85768735.2215413,2974319500.20967,911296365.768459,3885615865.97813,-25.6320059666581,3.94109906908398,0.0292746374980572,4.46468119502217,0.103004845042632,8.05788696587132,0.207266448351352,1.95425150460524,1.56196638402571,0.0501187233627272,1540302877.65364,3.75461923115875,3.70886867513667,-18.4399941209231,,24525065986.5479,5248828684.98036,29795117342.0386,28663254.1853191,1849494.54549297,45771768.1287023,2002652622.37288,102999358.643412,2693374652.75325,-29.7638253590306,3.29209797707181,-0.278628003770915,0.887135088549994,-0.413046740985294,1.74845516109051,0.123775266491783,1.06853288737661,0.610433191630541,0.0391680524485032,1371916920.60157,3.24642401815887,3.22716659661737,-18.5456285213166,,20743086469.911,2940672549.68901,24002476134.7178,1931339.93577752,88185.7441126447,7744268.07070598,89284751.0390103,4375241.1301096,384138468.780601,-30.8110561661767,4.72142517472904,0.237662097342785,28.6466619257358,0.735640460956957,27.0356668220704,0.310929449441765,2.83164259398008,2.70380505411358,0.0501187233627272,1709617769.76204,4.23324055249643,4.1918568601818,-18.349989863787,,28238994157.1605,8616712495.88004,37645650447.4085,100499393.985889,26651053.929173,107338553.188584,5402631263.85455,1514282300.86023,5821207456.38219,-28.4036771700776,0.649001092012175,0.307902641268973,3.57754610647217,0.516051586027927,6.30943180478082,0.0834911818595682,0.88571861722863,0.951533192395172,0.0109506709142241,168385957.052074,0.50819521299988,0.481702078519304,0.105634400393505,,3781979516.63695,2308156135.29136,5792641207.32073,26731914.2495416,1761308.80138032,38027500.0579963,1913367871.33387,98624117.5133025,2309236183.97265,1.04723080714612,0.780326105645056,0.208387459844727,24.1819807307137,0.632635615914325,18.9777798561991,0.103663001090414,0.877391089374843,1.14183867008787,0,169314892.108398,0.478621321337685,0.482988185045133,0.0900042571360906,,3713928170.61261,3367883810.89967,7850533105.3699,71836139.8005704,24801559.38368,61566785.0598818,3399978641.48167,1411282942.21682,3127832803.62894,1.36014818895304,39590,53.1328468636368,-27.8018639848232,61.1098001692966
12.4977606526773,-0.75302655296898,1.39236477045748,0.816372179902595,10.0900956253495,0.111850562104093,1.94630283227525,1.9902210015818,0.000100001922474257,1201152228.51995,6.17663048307236,5.55438471910684,-19.9354957107313,,47583746912.7341,8251290955.34631,55835037868.0804,96534591.8907101,19008056.2519479,115542648.142658,3959624413085880,779666253375082,4739290666460960,-27.5252441129628,11.8620035223512,-0.660293104187018,1.23899304771965,0.944812617419673,11.8212312252232,0.109762396767983,2.11697931263721,2.06632272143551,0.000221749579359267,1113412256.10193,6.39046790571252,5.64551003892207,-19.9253437484066,,47587628006.4758,7983208430.10363,55499864997.7431,329.073867067395,27.6789029665158,379.648003871472,1707483357.32392,85857387.2866569,2001874225.26161,-29.5042169007307,10.8215054998463,-0.753165999333331,1.10896195944058,0.782138274959906,3.92408270633385,0.0110171935730269,1.14115649835932,1.134299791131,0.000100326075942782,947742218.854943,5.56598059506403,4.94906030058081,-19.9693222142927,,39739645420.1273,510486961.620963,40471035186.7679,38.5189129416042,1.46191585827437,61.1090696026639,96678968.4125866,3564747.65936654,286872115.743073,-30.8790173854339,15.5580884900553,-0.594444837788593,1.36442105772228,1,29.5155044717024,0.166077429139818,2.97487498071297,2.92235248252982,0.000671364932699181,1260181270.19673,7.08870894382535,6.27638581363916,-19.8744444887633,,53511320192.0821,12566555080.0249,65824840483.7026,7712.59876982135,266.298424416187,8321.14780549775,3836648337.52676,623100475.557169,4125478263.36005,-28.5415018683687,1.04049802250493,0.0928728951463134,0.130031088279077,0.162674342459767,7.89714851888932,0.0987452031949564,0.975822814277894,0.932022930304511,0.000121423503416485,165670037.246985,0.824487310648489,0.696449738341262,0.04397846588612,,7847982586.3485,7472721468.48267,15028829810.9752,290.554954125791,26.2169871082414,318.538934268808,1610804388.91133,82292639.6272903,1715002109.51853,1.37480048470325,3.69608496770413,0.0658482663984248,0.125428010002623,0.0551873825803271,17.6942732464793,0.0563150323718346,0.85789566807576,0.856029761094304,0.000449615353339914,146769014.0948,0.698241038112833,0.63087577471708,0.0508992596432805,,5923692185.60637,4583346649.92124,10324975485.9594,7383.52490275396,238.619521449672,7941.49980162627,2129164980.20285,537243088.270512,2123604038.09845,0.962715032362002,47215,53.1139368849843,-27.8061957265115,58.3102380884882
148.605171775675,-0.886348379302179,0.996490712666079,0.423159690675776,9.43684806765595,0.793098802686771,2.02184796861516,2.01423600241427,0.000100012481501081,6121905802.83293,40.2720169379908,34.2115130670895,-20.0484098751655,,310635138401.993,178921540871.345,489556679273.338,779940627.266659,440199375.287907,1220140002.55457,31980881077768600,18050045579658400,50030926657427000,-25.4717797017861,226.240203977895,-0.923115594745631,0.904260306338693,0.468206505656937,10.4578981122036,0.758987608787676,2.15474215062428,2.05572905297794,0.000394273082993479,5137700189.72276,41.9425531479884,33.6163663779583,-20.0572695754752,,307547640413.945,163092415116.761,470624051305.54,13055.5747857224,6871.83581349689,25237.1991478854,11699513453.3538,5243050311.48549,18769375377.2695,-27.2756881262651,198.560255050922,-0.941257060496474,0.876062665535564,0.446321390926785,3.52621703294787,0.706876911196852,1.30947339241858,1.17996230177196,0.0001359546007802,4514591119.01763,37.5501976306444,30.5383239718134,-20.1063134267031,,272405121447.259,142245162801.227,417432034541.804,371.095332598178,341.071069373049,1054.2798606293,1329202645.02443,428965707.418408,8347851708.58816,-28.4330055437968,298.495217242574,-0.89359053937849,0.944774288145161,0.501788768298864,27.3516035412649,0.79786918375941,2.98707996605657,2.88022434198024,0.00129587435700668,5570319236.03219,46.0091465409143,36.6747288142641,-20.0165776647978,,346094837609.064,184022660376.701,530102885802.18,831347.413106807,159470.442631699,1153136.46996621,23983747954.992,12924359852.1279,29273289311.9883,-26.3969154286847,27.6799489269729,0.0181414657508431,0.028197640803129,0.0218851147301516,6.93168107925575,0.0521106975908244,0.845268758205708,0.875766751205987,0.000258318482213279,623109070.70513,4.39235551734402,3.07804240614497,0.0490438512278786,,35142518966.6867,20847252315.5343,53192016763.7355,12684.4794531243,6530.76474412384,24182.9192872561,10370310808.3293,4814084604.06708,10421523668.6813,1.15731741753172,72.2550132646792,0.0295250553671403,0.040513981806468,0.0335822626419264,16.8937054290613,0.0388815749717335,0.832337815432282,0.824495289002294,0.000901601274013203,432619046.309432,4.06659339292589,3.05836243630576,0.0406919106773742,,38547197195.1181,20930245259.9401,59478834496.64,818291.838321085,152598.606818202,1127899.27081833,12284234501.6383,7681309540.64237,10503913934.7188,0.878772697580466,39625,53.1307625844144,-27.8039162466462,51.895817866737
16.1748129334332,3.72055648735025,100,1,4.08971145124046,1.23293573880034,2.13915076297213,2.12499999999958,0.0501187233627272,34476842345.98,16.164450721146,16.1646904928973,-17.0094871955524,,106978906990.583,89445478781.7704,196424385772.354,355973298.140934,288557785.2522,644531083.393134,16126698184.0616,13072565655.1383,29199263839.2,-15.7506242302131,16.5212945333365,3.4394326699512,38.5201431440878,0.240743823639863,12.469981121721,1.24486647374137,2.25994197721816,1.52849432345102,0.0501187233627272,33936323218.4167,16.2896210694868,16.2968516807852,-17.0088000538929,,108421689229.236,91185266223.2475,199653977293.817,306952739.074747,42413027.1496201,411984018.80073,14526261193.4753,2094113987.18316,20096556807.9383,-18.2439042954769,15.4563264104729,2.93905390520568,12.2987335103981,-0.329579449185526,4.90005654438653,1.19849099869097,1.22086675062934,0.620886892676402,0.0448687977413557,31595214320.7352,15.3563028255698,15.3576130085872,-17.0704603346223,,102056695011.643,84134983721.5025,186313145949.131,15575975.489532,2097187.18073669,82097768.3735372,726211066.845035,103652782.58166,3951194072.02536,-19.5240622493229,17.4442582081305,3.72528146796823,94.0209873991536,0.830879871186248,30.5097643674218,1.29349059420997,3.12866245150425,2.40843903860684,0.0501187233627272,35829941782.3736,17.1354836024172,17.1367705456182,-16.9408119503706,,113725524099.363,97111292941.4485,211000724606.343,582866122.279714,310232521.759313,711936689.237745,27756016936.4456,14545681904.4318,33218806585.7839,-17.0101456971164,1.06496812286359,0.500378764745524,26.2214096336897,0.570323272825389,7.56992457733449,0.046375475050398,1.03907522658882,0.90760743077462,0.00524992562137153,2341108897.68148,0.933318243916915,0.939238672197966,0.0616602807293454,,6364994217.59335,7050282501.745,13340831344.686,291376763.585215,40315839.9688834,329886250.427193,13800050126.6303,1990461204.6015,16145362735.913,1.28015795384601,0.922963674794087,0.285848798017022,55.5008442550658,0.590136047546386,18.0397832457008,0.0486241204686033,0.868720474286082,0.879944715155822,0,1893618563.95692,0.845862532930475,0.839918864833042,0.067988103522282,,5303834870.12647,5926026718.20091,11346747312.526,275913383.204967,267819494.609693,299952670.437015,13229755742.9703,12451567917.2487,13122249777.8455,1.2337585983605,6730,214.885837996692,52.8397399161541,34.2085071316464
7.66496865385482,0.377257048230736,0.3,0.40381787819479,1.0572636676415,0.33347169920528,1.96940416433661,1.98343467881777,0.00975337520684562,2953263533.61295,5.47585616733167,5.77650440625023,-19.1910015567706,,35327306037.8324,19104905065.0848,54432211102.9172,76709305.7111925,43180163.1630599,119889468.874252,17857520447.5965,10052113488.2647,27909633935.8612,-16.1379672555644,6.26839816045391,0.487245798851468,0.379017935261778,0.24269028127606,7.00077045277089,0.126446876958905,2.25940667277272,1.57131207134609,0.00980658551774728,3152221323.04036,3.97120796766877,4.19272356144227,-19.2868240750289,,26703815322.8777,6273347592.31665,33410705386.2962,11206182.6869773,153548.08965215,13658898.8270077,2479915823.23469,54367172.2776248,3195814861.25469,-20.0700000674772,4.99144482816881,0.308114395554812,0.3,-0.0441716224663855,1.38032412733886,0.00874307263560499,1.47047037051384,0.775544491003859,0.00518392116727706,2923499833.01822,2.6542504826661,3.0187086658343,-19.3553882594903,,17906164696.198,335775089.53978,20066851072.3418,559152.073647841,7086.93457572304,741044.690261354,406110372.119252,1965326.80415423,501742638.633074,-20.9656034332151,7.10857744517585,0.661523981488005,0.59589847004106,0.778139072250518,24.2838668131763,0.243392501820558,3.137766760715,2.52439220101543,0.016706279332663,3426150506.9646,5.1844743282856,5.30637176585212,-19.2225094849095,,35743643556.5716,12923574920.135,47887326586.324,35220324.4380508,3599973.83332783,38398016.0300794,6399237058.27002,1305533085.39125,6990104251.1958,-18.6682661997498,1.2769533322851,0.179131403296656,0.0790179352617781,0.286861903742445,5.62044632543204,0.1177038043233,0.788936302258885,0.795767580342228,0.00462266435047022,228721490.022141,1.31695748500268,1.17401489560797,0.0685641844614366,,8797650626.67969,5937572502.77687,13343854313.9544,10647030.6133295,146461.155076427,12917854.1367464,2073805451.11544,52401845.4734706,2694072222.62161,0.895603365737976,0.840179284721941,0.174278182636538,0.216880534779282,0.535448790974458,17.2830963604054,0.116945624861652,0.878360087942276,0.953080129669344,0.00689969381491572,273929183.924236,1.21326636061682,1.11364820440985,0.0643145901193698,,9039828233.69386,6650227327.81831,14476621200.0278,24014141.7510735,3446425.74367568,24739117.2030717,3919321235.03533,1251165913.11363,3794289389.94112,1.40173386772735,43857,53.1503521513221,-27.7555865179943,41.2707562667986
776.890022839675,-1.9936654016814,0.300093788248351,-0.329303295014292,0.26445724627334,0.0709775942332768,2.03447306226859,2.00344507423281,0.0501100276481704,1641349927.65592,8.22365174358986,7.11190469565113,-20.3408036884607,,29751509961.097,3842437402.8299,33593947363.9269,77216206.9776094,9181053.61211108,86397260.5897205,3498741510.37038,416002477.186473,3914743987.55685,-15.646927501318,792.520709306379,-2,0.3,-0.326913969791409,0.38243725328096,0.00914416417320444,2.20465348667847,2.03151690820942,0.049874578900391,1610236602.23423,8.17230195515493,7.05132960406789,-20.3422038167002,,35481548473.3968,0,36147262236.2106,83507119.0024818,0,85117623.5994092,4337073387.59011,0,4429490777.86793,-17.8217497944206,668.08219498895,-2,0.3,-0.327969898870965,0.298973403471958,0.000479047379849922,1.31049961809403,1.14612562287415,0.0368024453555132,1540120609.05586,7.8350286281338,6.76741082721413,-20.3918741286127,,30953884453.5504,0,31717480288.9564,6423021.57381689,0,7067192.09947358,330269855.832445,0,348635614.493407,-19.1951810426163,917.274296778975,-1.93279462973302,0.3,-0.32230331979629,0.47313176361423,0.0577988598900591,2.98560975837352,2.91764352196389,0.0501187233627272,1704615645.2597,8.57093411256336,7.3992620061401,-20.2985881113956,,40200058034.2936,2502195229.78877,41548739320.3498,167547796.558488,1052640.87861304,169708636.548254,8738570731.28844,54068638.0544661,9065679410.97432,-16.6072016742942,124.43851431743,0,0,0.00105592907955548,0.083463849809002,0.00866511679335451,0.89415386858444,0.885391285335268,0.0130721335448778,70115993.1783614,0.337273327021136,0.283918776853758,0.0496703119124717,,4527664019.84638,0,4429781947.25426,77084097.4286649,0,78050431.4999356,4006803531.75767,0,4080855163.37453,1.37343124819566,124.753587472596,0.0672053702669759,0,0.0046106499951199,0.0906945103332694,0.0486546957168547,0.78095627169505,0.886126613754471,0.000244144462336185,94379043.0254786,0.398632157408429,0.34793240207221,0.0436157053046991,,4718509560.89682,2502195229.78877,5401477084.13916,84040677.5560059,1052640.87861304,84591012.9488448,4401497343.69833,54068638.0544661,4636188633.10639,1.21454812012639,46858,53.1492861071381,-27.7486793714999,35.144633994826
169.835731934716,-1.09682102583611,1.07125207551767,0.472435259270526,0.762555571245569,0.253688488810574,2.00088085630932,2.00560404324848,0.0501167299835062,5383543498.4224,35.0892684617317,29.7332605739683,-21.0287911342567,,196834486468.984,62378583016.9085,259213069485.893,467020461.736456,149927150.661783,616947612.398239,21158321803.385,6792436650.35967,27950758453.7447,-15.6828339913816,173.042037828835,-1.0125958487576,1.09366274529413,0.510328823320849,2.52150264589689,0.340259749496946,2.11090192981868,1.94848445152757,0.0172145795532442,7191843885.03127,45.2523963564568,38.9150859710401,-21.0835218822568,,312259203467.781,103108936909.355,421576815744.768,176981826.695235,12190088.1202729,230717308.304476,22153219415.9459,6865725682.70246,29405590851.7389,-20.3776400011061,144.27264946801,-1.10605768845284,1.0559748026941,0.329391534560856,1.17749158575224,0.258952144578706,1.56608258607607,1.18659326570045,0.00146051308602611,5785169675.26058,40.4122558173538,33.8242467928845,-21.1089786673042,,256241044008.443,67726688748.3064,327871995815.642,1148228.27917601,611083.553194036,2007189.4448827,5339631489.0418,483022600.040242,13216804460.9851,-20.737093940988,192.71411352234,-0.974457518278993,1.20389270169455,0.569458595523004,18.3260864472285,0.466723746860855,2.60803904569287,2.63792084259999,0.0397673905938165,10764107274.8943,49.6982888342341,45.1848115542324,-21.0533836436985,,348931344895.125,171948383983.303,525546703715.234,517761667.829948,134084365.342187,611549520.2151,49859559810.7198,14456189552.5134,62532733680.6855,-18.9098931587357,28.7693883608243,0.0934618396952349,0.0376879426000285,0.180937288759993,1.34401106014465,0.0813076049182397,0.544819343742608,0.761891185827118,0.0157540664672181,1406674209.77069,4.8401405391029,5.09083917815562,0.0254567850473677,,56018159459.3387,35382248161.0487,93704819929.1262,175833598.416059,11579004.5670788,228710118.859594,16813587926.9041,6382703082.66222,16188786390.7538,0.359453939881895,19.6720756935053,0.038138330478611,0.110229956400425,0.0591297722021549,15.8045838013316,0.126463997363909,0.497137115874192,0.689436391072418,0.0225528110405723,3572263389.86303,4.44589247777733,6.2697255831923,0.0301382385583864,,36672141427.3439,68839447073.9476,103969887970.466,340779841.134714,121894277.221914,380832211.910624,27706340394.7739,7590463869.81093,33127142828.9466,1.46774684237036,19645,53.1784999739007,-27.7841056219551,42.4897729147597
3.00321644484566,-1.99997968870356,1.11691643522156,-0.229317123490606,0.13255393115929,0.0328575556057688,2.02385822173854,1.99952234960081,0.00118258893112337,278589785.556662,0.71748018025013,0.675921088856689,-18.3050170198678,,2483741235.38652,0,2483741235.38652,6269443.25860393,0,6269443.25860393,121462181399.043,0,121462181399.043,-22.3405205791768,1.60484115508984,-1.95307460775789,1.3891996277626,-0.440600098975343,0.0970120302389538,0.00142179441965455,1.62729431617017,1.98263936812188,0.000792085195384073,308999595.474512,0.634012645642581,0.607813582363826,-18.3220282417009,,2008169226.21726,0,2008169226.21726,166.612753629917,0,166.612753629917,25045251.1423647,0,25045251.1423647,-24.6760981608994,1.37076986571201,-2,0.861888346468899,-0.5,0.0102054288845928,5.16123132592893e-05,0.875848223184128,1.00354749547076,0.00022744563604415,285696067.052814,0.591346403741232,0.56787320854919,-18.3659246926645,,1316012521.71099,0,1316012521.71099,11.1215823897248,0,11.1215823897248,2207589.22268866,0,2207589.22268866,-26.0789050913238,2.02283016765163,-1.81413670039528,2.39596580788197,-0.160753978517108,0.227516265011422,0.0159244830922272,2.59228282936004,2.97767078565227,0.00131061092624378,344925552.821255,0.694673836738985,0.666857694355969,-18.2784880574673,,3067260578.73578,0,3067260578.73578,2434.14046082457,0,2434.14046082457,118593670.48852,0,118593670.48852,-23.6444684542163,0.234071289377832,0.0469253922421129,0.527311281293701,0.0593999010246566,0.086806601354361,0.00137018210639526,0.751446092986046,0.979091872651121,0.000564639559339923,23303528.4216974,0.0426662419013493,0.0399403738146359,0.0438964509636044,,692156704.506265,0,692156704.506265,155.491171240193,0,155.491171240193,22837661.9196761,0,22837661.9196761,1.40280693042441,0.417989012561785,0.138937907362609,1.00676618011937,0.279846120458235,0.130504234772468,0.0145026886725727,0.964988513189867,0.99503141753039,0.000518525730859712,35925957.3467432,0.0606611910964031,0.0590441119921427,0.043540184233585,,1059091352.51852,0,1059091352.51852,2267.52770719466,0,2267.52770719466,93548419.3461549,0,93548419.3461549,1.03162970668309,22373,53.1707977607414,-27.793355297063,47.7481774955883
4.46323183756736,0.169477665915822,0.3,-0.133428832399607,6.51129279594081,1e-05,2.0136721979954,2.00002367052269,0.0242644923703274,1491288653.63677,3.7397791013448,4.03794004545009,-19.3423361646093,,24740445446.9267,42816893.9475174,24783262340.8742,60776580.1600887,101350.795556959,60877930.9556457,5687129070.54091,9483834.96103552,5696612905.50194,-17.8696121106974,4.3763788020366,-0.0613100024562915,5.71159448400898,0.185058355723876,8.4827433045023,0.00290143965784161,2.10412008752174,2.08088573632239,0.0182081599971757,1579939715.84949,4.13563426255455,4.04109876382114,-19.3391509192286,,27410829734.8564,106410263.152716,27790720074.4022,19605062.5271605,62798.5123734645,19746718.5789946,2634118482.01405,8121728.48023199,2705862443.42249,-20.1563459416139,3.44611701743435,-0.420064312172078,0.689103333908972,-0.435962093952029,2.18508434159015,5.09788090812838e-05,1.14359754873588,1.24600705510295,0.00925836157069797,1451047746.06507,3.25084920795543,3.28253674323236,-19.3781631791664,,22570517817.674,31651236.4654919,22786639808.9136,966489.268172097,2917.47692465303,1591874.70443517,123185420.215383,426899.614593524,252229909.487418,-21.6033516353771,5.54745027321381,0.358036761362229,42.2924456176667,0.817708640174597,26.0228965037177,0.0253812665887476,2.99757212411797,2.91937833437679,0.0325358215388312,1709741989.26027,4.60008323743121,4.44040813727521,-19.2948790177243,,30700490788.9785,1044114393.63906,31837687044.4,48853207.0874146,462227.955315434,49005666.6062339,5882948162.21658,52336470.5728223,5919556245.2553,-19.0586742218296,0.930261784602251,0.358754309715786,5.02249115010001,0.621020449675905,6.29765896291215,0.00285046084876033,0.960522538785854,0.834878681219443,0.00894979842647777,128891969.784424,0.884785054599125,0.758562020588782,0.0390122599377278,,4840311917.18236,74759026.6872237,5004080265.48859,18638573.2589884,59881.0354488115,18154843.8745594,2510933061.79867,7694828.86563847,2453632533.93507,1.4470056937632,1.17107147117721,0.419346763818521,36.5808511336577,0.632650284450721,17.5401531992154,0.022479826930906,0.893452036596234,0.8384925980544,0.0143276615416555,129802273.410778,0.46444897487666,0.399309373454075,0.0442719015043132,,3289661054.12209,937704130.486344,4046966969.99784,29248144.5602541,399429.442941969,29258948.0272393,3248829680.20253,44214742.0925903,3213693801.83281,1.09767171978432,37536,53.1315691215306,-27.8099034631679,40.0196564218763
94.4001729751572,-0.105239189957631,0.30000383861551,0.999972348664136,13.4136580844797,1.62785607097609,1.27233561636396,1.43741438562644,0.000209197345948984,6252635078.03956,79.0688381776342,61.5987393867164,-18.3572316373238,,609862411913.782,340788507913.322,950650919827.105,77087467.5895823,91468935.7202121,168556403.309794,320816400029669,380668033207895,701484433237563,-18.6889595221755,56.865352489208,-0.109138164500357,0.3,0.936209352231274,13.9669186210336,1.47295304847049,1.0871332930812,1.67616711156556,0.000391717435850886,5740040034.69324,50.3860685594508,42.280939179074,-18.3713349323111,,386673103514.118,238049032465.333,621769861641.541,1852.60566249952,4108.87013427752,9944.62271580625,1042071256.44745,3791586826.53042,8484988229.26194,-21.7319053809106,40.5064391762512,-0.120921242017873,0.3,0.573356198180243,6.27951169732882,1.38253137197304,0.367692000975908,1.07788632873418,0.000108410826960039,4915627446.19207,37.1211340084357,34.0964964796032,-18.4259427972505,,277508231391.811,195251178943.238,474391440077.37,54.4443773187779,91.0500403804961,216.404030746083,223333760.587015,492864734.700355,1632260237.80761,-23.0330835423524,103.970979556419,-0.0190917386247855,0.310017654402376,1,30.2472181524957,1.64868661887867,1.79370681282821,2.37451010238471,0.00288789666390389,6387639064.49962,83.4890900005014,63.1403359871988,-18.3280807468154,,643946676091.229,350324427517.573,994230876631.526,864965.895664606,5365438.43486538,7826398.809308,7951793133.54731,17648790545.5149,24215618631.3555,-20.2627759133381,16.3589133129568,0.0117830775175155,0,0.362853154051031,7.68740692370474,0.0904216764974497,0.719441292105288,0.598280782831379,0.000283306608890847,824412588.501163,13.2649345510151,8.18444269947087,0.0546078649393884,,109164872122.308,42797853522.0952,147378421564.171,1798.16128518074,4017.82009389703,9728.21868506016,818737495.860436,3298722091.83007,6852727991.45433,1.30117816144181,47.105627067211,0.0900464258755718,0.0100176544023757,0.0637906477687263,16.2802995314621,0.175733570408173,0.706573519747014,0.698342990819149,0.002496179228053,647599029.806385,33.1030214410506,20.8593968081248,0.043254185495698,,257273572577.111,112275395052.24,372461014989.986,863113.290002106,5361329.5647311,7816454.1865922,6909721877.09986,13857203718.9845,15730630402.0936,1.46912946757247,33832,53.1618126482993,-27.7707202326345,44.0260069445632
4.64343319119542,0.237132804165676,0.3,0.19947231596914,29.0879190726733,1e-05,1.98767240899937,1.99997882941642,0.0403336266280909,1523465234.14214,3.70056910684163,3.9635357504975,-19.1687503971985,,24557739559.0978,42225977.3064384,24599965536.4042,56170288.2621843,99939.7304981212,56270227.9926824,3162040401.70334,5625989.74203865,3167666391.44538,-25.9963507465402,4.35738888144621,0.00472252070055253,4.30260476128476,-0.0169994858387895,7.40112120312984,0.00352818423593528,2.07948148642452,2.06247926379144,0.0363414087909719,1613897278.81075,4.06847936242224,4.03521716846079,-19.1613177674376,,26985457946.9856,121715390.159647,27353059371.9868,34722964.5189508,135428.922343868,34952468.0016267,2503651079.95496,7725464.12499223,2513863649.80166,-28.4999299553098,3.59063598786868,-0.206089135989011,0.452640238795204,-0.462591006883445,1.90236981858507,7.8871809231991e-05,1.09144701342826,1.11850353354469,0.021436760252489,1449806520.87012,3.41636805375251,3.49886471644107,-19.2099118717493,,22041649553.0348,25291014.7817026,22236673410.0918,1835193.8352581,2688.56427656254,2740347.37071564,110905895.222124,208168.126347192,163364203.108831,-29.8751836138665,4.81336142642145,0.203769315516083,47.3552828636746,0.543077508525236,24.0416877414155,0.0192381779547353,2.93108710445948,2.92897860451932,0.0501187233627272,1748964358.43794,4.43790543097891,4.3508631761864,-19.1104159204159,,29409598091.7437,659175019.83187,29762444677.151,94474703.2325765,686376.406581235,94854865.9153087,6047300109.70524,46162359.9921786,6086401151.12549,-27.3967734487355,0.766752893577531,0.210811656689564,3.84996452248955,0.445591521044656,5.49875138454477,0.00344931242670329,0.988034472996258,0.943975730246748,0.014904648538483,164090757.940629,0.652111308669725,0.536352452019724,0.0485941043116505,,4943808393.95078,96424375.3779444,5116385961.89504,32887770.6836927,132740.358067306,32212120.6309111,2392745184.73284,7517295.99864504,2350499446.69283,1.3752536585567,0.455972544975242,0.19904679481553,43.0526781023899,0.560076994364026,16.6405665382857,0.0157099937188,0.851605618034963,0.866499340727883,0.0137773145717553,135067079.627191,0.369426068556669,0.31564600772561,0.0509018470217342,,2424140144.75813,537459629.672223,2409385305.16418,59751738.7136257,550947.484237367,59902397.913682,3543649029.75028,38436895.8671863,3572537501.32382,1.10315650657427,1646,53.1123669735433,-27.7595927632192,56.327148221599
21.9390523072115,-0.544823010241994,0.300002905735262,-0.233219821995715,1.02968800409687,0.353615929908116,1.89293617402759,1.96480104610156,0.0501168351331928,1383803864.43205,7.57298137731994,6.57968845307915,-18.9324902774806,,45394995356.9414,15677535863.1104,61072531220.0518,77981084.7810884,33590779.9762934,111571864.757382,3532918918.57899,1521824201.35878,5054743119.93777,-17.7612418522493,27.1513936117731,-0.424543510186751,0.320203121044421,-0.0401074374354437,3.48230911410196,0.501581117257549,2.05617085083102,2.04114474736032,0.0413600314234852,1483282551.09425,11.1139687196093,9.16593408137627,-18.9579762417094,,74796142978.3727,28199344039.4198,103091215334.683,103991722.693437,40540009.0440989,151725402.77434,6762531624.17853,2464917040.12818,10128168523.1712,-20.4290058990062,23.0702546540117,-0.459617380329756,0.3,-0.11611327659324,1.40995734692315,0.441810010802709,1.0675652016746,1.20567814888925,0.0217945919786613,1322151130.57521,9.72106837217418,8.11869238919054,-19.0215154159957,,63228762163.4156,22786860714.8478,86081928373.5308,4032025.45119886,2524409.26952856,43540636.3261696,269671773.611177,181185367.719633,2898297647.69476,-21.7156950736235,37.0882858743302,-0.393032515185936,0.341923667268563,0.0250413921880314,21.6481091183829,0.567188728154121,2.7734197602766,2.87133500140628,0.0501187233627272,1674500609.3215,12.1240518773486,9.92330507020552,-18.9002713328848,,82367753644.7667,34502698567.8835,116631474615.585,275457029.057979,91488293.0156484,325426505.487243,16315514927.0528,6111898238.01583,19013363856.034,-19.4230918357174,4.08113895776137,0.0350738701430052,0.0202031210444208,0.0760058391577966,2.07235176717881,0.0597711064548395,0.988605649156418,0.835466598471066,0.0195654394448239,161131420.519041,1.39290034743514,1.04724169218573,0.0635391742863014,,11567380814.9571,5412483324.57196,17009286961.1522,99959697.2422385,38015599.7745704,108184766.448171,6492859850.56735,2283731672.40854,7229870875.47646,1.28668917461727,9.93689226255713,0.031510995000815,0.0217205462241422,0.065148829623475,18.1658000042809,0.0656076108965722,0.717248909445582,0.830190254045963,0.00875869193924202,191218058.22725,1.01008315773924,0.757370988829248,0.0577049088246007,,7571610666.39395,6303354528.46373,13540259280.9021,171465306.364542,50948283.9715494,173701102.712903,9552983302.87431,3646981197.88765,8885195332.86275,1.00591406328881,4573,214.896908650368,52.9367115644261,38.4811769813705
