"ID","HST_ACSWFC_F606W_fit_Q50","HST_ACSWFC_F814W_fit_Q50","JWST_NIRCAM_F115W_fit_Q50","JWST_NIRCAM_F150W_fit_Q50","JWST_NIRCAM_F200W_fit_Q50","JWST_NIRCAM_F277W_fit_Q50","JWST_NIRCAM_F356W_fit_Q50","JWST_NIRCAM_F444W_fit_Q50","HST_ACSWFC_F606W_fit_AGN_Q50","HST_ACSWFC_F814W_fit_AGN_Q50","JWST_NIRCAM_F115W_fit_AGN_Q50","JWST_NIRCAM_F150W_fit_AGN_Q50","JWST_NIRCAM_F200W_fit_AGN_Q50","JWST_NIRCAM_F277W_fit_AGN_Q50","JWST_NIRCAM_F356W_fit_AGN_Q50","JWST_NIRCAM_F444W_fit_AGN_Q50","HST_ACSWFC_F606W_rest_fit_Q50","HST_ACSWFC_F814W_rest_fit_Q50","JWST_NIRCAM_F115W_rest_fit_Q50","JWST_NIRCAM_F150W_rest_fit_Q50","JWST_NIRCAM_F200W_rest_fit_Q50","JWST_NIRCAM_F277W_rest_fit_Q50","JWST_NIRCAM_F356W_rest_fit_Q50","JWST_NIRCAM_F444W_rest_fit_Q50","HST_ACSWFC_F606W_rest_fit_AGN_Q50","HST_ACSWFC_F814W_rest_fit_AGN_Q50","JWST_NIRCAM_F115W_rest_fit_AGN_Q50","JWST_NIRCAM_F150W_rest_fit_AGN_Q50","JWST_NIRCAM_F200W_rest_fit_AGN_Q50","JWST_NIRCAM_F277W_rest_fit_AGN_Q50","JWST_NIRCAM_F356W_rest_fit_AGN_Q50","JWST_NIRCAM_F444W_rest_fit_AGN_Q50","AGN_Dale_frac_Q50","HST_ACSWFC_F606W_fit_Q16","HST_ACSWFC_F814W_fit_Q16","JWST_NIRCAM_F115W_fit_Q16","JWST_NIRCAM_F150W_fit_Q16","JWST_NIRCAM_F200W_fit_Q16","JWST_NIRCAM_F277W_fit_Q16","JWST_NIRCAM_F356W_fit_Q16","JWST_NIRCAM_F444W_fit_Q16","HST_ACSWFC_F606W_fit_AGN_Q16","HST_ACSWFC_F814W_fit_AGN_Q16","JWST_NIRCAM_F115W_fit_AGN_Q16","JWST_NIRCAM_F150W_fit_AGN_Q16","JWST_NIRCAM_F200W_fit_AGN_Q16","JWST_NIRCAM_F277W_fit_AGN_Q16","JWST_NIRCAM_F356W_fit_AGN_Q16","JWST_NIRCAM_F444W_fit_AGN_Q16","HST_ACSWFC_F606W_rest_fit_Q16","HST_ACSWFC_F814W_rest_fit_Q16","JWST_NIRCAM_F115W_rest_fit_Q16","JWST_NIRCAM_F150W_rest_fit_Q16","JWST_NIRCAM_F200W_rest_fit_Q16","JWST_NIRCAM_F277W_rest_fit_Q16","JWST_NIRCAM_F356W_rest_fit_Q16","JWST_NIRCAM_F444W_rest_fit_Q16","HST_ACSWFC_F606W_rest_fit_AGN_Q16","HST_ACSWFC_F814W_rest_fit_AGN_Q16","JWST_NIRCAM_F115W_rest_fit_AGN_Q16","JWST_NIRCAM_F150W_rest_fit_AGN_Q16","JWST_NIRCAM_F200W_rest_fit_AGN_Q16","JWST_NIRCAM_F277W_rest_fit_AGN_Q16","JWST_NIRCAM_F356W_rest_fit_AGN_Q16","JWST_NIRCAM_F444W_rest_fit_AGN_Q16","AGN_Dale_frac_Q16","HST_ACSWFC_F606W_fit_Q84","HST_ACSWFC_F814W_fit_Q84","JWST_NIRCAM_F115W_fit_Q84","JWST_NIRCAM_F150W_fit_Q84","JWST_NIRCAM_F200W_fit_Q84","JWST_NIRCAM_F277W_fit_Q84","JWST_NIRCAM_F356W_fit_Q84","JWST_NIRCAM_F444W_fit_Q84","HST_ACSWFC_F606W_fit_AGN_Q84","HST_ACSWFC_F814W_fit_AGN_Q84","JWST_NIRCAM_F115W_fit_AGN_Q84","JWST_NIRCAM_F150W_fit_AGN_Q84","JWST_NIRCAM_F200W_fit_AGN_Q84","JWST_NIRCAM_F277W_fit_AGN_Q84","JWST_NIRCAM_F356W_fit_AGN_Q84","JWST_NIRCAM_F444W_fit_AGN_Q84","HST_ACSWFC_F606W_rest_fit_Q84","HST_ACSWFC_F814W_rest_fit_Q84","JWST_NIRCAM_F115W_rest_fit_Q84","JWST_NIRCAM_F150W_rest_fit_Q84","JWST_NIRCAM_F200W_rest_fit_Q84","JWST_NIRCAM_F277W_rest_fit_Q84","JWST_NIRCAM_F356W_rest_fit_Q84","JWST_NIRCAM_F444W_rest_fit_Q84","HST_ACSWFC_F606W_rest_fit_AGN_Q84","HST_ACSWFC_F814W_rest_fit_AGN_Q84","JWST_NIRCAM_F115W_rest_fit_AGN_Q84","JWST_NIRCAM_F150W_rest_fit_AGN_Q84","JWST_NIRCAM_F200W_rest_fit_AGN_Q84","JWST_NIRCAM_F277W_rest_fit_AGN_Q84","JWST_NIRCAM_F356W_rest_fit_AGN_Q84","JWST_NIRCAM_F444W_rest_fit_AGN_Q84","AGN_Dale_frac_Q84","HST_ACSWFC_F606W_fit_Q05","HST_ACSWFC_F814W_fit_Q05","JWST_NIRCAM_F115W_fit_Q05","JWST_NIRCAM_F150W_fit_Q05","JWST_NIRCAM_F200W_fit_Q05","JWST_NIRCAM_F277W_fit_Q05","JWST_NIRCAM_F356W_fit_Q05","JWST_NIRCAM_F444W_fit_Q05","HST_ACSWFC_F606W_fit_AGN_Q05","HST_ACSWFC_F814W_fit_AGN_Q05","JWST_NIRCAM_F115W_fit_AGN_Q05","JWST_NIRCAM_F150W_fit_AGN_Q05","JWST_NIRCAM_F200W_fit_AGN_Q05","JWST_NIRCAM_F277W_fit_AGN_Q05","JWST_NIRCAM_F356W_fit_AGN_Q05","JWST_NIRCAM_F444W_fit_AGN_Q05","HST_ACSWFC_F606W_rest_fit_Q05","HST_ACSWFC_F814W_rest_fit_Q05","JWST_NIRCAM_F115W_rest_fit_Q05","JWST_NIRCAM_F150W_rest_fit_Q05","JWST_NIRCAM_F200W_rest_fit_Q05","JWST_NIRCAM_F277W_rest_fit_Q05","JWST_NIRCAM_F356W_rest_fit_Q05","JWST_NIRCAM_F444W_rest_fit_Q05","HST_ACSWFC_F606W_rest_fit_AGN_Q05","HST_ACSWFC_F814W_rest_fit_AGN_Q05","JWST_NIRCAM_F115W_rest_fit_AGN_Q05","JWST_NIRCAM_F150W_rest_fit_AGN_Q05","JWST_NIRCAM_F200W_rest_fit_AGN_Q05","JWST_NIRCAM_F277W_rest_fit_AGN_Q05","JWST_NIRCAM_F356W_rest_fit_AGN_Q05","JWST_NIRCAM_F444W_rest_fit_AGN_Q05","AGN_Dale_frac_Q05","HST_ACSWFC_F606W_fit_Q95","HST_ACSWFC_F814W_fit_Q95","JWST_NIRCAM_F115W_fit_Q95","JWST_NIRCAM_F150W_fit_Q95","JWST_NIRCAM_F200W_fit_Q95","JWST_NIRCAM_F277W_fit_Q95","JWST_NIRCAM_F356W_fit_Q95","JWST_NIRCAM_F444W_fit_Q95","HST_ACSWFC_F606W_fit_AGN_Q95","HST_ACSWFC_F814W_fit_AGN_Q95","JWST_NIRCAM_F115W_fit_AGN_Q95","JWST_NIRCAM_F150W_fit_AGN_Q95","JWST_NIRCAM_F200W_fit_AGN_Q95","JWST_NIRCAM_F277W_fit_AGN_Q95","JWST_NIRCAM_F356W_fit_AGN_Q95","JWST_NIRCAM_F444W_fit_AGN_Q95","HST_ACSWFC_F606W_rest_fit_Q95","HST_ACSWFC_F814W_rest_fit_Q95","JWST_NIRCAM_F115W_rest_fit_Q95","JWST_NIRCAM_F150W_rest_fit_Q95","JWST_NIRCAM_F200W_rest_fit_Q95","JWST_NIRCAM_F277W_rest_fit_Q95","JWST_NIRCAM_F356W_rest_fit_Q95","JWST_NIRCAM_F444W_rest_fit_Q95","HST_ACSWFC_F606W_rest_fit_AGN_Q95","HST_ACSWFC_F814W_rest_fit_AGN_Q95","JWST_NIRCAM_F115W_rest_fit_AGN_Q95","JWST_NIRCAM_F150W_rest_fit_AGN_Q95","JWST_NIRCAM_F200W_rest_fit_AGN_Q95","JWST_NIRCAM_F277W_rest_fit_AGN_Q95","JWST_NIRCAM_F356W_rest_fit_AGN_Q95","JWST_NIRCAM_F444W_rest_fit_AGN_Q95","AGN_Dale_frac_Q95"
1,3.12253358703328e-08,2.8175996490153e-08,3.34851512381227e-08,4.75637313683234e-08,1.23088221011992e-07,1.83649894232206e-07,2.16115998734029e-07,2.44610475205499e-07,0,0,0,0,0,0,0,0,3.12253358703328e-08,2.8175996490153e-08,3.34851512381227e-08,4.75637313683234e-08,1.23088221011992e-07,1.83649894232206e-07,2.16115998734029e-07,2.44610475205499e-07,0,0,0,0,0,0,0,0,0,2.2696351997203e-08,2.4251663827309e-08,2.97659093958913e-08,4.3036856244307e-08,1.12248603281436e-07,1.72172315054086e-07,2.04297944937257e-07,2.24954960399459e-07,0,0,0,0,0,0,0,0,2.2696351997203e-08,2.4251663827309e-08,2.97659093958913e-08,4.3036856244307e-08,1.12248603281436e-07,1.72172315054086e-07,2.04297944937257e-07,2.24954960399459e-07,0,0,0,0,0,0,0,0,0,3.56115058615787e-08,3.1346933511206e-08,3.67128423735347e-08,5.14251294038546e-08,1.34441948624335e-07,1.94349948646967e-07,2.33544056698234e-07,2.70307485126192e-07,0,0,0,0,0,0,0,0,3.56115058615787e-08,3.1346933511206e-08,3.67128423735347e-08,5.14251294038546e-08,1.34441948624335e-07,1.94349948646967e-07,2.33544056698234e-07,2.70307485126192e-07,0,0,0,0,0,0,0,0,0,8.92715807715914e-09,1.51500059445777e-08,2.30151207692542e-08,3.91430557033931e-08,1.05876255978591e-07,1.64276278641982e-07,1.97128376431995e-07,2.14156614776452e-07,0,0,0,0,0,0,0,0,8.92715807715914e-09,1.51500059445777e-08,2.30151207692542e-08,3.91430557033931e-08,1.05876255978591e-07,1.64276278641982e-07,1.97128376431995e-07,2.14156614776452e-07,0,0,0,0,0,0,0,0,0,3.92162506176612e-08,3.36368544262287e-08,3.94486178751941e-08,5.43864966305141e-08,1.41800592478614e-07,2.0112122098435e-07,2.42362336375143e-07,2.82384463595737e-07,0,0,0,0,0,0,0,0,3.92162506176612e-08,3.36368544262287e-08,3.94486178751941e-08,5.43864966305141e-08,1.41800592478614e-07,2.0112122098435e-07,2.42362336375143e-07,2.82384463595737e-07,0,0,0,0,0,0,0,0,0
2,4.0794713360644e-09,7.02055818813507e-08,2.94578248596141e-07,6.258847272886e-07,1.64358125681499e-06,5.26272627960768e-06,7.83996484001628e-06,1.13976210306075e-05,0,0,0,0,0,0,0,0,9.35988539143052e-09,7.02055818813507e-08,2.94578248596141e-07,6.258847272886e-07,1.64358125681499e-06,5.26272627960768e-06,7.83996484001628e-06,1.13976210306075e-05,0,0,0,0,0,0,0,0,0,3.84279541585056e-09,6.74203617126909e-08,2.83606983589001e-07,6.00774115199993e-07,1.57395119583525e-06,4.99728945506392e-06,7.40898920129902e-06,1.07493486614453e-05,0,0,0,0,0,0,0,0,8.81685927220547e-09,6.74203617126909e-08,2.83606983589001e-07,6.00774115199993e-07,1.57395119583525e-06,4.99728945506392e-06,7.40898920129902e-06,1.07493486614453e-05,0,0,0,0,0,0,0,0,0,4.38173071004485e-09,7.32231157899389e-08,3.03593919085906e-07,6.50325683348344e-07,1.71024732535761e-06,5.56217674211972e-06,8.34519720276599e-06,1.2194792563282e-05,0,0,0,0,0,0,0,0,1.00533853246037e-08,7.32231157899389e-08,3.03593919085906e-07,6.50325683348344e-07,1.71024732535761e-06,5.56217674211972e-06,8.34519720276599e-06,1.2194792563282e-05,0,0,0,0,0,0,0,0,0,3.68855600603529e-09,6.56900967230777e-08,2.76289812517834e-07,5.84267964421677e-07,1.52688010267721e-06,4.79454801989928e-06,7.10018326130737e-06,1.02558008900538e-05,0,0,0,0,0,0,0,0,8.46297439845966e-09,6.56900967230777e-08,2.76289812517834e-07,5.84267964421677e-07,1.52688010267721e-06,4.79454801989928e-06,7.10018326130737e-06,1.02558008900538e-05,0,0,0,0,0,0,0,0,0,4.6477516627572e-09,7.53560493540701e-08,3.10285720625675e-07,6.64461170118211e-07,1.75179495536504e-06,5.7820073286962e-06,8.69869010196556e-06,1.27388071134088e-05,0,0,0,0,0,0,0,0,1.06637403005278e-08,7.53560493540701e-08,3.10285720625675e-07,6.64461170118211e-07,1.75179495536504e-06,5.7820073286962e-06,8.69869010196556e-06,1.27388071134088e-05,0,0,0,0,0,0,0,0,0
3,1.76345190858021e-10,1.85008539630326e-09,6.40714837270101e-09,1.41742402366062e-08,5.01525314072409e-08,1.30799600773402e-07,1.99612637190557e-07,2.7511584569218e-07,0,0,0,0,0,0,0,0,4.04604087095603e-10,1.85008539630326e-09,6.40714837270101e-09,1.41742402366062e-08,5.01525314072409e-08,1.30799600773402e-07,1.99612637190557e-07,2.7511584569218e-07,0,0,0,0,0,0,0,0,0,9.2149976784752e-11,1.15450531884721e-09,4.74942397360463e-09,1.16969118459129e-08,4.55571656682985e-08,1.23644143304743e-07,1.90171382894128e-07,2.61741206299394e-07,0,0,0,0,0,0,0,0,2.11427695030787e-10,1.15450531884721e-09,4.74942397360463e-09,1.16969118459129e-08,4.55571656682985e-08,1.23644143304743e-07,1.90171382894128e-07,2.61741206299394e-07,0,0,0,0,0,0,0,0,0,2.77551598390165e-10,2.59387414831729e-09,7.99339180845487e-09,1.65335412261763e-08,5.51407545496845e-08,1.3707475564694e-07,2.10022867931122e-07,2.94986275799037e-07,0,0,0,0,0,0,0,0,6.36810737747829e-10,2.59387414831729e-09,7.99339180845487e-09,1.65335412261763e-08,5.51407545496845e-08,1.3707475564694e-07,2.10022867931122e-07,2.94986275799037e-07,0,0,0,0,0,0,0,0,0,4.76635608108084e-11,7.18416967374368e-10,3.62796538399649e-09,1.00491516362598e-08,4.29163625772906e-08,1.18014720595702e-07,1.81948025163637e-07,2.5000270805594e-07,0,0,0,0,0,0,0,0,1.09358647183691e-10,7.18416967374368e-10,3.62796538399649e-09,1.00491516362598e-08,4.29163625772906e-08,1.18014720595702e-07,1.81948025163637e-07,2.5000270805594e-07,0,0,0,0,0,0,0,0,0,3.96383207935527e-10,3.54192945387423e-09,1.00414611975065e-08,1.9571715607744e-08,6.01166118142485e-08,1.4233140003156e-07,2.30296913600308e-07,3.50349735899584e-07,0,0,0,0,0,0,0,0,9.09456420140794e-10,3.54192945387423e-09,1.00414611975065e-08,1.9571715607744e-08,6.01166118142485e-08,1.4233140003156e-07,2.30296913600308e-07,3.50349735899584e-07,0,0,0,0,0,0,0,0,0
4,1.56096394201254e-08,1.5089363275412e-08,1.50701593676511e-08,1.67623383797101e-08,3.47516690276449e-08,3.6341419759252e-08,3.67244842086787e-08,3.70547588881251e-08,0,0,0,0,0,0,0,0,1.56096394201254e-08,1.5089363275412e-08,1.50701593676511e-08,1.67623383797101e-08,3.47516690276449e-08,3.6341419759252e-08,3.67244842086787e-08,3.70547588881251e-08,0,0,0,0,0,0,0,0,0,1.24877121435485e-08,1.27861518781383e-08,1.31545826512043e-08,1.53934183708073e-08,3.23065011009152e-08,3.16514676727009e-08,3.07355611184181e-08,2.97856424944336e-08,0,0,0,0,0,0,0,0,1.24877121435485e-08,1.27861518781383e-08,1.31545826512043e-08,1.53934183708073e-08,3.23065011009152e-08,3.16514676727009e-08,3.07355611184181e-08,2.97856424944336e-08,0,0,0,0,0,0,0,0,0,1.81467805769521e-08,1.70675946317928e-08,1.67097549351049e-08,1.80584359068154e-08,3.73007899504743e-08,4.33726328033902e-08,4.76344115311712e-08,5.30698437634182e-08,0,0,0,0,0,0,0,0,1.81467805769521e-08,1.70675946317928e-08,1.67097549351049e-08,1.80584359068154e-08,3.73007899504743e-08,4.33726328033902e-08,4.76344115311712e-08,5.30698437634182e-08,0,0,0,0,0,0,0,0,0,1.00816445524938e-08,1.11938522093253e-08,1.20591339572453e-08,1.44907101791154e-08,3.03083001394636e-08,2.92523437714813e-08,2.79106708005052e-08,2.70873091813161e-08,0,0,0,0,0,0,0,0,1.00816445524938e-08,1.11938522093253e-08,1.20591339572453e-08,1.44907101791154e-08,3.03083001394636e-08,2.92523437714813e-08,2.79106708005052e-08,2.70873091813161e-08,0,0,0,0,0,0,0,0,0,2.05099636892861e-08,1.82263500242749e-08,1.76640733702168e-08,1.90033084589395e-08,3.99771045691635e-08,4.83757803618314e-08,5.50933405507176e-08,6.33127499814115e-08,0,0,0,0,0,0,0,0,2.05099636892861e-08,1.82263500242749e-08,1.76640733702168e-08,1.90033084589395e-08,3.99771045691635e-08,4.83757803618314e-08,5.50933405507176e-08,6.33127499814115e-08,0,0,0,0,0,0,0,0,0
5,5.22957538001594e-08,5.44486943401443e-08,5.34037279572953e-08,6.26279954626181e-08,7.01896718127766e-08,6.26889824438702e-08,5.72231130185706e-08,5.20981944799415e-08,0,0,0,0,0,0,0,0,5.22957538001594e-08,5.44486943401443e-08,5.34037279572953e-08,6.26279954626181e-08,7.01896718127766e-08,6.26889824438702e-08,5.72231130185706e-08,5.20981944799415e-08,0,0,0,0,0,0,0,0,0,4.98830533042375e-08,5.28968886166935e-08,5.1812895675964e-08,6.01209692536706e-08,6.68679311392815e-08,5.80270533923925e-08,5.36120743781179e-08,4.82762071510433e-08,0,0,0,0,0,0,0,0,4.98830533042375e-08,5.28968886166935e-08,5.1812895675964e-08,6.01209692536706e-08,6.68679311392815e-08,5.80270533923925e-08,5.36120743781179e-08,4.82762071510433e-08,0,0,0,0,0,0,0,0,0,5.47809208640626e-08,5.63501248105889e-08,5.52837575928276e-08,6.5219531335684e-08,7.34302160284638e-08,6.88865396997613e-08,6.09686395427906e-08,5.64546492896567e-08,0,0,0,0,0,0,0,0,5.47809208640626e-08,5.63501248105889e-08,5.52837575928276e-08,6.5219531335684e-08,7.34302160284638e-08,6.88865396997613e-08,6.09686395427906e-08,5.64546492896567e-08,0,0,0,0,0,0,0,0,0,4.8788450222285e-08,5.19793854493268e-08,5.06441537988578e-08,5.84461663920694e-08,6.42664933715646e-08,5.46479620631919e-08,5.04369202154427e-08,4.49492505661464e-08,0,0,0,0,0,0,0,0,4.8788450222285e-08,5.19793854493268e-08,5.06441537988578e-08,5.84461663920694e-08,6.42664933715646e-08,5.46479620631919e-08,5.04369202154427e-08,4.49492505661464e-08,0,0,0,0,0,0,0,0,0,5.75462454159423e-08,5.76626520500342e-08,5.6184331995526e-08,6.65354266502287e-08,7.64479439537179e-08,7.27643273368872e-08,6.48275747645677e-08,6.00824051058652e-08,0,0,0,0,0,0,0,0,5.75462454159423e-08,5.76626520500342e-08,5.6184331995526e-08,6.65354266502287e-08,7.64479439537179e-08,7.27643273368872e-08,6.48275747645677e-08,6.00824051058652e-08,0,0,0,0,0,0,0,0,0
6,6.47603559511574e-08,7.6441974786455e-08,8.16510726894509e-08,8.58492302655001e-08,1.4710007772443e-07,1.48628748424521e-07,1.57012354965263e-07,1.71351447937687e-07,0,0,0,0,0,0,0,0,6.47603559511574e-08,7.6441974786455e-08,8.16510726894509e-08,8.58492302655001e-08,1.4710007772443e-07,1.48628748424521e-07,1.57012354965263e-07,1.71351447937687e-07,0,0,0,0,0,0,0,0,0,6.20690347112478e-08,7.42392139576564e-08,7.93451165276143e-08,8.3390636143573e-08,1.43073165772126e-07,1.43366610656038e-07,1.51982886973032e-07,1.64979041998044e-07,0,0,0,0,0,0,0,0,6.20690347112478e-08,7.42392139576564e-08,7.93451165276143e-08,8.3390636143573e-08,1.43073165772126e-07,1.43366610656038e-07,1.51982886973032e-07,1.64979041998044e-07,0,0,0,0,0,0,0,0,0,6.76151434866653e-08,7.87021675531533e-08,8.44618813061876e-08,8.85662204774124e-08,1.52782800412389e-07,1.55430960295925e-07,1.62720411104421e-07,1.77529664767746e-07,0,0,0,0,0,0,0,0,6.76151434866653e-08,7.87021675531533e-08,8.44618813061876e-08,8.85662204774124e-08,1.52782800412389e-07,1.55430960295925e-07,1.62720411104421e-07,1.77529664767746e-07,0,0,0,0,0,0,0,0,0,6.0229868237949e-08,7.28676331849797e-08,7.80155660378731e-08,8.21176690087167e-08,1.40625286181789e-07,1.40592735511866e-07,1.48807856174329e-07,1.60934013910692e-07,0,0,0,0,0,0,0,0,6.0229868237949e-08,7.28676331849797e-08,7.80155660378731e-08,8.21176690087167e-08,1.40625286181789e-07,1.40592735511866e-07,1.48807856174329e-07,1.60934013910692e-07,0,0,0,0,0,0,0,0,0,7.01254950691865e-08,8.14191395633628e-08,8.75369268322434e-08,9.1060326548534e-08,1.56831253248467e-07,1.59975267838013e-07,1.67405333507973e-07,1.82069051133495e-07,0,0,0,0,0,0,0,0,7.01254950691865e-08,8.14191395633628e-08,8.75369268322434e-08,9.1060326548534e-08,1.56831253248467e-07,1.59975267838013e-07,1.67405333507973e-07,1.82069051133495e-07,0,0,0,0,0,0,0,0,0
7,8.42986763514749e-08,8.14327622178224e-08,1.22826669365805e-07,1.55062042480017e-07,1.5317107080836e-07,1.57842970803953e-07,1.49254827661686e-07,1.45314440403473e-07,0,0,0,0,0,0,0,0,8.42986763514749e-08,8.14327622178224e-08,1.22826669365805e-07,1.55062042480017e-07,1.5317107080836e-07,1.57842970803953e-07,1.49254827661686e-07,1.45314440403473e-07,0,0,0,0,0,0,0,0,0,8.11969032941466e-08,7.91992892330837e-08,1.19929530388659e-07,1.51160659728381e-07,1.49684919836424e-07,1.53577029510935e-07,1.43391276548567e-07,1.38052953021289e-07,0,0,0,0,0,0,0,0,8.11969032941466e-08,7.91992892330837e-08,1.19929530388659e-07,1.51160659728381e-07,1.49684919836424e-07,1.53577029510935e-07,1.43391276548567e-07,1.38052953021289e-07,0,0,0,0,0,0,0,0,0,8.75059814063667e-08,8.3972014070896e-08,1.26236824468364e-07,1.6005911289829e-07,1.57440132842215e-07,1.61514779713077e-07,1.53449449721702e-07,1.51819103211745e-07,0,0,0,0,0,0,0,0,8.75059814063667e-08,8.3972014070896e-08,1.26236824468364e-07,1.6005911289829e-07,1.57440132842215e-07,1.61514779713077e-07,1.53449449721702e-07,1.51819103211745e-07,0,0,0,0,0,0,0,0,0,7.93727399964834e-08,7.78106697110877e-08,1.17923105748146e-07,1.48441639809552e-07,1.47611397350264e-07,1.5068340802993e-07,1.38814960389312e-07,1.31725948306662e-07,0,0,0,0,0,0,0,0,7.93727399964834e-08,7.78106697110877e-08,1.17923105748146e-07,1.48441639809552e-07,1.47611397350264e-07,1.5068340802993e-07,1.38814960389312e-07,1.31725948306662e-07,0,0,0,0,0,0,0,0,0,8.94129700999231e-08,8.59337234143371e-08,1.29247221971706e-07,1.63794036532742e-07,1.60551514069433e-07,1.64134527067489e-07,1.55455531039764e-07,1.53919670898904e-07,0,0,0,0,0,0,0,0,8.94129700999231e-08,8.59337234143371e-08,1.29247221971706e-07,1.63794036532742e-07,1.60551514069433e-07,1.64134527067489e-07,1.55455531039764e-07,1.53919670898904e-07,0,0,0,0,0,0,0,0,0
8,2.12037234474821e-10,1.08286939535645e-09,6.82263631453469e-09,3.55933578059255e-08,8.65296066217205e-08,1.79929535146616e-07,2.48870229292594e-07,2.94015124973517e-07,0,0,0,0,0,0,0,0,2.12037234474821e-10,1.08286939535645e-09,6.82263631453469e-09,3.55933578059255e-08,8.65296066217205e-08,1.79929535146616e-07,2.48870229292594e-07,2.94015124973517e-07,0,0,0,0,0,0,0,0,0,1.64309375844805e-10,9.01711661241864e-10,6.22073350154234e-09,3.32949095430483e-08,8.33631492351912e-08,1.74175804158994e-07,2.38013963749973e-07,2.78553955145388e-07,0,0,0,0,0,0,0,0,1.64309375844805e-10,9.01711661241864e-10,6.22073350154234e-09,3.32949095430483e-08,8.33631492351912e-08,1.74175804158994e-07,2.38013963749973e-07,2.78553955145388e-07,0,0,0,0,0,0,0,0,0,2.59007227688003e-10,1.25997317884381e-09,7.48721883586490e-09,3.77502271783511e-08,8.98973838704785e-08,1.8563537453933e-07,2.59193961184142e-07,3.09344875384899e-07,0,0,0,0,0,0,0,0,2.59007227688003e-10,1.25997317884381e-09,7.48721883586490e-09,3.77502271783511e-08,8.98973838704785e-08,1.8563537453933e-07,2.59193961184142e-07,3.09344875384899e-07,0,0,0,0,0,0,0,0,0,1.2678666616544e-10,7.39405757049718e-10,5.72341432418369e-09,3.14511264971731e-08,8.13481164358474e-08,1.69944797270439e-07,2.31514802658346e-07,2.69688307262601e-07,0,0,0,0,0,0,0,0,1.2678666616544e-10,7.39405757049718e-10,5.72341432418369e-09,3.14511264971731e-08,8.13481164358474e-08,1.69944797270439e-07,2.31514802658346e-07,2.69688307262601e-07,0,0,0,0,0,0,0,0,0,3.06076515636987e-10,1.39571475596914e-09,7.95697440089444e-09,3.93215681890724e-08,9.24864179456949e-08,1.89388316306256e-07,2.65373641075687e-07,3.20130866817931e-07,0,0,0,0,0,0,0,0,3.06076515636987e-10,1.39571475596914e-09,7.95697440089444e-09,3.93215681890724e-08,9.24864179456949e-08,1.89388316306256e-07,2.65373641075687e-07,3.20130866817931e-07,0,0,0,0,0,0,0,0,0
9,1.93070784709514e-08,2.58451882493056e-08,2.96878531091897e-08,3.6101293488642e-08,7.2852229320059e-08,7.83827800530336e-08,8.70222165730316e-08,1.00289655189894e-07,0,0,0,0,0,0,0,0,1.93070784709514e-08,2.58451882493056e-08,2.96878531091897e-08,3.6101293488642e-08,7.2852229320059e-08,7.83827800530336e-08,8.70222165730316e-08,1.00289655189894e-07,0,0,0,0,0,0,0,0,0,1.64325228384165e-08,2.32766103768892e-08,2.82088255879474e-08,3.40910539326798e-08,6.69292569786817e-08,7.1060904886448e-08,7.61330756932417e-08,8.35928415956051e-08,0,0,0,0,0,0,0,0,1.64325228384165e-08,2.32766103768892e-08,2.82088255879474e-08,3.40910539326798e-08,6.69292569786817e-08,7.1060904886448e-08,7.61330756932417e-08,8.35928415956051e-08,0,0,0,0,0,0,0,0,0,2.32127858517983e-08,2.84216124506851e-08,3.12568989340153e-08,3.79770461367654e-08,7.95711915606794e-08,8.94677100326311e-08,1.01135258795662e-07,1.14653939186622e-07,0,0,0,0,0,0,0,0,2.32127858517983e-08,2.84216124506851e-08,3.12568989340153e-08,3.79770461367654e-08,7.95711915606794e-08,8.94677100326311e-08,1.01135258795662e-07,1.14653939186622e-07,0,0,0,0,0,0,0,0,0,1.38515786661218e-08,2.12015479214277e-08,2.70064550357795e-08,3.22043086545795e-08,6.22625102267402e-08,6.48247003511178e-08,6.85102121990153e-08,7.28279233849787e-08,0,0,0,0,0,0,0,0,1.38515786661218e-08,2.12015479214277e-08,2.70064550357795e-08,3.22043086545795e-08,6.22625102267402e-08,6.48247003511178e-08,6.85102121990153e-08,7.28279233849787e-08,0,0,0,0,0,0,0,0,0,2.79193392932296e-08,3.05165438737439e-08,3.26028017309295e-08,3.92863754488899e-08,8.55614378256997e-08,1.01287256074585e-07,1.15990780430198e-07,1.30382685413735e-07,0,0,0,0,0,0,0,0,2.79193392932296e-08,3.05165438737439e-08,3.26028017309295e-08,3.92863754488899e-08,8.55614378256997e-08,1.01287256074585e-07,1.15990780430198e-07,1.30382685413735e-07,0,0,0,0,0,0,0,0,0
10,6.4873993124694e-10,1.8729390533328e-08,2.24765557697855e-08,2.32886731869738e-08,2.49406702861793e-08,5.26431588341764e-08,5.54417312650503e-08,5.62473650383747e-08,0,0,0,0,0,0,0,0,6.13754115638137e-09,1.8729390533328e-08,2.24765557697855e-08,2.32886731869738e-08,2.49406702861793e-08,5.26431588341764e-08,5.54417312650503e-08,5.62473650383747e-08,0,0,0,0,0,0,0,0,0,4.64835859001351e-10,1.49852713204908e-08,2.00557104448908e-08,2.1367386968076e-08,2.29584600116255e-08,4.36588220569914e-08,4.33494695106268e-08,4.26374156610015e-08,0,0,0,0,0,0,0,0,4.39767783385715e-09,1.49852713204908e-08,2.00557104448908e-08,2.1367386968076e-08,2.29584600116255e-08,4.36588220569914e-08,4.33494695106268e-08,4.26374156610015e-08,0,0,0,0,0,0,0,0,0,8.69477761021107e-10,2.29997660528015e-08,2.48836433881815e-08,2.49707119241865e-08,2.67847341272454e-08,5.59510360298579e-08,5.93669308829149e-08,6.13000891366579e-08,0,0,0,0,0,0,0,0,8.22587802259712e-09,2.29997660528015e-08,2.48836433881815e-08,2.49707119241865e-08,2.67847341272454e-08,5.59510360298579e-08,5.93669308829149e-08,6.13000891366579e-08,0,0,0,0,0,0,0,0,0,3.72154145497338e-10,1.29987644274341e-08,1.84406501102225e-08,2.01064808819412e-08,2.08081276191518e-08,3.59674752291118e-08,3.43367705228199e-08,3.205664718069e-08,0,0,0,0,0,0,0,0,3.52084290559635e-09,1.29987644274341e-08,1.84406501102225e-08,2.01064808819412e-08,2.08081276191518e-08,3.59674752291118e-08,3.43367705228199e-08,3.205664718069e-08,0,0,0,0,0,0,0,0,0,1.07069220687144e-09,2.68639739411512e-08,2.66737559277967e-08,2.62930639143426e-08,2.80077683276534e-08,5.8081031008294e-08,6.15854515619092e-08,6.40725364839278e-08,0,0,0,0,0,0,0,0,1.01295097911722e-08,2.68639739411512e-08,2.66737559277967e-08,2.62930639143426e-08,2.80077683276534e-08,5.8081031008294e-08,6.15854515619092e-08,6.40725364839278e-08,0,0,0,0,0,0,0,0,0
11,7.66459478553384e-10,6.55645078067341e-09,1.30546047183303e-08,1.69147751489703e-08,3.90318604558969e-08,1.19575225266821e-07,1.4525080477172e-07,1.61952906009803e-07,0,0,0,0,0,0,0,0,1.75855454921672e-09,6.55645078067341e-09,1.30546047183303e-08,1.69147751489703e-08,3.90318604558969e-08,1.19575225266821e-07,1.4525080477172e-07,1.61952906009803e-07,0,0,0,0,0,0,0,0,0,4.05215014079848e-10,4.77810483280991e-09,1.1073144970375e-08,1.47924558702648e-08,3.66095727754916e-08,1.14689333219675e-07,1.39968368882e-07,1.55687389963488e-07,0,0,0,0,0,0,0,0,9.29720000026594e-10,4.77810483280991e-09,1.1073144970375e-08,1.47924558702648e-08,3.66095727754916e-08,1.14689333219675e-07,1.39968368882e-07,1.55687389963488e-07,0,0,0,0,0,0,0,0,0,1.21558395830175e-09,9.01795175544429e-09,1.57562571626448e-08,1.96692874988464e-08,4.17487592741073e-08,1.23878762016618e-07,1.50149387837164e-07,1.67959967411115e-07,0,0,0,0,0,0,0,0,2.78901984989612e-09,9.01795175544429e-09,1.57562571626448e-08,1.96692874988464e-08,4.17487592741073e-08,1.23878762016618e-07,1.50149387837164e-07,1.67959967411115e-07,0,0,0,0,0,0,0,0,0,2.79353782227822e-10,3.99410286343502e-09,1.00393714081353e-08,1.36236116467485e-08,3.48897317749916e-08,1.11388802851963e-07,1.35952351357431e-07,1.50079156685953e-07,0,0,0,0,0,0,0,0,6.40945644647564e-10,3.99410286343502e-09,1.00393714081353e-08,1.36236116467485e-08,3.48897317749916e-08,1.11388802851963e-07,1.35952351357431e-07,1.50079156685953e-07,0,0,0,0,0,0,0,0,0,2.32555490521904e-09,1.19239375960271e-08,1.85221799167599e-08,2.19812409474282e-08,4.41846556493318e-08,1.27168727487213e-07,1.53063179462799e-07,1.7155948828781e-07,0,0,0,0,0,0,0,0,5.33572259520485e-09,1.19239375960271e-08,1.85221799167599e-08,2.19812409474282e-08,4.41846556493318e-08,1.27168727487213e-07,1.53063179462799e-07,1.7155948828781e-07,0,0,0,0,0,0,0,0,0
12,1.3475666463009e-08,1.71595965995013e-08,1.96339388488541e-08,2.43128780455212e-08,5.4821877213186e-08,6.37867563504551e-08,6.96722290043378e-08,7.60455334559469e-08,0,0,0,0,0,0,0,0,1.3475666463009e-08,1.71595965995013e-08,1.96339388488541e-08,2.43128780455212e-08,5.4821877213186e-08,6.37867563504551e-08,6.96722290043378e-08,7.60455334559469e-08,0,0,0,0,0,0,0,0,0,1.04338294879838e-08,1.42534612392216e-08,1.73145627009022e-08,2.24374056259571e-08,5.09953967869843e-08,5.76313027900065e-08,6.0917166516955e-08,6.32951836553127e-08,0,0,0,0,0,0,0,0,1.04338294879838e-08,1.42534612392216e-08,1.73145627009022e-08,2.24374056259571e-08,5.09953967869843e-08,5.76313027900065e-08,6.0917166516955e-08,6.32951836553127e-08,0,0,0,0,0,0,0,0,0,1.76132258169737e-08,1.9968259290833e-08,2.16303306474414e-08,2.59886777313039e-08,5.8057214164587e-08,7.25465768540203e-08,8.37509840785726e-08,9.51978134137479e-08,0,0,0,0,0,0,0,0,1.76132258169737e-08,1.9968259290833e-08,2.16303306474414e-08,2.59886777313039e-08,5.8057214164587e-08,7.25465768540203e-08,8.37509840785726e-08,9.51978134137479e-08,0,0,0,0,0,0,0,0,0,8.8125587644203e-09,1.26338167243837e-08,1.5910293480274e-08,2.13360411479365e-08,4.79859785695919e-08,5.40923225659425e-08,5.68043273866329e-08,5.84798414656262e-08,0,0,0,0,0,0,0,0,8.8125587644203e-09,1.26338167243837e-08,1.5910293480274e-08,2.13360411479365e-08,4.79859785695919e-08,5.40923225659425e-08,5.68043273866329e-08,5.84798414656262e-08,0,0,0,0,0,0,0,0,0,1.98000062137906e-08,2.15650115781908e-08,2.28251130648167e-08,2.74008436062309e-08,6.17876442780124e-08,7.71969256681334e-08,8.96527711399082e-08,1.05046829044317e-07,0,0,0,0,0,0,0,0,1.98000062137906e-08,2.15650115781908e-08,2.28251130648167e-08,2.74008436062309e-08,6.17876442780124e-08,7.71969256681334e-08,8.96527711399082e-08,1.05046829044317e-07,0,0,0,0,0,0,0,0,0
13,1.13382959100367e-08,6.1923603844148e-08,8.39417582508411e-08,9.37831780478204e-08,1.61688002439904e-07,4.0638106123354e-07,4.7410203739511e-07,5.19861459767152e-07,0,0,0,0,0,0,0,0,2.60144370457697e-08,6.1923603844148e-08,8.39417582508411e-08,9.37831780478204e-08,1.61688002439904e-07,4.0638106123354e-07,4.7410203739511e-07,5.19861459767152e-07,0,0,0,0,0,0,0,0,0,1.02191750249619e-08,5.92764421618217e-08,8.03085316332275e-08,8.99870001049536e-08,1.53217092747636e-07,3.77244796914513e-07,4.30257958428716e-07,4.64848143772144e-07,0,0,0,0,0,0,0,0,2.34467408026672e-08,5.92764421618217e-08,8.03085316332275e-08,8.99870001049536e-08,1.53217092747636e-07,3.77244796914513e-07,4.30257958428716e-07,4.64848143772144e-07,0,0,0,0,0,0,0,0,0,1.26012117953654e-08,6.52065528593672e-08,8.75941188848797e-08,9.79294438990881e-08,1.68827034196337e-07,4.30785863362071e-07,5.05817575479156e-07,5.59607890442591e-07,0,0,0,0,0,0,0,0,2.89120546466566e-08,6.52065528593672e-08,8.75941188848797e-08,9.79294438990881e-08,1.68827034196337e-07,4.30785863362071e-07,5.05817575479156e-07,5.59607890442591e-07,0,0,0,0,0,0,0,0,0,9.44524164786833e-09,5.73714407695375e-08,7.71682819456391e-08,8.4292039224455e-08,1.33709904657473e-07,3.18938844984981e-07,3.55517852332618e-07,3.82477295896475e-07,0,0,0,0,0,0,0,0,2.16710382389161e-08,5.73714407695375e-08,7.71682819456391e-08,8.4292039224455e-08,1.33709904657473e-07,3.18938844984981e-07,3.55517852332618e-07,3.82477295896475e-07,0,0,0,0,0,0,0,0,0,1.33621461159118e-08,6.73166310885688e-08,9.04246450986871e-08,1.00189895123365e-07,1.79536399101948e-07,4.74107342694985e-07,5.6413909414119e-07,6.33909088441793e-07,0,0,0,0,0,0,0,0,3.06579323459938e-08,6.73166310885688e-08,9.04246450986871e-08,1.00189895123365e-07,1.79536399101948e-07,4.74107342694985e-07,5.6413909414119e-07,6.33909088441793e-07,0,0,0,0,0,0,0,0,0
14,8.75243048431488e-08,7.55166321905318e-08,6.51836367549359e-08,7.55560651305248e-08,8.02070577688491e-08,7.04018685638974e-08,5.97750743921779e-08,5.2270504512557e-08,0,0,0,0,0,0,0,0,8.75243048431488e-08,7.55166321905318e-08,6.51836367549359e-08,7.55560651305248e-08,8.02070577688491e-08,7.04018685638974e-08,5.97750743921779e-08,5.2270504512557e-08,0,0,0,0,0,0,0,0,0,8.40677573587715e-08,7.29826865434504e-08,6.32312024213025e-08,7.28675281707477e-08,7.68717478160595e-08,6.66039745592507e-08,5.57770708521456e-08,4.85245413161932e-08,0,0,0,0,0,0,0,0,8.40677573587715e-08,7.29826865434504e-08,6.32312024213025e-08,7.28675281707477e-08,7.68717478160595e-08,6.66039745592507e-08,5.57770708521456e-08,4.85245413161932e-08,0,0,0,0,0,0,0,0,0,9.18869901064535e-08,7.79977994315489e-08,6.71219910939998e-08,7.83522122415554e-08,8.31103494197049e-08,7.34462908720133e-08,6.34195467366358e-08,5.57526849333624e-08,0,0,0,0,0,0,0,0,9.18869901064535e-08,7.79977994315489e-08,6.71219910939998e-08,7.83522122415554e-08,8.31103494197049e-08,7.34462908720133e-08,6.34195467366358e-08,5.57526849333624e-08,0,0,0,0,0,0,0,0,0,8.13782133524352e-08,7.14240738477739e-08,6.16512882922198e-08,7.11036374691731e-08,7.41706583043766e-08,6.34111538799918e-08,5.33867283892955e-08,4.57249917555558e-08,0,0,0,0,0,0,0,0,8.13782133524352e-08,7.14240738477739e-08,6.16512882922198e-08,7.11036374691731e-08,7.41706583043766e-08,6.34111538799918e-08,5.33867283892955e-08,4.57249917555558e-08,0,0,0,0,0,0,0,0,0,9.64809282148621e-08,7.97349134347885e-08,6.84991742629595e-08,8.03515239194087e-08,8.52819520607027e-08,7.52708936276532e-08,6.62597783802344e-08,5.87851656652576e-08,0,0,0,0,0,0,0,0,9.64809282148621e-08,7.97349134347885e-08,6.84991742629595e-08,8.03515239194087e-08,8.52819520607027e-08,7.52708936276532e-08,6.62597783802344e-08,5.87851656652576e-08,0,0,0,0,0,0,0,0,0
15,9.11966050904741e-10,2.06696760401319e-08,3.63318577683817e-08,4.79895586671106e-08,5.98269181801339e-08,1.2235399626393e-07,1.36221731020008e-07,1.53635420621493e-07,0,0,0,0,0,0,0,0,5.36449615680733e-09,2.06696760401319e-08,3.63318577683817e-08,4.79895586671106e-08,5.98269181801339e-08,1.2235399626393e-07,1.36221731020008e-07,1.53635420621493e-07,0,0,0,0,0,0,0,0,0,7.63816071695285e-10,1.803722571937e-08,3.29316551939197e-08,4.48750015108098e-08,5.70676733033052e-08,1.18417541253831e-07,1.31267969153923e-07,1.45676182457121e-07,0,0,0,0,0,0,0,0,4.49302731944024e-09,1.803722571937e-08,3.29316551939197e-08,4.48750015108098e-08,5.70676733033052e-08,1.18417541253831e-07,1.31267969153923e-07,1.45676182457121e-07,0,0,0,0,0,0,0,0,0,1.1253107351902e-09,2.38030506990935e-08,3.94627673753467e-08,5.08724733609466e-08,6.21961809007303e-08,1.26570909206062e-07,1.41770850291457e-07,1.61246025083752e-07,0,0,0,0,0,0,0,0,6.61946254266038e-09,2.38030506990935e-08,3.94627673753467e-08,5.08724733609466e-08,6.21961809007303e-08,1.26570909206062e-07,1.41770850291457e-07,1.61246025083752e-07,0,0,0,0,0,0,0,0,0,6.72809165151882e-10,1.64618548892278e-08,3.13718984100487e-08,4.32368646423391e-08,5.55009649703196e-08,1.16256579917039e-07,1.27670166432582e-07,1.39917734135363e-07,0,0,0,0,0,0,0,0,3.9576935754805e-09,1.64618548892278e-08,3.13718984100487e-08,4.32368646423391e-08,5.55009649703196e-08,1.16256579917039e-07,1.27670166432582e-07,1.39917734135363e-07,0,0,0,0,0,0,0,0,0,1.3440497528199e-09,2.65981061540153e-08,4.12766223449069e-08,5.22741167459749e-08,6.38845362460519e-08,1.29520953163477e-07,1.46161596862829e-07,1.6659701323482e-07,0,0,0,0,0,0,0,0,7.90616024182824e-09,2.65981061540153e-08,4.12766223449069e-08,5.22741167459749e-08,6.38845362460519e-08,1.29520953163477e-07,1.46161596862829e-07,1.6659701323482e-07,0,0,0,0,0,0,0,0,0
16,6.20614378488639e-09,2.97671409680615e-08,3.22924889993279e-08,3.19851663624764e-08,3.90396046989402e-08,7.33223413369873e-08,7.53048177892082e-08,7.80346289108465e-08,0,0,0,0,0,0,0,0,1.42392946938354e-08,2.97671409680615e-08,3.22924889993279e-08,3.19851663624764e-08,3.90396046989402e-08,7.33223413369873e-08,7.53048177892082e-08,7.80346289108465e-08,0,0,0,0,0,0,0,0,0,4.85659454402834e-09,2.59820110609167e-08,3.02088808270177e-08,3.02534644368445e-08,3.60500820851732e-08,6.19702151946602e-08,6.12848565825238e-08,6.0501715249145e-08,0,0,0,0,0,0,0,0,1.11429066611867e-08,2.59820110609167e-08,3.02088808270177e-08,3.02534644368445e-08,3.60500820851732e-08,6.19702151946602e-08,6.12848565825238e-08,6.0501715249145e-08,0,0,0,0,0,0,0,0,0,8.21211204898566e-09,3.37146711633854e-08,3.4773517316129e-08,3.44196396880448e-08,4.25597537682248e-08,7.9717261876121e-08,8.23412497380483e-08,8.6138689904928e-08,0,0,0,0,0,0,0,0,1.88417619019834e-08,3.37146711633854e-08,3.4773517316129e-08,3.44196396880448e-08,4.25597537682248e-08,7.9717261876121e-08,8.23412497380483e-08,8.6138689904928e-08,0,0,0,0,0,0,0,0,0,4.21443170364469e-09,2.32653906366247e-08,2.91786600926111e-08,2.92896484831105e-08,3.44160591163097e-08,5.76436533525552e-08,5.59199418476457e-08,5.38282085634987e-08,0,0,0,0,0,0,0,0,9.66953668417757e-09,2.32653906366247e-08,2.91786600926111e-08,2.92896484831105e-08,3.44160591163097e-08,5.76436533525552e-08,5.59199418476457e-08,5.38282085634987e-08,0,0,0,0,0,0,0,0,0,9.39538574589285e-09,3.57030158911494e-08,3.62449520921605e-08,3.58032754757683e-08,4.43886364280607e-08,8.34164639530767e-08,8.68468572254287e-08,9.12253483704227e-08,0,0,0,0,0,0,0,0,2.15566495129919e-08,3.57030158911494e-08,3.62449520921605e-08,3.58032754757683e-08,4.43886364280607e-08,8.34164639530767e-08,8.68468572254287e-08,9.12253483704227e-08,0,0,0,0,0,0,0,0,0
17,4.22782947779408e-08,7.34986189162972e-08,1.07973879046486e-07,1.24223611735846e-07,1.74964469733301e-07,1.83993148578931e-07,2.00358552361201e-07,2.1304365973062e-07,0,0,0,0,0,0,0,0,4.22782947779408e-08,7.34986189162972e-08,1.07973879046486e-07,1.24223611735846e-07,1.74964469733301e-07,1.83993148578931e-07,2.00358552361201e-07,2.1304365973062e-07,0,0,0,0,0,0,0,0,0,4.02074816017573e-08,7.06017952960042e-08,1.03742932758077e-07,1.18339213177385e-07,1.67211546154155e-07,1.7394021358774e-07,1.86961468346696e-07,1.99126123270411e-07,0,0,0,0,0,0,0,0,4.02074816017573e-08,7.06017952960042e-08,1.03742932758077e-07,1.18339213177385e-07,1.67211546154155e-07,1.7394021358774e-07,1.86961468346696e-07,1.99126123270411e-07,0,0,0,0,0,0,0,0,0,4.43640601679488e-08,7.58077833479453e-08,1.13203573480606e-07,1.33713025460534e-07,1.91714224348495e-07,1.97338466946926e-07,2.10498759732651e-07,2.25139963377643e-07,0,0,0,0,0,0,0,0,4.43640601679488e-08,7.58077833479453e-08,1.13203573480606e-07,1.33713025460534e-07,1.91714224348495e-07,1.97338466946926e-07,2.10498759732651e-07,2.25139963377643e-07,0,0,0,0,0,0,0,0,0,3.89554827862608e-08,6.9207836755736e-08,1.01503803414885e-07,1.160274389132e-07,1.63582596277807e-07,1.69791991134174e-07,1.76096035253862e-07,1.88241147865933e-07,0,0,0,0,0,0,0,0,3.89554827862608e-08,6.9207836755736e-08,1.01503803414885e-07,1.160274389132e-07,1.63582596277807e-07,1.69791991134174e-07,1.76096035253862e-07,1.88241147865933e-07,0,0,0,0,0,0,0,0,0,4.5822246368006e-08,7.73376310679713e-08,1.16356364807474e-07,1.36952100630575e-07,1.96355814224545e-07,2.02284578300701e-07,2.1641620258182e-07,2.31975284712575e-07,0,0,0,0,0,0,0,0,4.5822246368006e-08,7.73376310679713e-08,1.16356364807474e-07,1.36952100630575e-07,1.96355814224545e-07,2.02284578300701e-07,2.1641620258182e-07,2.31975284712575e-07,0,0,0,0,0,0,0,0,0
18,2.35434947628505e-09,5.20803461656543e-09,1.08269206490725e-08,2.69358373716615e-08,6.18480149138983e-08,9.76368759619825e-08,1.33149637599143e-07,1.60806157091218e-07,0,0,0,0,0,0,0,0,2.35434947628505e-09,5.20803461656543e-09,1.08269206490725e-08,2.69358373716615e-08,6.18480149138983e-08,9.76368759619825e-08,1.33149637599143e-07,1.60806157091218e-07,0,0,0,0,0,0,0,0,0,1.53159032663102e-09,3.76823108880265e-09,9.07608522016143e-09,2.47079655001898e-08,5.90869761165275e-08,9.28876158268522e-08,1.26525454735551e-07,1.49838424648292e-07,0,0,0,0,0,0,0,0,1.53159032663102e-09,3.76823108880265e-09,9.07608522016143e-09,2.47079655001898e-08,5.90869761165275e-08,9.28876158268522e-08,1.26525454735551e-07,1.49838424648292e-07,0,0,0,0,0,0,0,0,0,3.4744264307185e-09,6.92219258873901e-09,1.2743802272626e-08,3.00459823389269e-08,6.59685681339332e-08,1.03587018170667e-07,1.40310861233621e-07,1.68387902824309e-07,0,0,0,0,0,0,0,0,3.4744264307185e-09,6.92219258873901e-09,1.2743802272626e-08,3.00459823389269e-08,6.59685681339332e-08,1.03587018170667e-07,1.40310861233621e-07,1.68387902824309e-07,0,0,0,0,0,0,0,0,0,1.3041830412641e-09,3.24908098141373e-09,8.16665971448131e-09,2.33798058455563e-08,5.71305083020065e-08,8.99203428586369e-08,1.21926623410785e-07,1.42203132164011e-07,0,0,0,0,0,0,0,0,1.3041830412641e-09,3.24908098141373e-09,8.16665971448131e-09,2.33798058455563e-08,5.71305083020065e-08,8.99203428586369e-08,1.21926623410785e-07,1.42203132164011e-07,0,0,0,0,0,0,0,0,0,5.1914700082814e-09,9.80394155875182e-09,1.66522694449088e-08,3.60135382261751e-08,7.14648818275228e-08,1.06922194966929e-07,1.44986426719254e-07,1.7359137662253e-07,0,0,0,0,0,0,0,0,5.1914700082814e-09,9.80394155875182e-09,1.66522694449088e-08,3.60135382261751e-08,7.14648818275228e-08,1.06922194966929e-07,1.44986426719254e-07,1.7359137662253e-07,0,0,0,0,0,0,0,0,0
19,1.70549210160832e-09,5.0607716626645e-09,1.22470494056612e-08,2.19535750708512e-08,6.42663957067941e-08,1.07171368834703e-07,1.44917709830959e-07,1.88341328895903e-07,0,0,0,0,0,0,0,0,1.70549210160832e-09,5.0607716626645e-09,1.22470494056612e-08,2.19535750708512e-08,6.42663957067941e-08,1.07171368834703e-07,1.44917709830959e-07,1.88341328895903e-07,0,0,0,0,0,0,0,0,0,1.4244943660193e-09,4.34314881620513e-09,1.08990060229698e-08,2.03231201261803e-08,6.19856582927721e-08,1.03121823036984e-07,1.39334148381241e-07,1.79663131475473e-07,0,0,0,0,0,0,0,0,1.4244943660193e-09,4.34314881620513e-09,1.08990060229698e-08,2.03231201261803e-08,6.19856582927721e-08,1.03121823036984e-07,1.39334148381241e-07,1.79663131475473e-07,0,0,0,0,0,0,0,0,0,2.05560752887172e-09,5.754353083767e-09,1.32877076338635e-08,2.31415232552668e-08,6.65765834201905e-08,1.12697694765787e-07,1.51379907746498e-07,1.96603765796688e-07,0,0,0,0,0,0,0,0,2.05560752887172e-09,5.754353083767e-09,1.32877076338635e-08,2.31415232552668e-08,6.65765834201905e-08,1.12697694765787e-07,1.51379907746498e-07,1.96603765796688e-07,0,0,0,0,0,0,0,0,0,1.28875934119849e-09,3.94456777563847e-09,1.01940302241661e-08,1.94113959477506e-08,6.05714992191858e-08,1.00751714241809e-07,1.35793076352849e-07,1.7310804245946e-07,0,0,0,0,0,0,0,0,1.28875934119849e-09,3.94456777563847e-09,1.01940302241661e-08,1.94113959477506e-08,6.05714992191858e-08,1.00751714241809e-07,1.35793076352849e-07,1.7310804245946e-07,0,0,0,0,0,0,0,0,0,2.29763186068249e-09,6.23031476163685e-09,1.40822506764893e-08,2.4162283553991e-08,6.85046445270565e-08,1.16780561042284e-07,1.57077181616053e-07,2.03681409130782e-07,0,0,0,0,0,0,0,0,2.29763186068249e-09,6.23031476163685e-09,1.40822506764893e-08,2.4162283553991e-08,6.85046445270565e-08,1.16780561042284e-07,1.57077181616053e-07,2.03681409130782e-07,0,0,0,0,0,0,0,0,0
20,4.91635150393077e-08,4.31133947555468e-08,3.78167355375593e-08,6.10505660408618e-08,6.36674707491899e-08,5.76251988165722e-08,5.51833379096065e-08,4.72839189331296e-08,0,0,0,0,0,0,0,0,4.91635150393077e-08,4.31133947555468e-08,3.78167355375593e-08,6.10505660408618e-08,6.36674707491899e-08,5.76251988165722e-08,5.51833379096065e-08,4.72839189331296e-08,0,0,0,0,0,0,0,0,0,4.47277933438929e-08,3.97461514579698e-08,3.53982071815134e-08,5.81345203917834e-08,6.10626756019243e-08,5.56252095021142e-08,5.33086065486372e-08,4.52040938259043e-08,0,0,0,0,0,0,0,0,4.47277933438929e-08,3.97461514579698e-08,3.53982071815134e-08,5.81345203917834e-08,6.10626756019243e-08,5.56252095021142e-08,5.33086065486372e-08,4.52040938259043e-08,0,0,0,0,0,0,0,0,0,5.62029082808596e-08,4.79793106549391e-08,4.09529885978688e-08,6.48099934866707e-08,6.68031653435777e-08,5.94958419660847e-08,5.70862860110428e-08,4.97190845622676e-08,0,0,0,0,0,0,0,0,5.62029082808596e-08,4.79793106549391e-08,4.09529885978688e-08,6.48099934866707e-08,6.68031653435777e-08,5.94958419660847e-08,5.70862860110428e-08,4.97190845622676e-08,0,0,0,0,0,0,0,0,0,4.24466245808087e-08,3.82867783721094e-08,3.42155781524461e-08,5.66015337509667e-08,5.80937621775862e-08,5.40911196095098e-08,5.22680199785842e-08,4.41061328612754e-08,0,0,0,0,0,0,0,0,4.24466245808087e-08,3.82867783721094e-08,3.42155781524461e-08,5.66015337509667e-08,5.80937621775862e-08,5.40911196095098e-08,5.22680199785842e-08,4.41061328612754e-08,0,0,0,0,0,0,0,0,0,5.99500647018602e-08,5.11631242665692e-08,4.31470684521235e-08,6.73978516713174e-08,6.90018159356523e-08,6.09368655112492e-08,5.83798726854683e-08,5.13845835935422e-08,0,0,0,0,0,0,0,0,5.99500647018602e-08,5.11631242665692e-08,4.31470684521235e-08,6.73978516713174e-08,6.90018159356523e-08,6.09368655112492e-08,5.83798726854683e-08,5.13845835935422e-08,0,0,0,0,0,0,0,0,0
21,6.37058914996227e-09,2.10764396446322e-08,2.32178986099047e-08,2.47204477453255e-08,3.49651093112493e-08,7.57725151093553e-08,7.59138221173904e-08,7.50003041889946e-08,0,0,0,0,0,0,0,0,1.46165959771304e-08,2.10764396446322e-08,2.32178986099047e-08,2.47204477453255e-08,3.49651093112493e-08,7.57725151093553e-08,7.59138221173904e-08,7.50003041889946e-08,0,0,0,0,0,0,0,0,0,5.06012986144393e-09,1.95514803889359e-08,2.15845194805794e-08,2.27041246901886e-08,3.31301141042546e-08,7.20213468883186e-08,7.20806498201844e-08,7.10572928550952e-08,0,0,0,0,0,0,0,0,1.16098954171259e-08,1.95514803889359e-08,2.15845194805794e-08,2.27041246901886e-08,3.31301141042546e-08,7.20213468883186e-08,7.20806498201844e-08,7.10572928550952e-08,0,0,0,0,0,0,0,0,0,7.35074415455418e-09,2.24950331366541e-08,2.47925158876772e-08,2.62431320283899e-08,3.63418464097218e-08,7.85373058792053e-08,8.25974746022507e-08,8.48418610343058e-08,0,0,0,0,0,0,0,0,1.68654507313515e-08,2.24950331366541e-08,2.47925158876772e-08,2.62431320283899e-08,3.63418464097218e-08,7.85373058792053e-08,8.25974746022507e-08,8.48418610343058e-08,0,0,0,0,0,0,0,0,0,4.49819050234532e-09,1.85147517078745e-08,2.06883676307496e-08,2.1395443734307e-08,3.14693753138694e-08,6.79597997888255e-08,6.97579278960781e-08,6.90304996589813e-08,0,0,0,0,0,0,0,0,1.03205891406976e-08,1.85147517078745e-08,2.06883676307496e-08,2.1395443734307e-08,3.14693753138694e-08,6.79597997888255e-08,6.97579278960781e-08,6.90304996589813e-08,0,0,0,0,0,0,0,0,0,7.85102866469134e-09,2.37075706179402e-08,2.56854759081614e-08,2.71466483253757e-08,3.74352754707053e-08,8.0739094988563e-08,8.61145606679735e-08,8.99339555586391e-08,0,0,0,0,0,0,0,0,1.80132969330384e-08,2.37075706179402e-08,2.56854759081614e-08,2.71466483253757e-08,3.74352754707053e-08,8.0739094988563e-08,8.61145606679735e-08,8.99339555586391e-08,0,0,0,0,0,0,0,0,0
22,4.68051082186588e-08,4.24563766997537e-08,4.4004966870266e-08,4.93384214485139e-08,9.42416369056958e-08,1.10154661513246e-07,1.20218802379816e-07,1.38194710698248e-07,0,0,0,0,0,0,0,0,4.68051082186588e-08,4.24563766997537e-08,4.4004966870266e-08,4.93384214485139e-08,9.42416369056958e-08,1.10154661513246e-07,1.20218802379816e-07,1.38194710698248e-07,0,0,0,0,0,0,0,0,0,4.4517777748038e-08,4.07664944115828e-08,4.20127747685909e-08,4.64174537871902e-08,8.6480469670177e-08,1.00047924707726e-07,1.09906058119639e-07,1.23349883156804e-07,0,0,0,0,0,0,0,0,4.4517777748038e-08,4.07664944115828e-08,4.20127747685909e-08,4.64174537871902e-08,8.6480469670177e-08,1.00047924707726e-07,1.09906058119639e-07,1.23349883156804e-07,0,0,0,0,0,0,0,0,0,5.02833674869554e-08,4.40027821709806e-08,4.58952087602342e-08,5.26574695011203e-08,1.0438779878073e-07,1.23268078712528e-07,1.3615686995113e-07,1.58188945985131e-07,0,0,0,0,0,0,0,0,5.02833674869554e-08,4.40027821709806e-08,4.58952087602342e-08,5.26574695011203e-08,1.0438779878073e-07,1.23268078712528e-07,1.3615686995113e-07,1.58188945985131e-07,0,0,0,0,0,0,0,0,0,4.2801083093088e-08,3.94757659952079e-08,4.06887042631468e-08,4.35280098547286e-08,7.76274912425155e-08,7.95374548081312e-08,7.88110027222816e-08,8.49086153816191e-08,0,0,0,0,0,0,0,0,4.2801083093088e-08,3.94757659952079e-08,4.06887042631468e-08,4.35280098547286e-08,7.76274912425155e-08,7.95374548081312e-08,7.88110027222816e-08,8.49086153816191e-08,0,0,0,0,0,0,0,0,0,5.2753280519462e-08,4.51166873335904e-08,4.70950081691264e-08,5.47501870731126e-08,1.08825657008992e-07,1.30855873042041e-07,1.46305378181678e-07,1.72214294539946e-07,0,0,0,0,0,0,0,0,5.2753280519462e-08,4.51166873335904e-08,4.70950081691264e-08,5.47501870731126e-08,1.08825657008992e-07,1.30855873042041e-07,1.46305378181678e-07,1.72214294539946e-07,0,0,0,0,0,0,0,0,0
23,9.27440717989965e-09,1.02600934828159e-08,1.29665817365616e-08,1.8278889526159e-08,4.68473811073122e-08,6.81257458593155e-08,8.07745750153819e-08,9.23911449069414e-08,0,0,0,0,0,0,0,0,9.27440717989965e-09,1.02600934828159e-08,1.29665817365616e-08,1.8278889526159e-08,4.68473811073122e-08,6.81257458593155e-08,8.07745750153819e-08,9.23911449069414e-08,0,0,0,0,0,0,0,0,0,4.343291056762e-09,7.05634520123715e-09,1.01908342252079e-08,1.5898342979191e-08,4.23649040238007e-08,6.31712023886139e-08,7.59064417750972e-08,8.5463490646115e-08,0,0,0,0,0,0,0,0,4.343291056762e-09,7.05634520123715e-09,1.01908342252079e-08,1.5898342979191e-08,4.23649040238007e-08,6.31712023886139e-08,7.59064417750972e-08,8.5463490646115e-08,0,0,0,0,0,0,0,0,0,1.69932311687448e-08,1.45334355456132e-08,1.64771518732274e-08,2.12564288363685e-08,5.23413658154198e-08,7.31736061525353e-08,8.56580791141287e-08,9.74315834139396e-08,0,0,0,0,0,0,0,0,1.69932311687448e-08,1.45334355456132e-08,1.64771518732274e-08,2.12564288363685e-08,5.23413658154198e-08,7.31736061525353e-08,8.56580791141287e-08,9.74315834139396e-08,0,0,0,0,0,0,0,0,0,3.07190987074326e-09,5.48162980776703e-09,8.66481584130851e-09,1.43783721405921e-08,3.93948333403476e-08,6.02275072330033e-08,7.34898912546524e-08,8.02934290193977e-08,0,0,0,0,0,0,0,0,3.07190987074326e-09,5.48162980776703e-09,8.66481584130851e-09,1.43783721405921e-08,3.93948333403476e-08,6.02275072330033e-08,7.34898912546524e-08,8.02934290193977e-08,0,0,0,0,0,0,0,0,0,1.938881083757e-08,1.68226445889874e-08,2.00830963072371e-08,2.50609399502235e-08,5.79948556106421e-08,7.57894528935916e-08,8.86198286196113e-08,1.00345424259533e-07,0,0,0,0,0,0,0,0,1.938881083757e-08,1.68226445889874e-08,2.00830963072371e-08,2.50609399502235e-08,5.79948556106421e-08,7.57894528935916e-08,8.86198286196113e-08,1.00345424259533e-07,0,0,0,0,0,0,0,0,0
24,2.6665392699009e-11,7.73540231576734e-10,4.59748612633443e-08,6.45797101110283e-08,8.72221572896224e-08,2.02163715872561e-07,2.56164513954455e-07,2.87108067097252e-07,0,0,0,0,0,0,0,0,3.93382646197880e-09,2.24320090601794e-08,4.59748612633443e-08,6.45797101110283e-08,8.72221572896224e-08,2.02163715872561e-07,2.56164513954455e-07,2.87108067097252e-07,0,0,0,0,0,0,0,0,0,2.18687660550339e-11,6.69845741867258e-10,4.13701888858696e-08,5.72902137593038e-08,7.53290851287749e-08,1.75847686192118e-07,2.19336898604971e-07,2.44096685521357e-07,0,0,0,0,0,0,0,0,3.22620152529436e-09,1.94249570185392e-08,4.13701888858696e-08,5.72902137593038e-08,7.53290851287749e-08,1.75847686192118e-07,2.19336898604971e-07,2.44096685521357e-07,0,0,0,0,0,0,0,0,0,3.34326984676472e-11,8.98892249060995e-10,4.98420101068494e-08,6.87052159370829e-08,9.3048870556874e-08,2.14941695512878e-07,2.72422960402008e-07,3.07102378683476e-07,0,0,0,0,0,0,0,0,4.93217690104658e-09,2.60671109942923e-08,4.98420101068494e-08,6.87052159370829e-08,9.3048870556874e-08,2.14941695512878e-07,2.72422960402008e-07,3.07102378683476e-07,0,0,0,0,0,0,0,0,0,1.84330670723389e-11,5.89313359566786e-10,3.695961028218e-08,5.07532688960849e-08,6.81651850630097e-08,1.50061648209759e-07,1.82319159973775e-07,1.99089148518145e-07,0,0,0,0,0,0,0,0,2.71934817698341e-09,1.70895863995867e-08,3.695961028218e-08,5.07532688960849e-08,6.81651850630097e-08,1.50061648209759e-07,1.82319159973775e-07,1.99089148518145e-07,0,0,0,0,0,0,0,0,0,3.89460676560801e-11,1.00976547700384e-09,5.27010638719871e-08,7.16485965438437e-08,9.64671331157358e-08,2.25740333907674e-07,2.87944137507196e-07,3.26623920709111e-07,0,0,0,0,0,0,0,0,5.74553966877068e-09,2.92823403414145e-08,5.27010638719871e-08,7.16485965438437e-08,9.64671331157358e-08,2.25740333907674e-07,2.87944137507196e-07,3.26623920709111e-07,0,0,0,0,0,0,0,0,0
25,2.83711740186306e-10,3.73349828150505e-08,4.63571950996681e-08,5.00708036989649e-08,5.85283523489589e-08,1.39774024336958e-07,1.58820357540204e-07,1.65764399883554e-07,0,0,0,0,0,0,0,0,8.0920676102774e-09,3.73349828150505e-08,4.63571950996681e-08,5.00708036989649e-08,5.85283523489589e-08,1.39774024336958e-07,1.58820357540204e-07,1.65764399883554e-07,0,0,0,0,0,0,0,0,0,2.46518758722143e-10,3.30268670794061e-08,4.28976834665322e-08,4.738761709791e-08,5.56281584285976e-08,1.30792307612814e-07,1.48918808863475e-07,1.54013685503922e-07,0,0,0,0,0,0,0,0,7.03124397133259e-09,3.30268670794061e-08,4.28976834665322e-08,4.738761709791e-08,5.56281584285976e-08,1.30792307612814e-07,1.48918808863475e-07,1.54013685503922e-07,0,0,0,0,0,0,0,0,0,3.17981568457432e-10,3.94233520597818e-08,4.93165185441376e-08,5.31570610048005e-08,6.18756659315579e-08,1.47300191515366e-07,1.66037237955208e-07,1.73920423318219e-07,0,0,0,0,0,0,0,0,9.06951664774211e-09,3.94233520597818e-08,4.93165185441376e-08,5.31570610048005e-08,6.18756659315579e-08,1.47300191515366e-07,1.66037237955208e-07,1.73920423318219e-07,0,0,0,0,0,0,0,0,0,2.17596296686503e-10,2.97779121199899e-08,4.11301201036492e-08,4.58257424006648e-08,5.39596578357445e-08,1.21104073942686e-07,1.35287354208128e-07,1.38295077981498e-07,0,0,0,0,0,0,0,0,6.2063132931224e-09,2.97779121199899e-08,4.11301201036492e-08,4.58257424006648e-08,5.39596578357445e-08,1.21104073942686e-07,1.35287354208128e-07,1.38295077981498e-07,0,0,0,0,0,0,0,0,0,3.35926890161288e-10,4.10728742655434e-08,5.11470993127547e-08,5.5369152108507e-08,6.42205483161269e-08,1.53325625503515e-07,1.70895476291957e-07,1.77880864022046e-07,0,0,0,0,0,0,0,0,9.58135572927052e-09,4.10728742655434e-08,5.11470993127547e-08,5.5369152108507e-08,6.42205483161269e-08,1.53325625503515e-07,1.70895476291957e-07,1.77880864022046e-07,0,0,0,0,0,0,0,0,0
26,3.14165647321452e-111,2.17899735348015e-10,2.4172958533959e-08,3.89270776951872e-08,5.59226053057972e-08,1.10752497903439e-07,2.32571469420346e-07,2.70583092549013e-07,0,0,0,0,0,0,0,0,3.59093121295537e-102,6.31890706909211e-09,2.4172958533959e-08,3.89270776951872e-08,5.59226053057972e-08,1.10752497903439e-07,2.32571469420346e-07,2.70583092549013e-07,0,0,0,0,0,0,0,0,0,2.13416049495887e-111,1.78617993348992e-10,2.17244508480199e-08,3.58460673195877e-08,5.27819723688321e-08,1.0650010686432e-07,2.22228773738213e-07,2.54919069069192e-07,0,0,0,0,0,0,0,0,2.43935758099062e-102,5.17976994803299e-09,2.17244508480199e-08,3.58460673195877e-08,5.27819723688321e-08,1.0650010686432e-07,2.22228773738213e-07,2.54919069069192e-07,0,0,0,0,0,0,0,0,0,3.90386258817821e-111,2.84619395591967e-10,2.80916482868253e-08,4.32752587852913e-08,6.00669541292636e-08,1.1652735123282e-07,2.41443652636464e-07,2.82362622377369e-07,0,0,0,0,0,0,0,0,4.46213713641143e-102,8.25372049183257e-09,2.80916482868253e-08,4.32752587852913e-08,6.00669541292636e-08,1.1652735123282e-07,2.41443652636464e-07,2.82362622377369e-07,0,0,0,0,0,0,0,0,0,1.61258375223934e-111,1.55642215237434e-10,1.98971091774714e-08,3.39537995044569e-08,5.05782787825454e-08,1.03844618300904e-07,2.14742570357371e-07,2.43410364171928e-07,0,0,0,0,0,0,0,0,1.84319239827515e-102,4.51349191655608e-09,1.98971091774714e-08,3.39537995044569e-08,5.05782787825454e-08,1.03844618300904e-07,2.14742570357371e-07,2.43410364171928e-07,0,0,0,0,0,0,0,0,0,4.25951575277267e-111,3.39342533325789e-10,3.16717790711094e-08,4.78650304925138e-08,6.37926599334837e-08,1.20614253189363e-07,2.50474889418871e-07,2.9245114540125e-07,0,0,0,0,0,0,0,0,4.86865072585612e-102,9.84064496109303e-09,3.16717790711094e-08,4.78650304925138e-08,6.37926599334837e-08,1.20614253189363e-07,2.50474889418871e-07,2.9245114540125e-07,0,0,0,0,0,0,0,0,0
27,6.62366235500331e-09,2.57388948302281e-08,3.24187066026314e-08,3.6986474202676e-08,6.62151899050127e-08,1.03472004269152e-07,1.13184888499103e-07,1.24053657898324e-07,0,0,0,0,0,0,0,0,1.51972438110508e-08,2.57388948302281e-08,3.24187066026314e-08,3.6986474202676e-08,6.62151899050127e-08,1.03472004269152e-07,1.13184888499103e-07,1.24053657898324e-07,0,0,0,0,0,0,0,0,0,5.49623495273143e-09,2.37204172163952e-08,3.116614859966e-08,3.56685422309577e-08,6.34762261652824e-08,9.6294547059098e-08,1.04287361918884e-07,1.12742115685544e-07,0,0,0,0,0,0,0,0,1.2610489204116e-08,2.37204172163952e-08,3.116614859966e-08,3.56685422309577e-08,6.34762261652824e-08,9.6294547059098e-08,1.04287361918884e-07,1.12742115685544e-07,0,0,0,0,0,0,0,0,0,8.07874988909598e-09,2.84169163950692e-08,3.35313728814734e-08,3.82494131761256e-08,6.94946173957631e-08,1.11819579057857e-07,1.24055167542006e-07,1.38209678073067e-07,0,0,0,0,0,0,0,0,1.85357775159464e-08,2.84169163950692e-08,3.35313728814734e-08,3.82494131761256e-08,6.94946173957631e-08,1.11819579057857e-07,1.24055167542006e-07,1.38209678073067e-07,0,0,0,0,0,0,0,0,0,4.94044189123025e-09,2.25222460382196e-08,3.02018083921457e-08,3.46450462808953e-08,6.08556603042009e-08,9.01404251167152e-08,9.55367827881082e-08,1.03177668416004e-07,0,0,0,0,0,0,0,0,1.1335284912076e-08,2.25222460382196e-08,3.02018083921457e-08,3.46450462808953e-08,6.08556603042009e-08,9.01404251167152e-08,9.55367827881082e-08,1.03177668416004e-07,0,0,0,0,0,0,0,0,0,9.25195994154118e-09,3.02341305232705e-08,3.43888564541348e-08,3.92537024145816e-08,7.36896464763398e-08,1.21212851539945e-07,1.35522353217159e-07,1.54993216451911e-07,0,0,0,0,0,0,0,0,2.12275752334308e-08,3.02341305232705e-08,3.43888564541348e-08,3.92537024145816e-08,7.36896464763398e-08,1.21212851539945e-07,1.35522353217159e-07,1.54993216451911e-07,0,0,0,0,0,0,0,0,0
28,1.09809826927423e-07,2.99579052792338e-07,6.27720137029999e-07,1.45441806634066e-06,4.22584219042892e-06,5.91430170429976e-06,6.86866229946824e-06,7.13818532465471e-06,0,0,0,0,0,0,0,0,1.09809826927423e-07,2.99579052792338e-07,6.27720137029999e-07,1.45441806634066e-06,4.22584219042892e-06,5.91430170429976e-06,6.86866229946824e-06,7.13818532465471e-06,0,0,0,0,0,0,0,0,0,7.95270881389006e-08,2.77787048566468e-07,5.64942805588706e-07,1.37421187539313e-06,4.01856776031285e-06,5.61862174740438e-06,6.56514322755985e-06,6.75100299948242e-06,0,0,0,0,0,0,0,0,7.95270881389006e-08,2.77787048566468e-07,5.64942805588706e-07,1.37421187539313e-06,4.01856776031285e-06,5.61862174740438e-06,6.56514322755985e-06,6.75100299948242e-06,0,0,0,0,0,0,0,0,0,1.35124721412988e-07,3.29755129063336e-07,6.99658023153995e-07,1.52705317350651e-06,4.48414943719507e-06,6.21365618368429e-06,7.20187542113951e-06,7.49416719055756e-06,0,0,0,0,0,0,0,0,1.35124721412988e-07,3.29755129063336e-07,6.99658023153995e-07,1.52705317350651e-06,4.48414943719507e-06,6.21365618368429e-06,7.20187542113951e-06,7.49416719055756e-06,0,0,0,0,0,0,0,0,0,7.53183656964962e-08,2.61283179615421e-07,5.46497123565656e-07,1.33391535324654e-06,3.90406140606368e-06,5.5059318592222e-06,6.39343106043667e-06,6.50473094710823e-06,0,0,0,0,0,0,0,0,7.53183656964962e-08,2.61283179615421e-07,5.46497123565656e-07,1.33391535324654e-06,3.90406140606368e-06,5.5059318592222e-06,6.39343106043667e-06,6.50473094710823e-06,0,0,0,0,0,0,0,0,0,1.47230866337519e-07,3.56641124908357e-07,7.26983226227575e-07,1.58849614573496e-06,4.62518424971225e-06,6.4181782732672e-06,7.481495421805e-06,7.75368504065956e-06,0,0,0,0,0,0,0,0,1.47230866337519e-07,3.56641124908357e-07,7.26983226227575e-07,1.58849614573496e-06,4.62518424971225e-06,6.4181782732672e-06,7.481495421805e-06,7.75368504065956e-06,0,0,0,0,0,0,0,0,0
29,9.53651195852787e-12,1.72934749469425e-10,1.01722947974813e-09,2.73546451195507e-09,8.43848518727607e-09,3.32815685477138e-08,5.59493306988552e-08,8.40554492983605e-08,0,0,0,0,0,0,0,0,2.18804476395562e-11,1.72934749469425e-10,1.01722947974813e-09,2.73546451195507e-09,8.43848518727607e-09,3.32815685477138e-08,5.59493306988552e-08,8.40554492983605e-08,0,0,0,0,0,0,0,0,0,1.5489406358537e-12,4.29583249695207e-11,3.72833827235725e-10,1.25484109439753e-09,5.02118142809372e-09,2.51404977223573e-08,4.899198618331e-08,7.9976425465129e-08,0,0,0,0,0,0,0,0,3.55386902747717e-12,4.29583249695207e-11,3.72833827235725e-10,1.25484109439753e-09,5.02118142809372e-09,2.51404977223573e-08,4.899198618331e-08,7.9976425465129e-08,0,0,0,0,0,0,0,0,0,2.63848126786284e-11,3.88503129054212e-10,1.78997555180136e-09,4.17444080141432e-09,1.11090701637337e-08,3.82161556317585e-08,5.99813095896494e-08,8.93545717880912e-08,0,0,0,0,0,0,0,0,6.05369672690419e-11,3.88503129054212e-10,1.78997555180136e-09,4.17444080141432e-09,1.11090701637337e-08,3.82161556317585e-08,5.99813095896494e-08,8.93545717880912e-08,0,0,0,0,0,0,0,0,0,7.20979100440127e-13,2.57671508183296e-11,2.73885063670534e-10,9.88427138317485e-10,4.34506559520626e-09,2.3266280974178e-08,4.66846953825353e-08,7.69218975020041e-08,0,0,0,0,0,0,0,0,1.65420496770706e-12,2.57671508183296e-11,2.73885063670534e-10,9.88427138317485e-10,4.34506559520626e-09,2.3266280974178e-08,4.66846953825353e-08,7.69218975020041e-08,0,0,0,0,0,0,0,0,0,3.66012127831264e-11,5.14575730118752e-10,2.17524105753458e-09,4.85633187301948e-09,1.21810480968979e-08,4.0065244480042e-08,6.20366921747961e-08,9.39032193427277e-08,0,0,0,0,0,0,0,0,8.39773413306848e-11,5.14575730118752e-10,2.17524105753458e-09,4.85633187301948e-09,1.21810480968979e-08,4.0065244480042e-08,6.20366921747961e-08,9.39032193427277e-08,0,0,0,0,0,0,0,0,0
30,4.21198950336126e-13,4.45818203950383e-10,2.05069068750185e-08,2.42777834389456e-08,2.80025512364924e-08,6.22180630208824e-08,8.32709818228481e-08,8.87108620379565e-08,0,0,0,0,0,0,0,0,1.42846498406396e-09,1.29283488847417e-08,2.05069068750185e-08,2.42777834389456e-08,2.80025512364924e-08,6.22180630208824e-08,8.32709818228481e-08,8.87108620379565e-08,0,0,0,0,0,0,0,0,0,3.39270344568919e-13,3.87465401635763e-10,1.89473166672453e-08,2.29440348170301e-08,2.64552815461957e-08,5.50421275124713e-08,7.08371540078973e-08,7.38388538541442e-08,0,0,0,0,0,0,0,0,1.15061019729813e-09,1.12361672285397e-08,1.89473166672453e-08,2.29440348170301e-08,2.64552815461957e-08,5.50421275124713e-08,7.08371540078973e-08,7.38388538541442e-08,0,0,0,0,0,0,0,0,0,5.32770035010093e-13,5.22717301687245e-10,2.20882250315651e-08,2.55122431566914e-08,2.97597256664256e-08,6.56826563316531e-08,8.89082454822219e-08,9.52294200871213e-08,0,0,0,0,0,0,0,0,1.80685003835627e-09,1.51583573403288e-08,2.20882250315651e-08,2.55122431566914e-08,2.97597256664256e-08,6.56826563316531e-08,8.89082454822219e-08,9.52294200871213e-08,0,0,0,0,0,0,0,0,0,2.8649323733639e-13,3.38545135047238e-10,1.78686694493224e-08,2.20244354210733e-08,2.53014298303396e-08,4.20009103047204e-08,4.94487542423177e-08,4.79283192761212e-08,0,0,0,0,0,0,0,0,9.71620554561145e-10,9.81752108895447e-09,1.78686694493224e-08,2.20244354210733e-08,2.53014298303396e-08,4.20009103047204e-08,4.94487542423177e-08,4.79283192761212e-08,0,0,0,0,0,0,0,0,0,7.77606504019647e-13,6.49363097096344e-10,2.40485933547945e-08,2.64717679044464e-08,3.09798810226221e-08,6.82679919325006e-08,9.1920275292748e-08,9.92940379352083e-08,0,0,0,0,0,0,0,0,2.6371947543697e-09,1.8830977734306e-08,2.40485933547945e-08,2.64717679044464e-08,3.09798810226221e-08,6.82679919325006e-08,9.1920275292748e-08,9.92940379352083e-08,0,0,0,0,0,0,0,0,0
31,3.04766471887915e-08,9.71877308327499e-08,1.16055476358261e-07,1.20926124259612e-07,1.51981239047103e-07,1.50321496294173e-07,1.41124395157425e-07,1.36989445136946e-07,0,0,0,0,0,0,0,0,6.99252185645578e-08,9.71877308327499e-08,1.16055476358261e-07,1.20926124259612e-07,1.51981239047103e-07,1.50321496294173e-07,1.41124395157425e-07,1.36989445136946e-07,0,0,0,0,0,0,0,0,0,2.65659836418426e-08,9.07999932683313e-08,1.12461330150027e-07,1.15996334516735e-07,1.37773518935763e-07,1.26940118241136e-07,1.12155369649711e-07,1.03299380302226e-07,0,0,0,0,0,0,0,0,6.0952643544776e-08,9.07999932683313e-08,1.12461330150027e-07,1.15996334516735e-07,1.37773518935763e-07,1.26940118241136e-07,1.12155369649711e-07,1.03299380302226e-07,0,0,0,0,0,0,0,0,0,3.2912232700019e-08,1.02634501369587e-07,1.19253189534936e-07,1.24674675344247e-07,1.59495763426986e-07,1.67832000859065e-07,1.79621958276778e-07,1.69049401011838e-07,0,0,0,0,0,0,0,0,7.55133939353671e-08,1.02634501369587e-07,1.19253189534936e-07,1.24674675344247e-07,1.59495763426986e-07,1.67832000859065e-07,1.79621958276778e-07,1.69049401011838e-07,0,0,0,0,0,0,0,0,0,2.51011664114214e-08,8.68088117259523e-08,1.09904250227679e-07,1.11849236339895e-07,1.32590315004722e-07,1.20657917008421e-07,1.05205918866389e-07,9.70424279640419e-08,0,0,0,0,0,0,0,0,5.75917861525626e-08,8.68088117259523e-08,1.09904250227679e-07,1.11849236339895e-07,1.32590315004722e-07,1.20657917008421e-07,1.05205918866389e-07,9.70424279640419e-08,0,0,0,0,0,0,0,0,0,3.57943834272097e-08,1.06985135182719e-07,1.21793772293933e-07,1.27493939312515e-07,1.63667194373681e-07,1.74023304957475e-07,1.86969970871376e-07,1.789896128228e-07,0,0,0,0,0,0,0,0,8.21261626656798e-08,1.06985135182719e-07,1.21793772293933e-07,1.27493939312515e-07,1.63667194373681e-07,1.74023304957475e-07,1.86969970871376e-07,1.789896128228e-07,0,0,0,0,0,0,0,0,0
32,6.69822485134926e-112,2.31595882539797e-10,1.70426993266321e-08,2.12282681767249e-08,2.3984834828423e-08,3.48697536054462e-08,5.59367834465215e-08,5.6711056247319e-08,0,0,0,0,0,0,0,0,3.80161340555608e-103,6.71608369333743e-09,1.70426993266321e-08,2.12282681767249e-08,2.3984834828423e-08,3.48697536054462e-08,5.59367834465215e-08,5.6711056247319e-08,0,0,0,0,0,0,0,0,0,5.04868651309898e-112,1.86442632632121e-10,1.5565218468716e-08,2.00187874837498e-08,2.26519076198898e-08,3.25731476905781e-08,5.2005020386773e-08,5.24728805189709e-08,0,0,0,0,0,0,0,0,2.86540908294249e-103,5.40667783481998e-09,1.5565218468716e-08,2.00187874837498e-08,2.26519076198898e-08,3.25731476905781e-08,5.2005020386773e-08,5.24728805189709e-08,0,0,0,0,0,0,0,0,0,1.10600464378633e-111,2.84779407057589e-10,1.85257948518216e-08,2.25004573800487e-08,2.52122999992942e-08,3.73262388898207e-08,6.29504161649596e-08,6.50361695621024e-08,0,0,0,0,0,0,0,0,6.27718861897929e-103,8.25836068829558e-09,1.85257948518216e-08,2.25004573800487e-08,2.52122999992942e-08,3.73262388898207e-08,6.29504161649596e-08,6.50361695621024e-08,0,0,0,0,0,0,0,0,0,4.43212408537943e-112,1.68250354400471e-10,1.46582308043459e-08,1.92779231928965e-08,2.18963120375e-08,3.13966695151253e-08,5.02128119090242e-08,5.04372374632859e-08,0,0,0,0,0,0,0,0,2.51547577335694e-103,4.87911723298049e-09,1.46582308043459e-08,1.92779231928965e-08,2.18963120375e-08,3.13966695151253e-08,5.02128119090242e-08,5.04372374632859e-08,0,0,0,0,0,0,0,0,0,1.44585464591453e-111,3.25469859059345e-10,1.98842789385519e-08,2.362131099132e-08,2.59351018777755e-08,3.87176242622236e-08,6.71401673039966e-08,7.02163486505706e-08,0,0,0,0,0,0,0,0,8.20602551627842e-103,9.43834920176392e-09,1.98842789385519e-08,2.362131099132e-08,2.59351018777755e-08,3.87176242622236e-08,6.71401673039966e-08,7.02163486505706e-08,0,0,0,0,0,0,0,0,0
33,4.25336533538889e-09,2.60144611523555e-08,2.34778386711764e-08,2.13056977374872e-08,1.98918972333592e-08,2.97789576822612e-08,2.61197091500837e-08,2.40565346248415e-08,0,0,0,0,0,0,0,0,1.5290790154884e-08,2.60144611523555e-08,2.34778386711764e-08,2.13056977374872e-08,1.98918972333592e-08,2.97789576822612e-08,2.61197091500837e-08,2.40565346248415e-08,0,0,0,0,0,0,0,0,0,3.92858061320049e-09,2.4828958102628e-08,2.2647448247091e-08,2.07053980279658e-08,1.92759728859576e-08,2.80779798453329e-08,2.45762789714627e-08,2.24457946221304e-08,0,0,0,0,0,0,0,0,1.41231935247109e-08,2.4828958102628e-08,2.2647448247091e-08,2.07053980279658e-08,1.92759728859576e-08,2.80779798453329e-08,2.45762789714627e-08,2.24457946221304e-08,0,0,0,0,0,0,0,0,0,4.49627252086199e-09,2.72990375292599e-08,2.41869989250685e-08,2.19216750104781e-08,2.05180907161276e-08,3.15814708616668e-08,2.78790032500712e-08,2.59170282401286e-08,0,0,0,0,0,0,0,0,1.61640381614165e-08,2.72990375292599e-08,2.41869989250685e-08,2.19216750104781e-08,2.05180907161276e-08,3.15814708616668e-08,2.78790032500712e-08,2.59170282401286e-08,0,0,0,0,0,0,0,0,0,3.55236832851218e-09,2.41531529506659e-08,2.1858014676933e-08,2.02124574164171e-08,1.89286759412882e-08,2.72488301827029e-08,2.37412486070349e-08,2.15576255745075e-08,0,0,0,0,0,0,0,0,1.27707155113609e-08,2.41531529506659e-08,2.1858014676933e-08,2.02124574164171e-08,1.89286759412882e-08,2.72488301827029e-08,2.37412486070349e-08,2.15576255745075e-08,0,0,0,0,0,0,0,0,0,4.66318187217549e-09,2.94894686485097e-08,2.47045357859359e-08,2.23393709201142e-08,2.09846375673591e-08,3.34474544188234e-08,2.96088573607608e-08,2.77052334175119e-08,0,0,0,0,0,0,0,0,1.67640749945067e-08,2.94894686485097e-08,2.47045357859359e-08,2.23393709201142e-08,2.09846375673591e-08,3.34474544188234e-08,2.96088573607608e-08,2.77052334175119e-08,0,0,0,0,0,0,0,0,0
34,2.96014627038385e-08,1.45380640090747e-07,1.6868408221093e-07,1.71721608524521e-07,2.14317315801601e-07,4.04168494921359e-07,4.11622760563739e-07,4.3399451201426e-07,0,0,0,0,0,0,0,0,6.79172067903113e-08,1.45380640090747e-07,1.6868408221093e-07,1.71721608524521e-07,2.14317315801601e-07,4.04168494921359e-07,4.11622760563739e-07,4.3399451201426e-07,0,0,0,0,0,0,0,0,0,2.24442360512851e-08,1.36889291201576e-07,1.61585197212985e-07,1.65386087469359e-07,2.01508317613765e-07,3.52669070661381e-07,3.41261909653875e-07,3.31877346775993e-07,0,0,0,0,0,0,0,0,5.14957600709382e-08,1.36889291201576e-07,1.61585197212985e-07,1.65386087469359e-07,2.01508317613765e-07,3.52669070661381e-07,3.41261909653875e-07,3.31877346775993e-07,0,0,0,0,0,0,0,0,0,4.01174550519577e-08,1.60191255827518e-07,1.75402094110503e-07,1.77252073649529e-07,2.23403340452764e-07,4.38078826473124e-07,4.49218217491495e-07,4.78522138442025e-07,0,0,0,0,0,0,0,0,9.20449613563021e-08,1.60191255827518e-07,1.75402094110503e-07,1.77252073649529e-07,2.23403340452764e-07,4.38078826473124e-07,4.49218217491495e-07,4.78522138442025e-07,0,0,0,0,0,0,0,0,0,1.98985123713603e-08,1.30088089599526e-07,1.56619372117518e-07,1.61357687287485e-07,1.94835666473461e-07,3.36554173077239e-07,3.23175675470771e-07,3.08447683470046e-07,0,0,0,0,0,0,0,0,4.56548851341051e-08,1.30088089599526e-07,1.56619372117518e-07,1.61357687287485e-07,1.94835666473461e-07,3.36554173077239e-07,3.23175675470771e-07,3.08447683470046e-07,0,0,0,0,0,0,0,0,0,4.84846035260816e-08,1.80702781740204e-07,1.81396769242339e-07,1.81239118493616e-07,2.30361552808872e-07,4.540279023997e-07,4.71708974863146e-07,4.96846825983371e-07,0,0,0,0,0,0,0,0,1.11242436793508e-07,1.80702781740204e-07,1.81396769242339e-07,1.81239118493616e-07,2.30361552808872e-07,4.540279023997e-07,4.71708974863146e-07,4.96846825983371e-07,0,0,0,0,0,0,0,0,0
35,1.05014182536276e-07,9.12234148058741e-08,7.56463248105917e-08,1.04049179413238e-07,1.01861812239071e-07,8.96234856911995e-08,8.02442157257842e-08,6.90325868989489e-08,0,0,0,0,0,0,0,0,1.05014182536276e-07,9.12234148058741e-08,7.56463248105917e-08,1.04049179413238e-07,1.01861812239071e-07,8.96234856911995e-08,8.02442157257842e-08,6.90325868989489e-08,0,0,0,0,0,0,0,0,0,9.77594036428417e-08,8.69443821473544e-08,7.23791051244739e-08,9.88635471794152e-08,9.62670531135387e-08,8.3942352354852e-08,7.35149047215112e-08,6.2757762253527e-08,0,0,0,0,0,0,0,0,9.77594036428417e-08,8.69443821473544e-08,7.23791051244739e-08,9.88635471794152e-08,9.62670531135387e-08,8.3942352354852e-08,7.35149047215112e-08,6.2757762253527e-08,0,0,0,0,0,0,0,0,0,1.11917319242104e-07,9.5303622496821e-08,7.84110291793195e-08,1.09070096601258e-07,1.05792091124397e-07,9.31381337399011e-08,8.49747850895715e-08,7.27841110032303e-08,0,0,0,0,0,0,0,0,1.11917319242104e-07,9.5303622496821e-08,7.84110291793195e-08,1.09070096601258e-07,1.05792091124397e-07,9.31381337399011e-08,8.49747850895715e-08,7.27841110032303e-08,0,0,0,0,0,0,0,0,0,9.26241290237074e-08,8.37155033337449e-08,7.00504524308708e-08,9.57614859196779e-08,9.33452729648813e-08,8.07886551384271e-08,6.9758088101408e-08,5.91543696275809e-08,0,0,0,0,0,0,0,0,9.26241290237074e-08,8.37155033337449e-08,7.00504524308708e-08,9.57614859196779e-08,9.33452729648813e-08,8.07886551384271e-08,6.9758088101408e-08,5.91543696275809e-08,0,0,0,0,0,0,0,0,0,1.16705586462509e-07,9.84051457936866e-08,8.02871305473621e-08,1.12476368197293e-07,1.08506018783028e-07,9.5493895250704e-08,8.80415289705648e-08,7.57268864310217e-08,0,0,0,0,0,0,0,0,1.16705586462509e-07,9.84051457936866e-08,8.02871305473621e-08,1.12476368197293e-07,1.08506018783028e-07,9.5493895250704e-08,8.80415289705648e-08,7.57268864310217e-08,0,0,0,0,0,0,0,0,0
36,2.33072616707507e-08,3.60652060510252e-08,4.87133966081873e-08,7.59794514951122e-08,1.96672917205883e-07,2.57224246506149e-07,3.11696600956723e-07,3.6721341931817e-07,0,0,0,0,0,0,0,0,2.33072616707507e-08,3.60652060510252e-08,4.87133966081873e-08,7.59794514951122e-08,1.96672917205883e-07,2.57224246506149e-07,3.11696600956723e-07,3.6721341931817e-07,0,0,0,0,0,0,0,0,0,2.06011799756109e-08,3.42525210936273e-08,4.4885065024387e-08,7.23207590048663e-08,1.90559443689279e-07,2.46920901269556e-07,2.97089804553515e-07,3.31888259347794e-07,0,0,0,0,0,0,0,0,2.06011799756109e-08,3.42525210936273e-08,4.4885065024387e-08,7.23207590048663e-08,1.90559443689279e-07,2.46920901269556e-07,2.97089804553515e-07,3.31888259347794e-07,0,0,0,0,0,0,0,0,0,2.66703172725104e-08,3.85207287005647e-08,5.10542276324783e-08,7.87555293627358e-08,2.03310039269629e-07,2.70370323042276e-07,3.27652224814162e-07,3.91018040805245e-07,0,0,0,0,0,0,0,0,2.66703172725104e-08,3.85207287005647e-08,5.10542276324783e-08,7.87555293627358e-08,2.03310039269629e-07,2.70370323042276e-07,3.27652224814162e-07,3.91018040805245e-07,0,0,0,0,0,0,0,0,0,1.94566481371103e-08,3.30646164554897e-08,4.27552114276307e-08,6.99708811728378e-08,1.86044072286369e-07,2.41145296837993e-07,2.89744762424501e-07,3.21045249346408e-07,0,0,0,0,0,0,0,0,1.94566481371103e-08,3.30646164554897e-08,4.27552114276307e-08,6.99708811728378e-08,1.86044072286369e-07,2.41145296837993e-07,2.89744762424501e-07,3.21045249346408e-07,0,0,0,0,0,0,0,0,0,2.82799065180819e-08,4.0155272666396e-08,5.25954263813543e-08,8.07615513996692e-08,2.08480053633021e-07,2.78594692892105e-07,3.41661716273424e-07,4.05252022448722e-07,0,0,0,0,0,0,0,0,2.82799065180819e-08,4.0155272666396e-08,5.25954263813543e-08,8.07615513996692e-08,2.08480053633021e-07,2.78594692892105e-07,3.41661716273424e-07,4.05252022448722e-07,0,0,0,0,0,0,0,0,0
37,2.57008045250428e-09,3.28671436031289e-08,6.23762836982283e-08,7.72901256337571e-08,1.34848122636365e-07,4.3309909109165e-07,5.15235822656602e-07,5.74711607638159e-07,0,0,0,0,0,0,0,0,9.23940404400251e-09,3.28671436031289e-08,6.23762836982283e-08,7.72901256337571e-08,1.34848122636365e-07,4.3309909109165e-07,5.15235822656602e-07,5.74711607638159e-07,0,0,0,0,0,0,0,0,0,2.13317654103866e-09,2.96626448794804e-08,6.00362152311679e-08,7.47808351461793e-08,1.26781847002413e-07,3.92751616871909e-07,4.60482555950076e-07,5.10101224396468e-07,0,0,0,0,0,0,0,0,7.66874046321749e-09,2.96626448794804e-08,6.00362152311679e-08,7.47808351461793e-08,1.26781847002413e-07,3.92751616871909e-07,4.60482555950076e-07,5.10101224396468e-07,0,0,0,0,0,0,0,0,0,2.95825088529485e-09,3.55018491016572e-08,6.45097571163978e-08,8.00517159622639e-08,1.45841459799298e-07,4.83917490620436e-07,5.90360632038343e-07,6.76032598236717e-07,0,0,0,0,0,0,0,0,1.06348714360808e-08,3.55018491016572e-08,6.45097571163978e-08,8.00517159622639e-08,1.45841459799298e-07,4.83917490620436e-07,5.90360632038343e-07,6.76032598236717e-07,0,0,0,0,0,0,0,0,0,1.93630677014646e-09,2.77644254012484e-08,5.81817675642208e-08,7.30809022519543e-08,1.22591955966593e-07,3.74003421582781e-07,4.22252823584292e-07,4.4921072701457e-07,0,0,0,0,0,0,0,0,6.96099633188074e-09,2.77644254012484e-08,5.81817675642208e-08,7.30809022519543e-08,1.22591955966593e-07,3.74003421582781e-07,4.22252823584292e-07,4.4921072701457e-07,0,0,0,0,0,0,0,0,0,3.19024802981891e-09,3.69835192193237e-08,6.57994843659938e-08,8.28122228771277e-08,1.53657604909206e-07,5.15752918130271e-07,6.34765906427168e-07,7.27826858578609e-07,0,0,0,0,0,0,0,0,1.14688979947529e-08,3.69835192193237e-08,6.57994843659938e-08,8.28122228771277e-08,1.53657604909206e-07,5.15752918130271e-07,6.34765906427168e-07,7.27826858578609e-07,0,0,0,0,0,0,0,0,0
38,1.74259182294476e-08,5.96996064402043e-08,7.25343630442516e-08,7.81234611108737e-08,1.0543858119517e-07,1.16595914987624e-07,1.13332352114109e-07,1.08954854724009e-07,0,0,0,0,0,0,0,0,3.99817976476878e-08,5.96996064402043e-08,7.25343630442516e-08,7.81234611108737e-08,1.0543858119517e-07,1.16595914987624e-07,1.13332352114109e-07,1.08954854724009e-07,0,0,0,0,0,0,0,0,0,1.56352297413912e-08,5.55669254936684e-08,6.88212257332354e-08,7.34328032401148e-08,9.25390971322577e-08,9.49271121954468e-08,8.6211969838979e-08,8.06818529051702e-08,0,0,0,0,0,0,0,0,3.58732655269225e-08,5.55669254936684e-08,6.88212257332354e-08,7.34328032401148e-08,9.25390971322577e-08,9.49271121954468e-08,8.6211969838979e-08,8.06818529051702e-08,0,0,0,0,0,0,0,0,0,1.97464605975242e-08,6.41442010637477e-08,7.57119178314878e-08,8.1897351369979e-08,1.11093720135033e-07,1.24614175277809e-07,1.21919621607989e-07,1.19401512362465e-07,0,0,0,0,0,0,0,0,4.53060195435841e-08,6.41442010637477e-08,7.57119178314878e-08,8.1897351369979e-08,1.11093720135033e-07,1.24614175277809e-07,1.21919621607989e-07,1.19401512362465e-07,0,0,0,0,0,0,0,0,0,1.5145187107066e-08,5.38878605321056e-08,6.65160055107447e-08,6.8906744008653e-08,8.35058029697498e-08,8.20621512011433e-08,7.27220173635633e-08,6.66217524434263e-08,0,0,0,0,0,0,0,0,3.47489181504255e-08,5.38878605321056e-08,6.65160055107447e-08,6.8906744008653e-08,8.35058029697498e-08,8.20621512011433e-08,7.27220173635633e-08,6.66217524434263e-08,0,0,0,0,0,0,0,0,0,2.11359660755951e-08,6.64326529487038e-08,7.75715616577659e-08,8.42284750129739e-08,1.14726513164622e-07,1.28517427071567e-07,1.26218316605638e-07,1.24585436624382e-07,0,0,0,0,0,0,0,0,4.8494082641499e-08,6.64326529487038e-08,7.75715616577659e-08,8.42284750129739e-08,1.14726513164622e-07,1.28517427071567e-07,1.26218316605638e-07,1.24585436624382e-07,0,0,0,0,0,0,0,0,0
39,4.59416853968609e-09,3.71825281992833e-08,1.0849416372819e-07,1.99997471251817e-07,4.84918215820361e-07,8.83729272781954e-07,1.23765694825508e-06,1.60997399923545e-06,0,0,0,0,0,0,0,0,1.0540799887532e-08,3.71825281992833e-08,1.0849416372819e-07,1.99997471251817e-07,4.84918215820361e-07,8.83729272781954e-07,1.23765694825508e-06,1.60997399923545e-06,0,0,0,0,0,0,0,0,0,3.98616490784747e-09,3.37114580470651e-08,1.02192630713118e-07,1.93018684471012e-07,4.72159690168456e-07,8.58513816621909e-07,1.19852778574957e-06,1.54622189746086e-06,0,0,0,0,0,0,0,0,9.14580434944023e-09,3.37114580470651e-08,1.02192630713118e-07,1.93018684471012e-07,4.72159690168456e-07,8.58513816621909e-07,1.19852778574957e-06,1.54622189746086e-06,0,0,0,0,0,0,0,0,0,5.12539115208721e-09,4.00403994348813e-08,1.13292060528672e-07,2.05431962645128e-07,5.01774371408454e-07,9.1146449045681e-07,1.28121945215939e-06,1.67723345160328e-06,0,0,0,0,0,0,0,0,1.175963006424e-08,4.00403994348813e-08,1.13292060528672e-07,2.05431962645128e-07,5.01774371408454e-07,9.1146449045681e-07,1.28121945215939e-06,1.67723345160328e-06,0,0,0,0,0,0,0,0,0,3.68850106205428e-09,3.18880624079513e-08,9.86048736115378e-08,1.87813251859586e-07,4.64139601038601e-07,8.4324822047438e-07,1.15778776054582e-06,1.47927619868611e-06,0,0,0,0,0,0,0,0,8.46284833571211e-09,3.18880624079513e-08,9.86048736115378e-08,1.87813251859586e-07,4.64139601038601e-07,8.4324822047438e-07,1.15778776054582e-06,1.47927619868611e-06,0,0,0,0,0,0,0,0,0,5.43835750512858e-09,4.19325982236141e-08,1.17274657847048e-07,2.10453042131071e-07,5.17455270364408e-07,9.3566294533043e-07,1.31327528970349e-06,1.73059363392733e-06,0,0,0,0,0,0,0,0,1.24776959493817e-08,4.19325982236141e-08,1.17274657847048e-07,2.10453042131071e-07,5.17455270364408e-07,9.3566294533043e-07,1.31327528970349e-06,1.73059363392733e-06,0,0,0,0,0,0,0,0,0
40,1.08969731871736e-07,2.58314481536693e-07,2.4912493845767e-07,2.47811721566553e-07,4.04721495591179e-07,4.55381162971714e-07,4.68508296039026e-07,4.70965666553692e-07,0,0,0,0,0,0,0,0,2.50018719935004e-07,2.58314481536693e-07,2.4912493845767e-07,2.47811721566553e-07,4.04721495591179e-07,4.55381162971714e-07,4.68508296039026e-07,4.70965666553692e-07,0,0,0,0,0,0,0,0,0,7.79974452137769e-08,2.20861339796391e-07,2.32861778262355e-07,2.30602873376677e-07,3.57528928883287e-07,3.56889445714065e-07,3.42361679691376e-07,3.19280906897522e-07,0,0,0,0,0,0,0,0,1.78956312689681e-07,2.20861339796391e-07,2.32861778262355e-07,2.30602873376677e-07,3.57528928883287e-07,3.56889445714065e-07,3.42361679691376e-07,3.19280906897522e-07,0,0,0,0,0,0,0,0,0,1.6157837398385e-07,2.97657318762955e-07,2.71891061286583e-07,2.66555089530888e-07,4.45999840270553e-07,5.01385227238845e-07,5.13178471336244e-07,5.33851865597012e-07,0,0,0,0,0,0,0,0,3.70723296632244e-07,2.97657318762955e-07,2.71891061286583e-07,2.66555089530888e-07,4.45999840270553e-07,5.01385227238845e-07,5.13178471336244e-07,5.33851865597012e-07,0,0,0,0,0,0,0,0,0,6.609053303213e-08,1.99421824818973e-07,2.19033252334816e-07,2.19792456334848e-07,3.37165067769215e-07,3.26419881986739e-07,3.03515785971532e-07,2.87175637878132e-07,0,0,0,0,0,0,0,0,1.51637249947213e-07,1.99421824818973e-07,2.19033252334816e-07,2.19792456334848e-07,3.37165067769215e-07,3.26419881986739e-07,3.03515785971532e-07,2.87175637878132e-07,0,0,0,0,0,0,0,0,0,1.93010730254908e-07,3.24954800699271e-07,2.93699730384136e-07,2.84627789425325e-07,4.70232683636288e-07,5.3174163155797e-07,5.44095527366312e-07,5.72697578088914e-07,0,0,0,0,0,0,0,0,4.42841281548284e-07,3.24954800699271e-07,2.93699730384136e-07,2.84627789425325e-07,4.70232683636288e-07,5.3174163155797e-07,5.44095527366312e-07,5.72697578088914e-07,0,0,0,0,0,0,0,0,0
41,2.86901848421969e-08,1.43439796606729e-07,1.76080754282045e-07,1.91805510428668e-07,2.8953627747832e-07,4.67428113979561e-07,4.91761194020873e-07,5.38458783853893e-07,0,0,0,0,0,0,0,0,6.58263828471919e-08,1.43439796606729e-07,1.76080754282045e-07,1.91805510428668e-07,2.8953627747832e-07,4.67428113979561e-07,4.91761194020873e-07,5.38458783853893e-07,0,0,0,0,0,0,0,0,0,2.5513434594082e-08,1.28248436224262e-07,1.68856014821217e-07,1.84815712838279e-07,2.8129582322983e-07,4.51024450939896e-07,4.67656589351135e-07,5.06773202590334e-07,0,0,0,0,0,0,0,0,5.85376888498368e-08,1.28248436224262e-07,1.68856014821217e-07,1.84815712838279e-07,2.8129582322983e-07,4.51024450939896e-07,4.67656589351135e-07,5.06773202590334e-07,0,0,0,0,0,0,0,0,0,3.95164803504319e-08,1.64979911897257e-07,1.8672344268738e-07,1.98717501612382e-07,2.98221685808091e-07,4.87929875772882e-07,5.21204854665821e-07,5.73901334376232e-07,0,0,0,0,0,0,0,0,9.06660929034947e-08,1.64979911897257e-07,1.8672344268738e-07,1.98717501612382e-07,2.98221685808091e-07,4.87929875772882e-07,5.21204854665821e-07,5.73901334376232e-07,0,0,0,0,0,0,0,0,0,2.44227402131468e-08,1.18556259127035e-07,1.62942048738637e-07,1.79870528139923e-07,2.7575783289454e-07,4.40662307534884e-07,4.53249666279202e-07,4.86330409814249e-07,0,0,0,0,0,0,0,0,5.60352140040448e-08,1.18556259127035e-07,1.62942048738637e-07,1.79870528139923e-07,2.7575783289454e-07,4.40662307534884e-07,4.53249666279202e-07,4.86330409814249e-07,0,0,0,0,0,0,0,0,0,5.04843929478327e-08,1.84328842761583e-07,1.95107610049385e-07,2.0273201080171e-07,3.03911110808491e-07,5.06495255975687e-07,5.42901155223944e-07,5.97779924939521e-07,0,0,0,0,0,0,0,0,1.1583072734702e-07,1.84328842761583e-07,1.95107610049385e-07,2.0273201080171e-07,3.03911110808491e-07,5.06495255975687e-07,5.42901155223944e-07,5.97779924939521e-07,0,0,0,0,0,0,0,0,0
42,1.534494399635e-10,2.1603513695957e-09,1.04215306305136e-08,3.06493226053579e-08,1.36242625714041e-07,3.84203023060384e-07,6.55455369167122e-07,9.68190942217513e-07,0,0,0,0,0,0,0,0,3.52072377305431e-10,2.1603513695957e-09,1.04215306305136e-08,3.06493226053579e-08,1.36242625714041e-07,3.84203023060384e-07,6.55455369167122e-07,9.68190942217513e-07,0,0,0,0,0,0,0,0,0,1.1478940147591e-10,1.76873293928653e-09,9.16846283062338e-09,2.80154389718798e-08,1.27869230228395e-07,3.6708795624026e-07,6.27939794776135e-07,9.17185937103784e-07,0,0,0,0,0,0,0,0,2.63371293350464e-10,1.76873293928653e-09,9.16846283062338e-09,2.80154389718798e-08,1.27869230228395e-07,3.6708795624026e-07,6.27939794776135e-07,9.17185937103784e-07,0,0,0,0,0,0,0,0,0,2.14378802281033e-10,2.63553151274945e-09,1.16134704516224e-08,3.31500052789118e-08,1.43928695038992e-07,3.98960687235719e-07,6.84406872889148e-07,1.03613784315064e-06,0,0,0,0,0,0,0,0,4.91867905030658e-10,2.63553151274945e-09,1.16134704516224e-08,3.31500052789118e-08,1.43928695038992e-07,3.98960687235719e-07,6.84406872889148e-07,1.03613784315064e-06,0,0,0,0,0,0,0,0,0,9.04825496200383e-11,1.48106773780332e-09,8.28704315661772e-09,2.59770355545156e-08,1.20537774198978e-07,3.50598317942807e-07,6.05807131555359e-07,8.83324320923672e-07,0,0,0,0,0,0,0,0,2.07601972069504e-10,1.48106773780332e-09,8.28704315661772e-09,2.59770355545156e-08,1.20537774198978e-07,3.50598317942807e-07,6.05807131555359e-07,8.83324320923672e-07,0,0,0,0,0,0,0,0,0,2.66265065585151e-10,3.02824720178636e-09,1.25538234097889e-08,3.51176349560821e-08,1.49896480277429e-07,4.0804872742572e-07,7.01669052466769e-07,1.0883994795073e-06,0,0,0,0,0,0,0,0,6.10915065289577e-10,3.02824720178636e-09,1.25538234097889e-08,3.51176349560821e-08,1.49896480277429e-07,4.0804872742572e-07,7.01669052466769e-07,1.0883994795073e-06,0,0,0,0,0,0,0,0,0
43,2.65104680651706e-08,1.13288167637638e-07,1.60786029778908e-07,2.00116314404149e-07,3.8983672622055e-07,5.43304382829312e-07,6.13763928744261e-07,7.0604186909607e-07,0,0,0,0,0,0,0,0,6.08252693356486e-08,1.13288167637638e-07,1.60786029778908e-07,2.00116314404149e-07,3.8983672622055e-07,5.43304382829312e-07,6.13763928744261e-07,7.0604186909607e-07,0,0,0,0,0,0,0,0,0,2.47803861453666e-08,1.07017112651758e-07,1.51946266510941e-07,1.89875202596984e-07,3.70731663524094e-07,5.00964717274346e-07,5.5719228693976e-07,6.19391236064961e-07,0,0,0,0,0,0,0,0,5.685579212815e-08,1.07017112651758e-07,1.51946266510941e-07,1.89875202596984e-07,3.70731663524094e-07,5.00964717274346e-07,5.5719228693976e-07,6.19391236064961e-07,0,0,0,0,0,0,0,0,0,3.3851749554131e-08,1.26523616185269e-07,1.67715696827253e-07,2.08114689129268e-07,4.0659234705482e-07,5.66694253580607e-07,6.42970901460624e-07,7.42764744194667e-07,0,0,0,0,0,0,0,0,7.76690090514889e-08,1.26523616185269e-07,1.67715696827253e-07,2.08114689129268e-07,4.0659234705482e-07,5.66694253580607e-07,6.42970901460624e-07,7.42764744194667e-07,0,0,0,0,0,0,0,0,0,2.37913229267927e-08,1.01315849279294e-07,1.42876399202353e-07,1.79813145634492e-07,3.34461338320403e-07,4.3446945839346e-07,4.55208752909475e-07,4.86848822060034e-07,0,0,0,0,0,0,0,0,5.45864984849052e-08,1.01315849279294e-07,1.42876399202353e-07,1.79813145634492e-07,3.34461338320403e-07,4.3446945839346e-07,4.55208752909475e-07,4.86848822060034e-07,0,0,0,0,0,0,0,0,0,4.32394619963746e-08,1.44184634706927e-07,1.72958846941358e-07,2.12909929499036e-07,4.17649991598506e-07,5.84477395085386e-07,6.65715702287068e-07,7.75364055412593e-07,0,0,0,0,0,0,0,0,9.92080530374862e-08,1.44184634706927e-07,1.72958846941358e-07,2.12909929499036e-07,4.17649991598506e-07,5.84477395085386e-07,6.65715702287068e-07,7.75364055412593e-07,0,0,0,0,0,0,0,0,0
44,1.93764899314753e-09,8.31019101636599e-09,4.95259196721281e-08,2.36061992964374e-07,5.51678484768985e-07,1.32864443425458e-06,2.28574300428725e-06,3.1966280491028e-06,0,0,0,0,0,0,0,0,1.93764899314753e-09,8.31019101636599e-09,4.95259196721281e-08,2.36061992964374e-07,5.51678484768985e-07,1.32864443425458e-06,2.28574300428725e-06,3.1966280491028e-06,0,0,0,0,0,0,0,0,0,1.57129715491117e-09,7.01997203649502e-09,4.4401254278432e-08,2.18921789773645e-07,5.28653354564583e-07,1.28561361812628e-06,2.20758769840806e-06,3.06150993497335e-06,0,0,0,0,0,0,0,0,1.57129715491117e-09,7.01997203649502e-09,4.4401254278432e-08,2.18921789773645e-07,5.28653354564583e-07,1.28561361812628e-06,2.20758769840806e-06,3.06150993497335e-06,0,0,0,0,0,0,0,0,0,2.45385119623101e-09,9.92806971152519e-09,5.52845273362694e-08,2.5153958355305e-07,5.76965915037687e-07,1.37424736676035e-06,2.35222377054908e-06,3.30923746283932e-06,0,0,0,0,0,0,0,0,2.45385119623101e-09,9.92806971152519e-09,5.52845273362694e-08,2.5153958355305e-07,5.76965915037687e-07,1.37424736676035e-06,2.35222377054908e-06,3.30923746283932e-06,0,0,0,0,0,0,0,0,0,1.42518216867377e-09,6.5422535039258e-09,4.22803620176918e-08,2.10947349327331e-07,5.11910274348939e-07,1.26121938155442e-06,2.13871901698316e-06,2.94915252432876e-06,0,0,0,0,0,0,0,0,1.42518216867377e-09,6.5422535039258e-09,4.22803620176918e-08,2.10947349327331e-07,5.11910274348939e-07,1.26121938155442e-06,2.13871901698316e-06,2.94915252432876e-06,0,0,0,0,0,0,0,0,0,2.65886151629864e-09,1.06558966373745e-08,5.7818966022067e-08,2.58840360685847e-07,5.92016134054994e-07,1.40382497226606e-06,2.40131916272008e-06,3.38804694987163e-06,0,0,0,0,0,0,0,0,2.65886151629864e-09,1.06558966373745e-08,5.7818966022067e-08,2.58840360685847e-07,5.92016134054994e-07,1.40382497226606e-06,2.40131916272008e-06,3.38804694987163e-06,0,0,0,0,0,0,0,0,0
45,3.52924269617321e-07,5.14120277089385e-07,5.06091276209195e-07,5.1499078356826e-07,4.75842709110378e-07,4.55756520723477e-07,3.47870372545079e-07,2.69843603084434e-07,0,0,0,0,0,0,0,0,3.52924269617321e-07,5.14120277089385e-07,5.06091276209195e-07,5.1499078356826e-07,4.75842709110378e-07,4.55756520723477e-07,3.47870372545079e-07,2.69843603084434e-07,0,0,0,0,0,0,0,0,0,3.23828822700264e-07,4.72468757339096e-07,4.66339407768402e-07,4.83873980301876e-07,4.58313700872634e-07,4.4098128608546e-07,3.37335148542524e-07,2.57622542394196e-07,0,0,0,0,0,0,0,0,3.23828822700264e-07,4.72468757339096e-07,4.66339407768402e-07,4.83873980301876e-07,4.58313700872634e-07,4.4098128608546e-07,3.37335148542524e-07,2.57622542394196e-07,0,0,0,0,0,0,0,0,0,3.99658019786371e-07,5.50964732355441e-07,5.4110864237012e-07,5.46628052037284e-07,4.93928226242017e-07,4.71898735104972e-07,3.58973123885318e-07,2.80405503407361e-07,0,0,0,0,0,0,0,0,3.99658019786371e-07,5.50964732355441e-07,5.4110864237012e-07,5.46628052037284e-07,4.93928226242017e-07,4.71898735104972e-07,3.58973123885318e-07,2.80405503407361e-07,0,0,0,0,0,0,0,0,0,3.13173078376857e-07,4.5132304527942e-07,4.50609757506894e-07,4.68973023839762e-07,4.479778766935e-07,4.3089034379995e-07,3.29390158822435e-07,2.49002611473608e-07,0,0,0,0,0,0,0,0,3.13173078376857e-07,4.5132304527942e-07,4.50609757506894e-07,4.68973023839762e-07,4.479778766935e-07,4.3089034379995e-07,3.29390158822435e-07,2.49002611473608e-07,0,0,0,0,0,0,0,0,0,4.5999783090668e-07,5.66504654142216e-07,5.59748810793798e-07,5.6563689802847e-07,5.04592780153117e-07,4.83383720554604e-07,3.66585996968415e-07,2.87100948881404e-07,0,0,0,0,0,0,0,0,4.5999783090668e-07,5.66504654142216e-07,5.59748810793798e-07,5.6563689802847e-07,5.04592780153117e-07,4.83383720554604e-07,3.66585996968415e-07,2.87100948881404e-07,0,0,0,0,0,0,0,0,0
46,7.68017514556953e-07,7.89168015030193e-07,1.32318680338455e-06,1.32065873397976e-06,1.41824231062559e-06,1.59701010703395e-06,1.59330030996107e-06,1.69006257046861e-06,0,0,0,0,0,0,0,0,7.68017514556953e-07,7.89168015030193e-07,1.32318680338455e-06,1.32065873397976e-06,1.41824231062559e-06,1.59701010703395e-06,1.59330030996107e-06,1.69006257046861e-06,0,0,0,0,0,0,0,0,0,7.30423724277109e-07,7.65765578154327e-07,1.2805410356457e-06,1.27530039307562e-06,1.37257761446103e-06,1.55851822854138e-06,1.54815442820114e-06,1.62489268529151e-06,0,0,0,0,0,0,0,0,7.30423724277109e-07,7.65765578154327e-07,1.2805410356457e-06,1.27530039307562e-06,1.37257761446103e-06,1.55851822854138e-06,1.54815442820114e-06,1.62489268529151e-06,0,0,0,0,0,0,0,0,0,7.98955574233361e-07,8.12762624673018e-07,1.37516987205178e-06,1.38006368345484e-06,1.47831545388052e-06,1.63171466068555e-06,1.63573062020588e-06,1.74645561834874e-06,0,0,0,0,0,0,0,0,7.98955574233361e-07,8.12762624673018e-07,1.37516987205178e-06,1.38006368345484e-06,1.47831545388052e-06,1.63171466068555e-06,1.63573062020588e-06,1.74645561834874e-06,0,0,0,0,0,0,0,0,0,7.08758335908752e-07,7.47882200995192e-07,1.25866635713973e-06,1.25146205143745e-06,1.34720984694627e-06,1.53940567471766e-06,1.5094070801223e-06,1.56016703529392e-06,0,0,0,0,0,0,0,0,7.08758335908752e-07,7.47882200995192e-07,1.25866635713973e-06,1.25146205143745e-06,1.34720984694627e-06,1.53940567471766e-06,1.5094070801223e-06,1.56016703529392e-06,0,0,0,0,0,0,0,0,0,8.21362226125098e-07,8.28047405630771e-07,1.40466371168806e-06,1.41475848938555e-06,1.51339463302471e-06,1.6534748062889e-06,1.66212419176477e-06,1.77535304949361e-06,0,0,0,0,0,0,0,0,8.21362226125098e-07,8.28047405630771e-07,1.40466371168806e-06,1.41475848938555e-06,1.51339463302471e-06,1.6534748062889e-06,1.66212419176477e-06,1.77535304949361e-06,0,0,0,0,0,0,0,0,0
47,1.19902453016325e-08,4.42028063101911e-08,1.71549358853223e-07,5.94754893805e-07,1.13807023147414e-06,2.31350672721929e-06,3.59409279820456e-06,4.77999460437656e-06,0,0,0,0,0,0,0,0,1.19902453016325e-08,4.42028063101911e-08,1.71549358853223e-07,5.94754893805e-07,1.13807023147414e-06,2.31350672721929e-06,3.59409279820456e-06,4.77999460437656e-06,0,0,0,0,0,0,0,0,0,1.12823394409646e-08,4.24332866896726e-08,1.66838578930405e-07,5.73346837978302e-07,1.10331960898847e-06,2.25406831960174e-06,3.49922023747108e-06,4.60161380284847e-06,0,0,0,0,0,0,0,0,1.12823394409646e-08,4.24332866896726e-08,1.66838578930405e-07,5.73346837978302e-07,1.10331960898847e-06,2.25406831960174e-06,3.49922023747108e-06,4.60161380284847e-06,0,0,0,0,0,0,0,0,0,1.27178394936913e-08,4.62541769690658e-08,1.77324141352176e-07,6.16152600591184e-07,1.17436990773232e-06,2.36855005345463e-06,3.69321252980425e-06,4.9536909706377e-06,0,0,0,0,0,0,0,0,1.27178394936913e-08,4.62541769690658e-08,1.77324141352176e-07,6.16152600591184e-07,1.17436990773232e-06,2.36855005345463e-06,3.69321252980425e-06,4.9536909706377e-06,0,0,0,0,0,0,0,0,0,1.07525172363407e-08,4.09182859313041e-08,1.63433623477293e-07,5.60141989529853e-07,1.08214253011062e-06,2.21649242485305e-06,3.42476148370265e-06,4.50019866891119e-06,0,0,0,0,0,0,0,0,1.07525172363407e-08,4.09182859313041e-08,1.63433623477293e-07,5.60141989529853e-07,1.08214253011062e-06,2.21649242485305e-06,3.42476148370265e-06,4.50019866891119e-06,0,0,0,0,0,0,0,0,0,1.33154845361734e-08,4.77403494256755e-08,1.81874096546366e-07,6.29681272735649e-07,1.1992129376237e-06,2.41601541107885e-06,3.77795485788576e-06,5.07069761372794e-06,0,0,0,0,0,0,0,0,1.33154845361734e-08,4.77403494256755e-08,1.81874096546366e-07,6.29681272735649e-07,1.1992129376237e-06,2.41601541107885e-06,3.77795485788576e-06,5.07069761372794e-06,0,0,0,0,0,0,0,0,0
48,8.03314208769124e-08,8.50342179586751e-08,8.59396509927766e-08,9.92187156367661e-08,1.31269959204723e-07,1.20261880560632e-07,1.11136160204249e-07,1.02356822125987e-07,0,0,0,0,0,0,0,0,8.03314208769124e-08,8.50342179586751e-08,8.59396509927766e-08,9.92187156367661e-08,1.31269959204723e-07,1.20261880560632e-07,1.11136160204249e-07,1.02356822125987e-07,0,0,0,0,0,0,0,0,0,7.65239554453485e-08,8.09952803596343e-08,7.95537075037223e-08,9.32845139037812e-08,1.23806819889049e-07,1.11771765063949e-07,1.03136848925152e-07,9.52652042799766e-08,0,0,0,0,0,0,0,0,7.65239554453485e-08,8.09952803596343e-08,7.95537075037223e-08,9.32845139037812e-08,1.23806819889049e-07,1.11771765063949e-07,1.03136848925152e-07,9.52652042799766e-08,0,0,0,0,0,0,0,0,0,8.50098682884592e-08,8.79960326458806e-08,8.95843293736367e-08,1.04566124210218e-07,1.42359716552778e-07,1.30631494309333e-07,1.25653760159446e-07,1.14878000167152e-07,0,0,0,0,0,0,0,0,8.50098682884592e-08,8.79960326458806e-08,8.95843293736367e-08,1.04566124210218e-07,1.42359716552778e-07,1.30631494309333e-07,1.25653760159446e-07,1.14878000167152e-07,0,0,0,0,0,0,0,0,0,7.37836852067594e-08,7.81146979600507e-08,7.48405065098031e-08,8.83251535083801e-08,1.19172942654995e-07,1.07299039184239e-07,9.82121466107472e-08,9.12574556173726e-08,0,0,0,0,0,0,0,0,7.37836852067594e-08,7.81146979600507e-08,7.48405065098031e-08,8.83251535083801e-08,1.19172942654995e-07,1.07299039184239e-07,9.82121466107472e-08,9.12574556173726e-08,0,0,0,0,0,0,0,0,0,9.17147963228508e-08,9.13030100746506e-08,9.11241034464042e-08,1.0672570222626e-07,1.46949591538267e-07,1.36266684386234e-07,1.32585095014717e-07,1.22034618960454e-07,0,0,0,0,0,0,0,0,9.17147963228508e-08,9.13030100746506e-08,9.11241034464042e-08,1.0672570222626e-07,1.46949591538267e-07,1.36266684386234e-07,1.32585095014717e-07,1.22034618960454e-07,0,0,0,0,0,0,0,0,0
49,6.30747565317924e-112,1.18980852671085e-09,8.53230523372206e-08,9.75229506734741e-08,1.01180640508013e-07,1.38297532422729e-07,2.21046519017451e-07,2.16295458637201e-07,0,0,0,0,0,0,0,0,6.76366826000672e-103,3.45034357122626e-08,8.53230523372206e-08,9.75229506734741e-08,1.01180640508013e-07,1.38297532422729e-07,2.21046519017451e-07,2.16295458637201e-07,0,0,0,0,0,0,0,0,0,5.07922813223954e-112,1.09616653887297e-09,8.16212163398606e-08,9.45087459908594e-08,9.81522941441987e-08,1.33300402311215e-07,2.11106076655772e-07,2.05658775977921e-07,0,0,0,0,0,0,0,0,5.44658687442508e-103,3.17878976783701e-08,8.16212163398606e-08,9.45087459908594e-08,9.81522941441987e-08,1.33300402311215e-07,2.11106076655772e-07,2.05658775977921e-07,0,0,0,0,0,0,0,0,0,8.68096362169301e-112,1.43136781702463e-09,8.93173456631985e-08,1.00047587853844e-07,1.04684303569305e-07,1.43451046038696e-07,2.32738545250699e-07,2.2906881034526e-07,0,0,0,0,0,0,0,0,9.30882041292113e-103,4.15084497602639e-08,8.93173456631985e-08,1.00047587853844e-07,1.04684303569305e-07,1.43451046038696e-07,2.32738545250699e-07,2.2906881034526e-07,0,0,0,0,0,0,0,0,0,4.41638385855188e-112,1.02696570649209e-09,7.86564486120269e-08,9.23089637525138e-08,9.57077951870467e-08,1.29652884426403e-07,2.04753573319225e-07,1.98998209510986e-07,0,0,0,0,0,0,0,0,4.73580192307791e-103,2.97811323731245e-08,7.86564486120269e-08,9.23089637525138e-08,9.57077951870467e-08,1.29652884426403e-07,2.04753573319225e-07,1.98998209510986e-07,0,0,0,0,0,0,0,0,0,1.06661294403717e-111,1.59464989478093e-09,9.22485359453493e-08,1.02471398171541e-07,1.07217101736249e-07,1.47549716000547e-07,2.43700653431159e-07,2.42500568702291e-07,0,0,0,0,0,0,0,0,1.1437564743766e-102,4.62434911945384e-08,9.22485359453493e-08,1.02471398171541e-07,1.07217101736249e-07,1.47549716000547e-07,2.43700653431159e-07,2.42500568702291e-07,0,0,0,0,0,0,0,0,0
50,3.24653442532624e-07,4.3082482671067e-07,6.29586529723151e-07,1.45048328549249e-06,2.00365920533562e-06,2.61336372060739e-06,3.25006383908871e-06,3.53183464777169e-06,0,0,0,0,0,0,0,0,3.24653442532624e-07,4.3082482671067e-07,6.29586529723151e-07,1.45048328549249e-06,2.00365920533562e-06,2.61336372060739e-06,3.25006383908871e-06,3.53183464777169e-06,0,0,0,0,0,0,0,0,0,3.01377716301011e-07,3.9999817260532e-07,5.95417677479627e-07,1.37516882470735e-06,1.87933607625411e-06,2.40332479230884e-06,2.96753171442637e-06,3.2003798630876e-06,0,0,0,0,0,0,0,0,3.01377716301011e-07,3.9999817260532e-07,5.95417677479627e-07,1.37516882470735e-06,1.87933607625411e-06,2.40332479230884e-06,2.96753171442637e-06,3.2003798630876e-06,0,0,0,0,0,0,0,0,0,3.54272667444723e-07,4.57568686833156e-07,6.59846350771873e-07,1.52851494220225e-06,2.11434166384421e-06,2.78337779199908e-06,3.49730224197702e-06,3.83371719759774e-06,0,0,0,0,0,0,0,0,3.54272667444723e-07,4.57568686833156e-07,6.59846350771873e-07,1.52851494220225e-06,2.11434166384421e-06,2.78337779199908e-06,3.49730224197702e-06,3.83371719759774e-06,0,0,0,0,0,0,0,0,0,2.89109072559741e-07,3.84201722539805e-07,5.77098681573955e-07,1.32922676193285e-06,1.80398720210095e-06,2.30199666045123e-06,2.8174335517432e-06,3.01469038370911e-06,0,0,0,0,0,0,0,0,2.89109072559741e-07,3.84201722539805e-07,5.77098681573955e-07,1.32922676193285e-06,1.80398720210095e-06,2.30199666045123e-06,2.8174335517432e-06,3.01469038370911e-06,0,0,0,0,0,0,0,0,0,3.70592659507792e-07,4.70778485198829e-07,6.74945819208513e-07,1.5655042693464e-06,2.17006754628887e-06,2.8679783154862e-06,3.6197550783375e-06,3.95426098790165e-06,0,0,0,0,0,0,0,0,3.70592659507792e-07,4.70778485198829e-07,6.74945819208513e-07,1.5655042693464e-06,2.17006754628887e-06,2.8679783154862e-06,3.6197550783375e-06,3.95426098790165e-06,0,0,0,0,0,0,0,0,0
51,4.28919174962959e-09,5.49195955258252e-08,9.42817761398437e-08,1.14440230779577e-07,1.59151192938953e-07,3.43265885476338e-07,3.74073942774119e-07,4.29360265263745e-07,0,0,0,0,0,0,0,0,1.54195856236387e-08,5.49195955258252e-08,9.42817761398437e-08,1.14440230779577e-07,1.59151192938953e-07,3.43265885476338e-07,3.74073942774119e-07,4.29360265263745e-07,0,0,0,0,0,0,0,0,0,3.95757686732302e-09,5.23189043450778e-08,9.10541917088251e-08,1.10719569190194e-07,1.53045102191744e-07,3.24228782229834e-07,3.53333831412592e-07,4.03566861322827e-07,0,0,0,0,0,0,0,0,1.42274346613413e-08,5.23189043450778e-08,9.10541917088251e-08,1.10719569190194e-07,1.53045102191744e-07,3.24228782229834e-07,3.53333831412592e-07,4.03566861322827e-07,0,0,0,0,0,0,0,0,0,4.65387334807781e-09,5.80086241837873e-08,9.76219480203272e-08,1.18051635303029e-07,1.64923949671311e-07,3.60379371338379e-07,3.94776080498554e-07,4.55540583602084e-07,0,0,0,0,0,0,0,0,1.67306109778033e-08,5.80086241837873e-08,9.76219480203272e-08,1.18051635303029e-07,1.64923949671311e-07,3.60379371338379e-07,3.94776080498554e-07,4.55540583602084e-07,0,0,0,0,0,0,0,0,0,3.73906436210498e-09,5.04003781637118e-08,8.9036017144876e-08,1.08100787266963e-07,1.48195772033664e-07,3.13381971495687e-07,3.41634031888677e-07,3.87227454701114e-07,0,0,0,0,0,0,0,0,1.34418851963783e-08,5.04003781637118e-08,8.9036017144876e-08,1.08100787266963e-07,1.48195772033664e-07,3.13381971495687e-07,3.41634031888677e-07,3.87227454701114e-07,0,0,0,0,0,0,0,0,0,5.28091609805743e-09,6.08025877929737e-08,1.00122704058707e-07,1.20924656664918e-07,1.68808282221931e-07,3.72783655432052e-07,4.11464227881388e-07,4.74775732114485e-07,0,0,0,0,0,0,0,0,1.89848210801675e-08,6.08025877929737e-08,1.00122704058707e-07,1.20924656664918e-07,1.68808282221931e-07,3.72783655432052e-07,4.11464227881388e-07,4.74775732114485e-07,0,0,0,0,0,0,0,0,0
52,2.03430418838556e-07,2.5465971056068e-07,3.19371499368414e-07,6.67767978744343e-07,8.28204509600517e-07,9.76844567171275e-07,1.17550735908646e-06,1.24360208721844e-06,0,0,0,0,0,0,0,0,2.03430418838556e-07,2.5465971056068e-07,3.19371499368414e-07,6.67767978744343e-07,8.28204509600517e-07,9.76844567171275e-07,1.17550735908646e-06,1.24360208721844e-06,0,0,0,0,0,0,0,0,0,1.95135575180531e-07,2.45811695845441e-07,3.11643401494716e-07,6.51439311469947e-07,8.04700657029791e-07,9.48425589508284e-07,1.14384008821427e-06,1.19867267612453e-06,0,0,0,0,0,0,0,0,1.95135575180531e-07,2.45811695845441e-07,3.11643401494716e-07,6.51439311469947e-07,8.04700657029791e-07,9.48425589508284e-07,1.14384008821427e-06,1.19867267612453e-06,0,0,0,0,0,0,0,0,0,2.11424931399515e-07,2.63087750551285e-07,3.29023309230127e-07,6.86364375784642e-07,8.5760387485679e-07,1.01218743458712e-06,1.20940450151577e-06,1.28376179881195e-06,0,0,0,0,0,0,0,0,2.11424931399515e-07,2.63087750551285e-07,3.29023309230127e-07,6.86364375784642e-07,8.5760387485679e-07,1.01218743458712e-06,1.20940450151577e-06,1.28376179881195e-06,0,0,0,0,0,0,0,0,0,1.88411499860176e-07,2.39251596630261e-07,3.06202817232468e-07,6.42457594021118e-07,7.91782397483041e-07,9.33427353223017e-07,1.12260261982874e-06,1.16371482208444e-06,0,0,0,0,0,0,0,0,1.88411499860176e-07,2.39251596630261e-07,3.06202817232468e-07,6.42457594021118e-07,7.91782397483041e-07,9.33427353223017e-07,1.12260261982874e-06,1.16371482208444e-06,0,0,0,0,0,0,0,0,0,2.20033176974036e-07,2.70997863016517e-07,3.36033524416121e-07,7.00749900898233e-07,8.78686059695357e-07,1.03799569770791e-06,1.23117605407449e-06,1.30889173172771e-06,0,0,0,0,0,0,0,0,2.20033176974036e-07,2.70997863016517e-07,3.36033524416121e-07,7.00749900898233e-07,8.78686059695357e-07,1.03799569770791e-06,1.23117605407449e-06,1.30889173172771e-06,0,0,0,0,0,0,0,0,0
53,2.76330119573897e-07,3.77946696163211e-07,4.58394088322733e-07,5.81990677784076e-07,6.12469634367204e-07,5.75357222879126e-07,5.72742116249978e-07,5.60665036297169e-07,0,0,0,0,0,0,0,0,2.76330119573897e-07,3.77946696163211e-07,4.58394088322733e-07,5.81990677784076e-07,6.12469634367204e-07,5.75357222879126e-07,5.72742116249978e-07,5.60665036297169e-07,0,0,0,0,0,0,0,0,0,2.6347160492711e-07,3.66616066718962e-07,4.45513924480531e-07,5.64423526608805e-07,5.92417930991103e-07,5.54104883750006e-07,5.46152149648421e-07,5.22701703278751e-07,0,0,0,0,0,0,0,0,2.6347160492711e-07,3.66616066718962e-07,4.45513924480531e-07,5.64423526608805e-07,5.92417930991103e-07,5.54104883750006e-07,5.46152149648421e-07,5.22701703278751e-07,0,0,0,0,0,0,0,0,0,2.91253724410289e-07,3.88968790400976e-07,4.72801859468267e-07,6.03317056091551e-07,6.36475114929255e-07,6.03056010660237e-07,6.00597063105526e-07,5.95522428415949e-07,0,0,0,0,0,0,0,0,2.91253724410289e-07,3.88968790400976e-07,4.72801859468267e-07,6.03317056091551e-07,6.36475114929255e-07,6.03056010660237e-07,6.00597063105526e-07,5.95522428415949e-07,0,0,0,0,0,0,0,0,0,2.55105626066629e-07,3.60275416995945e-07,4.38485360106223e-07,5.51618220073458e-07,5.74083187067943e-07,5.39052734908977e-07,5.30788275773888e-07,4.93962837466016e-07,0,0,0,0,0,0,0,0,2.55105626066629e-07,3.60275416995945e-07,4.38485360106223e-07,5.51618220073458e-07,5.74083187067943e-07,5.39052734908977e-07,5.30788275773888e-07,4.93962837466016e-07,0,0,0,0,0,0,0,0,0,2.99469309803069e-07,3.96649816026845e-07,4.79976525901725e-07,6.14504233748136e-07,6.54311268330469e-07,6.23067743904557e-07,6.24627404883005e-07,6.35791859513787e-07,0,0,0,0,0,0,0,0,2.99469309803069e-07,3.96649816026845e-07,4.79976525901725e-07,6.14504233748136e-07,6.54311268330469e-07,6.23067743904557e-07,6.24627404883005e-07,6.35791859513787e-07,0,0,0,0,0,0,0,0,0
54,9.40725137164068e-07,9.46691750537447e-07,1.37782499225529e-06,1.42230883539992e-06,1.45353919009455e-06,1.64188424729645e-06,1.69583974359408e-06,1.71067230802224e-06,0,0,0,0,0,0,0,0,9.40725137164068e-07,9.46691750537447e-07,1.37782499225529e-06,1.42230883539992e-06,1.45353919009455e-06,1.64188424729645e-06,1.69583974359408e-06,1.71067230802224e-06,0,0,0,0,0,0,0,0,0,9.03156496643245e-07,9.12723747364554e-07,1.33764431724086e-06,1.36620049624426e-06,1.40569673118091e-06,1.58929895384307e-06,1.63145082535637e-06,1.62971055586784e-06,0,0,0,0,0,0,0,0,9.03156496643245e-07,9.12723747364554e-07,1.33764431724086e-06,1.36620049624426e-06,1.40569673118091e-06,1.58929895384307e-06,1.63145082535637e-06,1.62971055586784e-06,0,0,0,0,0,0,0,0,0,9.90518742281998e-07,9.82396500912041e-07,1.42380049214557e-06,1.48650322280936e-06,1.50314164594295e-06,1.69314583494901e-06,1.75944914315762e-06,1.79841475982083e-06,0,0,0,0,0,0,0,0,9.90518742281998e-07,9.82396500912041e-07,1.42380049214557e-06,1.48650322280936e-06,1.50314164594295e-06,1.69314583494901e-06,1.75944914315762e-06,1.79841475982083e-06,0,0,0,0,0,0,0,0,0,8.7512866452956e-07,8.92248888968508e-07,1.31163123361145e-06,1.336789883997e-06,1.37788498160177e-06,1.55772837527742e-06,1.59106870341782e-06,1.57011309981205e-06,0,0,0,0,0,0,0,0,8.7512866452956e-07,8.92248888968508e-07,1.31163123361145e-06,1.336789883997e-06,1.37788498160177e-06,1.55772837527742e-06,1.59106870341782e-06,1.57011309981205e-06,0,0,0,0,0,0,0,0,0,1.0178986687754e-06,1.00700480758345e-06,1.44742530788709e-06,1.52429792824702e-06,1.53439085656237e-06,1.725649229331e-06,1.79410551753986e-06,1.83610710086989e-06,0,0,0,0,0,0,0,0,1.0178986687754e-06,1.00700480758345e-06,1.44742530788709e-06,1.52429792824702e-06,1.53439085656237e-06,1.725649229331e-06,1.79410551753986e-06,1.83610710086989e-06,0,0,0,0,0,0,0,0,0
55,7.63477420325077e-10,3.79962384439632e-09,1.67241054794786e-08,4.04392447524831e-08,1.44937838233032e-07,2.90782882814767e-07,4.64029285837174e-07,6.60046087769056e-07,0,0,0,0,0,0,0,0,7.63477420325077e-10,3.79962384439632e-09,1.67241054794786e-08,4.04392447524831e-08,1.44937838233032e-07,2.90782882814767e-07,4.64029285837174e-07,6.60046087769056e-07,0,0,0,0,0,0,0,0,0,6.55814475330293e-10,3.42004618410804e-09,1.56666462834752e-08,3.89210340931292e-08,1.36020351311373e-07,2.72486042858713e-07,4.29532491202351e-07,6.04413485062794e-07,0,0,0,0,0,0,0,0,6.55814475330293e-10,3.42004618410804e-09,1.56666462834752e-08,3.89210340931292e-08,1.36020351311373e-07,2.72486042858713e-07,4.29532491202351e-07,6.04413485062794e-07,0,0,0,0,0,0,0,0,0,8.63679199115437e-10,4.10233708138616e-09,1.74941615794142e-08,4.19575497178263e-08,1.55622990327669e-07,3.0832512247187e-07,4.89962503044107e-07,6.95034824967251e-07,0,0,0,0,0,0,0,0,8.63679199115437e-10,4.10233708138616e-09,1.74941615794142e-08,4.19575497178263e-08,1.55622990327669e-07,3.0832512247187e-07,4.89962503044107e-07,6.95034824967251e-07,0,0,0,0,0,0,0,0,0,5.95123199642766e-10,3.16820892521672e-09,1.49267725658059e-08,3.75305977753388e-08,1.32375061492029e-07,2.62393366718764e-07,4.0816213924845e-07,5.60840590052989e-07,0,0,0,0,0,0,0,0,5.95123199642766e-10,3.16820892521672e-09,1.49267725658059e-08,3.75305977753388e-08,1.32375061492029e-07,2.62393366718764e-07,4.0816213924845e-07,5.60840590052989e-07,0,0,0,0,0,0,0,0,0,9.38177400689896e-10,4.34857896050867e-09,1.80026127935248e-08,4.32374234607833e-08,1.60478057753787e-07,3.1745370850366e-07,5.04487775357638e-07,7.13719740537166e-07,0,0,0,0,0,0,0,0,9.38177400689896e-10,4.34857896050867e-09,1.80026127935248e-08,4.32374234607833e-08,1.60478057753787e-07,3.1745370850366e-07,5.04487775357638e-07,7.13719740537166e-07,0,0,0,0,0,0,0,0,0
56,2.29943892865676e-07,2.41635188817469e-07,2.57137847076019e-07,4.44344256558257e-07,4.38522315070211e-07,4.67261224331256e-07,4.96212191895707e-07,4.82686533435633e-07,0,0,0,0,0,0,0,0,2.29943892865676e-07,2.41635188817469e-07,2.57137847076019e-07,4.44344256558257e-07,4.38522315070211e-07,4.67261224331256e-07,4.96212191895707e-07,4.82686533435633e-07,0,0,0,0,0,0,0,0,0,2.20605887838601e-07,2.34043441810213e-07,2.49396530083404e-07,4.28377655090103e-07,4.23118905683099e-07,4.55010477051812e-07,4.80982841140664e-07,4.63829036363104e-07,0,0,0,0,0,0,0,0,2.20605887838601e-07,2.34043441810213e-07,2.49396530083404e-07,4.28377655090103e-07,4.23118905683099e-07,4.55010477051812e-07,4.80982841140664e-07,4.63829036363104e-07,0,0,0,0,0,0,0,0,0,2.40841639481465e-07,2.51793648504758e-07,2.69734359863757e-07,4.59100750701583e-07,4.524625629632e-07,4.79446777342096e-07,5.11775719488168e-07,5.01601927715817e-07,0,0,0,0,0,0,0,0,2.40841639481465e-07,2.51793648504758e-07,2.69734359863757e-07,4.59100750701583e-07,4.524625629632e-07,4.79446777342096e-07,5.11775719488168e-07,5.01601927715817e-07,0,0,0,0,0,0,0,0,0,2.13387967269593e-07,2.28607828808543e-07,2.44695597312771e-07,4.17790043399744e-07,4.1267565563164e-07,4.45768120176304e-07,4.70904046038688e-07,4.50636477722851e-07,0,0,0,0,0,0,0,0,2.13387967269593e-07,2.28607828808543e-07,2.44695597312771e-07,4.17790043399744e-07,4.1267565563164e-07,4.45768120176304e-07,4.70904046038688e-07,4.50636477722851e-07,0,0,0,0,0,0,0,0,0,2.49410159547361e-07,2.58998474177344e-07,2.77871471956176e-07,4.69092897191742e-07,4.61956900923566e-07,4.87551731739166e-07,5.21564007517632e-07,5.14120613160354e-07,0,0,0,0,0,0,0,0,2.49410159547361e-07,2.58998474177344e-07,2.77871471956176e-07,4.69092897191742e-07,4.61956900923566e-07,4.87551731739166e-07,5.21564007517632e-07,5.14120613160354e-07,0,0,0,0,0,0,0,0,0
57,6.28041201560419e-07,1.09474112100676e-06,2.31715213987224e-06,4.93138715156239e-06,6.24986015885643e-06,9.30173552138575e-06,1.21387939438423e-05,1.40035960372328e-05,0,0,0,0,0,0,0,0,6.28041201560419e-07,1.09474112100676e-06,2.31715213987224e-06,4.93138715156239e-06,6.24986015885643e-06,9.30173552138575e-06,1.21387939438423e-05,1.40035960372328e-05,0,0,0,0,0,0,0,0,0,6.03353596489842e-07,1.06616846516782e-06,2.26983519313756e-06,4.79452333148017e-06,6.00202080119294e-06,8.9008053465051e-06,1.13040265792467e-05,1.2839445711373e-05,0,0,0,0,0,0,0,0,6.03353596489842e-07,1.06616846516782e-06,2.26983519313756e-06,4.79452333148017e-06,6.00202080119294e-06,8.9008053465051e-06,1.13040265792467e-05,1.2839445711373e-05,0,0,0,0,0,0,0,0,0,6.56777921584437e-07,1.1281917983933e-06,2.37105661607547e-06,5.05116332805318e-06,6.51857927474826e-06,9.6619842652336e-06,1.26935870703899e-05,1.47167463876075e-05,0,0,0,0,0,0,0,0,6.56777921584437e-07,1.1281917983933e-06,2.37105661607547e-06,5.05116332805318e-06,6.51857927474826e-06,9.6619842652336e-06,1.26935870703899e-05,1.47167463876075e-05,0,0,0,0,0,0,0,0,0,5.84323717791268e-07,1.04558137874379e-06,2.23139680493555e-06,4.70671445320592e-06,5.87509628725322e-06,8.59086427110537e-06,1.04538995949251e-05,1.15342543086298e-05,0,0,0,0,0,0,0,0,5.84323717791268e-07,1.04558137874379e-06,2.23139680493555e-06,4.70671445320592e-06,5.87509628725322e-06,8.59086427110537e-06,1.04538995949251e-05,1.15342543086298e-05,0,0,0,0,0,0,0,0,0,6.78194007877734e-07,1.15023685167105e-06,2.4109491472688e-06,5.1126280581711e-06,6.66507155321379e-06,9.84720191736326e-06,1.29705610729535e-05,1.50715449866522e-05,0,0,0,0,0,0,0,0,6.78194007877734e-07,1.15023685167105e-06,2.4109491472688e-06,5.1126280581711e-06,6.66507155321379e-06,9.84720191736326e-06,1.29705610729535e-05,1.50715449866522e-05,0,0,0,0,0,0,0,0,0
58,9.33160240136581e-09,3.08281483588358e-08,8.3762810627404e-08,2.18877207833187e-07,3.78950810023224e-07,7.43749131829332e-07,1.1868915969368e-06,1.73975324282684e-06,0,0,0,0,0,0,0,0,9.33160240136581e-09,3.08281483588358e-08,8.3762810627404e-08,2.18877207833187e-07,3.78950810023224e-07,7.43749131829332e-07,1.1868915969368e-06,1.73975324282684e-06,0,0,0,0,0,0,0,0,0,8.52499942184505e-09,2.9101764798319e-08,8.08869300975794e-08,2.12871136472743e-07,3.69136609690083e-07,7.23261688186339e-07,1.14888209607961e-06,1.68043255810095e-06,0,0,0,0,0,0,0,0,8.52499942184505e-09,2.9101764798319e-08,8.08869300975794e-08,2.12871136472743e-07,3.69136609690083e-07,7.23261688186339e-07,1.14888209607961e-06,1.68043255810095e-06,0,0,0,0,0,0,0,0,0,1.0449422771347e-08,3.34175657852724e-08,8.78406557419326e-08,2.24851839587306e-07,3.89366068400024e-07,7.63710086494023e-07,1.22329114196127e-06,1.80301370628419e-06,0,0,0,0,0,0,0,0,1.0449422771347e-08,3.34175657852724e-08,8.78406557419326e-08,2.24851839587306e-07,3.89366068400024e-07,7.63710086494023e-07,1.22329114196127e-06,1.80301370628419e-06,0,0,0,0,0,0,0,0,0,7.99605554563751e-09,2.81264784934123e-08,7.82695077328516e-08,2.07269854795505e-07,3.61674679618521e-07,7.08100580831346e-07,1.1253002987564e-06,1.63418352322401e-06,0,0,0,0,0,0,0,0,7.99605554563751e-09,2.81264784934123e-08,7.82695077328516e-08,2.07269854795505e-07,3.61674679618521e-07,7.08100580831346e-07,1.1253002987564e-06,1.63418352322401e-06,0,0,0,0,0,0,0,0,0,1.0839787215471e-08,3.43118547008293e-08,8.96841079795277e-08,2.30179246382248e-07,3.96792408938668e-07,7.81455085177452e-07,1.24943531458775e-06,1.84673143310689e-06,0,0,0,0,0,0,0,0,1.0839787215471e-08,3.43118547008293e-08,8.96841079795277e-08,2.30179246382248e-07,3.96792408938668e-07,7.81455085177452e-07,1.24943531458775e-06,1.84673143310689e-06,0,0,0,0,0,0,0,0,0
59,1.14537344762901e-07,5.77993063438277e-07,2.00318065372599e-06,4.1827242909857e-06,8.64658780527107e-06,1.59100678912112e-05,2.42527060287114e-05,2.77808644561423e-05,0,0,0,0,0,0,0,0,1.14537344762901e-07,5.77993063438277e-07,2.00318065372599e-06,4.1827242909857e-06,8.64658780527107e-06,1.59100678912112e-05,2.42527060287114e-05,2.77808644561423e-05,0,0,0,0,0,0,0,0,0,1.04920717464198e-07,5.47620576568602e-07,1.93539432657677e-06,4.07723596866367e-06,8.45170142262586e-06,1.55058169784935e-05,2.35327302178102e-05,2.66758714523016e-05,0,0,0,0,0,0,0,0,1.04920717464198e-07,5.47620576568602e-07,1.93539432657677e-06,4.07723596866367e-06,8.45170142262586e-06,1.55058169784935e-05,2.35327302178102e-05,2.66758714523016e-05,0,0,0,0,0,0,0,0,0,1.24252872437037e-07,6.0529060322753e-07,2.07354686157686e-06,4.31288404359623e-06,8.84323241786468e-06,1.62998338205042e-05,2.49292532230244e-05,2.88307201550989e-05,0,0,0,0,0,0,0,0,1.24252872437037e-07,6.0529060322753e-07,2.07354686157686e-06,4.31288404359623e-06,8.84323241786468e-06,1.62998338205042e-05,2.49292532230244e-05,2.88307201550989e-05,0,0,0,0,0,0,0,0,0,9.88057248915722e-08,5.30494328819238e-07,1.89527033265335e-06,4.00846831882852e-06,8.33747972527586e-06,1.52452346660229e-05,2.30506703668773e-05,2.58754806882246e-05,0,0,0,0,0,0,0,0,9.88057248915722e-08,5.30494328819238e-07,1.89527033265335e-06,4.00846831882852e-06,8.33747972527586e-06,1.52452346660229e-05,2.30506703668773e-05,2.58754806882246e-05,0,0,0,0,0,0,0,0,0,1.28221844308826e-07,6.22798782012937e-07,2.12624856834757e-06,4.40911638099429e-06,8.99918661029704e-06,1.6578023513612e-05,2.53703125071418e-05,2.94211127469568e-05,0,0,0,0,0,0,0,0,1.28221844308826e-07,6.22798782012937e-07,2.12624856834757e-06,4.40911638099429e-06,8.99918661029704e-06,1.6578023513612e-05,2.53703125071418e-05,2.94211127469568e-05,0,0,0,0,0,0,0,0,0
60,8.20108244166341e-07,9.05131365994954e-07,1.08462370707883e-06,1.29943705224466e-06,1.25578551128369e-06,1.19190663998383e-06,1.16599032347842e-06,1.16362624259299e-06,0,0,0,0,0,0,0,0,8.20108244166341e-07,9.05131365994954e-07,1.08462370707883e-06,1.29943705224466e-06,1.25578551128369e-06,1.19190663998383e-06,1.16599032347842e-06,1.16362624259299e-06,0,0,0,0,0,0,0,0,0,7.82488208777781e-07,8.72695581678437e-07,1.0535766575296e-06,1.27408658956189e-06,1.2097749492131e-06,1.15760060204837e-06,1.12403262119131e-06,1.11042972049009e-06,0,0,0,0,0,0,0,0,7.82488208777781e-07,8.72695581678437e-07,1.0535766575296e-06,1.27408658956189e-06,1.2097749492131e-06,1.15760060204837e-06,1.12403262119131e-06,1.11042972049009e-06,0,0,0,0,0,0,0,0,0,8.67813037928531e-07,9.34905505497815e-07,1.11766473948992e-06,1.32471559493001e-06,1.30438321036226e-06,1.22276532272061e-06,1.20539548846785e-06,1.22312466502404e-06,0,0,0,0,0,0,0,0,8.67813037928531e-07,9.34905505497815e-07,1.11766473948992e-06,1.32471559493001e-06,1.30438321036226e-06,1.22276532272061e-06,1.20539548846785e-06,1.22312466502404e-06,0,0,0,0,0,0,0,0,0,7.61704441059656e-07,8.55140341822317e-07,1.03482734429912e-06,1.25583607845406e-06,1.18944679172e-06,1.13271650429209e-06,1.09464785767429e-06,1.05995392820403e-06,0,0,0,0,0,0,0,0,7.61704441059656e-07,8.55140341822317e-07,1.03482734429912e-06,1.25583607845406e-06,1.18944679172e-06,1.13271650429209e-06,1.09464785767429e-06,1.05995392820403e-06,0,0,0,0,0,0,0,0,0,8.87644612271323e-07,9.5458880076272e-07,1.13777624768403e-06,1.34658632335547e-06,1.34093445494371e-06,1.24388480754995e-06,1.23555613293046e-06,1.2585484858701e-06,0,0,0,0,0,0,0,0,8.87644612271323e-07,9.5458880076272e-07,1.13777624768403e-06,1.34658632335547e-06,1.34093445494371e-06,1.24388480754995e-06,1.23555613293046e-06,1.2585484858701e-06,0,0,0,0,0,0,0,0,0
61,9.80141759806189e-08,9.86910903032809e-08,1.50751717603813e-07,2.18528800598625e-07,2.10175741403893e-07,2.04601298194501e-07,1.75513809675167e-07,1.57858184738116e-07,0,0,0,0,0,0,0,0,9.80141759806189e-08,9.86910903032809e-08,1.50751717603813e-07,2.18528800598625e-07,2.10175741403893e-07,2.04601298194501e-07,1.75513809675167e-07,1.57858184738116e-07,0,0,0,0,0,0,0,0,0,9.398782659938e-08,9.53368167386246e-08,1.45862042611691e-07,2.11140767009552e-07,2.03572365523287e-07,1.98175882169401e-07,1.70012770739988e-07,1.51937209401745e-07,0,0,0,0,0,0,0,0,9.398782659938e-08,9.53368167386246e-08,1.45862042611691e-07,2.11140767009552e-07,2.03572365523287e-07,1.98175882169401e-07,1.70012770739988e-07,1.51937209401745e-07,0,0,0,0,0,0,0,0,0,1.02178270634765e-07,1.01804644178181e-07,1.54744918443722e-07,2.25287200628439e-07,2.15905917776301e-07,2.11001902755739e-07,1.81358742430006e-07,1.63704832866124e-07,0,0,0,0,0,0,0,0,1.02178270634765e-07,1.01804644178181e-07,1.54744918443722e-07,2.25287200628439e-07,2.15905917776301e-07,2.11001902755739e-07,1.81358742430006e-07,1.63704832866124e-07,0,0,0,0,0,0,0,0,0,9.11498754834603e-08,9.32160823864167e-08,1.42660180112414e-07,2.05610707385435e-07,1.99138232483433e-07,1.93266795628968e-07,1.65525496095443e-07,1.48144454546413e-07,0,0,0,0,0,0,0,0,9.11498754834603e-08,9.32160823864167e-08,1.42660180112414e-07,2.05610707385435e-07,1.99138232483433e-07,1.93266795628968e-07,1.65525496095443e-07,1.48144454546413e-07,0,0,0,0,0,0,0,0,0,1.05210701705128e-07,1.04213948441976e-07,1.5722383893003e-07,2.28898914164441e-07,2.2013117884567e-07,2.15412855133062e-07,1.86399062377415e-07,1.68776805781653e-07,0,0,0,0,0,0,0,0,1.05210701705128e-07,1.04213948441976e-07,1.5722383893003e-07,2.28898914164441e-07,2.2013117884567e-07,2.15412855133062e-07,1.86399062377415e-07,1.68776805781653e-07,0,0,0,0,0,0,0,0,0
62,1.43165645507419e-09,6.93705363705876e-09,3.17253455294986e-08,1.25440050315002e-07,2.858804532041e-07,6.69880426337767e-07,1.21313402381188e-06,1.71247106660426e-06,0,0,0,0,0,0,0,0,1.43165645507419e-09,6.93705363705876e-09,3.17253455294986e-08,1.25440050315002e-07,2.858804532041e-07,6.69880426337767e-07,1.21313402381188e-06,1.71247106660426e-06,0,0,0,0,0,0,0,0,0,1.02937468389283e-09,5.54597554057865e-09,2.82597449837333e-08,1.17576529787333e-07,2.76382403838184e-07,6.51464012801011e-07,1.17074478203854e-06,1.64078090850265e-06,0,0,0,0,0,0,0,0,1.02937468389283e-09,5.54597554057865e-09,2.82597449837333e-08,1.17576529787333e-07,2.76382403838184e-07,6.51464012801011e-07,1.17074478203854e-06,1.64078090850265e-06,0,0,0,0,0,0,0,0,0,1.62881314302234e-09,7.64316388792833e-09,3.35042705979975e-08,1.30229029018884e-07,2.93501798460766e-07,6.88105716711209e-07,1.25165699405878e-06,1.7786632539273e-06,0,0,0,0,0,0,0,0,1.62881314302234e-09,7.64316388792833e-09,3.35042705979975e-08,1.30229029018884e-07,2.93501798460766e-07,6.88105716711209e-07,1.25165699405878e-06,1.7786632539273e-06,0,0,0,0,0,0,0,0,0,9.32839036108377e-10,5.00825283709777e-09,2.55258167716366e-08,1.13901923122658e-07,2.71030843575819e-07,6.4068732526167e-07,1.14764908385895e-06,1.60208393583852e-06,0,0,0,0,0,0,0,0,9.32839036108377e-10,5.00825283709777e-09,2.55258167716366e-08,1.13901923122658e-07,2.71030843575819e-07,6.4068732526167e-07,1.14764908385895e-06,1.60208393583852e-06,0,0,0,0,0,0,0,0,0,1.71550053974912e-09,7.98875736961991e-09,3.43855669786649e-08,1.32820679297257e-07,2.99952129571899e-07,7.007923598618e-07,1.28071629803439e-06,1.82144196563167e-06,0,0,0,0,0,0,0,0,1.71550053974912e-09,7.98875736961991e-09,3.43855669786649e-08,1.32820679297257e-07,2.99952129571899e-07,7.007923598618e-07,1.28071629803439e-06,1.82144196563167e-06,0,0,0,0,0,0,0,0,0
63,7.14094495875685e-08,1.4260148750259e-07,5.89383056561895e-07,9.5160676497858e-07,1.43960296471161e-06,2.19216483644067e-06,2.62046649224463e-06,3.13515805368477e-06,0,0,0,0,0,0,0,0,7.14094495875685e-08,1.4260148750259e-07,5.89383056561895e-07,9.5160676497858e-07,1.43960296471161e-06,2.19216483644067e-06,2.62046649224463e-06,3.13515805368477e-06,0,0,0,0,0,0,0,0,0,6.77429447606453e-08,1.36033002287706e-07,5.54843864817695e-07,8.83340572513557e-07,1.28269426480864e-06,1.75798949838843e-06,1.98512209801876e-06,2.24541130395222e-06,0,0,0,0,0,0,0,0,6.77429447606453e-08,1.36033002287706e-07,5.54843864817695e-07,8.83340572513557e-07,1.28269426480864e-06,1.75798949838843e-06,1.98512209801876e-06,2.24541130395222e-06,0,0,0,0,0,0,0,0,0,7.50490128116705e-08,1.49146955101825e-07,6.43580042879542e-07,1.09509510734905e-06,1.73887290227399e-06,2.8334797476388e-06,3.47077374702333e-06,4.24028740115153e-06,0,0,0,0,0,0,0,0,7.50490128116705e-08,1.49146955101825e-07,6.43580042879542e-07,1.09509510734905e-06,1.73887290227399e-06,2.8334797476388e-06,3.47077374702333e-06,4.24028740115153e-06,0,0,0,0,0,0,0,0,0,6.46331755719549e-08,1.2844068358591e-07,5.03418265534964e-07,7.47841397141046e-07,1.02889477903997e-06,1.32158926854784e-06,1.453833996967e-06,1.61736647450371e-06,0,0,0,0,0,0,0,0,6.46331755719549e-08,1.2844068358591e-07,5.03418265534964e-07,7.47841397141046e-07,1.02889477903997e-06,1.32158926854784e-06,1.453833996967e-06,1.61736647450371e-06,0,0,0,0,0,0,0,0,0,7.81101508545116e-08,1.54481237442376e-07,7.11222709985178e-07,1.26504309260169e-06,2.04973714469548e-06,3.41645689433784e-06,4.21635935484375e-06,5.20528534427443e-06,0,0,0,0,0,0,0,0,7.81101508545116e-08,1.54481237442376e-07,7.11222709985178e-07,1.26504309260169e-06,2.04973714469548e-06,3.41645689433784e-06,4.21635935484375e-06,5.20528534427443e-06,0,0,0,0,0,0,0,0,0
64,7.13552845539013e-08,9.93569147635723e-08,1.21197882513041e-07,1.4211694209974e-07,2.58526272906288e-07,2.7477369771672e-07,3.08538765849922e-07,3.61796378506981e-07,0,0,0,0,0,0,0,0,7.13552845539013e-08,9.93569147635723e-08,1.21197882513041e-07,1.4211694209974e-07,2.58526272906288e-07,2.7477369771672e-07,3.08538765849922e-07,3.61796378506981e-07,0,0,0,0,0,0,0,0,0,6.57994646912035e-08,9.41460241908416e-08,1.16451674770599e-07,1.36612389766014e-07,2.48027494574263e-07,2.58171235337209e-07,2.87055460860772e-07,3.22832936610186e-07,0,0,0,0,0,0,0,0,6.57994646912035e-08,9.41460241908416e-08,1.16451674770599e-07,1.36612389766014e-07,2.48027494574263e-07,2.58171235337209e-07,2.87055460860772e-07,3.22832936610186e-07,0,0,0,0,0,0,0,0,0,8.61549844844132e-08,1.10295469163061e-07,1.27152470099053e-07,1.46637123466159e-07,2.70023534462641e-07,2.89125394598364e-07,3.28542331979293e-07,3.83657864115822e-07,0,0,0,0,0,0,0,0,8.61549844844132e-08,1.10295469163061e-07,1.27152470099053e-07,1.46637123466159e-07,2.70023534462641e-07,2.89125394598364e-07,3.28542331979293e-07,3.83657864115822e-07,0,0,0,0,0,0,0,0,0,6.31512905998894e-08,9.11141714304801e-08,1.13020977219259e-07,1.32683559620666e-07,2.41706972108231e-07,2.47089239076465e-07,2.72663311839697e-07,3.02219362088288e-07,0,0,0,0,0,0,0,0,6.31512905998894e-08,9.11141714304801e-08,1.13020977219259e-07,1.32683559620666e-07,2.41706972108231e-07,2.47089239076465e-07,2.72663311839697e-07,3.02219362088288e-07,0,0,0,0,0,0,0,0,0,1.02513358934811e-07,1.23857963813401e-07,1.33341081258111e-07,1.4916166395112e-07,2.78245026765891e-07,2.98592920800809e-07,3.41242261056738e-07,3.98073821605442e-07,0,0,0,0,0,0,0,0,1.02513358934811e-07,1.23857963813401e-07,1.33341081258111e-07,1.4916166395112e-07,2.78245026765891e-07,2.98592920800809e-07,3.41242261056738e-07,3.98073821605442e-07,0,0,0,0,0,0,0,0,0
65,4.78847101589012e-07,5.99303541592058e-07,6.82682875840651e-07,8.06179395867038e-07,1.6302745563728e-06,1.79758377945859e-06,1.94382395054971e-06,2.17349620993214e-06,0,0,0,0,0,0,0,0,4.78847101589012e-07,5.99303541592058e-07,6.82682875840651e-07,8.06179395867038e-07,1.6302745563728e-06,1.79758377945859e-06,1.94382395054971e-06,2.17349620993214e-06,0,0,0,0,0,0,0,0,0,4.53230254221317e-07,5.73258330266733e-07,6.57004004198534e-07,7.78686774400487e-07,1.50164317597536e-06,1.64461082678003e-06,1.75532857916103e-06,1.98439655715639e-06,0,0,0,0,0,0,0,0,4.53230254221317e-07,5.73258330266733e-07,6.57004004198534e-07,7.78686774400487e-07,1.50164317597536e-06,1.64461082678003e-06,1.75532857916103e-06,1.98439655715639e-06,0,0,0,0,0,0,0,0,0,5.13489831876109e-07,6.28903660978356e-07,7.0817017050128e-07,8.29885635519678e-07,1.75478920297363e-06,1.97671898319828e-06,2.13527061881319e-06,2.31179005467805e-06,0,0,0,0,0,0,0,0,5.13489831876109e-07,6.28903660978356e-07,7.0817017050128e-07,8.29885635519678e-07,1.75478920297363e-06,1.97671898319828e-06,2.13527061881319e-06,2.31179005467805e-06,0,0,0,0,0,0,0,0,0,4.34198337107677e-07,5.55186820844965e-07,6.40037774107017e-07,7.58906688206761e-07,1.45854031727603e-06,1.57972042981804e-06,1.68157158153802e-06,1.84669197843567e-06,0,0,0,0,0,0,0,0,4.34198337107677e-07,5.55186820844965e-07,6.40037774107017e-07,7.58906688206761e-07,1.45854031727603e-06,1.57972042981804e-06,1.68157158153802e-06,1.84669197843567e-06,0,0,0,0,0,0,0,0,0,5.62657715209569e-07,6.62995065243391e-07,7.30439326543186e-07,8.46938388814857e-07,1.81173151690339e-06,2.05321488033315e-06,2.23034840548022e-06,2.40526223514675e-06,0,0,0,0,0,0,0,0,5.62657715209569e-07,6.62995065243391e-07,7.30439326543186e-07,8.46938388814857e-07,1.81173151690339e-06,2.05321488033315e-06,2.23034840548022e-06,2.40526223514675e-06,0,0,0,0,0,0,0,0,0
66,8.86638315550837e-08,1.40236683624835e-07,3.45885112290659e-07,1.0811735068407e-06,2.00172220144267e-06,3.06299734775976e-06,3.97973178809678e-06,4.49424670247309e-06,0,0,0,0,0,0,0,0,8.86638315550837e-08,1.40236683624835e-07,3.45885112290659e-07,1.0811735068407e-06,2.00172220144267e-06,3.06299734775976e-06,3.97973178809678e-06,4.49424670247309e-06,0,0,0,0,0,0,0,0,0,7.61574291272474e-08,1.33282843768313e-07,3.36361665985959e-07,1.05074014957655e-06,1.91954799843726e-06,2.91013984182518e-06,3.73001456417718e-06,4.17953933880661e-06,0,0,0,0,0,0,0,0,7.61574291272474e-08,1.33282843768313e-07,3.36361665985959e-07,1.05074014957655e-06,1.91954799843726e-06,2.91013984182518e-06,3.73001456417718e-06,4.17953933880661e-06,0,0,0,0,0,0,0,0,0,9.61952368613396e-08,1.47278879633364e-07,3.55300700350151e-07,1.11632755899955e-06,2.06868285538668e-06,3.23718920553251e-06,4.23378566948875e-06,4.81665567926484e-06,0,0,0,0,0,0,0,0,9.61952368613396e-08,1.47278879633364e-07,3.55300700350151e-07,1.11632755899955e-06,2.06868285538668e-06,3.23718920553251e-06,4.23378566948875e-06,4.81665567926484e-06,0,0,0,0,0,0,0,0,0,7.0139020242549e-08,1.27728527807611e-07,3.2981560352843e-07,1.029535650929e-06,1.87364001945165e-06,2.80576382840434e-06,3.48439520078717e-06,3.81787200480022e-06,0,0,0,0,0,0,0,0,7.0139020242549e-08,1.27728527807611e-07,3.2981560352843e-07,1.029535650929e-06,1.87364001945165e-06,2.80576382840434e-06,3.48439520078717e-06,3.81787200480022e-06,0,0,0,0,0,0,0,0,0,9.95690197638388e-08,1.51478299734325e-07,3.62959458438762e-07,1.14039092564915e-06,2.11014485875247e-06,3.31930517436622e-06,4.44660890814571e-06,5.17402380384447e-06,0,0,0,0,0,0,0,0,9.95690197638388e-08,1.51478299734325e-07,3.62959458438762e-07,1.14039092564915e-06,2.11014485875247e-06,3.31930517436622e-06,4.44660890814571e-06,5.17402380384447e-06,0,0,0,0,0,0,0,0,0
67,2.04843375196582e-10,1.74578037076546e-09,1.50926440539999e-08,1.07149072402925e-07,3.76978867662703e-07,1.10216700128276e-06,2.11118692054891e-06,3.1908584956261e-06,0,0,0,0,0,0,0,0,2.04843375196582e-10,1.74578037076546e-09,1.50926440539999e-08,1.07149072402925e-07,3.76978867662703e-07,1.10216700128276e-06,2.11118692054891e-06,3.1908584956261e-06,0,0,0,0,0,0,0,0,0,1.7786822973283e-10,1.56100110990485e-09,1.40670308724969e-08,1.00570445466839e-07,3.63728958469892e-07,1.07072560075971e-06,2.04772447701384e-06,3.06854227245918e-06,0,0,0,0,0,0,0,0,1.7786822973283e-10,1.56100110990485e-09,1.40670308724969e-08,1.00570445466839e-07,3.63728958469892e-07,1.07072560075971e-06,2.04772447701384e-06,3.06854227245918e-06,0,0,0,0,0,0,0,0,0,2.34512239209917e-10,1.93574936772487e-09,1.61428651701477e-08,1.12046087198551e-07,3.87983052125881e-07,1.14026728131049e-06,2.18652389645813e-06,3.31690105380166e-06,0,0,0,0,0,0,0,0,2.34512239209917e-10,1.93574936772487e-09,1.61428651701477e-08,1.12046087198551e-07,3.87983052125881e-07,1.14026728131049e-06,2.18652389645813e-06,3.31690105380166e-06,0,0,0,0,0,0,0,0,0,1.633785425597e-10,1.46638270102136e-09,1.35692804379907e-08,9.63092950094072e-08,3.52440015688276e-07,1.04803509107294e-06,2.00917927850151e-06,2.98215046276139e-06,0,0,0,0,0,0,0,0,1.633785425597e-10,1.46638270102136e-09,1.35692804379907e-08,9.63092950094072e-08,3.52440015688276e-07,1.04803509107294e-06,2.00917927850151e-06,2.98215046276139e-06,0,0,0,0,0,0,0,0,0,2.87840568136316e-10,2.22512931924654e-09,1.73752149479554e-08,1.14357651131533e-07,3.94260743413922e-07,1.15989386863531e-06,2.22534417952355e-06,3.39866007394307e-06,0,0,0,0,0,0,0,0,2.87840568136316e-10,2.22512931924654e-09,1.73752149479554e-08,1.14357651131533e-07,3.94260743413922e-07,1.15989386863531e-06,2.22534417952355e-06,3.39866007394307e-06,0,0,0,0,0,0,0,0,0
68,1.30956342198692e-09,6.85681578877087e-09,4.23469440085266e-08,2.13593380257605e-07,6.21960048677334e-07,1.29012787716866e-06,1.96305032479335e-06,2.37644473242962e-06,0,0,0,0,0,0,0,0,1.30956342198692e-09,6.85681578877087e-09,4.23469440085266e-08,2.13593380257605e-07,6.21960048677334e-07,1.29012787716866e-06,1.96305032479335e-06,2.37644473242962e-06,0,0,0,0,0,0,0,0,0,1.16706828856337e-09,6.30420274134621e-09,4.05751463078649e-08,2.07087960196798e-07,6.06518482538896e-07,1.25147791218008e-06,1.9060989225572e-06,2.30420685876639e-06,0,0,0,0,0,0,0,0,1.16706828856337e-09,6.30420274134621e-09,4.05751463078649e-08,2.07087960196798e-07,6.06518482538896e-07,1.25147791218008e-06,1.9060989225572e-06,2.30420685876639e-06,0,0,0,0,0,0,0,0,0,1.45956843821741e-09,7.36245097977111e-09,4.40628231319996e-08,2.20062456375214e-07,6.37862501011109e-07,1.32613167215237e-06,2.02279710597452e-06,2.45937188334717e-06,0,0,0,0,0,0,0,0,1.45956843821741e-09,7.36245097977111e-09,4.40628231319996e-08,2.20062456375214e-07,6.37862501011109e-07,1.32613167215237e-06,2.02279710597452e-06,2.45937188334717e-06,0,0,0,0,0,0,0,0,0,1.08233696412391e-09,5.94775153724487e-09,3.91933080129225e-08,2.02234941620577e-07,5.95408904139897e-07,1.22584184553085e-06,1.86927495427523e-06,2.25635411132703e-06,0,0,0,0,0,0,0,0,1.08233696412391e-09,5.94775153724487e-09,3.91933080129225e-08,2.02234941620577e-07,5.95408904139897e-07,1.22584184553085e-06,1.86927495427523e-06,2.25635411132703e-06,0,0,0,0,0,0,0,0,0,1.54820166946598e-09,7.70956455149161e-09,4.5214700745681e-08,2.23520391476399e-07,6.48803225008274e-07,1.35374068404706e-06,2.06324126539944e-06,2.51151241337031e-06,0,0,0,0,0,0,0,0,1.54820166946598e-09,7.70956455149161e-09,4.5214700745681e-08,2.23520391476399e-07,6.48803225008274e-07,1.35374068404706e-06,2.06324126539944e-06,2.51151241337031e-06,0,0,0,0,0,0,0,0,0
69,2.38913783038083e-07,1.33603938897532e-06,3.98030018541853e-06,7.41326356356792e-06,1.2579440190483e-05,2.04100501484173e-05,2.23254889440136e-05,1.87351966415124e-05,0,0,0,0,0,0,0,0,2.38913783038083e-07,1.33603938897532e-06,3.98030018541853e-06,7.41326356356792e-06,1.2579440190483e-05,2.04100501484173e-05,2.23254889440136e-05,1.87351966415124e-05,0,0,0,0,0,0,0,0,0,2.14082253903952e-07,1.25318473893434e-06,3.86220261397418e-06,7.23923047996635e-06,1.22702864402415e-05,1.97893607306919e-05,2.15527699922734e-05,1.81865374635453e-05,0,0,0,0,0,0,0,0,2.14082253903952e-07,1.25318473893434e-06,3.86220261397418e-06,7.23923047996635e-06,1.22702864402415e-05,1.97893607306919e-05,2.15527699922734e-05,1.81865374635453e-05,0,0,0,0,0,0,0,0,0,2.55760437732202e-07,1.3917800279375e-06,4.1250833010602e-06,7.66126676701418e-06,1.28776419784937e-05,2.09878705764603e-05,2.31598139498706e-05,1.95264375793013e-05,0,0,0,0,0,0,0,0,2.55760437732202e-07,1.3917800279375e-06,4.1250833010602e-06,7.66126676701418e-06,1.28776419784937e-05,2.09878705764603e-05,2.31598139498706e-05,1.95264375793013e-05,0,0,0,0,0,0,0,0,0,1.77081789078757e-07,1.18760122257299e-06,3.78123852482293e-06,7.13616051300656e-06,1.20588462873756e-05,1.94728399720773e-05,2.11243153349229e-05,1.77811904025552e-05,0,0,0,0,0,0,0,0,1.77081789078757e-07,1.18760122257299e-06,3.78123852482293e-06,7.13616051300656e-06,1.20588462873756e-05,1.94728399720773e-05,2.11243153349229e-05,1.77811904025552e-05,0,0,0,0,0,0,0,0,0,2.65124949326375e-07,1.41974449716087e-06,4.21641350095153e-06,7.88103826819507e-06,1.30987003954538e-05,2.1342317909498e-05,2.36872454043769e-05,2.00582183318434e-05,0,0,0,0,0,0,0,0,2.65124949326375e-07,1.41974449716087e-06,4.21641350095153e-06,7.88103826819507e-06,1.30987003954538e-05,2.1342317909498e-05,2.36872454043769e-05,2.00582183318434e-05,0,0,0,0,0,0,0,0,0
70,3.84166434099016e-08,1.77967913248162e-07,1.08355812399867e-06,2.32442025084907e-06,4.63990110559333e-06,8.47320511530476e-06,1.22932527946208e-05,1.430131130076e-05,0,0,0,0,0,0,0,0,3.84166434099016e-08,1.77967913248162e-07,1.08355812399867e-06,2.32442025084907e-06,4.63990110559333e-06,8.47320511530476e-06,1.22932527946208e-05,1.430131130076e-05,0,0,0,0,0,0,0,0,0,3.62528228755443e-08,1.71292709965986e-07,1.05083196208405e-06,2.25610843027069e-06,4.54147120386191e-06,8.23577910743039e-06,1.18978063015878e-05,1.36039808313715e-05,0,0,0,0,0,0,0,0,3.62528228755443e-08,1.71292709965986e-07,1.05083196208405e-06,2.25610843027069e-06,4.54147120386191e-06,8.23577910743039e-06,1.18978063015878e-05,1.36039808313715e-05,0,0,0,0,0,0,0,0,0,3.98097894574346e-08,1.82928601236665e-07,1.11591370199345e-06,2.40066051402542e-06,4.74675598605417e-06,8.74816962735628e-06,1.27807023339445e-05,1.50212226325271e-05,0,0,0,0,0,0,0,0,3.98097894574346e-08,1.82928601236665e-07,1.11591370199345e-06,2.40066051402542e-06,4.74675598605417e-06,8.74816962735628e-06,1.27807023339445e-05,1.50212226325271e-05,0,0,0,0,0,0,0,0,0,3.44251406294878e-08,1.67503267086032e-07,1.0307107807455e-06,2.21436478900418e-06,4.48245987130075e-06,8.07746065825504e-06,1.16583384942182e-05,1.32704466171882e-05,0,0,0,0,0,0,0,0,3.44251406294878e-08,1.67503267086032e-07,1.0307107807455e-06,2.21436478900418e-06,4.48245987130075e-06,8.07746065825504e-06,1.16583384942182e-05,1.32704466171882e-05,0,0,0,0,0,0,0,0,0,4.08994139075908e-08,1.87102665434195e-07,1.13858601133775e-06,2.45226719361338e-06,4.85794380591051e-06,8.95743615132942e-06,1.30838127870255e-05,1.54611852781644e-05,0,0,0,0,0,0,0,0,4.08994139075908e-08,1.87102665434195e-07,1.13858601133775e-06,2.45226719361338e-06,4.85794380591051e-06,8.95743615132942e-06,1.30838127870255e-05,1.54611852781644e-05,0,0,0,0,0,0,0,0,0
71,1.66803880972792e-09,8.34748058733977e-09,2.80617009623048e-08,8.0569352197779e-08,3.2613552194675e-07,7.28438190447891e-07,1.06148923994926e-06,1.3216333168148e-06,0,0,0,0,0,0,0,0,1.66803880972792e-09,8.34748058733977e-09,2.80617009623048e-08,8.0569352197779e-08,3.2613552194675e-07,7.28438190447891e-07,1.06148923994926e-06,1.3216333168148e-06,0,0,0,0,0,0,0,0,0,1.32142950602765e-09,7.22072616106416e-09,2.5864116055859e-08,7.73215890102231e-08,3.16496551728041e-07,7.06500561425674e-07,1.02382580630179e-06,1.25947771607756e-06,0,0,0,0,0,0,0,0,1.32142950602765e-09,7.22072616106416e-09,2.5864116055859e-08,7.73215890102231e-08,3.16496551728041e-07,7.06500561425674e-07,1.02382580630179e-06,1.25947771607756e-06,0,0,0,0,0,0,0,0,0,2.09034914488953e-09,9.34650259743023e-09,2.97194002656624e-08,8.32202395741288e-08,3.36206468295752e-07,7.57851149078049e-07,1.11802149950478e-06,1.40785732431785e-06,0,0,0,0,0,0,0,0,2.09034914488953e-09,9.34650259743023e-09,2.97194002656624e-08,8.32202395741288e-08,3.36206468295752e-07,7.57851149078049e-07,1.11802149950478e-06,1.40785732431785e-06,0,0,0,0,0,0,0,0,0,1.15271850458472e-09,6.40462341555302e-09,2.44403480178787e-08,7.5040787272754e-08,3.11017337261284e-07,6.94635427883242e-07,9.99791522349976e-07,1.2276692276257e-06,0,0,0,0,0,0,0,0,1.15271850458472e-09,6.40462341555302e-09,2.44403480178787e-08,7.5040787272754e-08,3.11017337261284e-07,6.94635427883242e-07,9.99791522349976e-07,1.2276692276257e-06,0,0,0,0,0,0,0,0,0,2.30026564847966e-09,9.9153471597795e-09,3.06561970053299e-08,8.51112169301841e-08,3.44286242869708e-07,7.83350326151623e-07,1.16146527942521e-06,1.47156896016181e-06,0,0,0,0,0,0,0,0,2.30026564847966e-09,9.9153471597795e-09,3.06561970053299e-08,8.51112169301841e-08,3.44286242869708e-07,7.83350326151623e-07,1.16146527942521e-06,1.47156896016181e-06,0,0,0,0,0,0,0,0,0
72,8.02074982117735e-11,9.13241654051869e-11,1.98091920562917e-10,2.58087803871975e-10,3.00989112189992e-10,3.43775701689034e-10,3.47023975312684e-10,3.59388175924011e-10,0,0,0,0,0,0,0,0,8.02074982117735e-11,9.13241654051869e-11,1.98091920562917e-10,2.58087803871975e-10,3.00989112189992e-10,3.43775701689034e-10,3.47023975312684e-10,3.59388175924011e-10,0,0,0,0,0,0,0,0,0,1.52916221945477e-13,6.48225060184998e-13,7.7241718201538e-12,1.88685315837718e-11,3.38355099273288e-11,4.8761984345864e-11,4.95864741961397e-11,5.45748069823668e-11,0,0,0,0,0,0,0,0,1.52916221945477e-13,6.48225060184998e-13,7.7241718201538e-12,1.88685315837718e-11,3.38355099273288e-11,4.8761984345864e-11,4.95864741961397e-11,5.45748069823668e-11,0,0,0,0,0,0,0,0,0,1.757603751391e-10,1.7311554311259e-10,3.36892779977214e-10,4.29747624940356e-10,4.99819234458934e-10,5.76043325800926e-10,6.08001751608181e-10,6.72520104717046e-10,0,0,0,0,0,0,0,0,1.757603751391e-10,1.7311554311259e-10,3.36892779977214e-10,4.29747624940356e-10,4.99819234458934e-10,5.76043325800926e-10,6.08001751608181e-10,6.72520104717046e-10,0,0,0,0,0,0,0,0,0,1.4470240106696e-22,1.03656627589514e-22,1.02757433844532e-22,1.11103072255358e-22,1.10064230044278e-22,6.98651417402392e-23,5.02949863829494e-23,4.15087827220779e-23,0,0,0,0,0,0,0,0,1.4470240106696e-22,1.03656627589514e-22,1.02757433844532e-22,1.11103072255358e-22,1.10064230044278e-22,6.98651417402392e-23,5.02949863829494e-23,4.15087827220779e-23,0,0,0,0,0,0,0,0,0,2.59143586578321e-10,2.44757100249202e-10,4.6185098105656e-10,5.875153527137e-10,7.00320368372089e-10,8.93780656223596e-10,9.63074818658267e-10,1.09423044780099e-09,0,0,0,0,0,0,0,0,2.59143586578321e-10,2.44757100249202e-10,4.6185098105656e-10,5.875153527137e-10,7.00320368372089e-10,8.93780656223596e-10,9.63074818658267e-10,1.09423044780099e-09,0,0,0,0,0,0,0,0,0
73,5.78601782874339e-08,1.46310808661221e-07,1.46299603480739e-07,1.34569796143948e-07,1.56431101307395e-07,1.43863312671261e-07,1.55223980639969e-07,1.3007674238817e-07,0,0,0,0,0,0,0,0,1.3275363224407e-07,1.46310808661221e-07,1.46299603480739e-07,1.34569796143948e-07,1.56431101307395e-07,1.43863312671261e-07,1.55223980639969e-07,1.3007674238817e-07,0,0,0,0,0,0,0,0,0,5.20145177898139e-08,1.39096301568907e-07,1.41050370661647e-07,1.29768136931845e-07,1.5157701351786e-07,1.30023227885126e-07,1.13064071300677e-07,1.03062605174273e-07,0,0,0,0,0,0,0,0,1.1934142566445e-07,1.39096301568907e-07,1.41050370661647e-07,1.29768136931845e-07,1.5157701351786e-07,1.30023227885126e-07,1.13064071300677e-07,1.03062605174273e-07,0,0,0,0,0,0,0,0,0,7.05243310375811e-08,1.59032771027681e-07,1.51993361508381e-07,1.39375668615141e-07,1.61682599341004e-07,1.51694206020448e-07,1.68267976695641e-07,1.41433184502566e-07,0,0,0,0,0,0,0,0,1.61810097789751e-07,1.59032771027681e-07,1.51993361508381e-07,1.39375668615141e-07,1.61682599341004e-07,1.51694206020448e-07,1.68267976695641e-07,1.41433184502566e-07,0,0,0,0,0,0,0,0,0,4.97211086914392e-08,1.33905506648094e-07,1.37698140723768e-07,1.26547855865385e-07,1.47669596728425e-07,1.25273653146927e-07,1.08059838557228e-07,9.80013163508988e-08,0,0,0,0,0,0,0,0,1.14079457985775e-07,1.33905506648094e-07,1.37698140723768e-07,1.26547855865385e-07,1.47669596728425e-07,1.25273653146927e-07,1.08059838557228e-07,9.80013163508988e-08,0,0,0,0,0,0,0,0,0,8.65093676976645e-08,1.83559384970396e-07,1.61447081131675e-07,1.42846048533963e-07,1.65976824773999e-07,1.55423316725053e-07,1.72505533969453e-07,1.46662089694351e-07,0,0,0,0,0,0,0,0,1.98485955711218e-07,1.83559384970396e-07,1.61447081131675e-07,1.42846048533963e-07,1.65976824773999e-07,1.55423316725053e-07,1.72505533969453e-07,1.46662089694351e-07,0,0,0,0,0,0,0,0,0
74,1.12260843369974e-07,2.01202885290636e-07,5.46278712193887e-07,1.37686361386306e-06,1.8406039694187e-06,2.20422057632935e-06,2.12974130590022e-06,2.05914776548432e-06,0,0,0,0,0,0,0,0,1.12260843369974e-07,2.01202885290636e-07,5.46278712193887e-07,1.37686361386306e-06,1.8406039694187e-06,2.20422057632935e-06,2.12974130590022e-06,2.05914776548432e-06,0,0,0,0,0,0,0,0,0,8.72749260404568e-08,1.66505206961573e-07,4.92330543346965e-07,1.2625250318833e-06,1.68407088762915e-06,2.00442224324877e-06,1.93633382108919e-06,1.85556481873094e-06,0,0,0,0,0,0,0,0,8.72749260404568e-08,1.66505206961573e-07,4.92330543346965e-07,1.2625250318833e-06,1.68407088762915e-06,2.00442224324877e-06,1.93633382108919e-06,1.85556481873094e-06,0,0,0,0,0,0,0,0,0,1.69821139290847e-07,2.63788837300443e-07,6.61229387183245e-07,1.60249492831066e-06,2.00768903788156e-06,2.34942511217394e-06,2.27244575485195e-06,2.21675877920046e-06,0,0,0,0,0,0,0,0,1.69821139290847e-07,2.63788837300443e-07,6.61229387183245e-07,1.60249492831066e-06,2.00768903788156e-06,2.34942511217394e-06,2.27244575485195e-06,2.21675877920046e-06,0,0,0,0,0,0,0,0,0,8.34807145780041e-08,1.54374756097463e-07,4.67993294774543e-07,1.20554595818543e-06,1.56577255498447e-06,1.71851402977064e-06,1.60257389285335e-06,1.49152050295641e-06,0,0,0,0,0,0,0,0,8.34807145780041e-08,1.54374756097463e-07,4.67993294774543e-07,1.20554595818543e-06,1.56577255498447e-06,1.71851402977064e-06,1.60257389285335e-06,1.49152050295641e-06,0,0,0,0,0,0,0,0,0,1.86304504618994e-07,2.77664000197236e-07,6.92760184857323e-07,1.67560583652516e-06,2.08051264568584e-06,2.4480848243838e-06,2.38845087315216e-06,2.35175507039072e-06,0,0,0,0,0,0,0,0,1.86304504618994e-07,2.77664000197236e-07,6.92760184857323e-07,1.67560583652516e-06,2.08051264568584e-06,2.4480848243838e-06,2.38845087315216e-06,2.35175507039072e-06,0,0,0,0,0,0,0,0,0
75,1.31901772710767e-08,7.02562673611948e-08,8.57356731262165e-08,8.79218734954205e-08,1.15091330376401e-07,1.94529181086506e-07,1.97852815723903e-07,2.12822170418516e-07,0,0,0,0,0,0,0,0,3.02633692896674e-08,7.02562673611948e-08,8.57356731262165e-08,8.79218734954205e-08,1.15091330376401e-07,1.94529181086506e-07,1.97852815723903e-07,2.12822170418516e-07,0,0,0,0,0,0,0,0,0,1.16264423681927e-08,6.41569553906288e-08,8.22032800291449e-08,8.4728791148067e-08,1.09398855531145e-07,1.79752654199922e-07,1.82407753118019e-07,1.86801015494812e-07,0,0,0,0,0,0,0,0,2.66755564904495e-08,6.41569553906288e-08,8.22032800291449e-08,8.4728791148067e-08,1.09398855531145e-07,1.79752654199922e-07,1.82407753118019e-07,1.86801015494812e-07,0,0,0,0,0,0,0,0,0,2.0741639495921e-08,8.21991024635829e-08,8.98187452653806e-08,9.11776954521015e-08,1.21084547561342e-07,2.13174349011683e-07,2.21510964018087e-07,2.3851757261819e-07,0,0,0,0,0,0,0,0,4.75893449221982e-08,8.21991024635829e-08,8.98187452653806e-08,9.11776954521015e-08,1.21084547561342e-07,2.13174349011683e-07,2.21510964018087e-07,2.3851757261819e-07,0,0,0,0,0,0,0,0,0,1.08583133669441e-08,6.07739879715289e-08,7.93641879941944e-08,8.20778016868724e-08,1.05712183790732e-07,1.70954465373346e-07,1.74462114228805e-07,1.73786929570518e-07,0,0,0,0,0,0,0,0,2.49131714103141e-08,6.07739879715289e-08,7.93641879941944e-08,8.20778016868724e-08,1.05712183790732e-07,1.70954465373346e-07,1.74462114228805e-07,1.73786929570518e-07,0,0,0,0,0,0,0,0,0,2.501372100292e-08,9.1701528758895e-08,9.35870989549116e-08,9.35401482877738e-08,1.25034236986861e-07,2.25479064261827e-07,2.35787282600792e-07,2.53712588421636e-07,0,0,0,0,0,0,0,0,5.73911525571395e-08,9.1701528758895e-08,9.35870989549116e-08,9.35401482877738e-08,1.25034236986861e-07,2.25479064261827e-07,2.35787282600792e-07,2.53712588421636e-07,0,0,0,0,0,0,0,0,0
76,1.42668883003166e-07,1.52260142629318e-07,1.5020256555593e-07,2.42401351209178e-07,3.122262881256e-07,3.84081459633372e-07,4.5609436828136e-07,4.94956929243637e-07,0,0,0,0,0,0,0,0,1.42668883003166e-07,1.52260142629318e-07,1.5020256555593e-07,2.42401351209178e-07,3.122262881256e-07,3.84081459633372e-07,4.5609436828136e-07,4.94956929243637e-07,0,0,0,0,0,0,0,0,0,1.26914688852499e-07,1.39525800416248e-07,1.4176585625164e-07,2.32944587867747e-07,3.01717218230397e-07,3.70742542523792e-07,4.4061187853417e-07,4.75464391640083e-07,0,0,0,0,0,0,0,0,1.26914688852499e-07,1.39525800416248e-07,1.4176585625164e-07,2.32944587867747e-07,3.01717218230397e-07,3.70742542523792e-07,4.4061187853417e-07,4.75464391640083e-07,0,0,0,0,0,0,0,0,0,1.52574473012682e-07,1.61824680015287e-07,1.58495309379839e-07,2.53809975294506e-07,3.25506966091183e-07,4.00098227904146e-07,4.70881627905254e-07,5.11810430187072e-07,0,0,0,0,0,0,0,0,1.52574473012682e-07,1.61824680015287e-07,1.58495309379839e-07,2.53809975294506e-07,3.25506966091183e-07,4.00098227904146e-07,4.70881627905254e-07,5.11810430187072e-07,0,0,0,0,0,0,0,0,0,1.10030066178524e-07,1.25987775156471e-07,1.35297953121163e-07,2.27486595656355e-07,2.95475163999413e-07,3.6267458896474e-07,4.29227571130286e-07,4.58307773812442e-07,0,0,0,0,0,0,0,0,1.10030066178524e-07,1.25987775156471e-07,1.35297953121163e-07,2.27486595656355e-07,2.95475163999413e-07,3.6267458896474e-07,4.29227571130286e-07,4.58307773812442e-07,0,0,0,0,0,0,0,0,0,1.61015784491064e-07,1.69242656835569e-07,1.65049106577768e-07,2.65672843087608e-07,3.38831717330219e-07,4.12696131867046e-07,4.82414627753332e-07,5.2539913497106e-07,0,0,0,0,0,0,0,0,1.61015784491064e-07,1.69242656835569e-07,1.65049106577768e-07,2.65672843087608e-07,3.38831717330219e-07,4.12696131867046e-07,4.82414627753332e-07,5.2539913497106e-07,0,0,0,0,0,0,0,0,0
77,8.31425533029061e-08,1.05607737279718e-07,1.22332678689879e-07,1.28714180915628e-07,1.9810823848651e-07,1.79098664624003e-07,1.69720774553121e-07,1.66838380234035e-07,0,0,0,0,0,0,0,0,8.31425533029061e-08,1.05607737279718e-07,1.22332678689879e-07,1.28714180915628e-07,1.9810823848651e-07,1.79098664624003e-07,1.69720774553121e-07,1.66838380234035e-07,0,0,0,0,0,0,0,0,0,7.90188609542588e-08,1.02060388984752e-07,1.181379487399e-07,1.23888110638957e-07,1.90850041173495e-07,1.71406743127645e-07,1.61892223433275e-07,1.58484527387654e-07,0,0,0,0,0,0,0,0,7.90188609542588e-08,1.02060388984752e-07,1.181379487399e-07,1.23888110638957e-07,1.90850041173495e-07,1.71406743127645e-07,1.61892223433275e-07,1.58484527387654e-07,0,0,0,0,0,0,0,0,0,8.76060039404267e-08,1.09271508418783e-07,1.27314675980959e-07,1.34007484192093e-07,2.04745432386982e-07,1.86325905419896e-07,1.78246523090895e-07,1.75338282941344e-07,0,0,0,0,0,0,0,0,8.76060039404267e-08,1.09271508418783e-07,1.27314675980959e-07,1.34007484192093e-07,2.04745432386982e-07,1.86325905419896e-07,1.78246523090895e-07,1.75338282941344e-07,0,0,0,0,0,0,0,0,0,7.48969546976354e-08,9.90403211728658e-08,1.15194464627193e-07,1.20776605997281e-07,1.86121102806917e-07,1.66709260230319e-07,1.5682359469171e-07,1.53138451738015e-07,0,0,0,0,0,0,0,0,7.48969546976354e-08,9.90403211728658e-08,1.15194464627193e-07,1.20776605997281e-07,1.86121102806917e-07,1.66709260230319e-07,1.5682359469171e-07,1.53138451738015e-07,0,0,0,0,0,0,0,0,0,9.12585093049268e-08,1.11674269708906e-07,1.299873091548e-07,1.37308605815432e-07,2.08330462068375e-07,1.90449607907408e-07,1.83311806209072e-07,1.80739142134289e-07,0,0,0,0,0,0,0,0,9.12585093049268e-08,1.11674269708906e-07,1.299873091548e-07,1.37308605815432e-07,2.08330462068375e-07,1.90449607907408e-07,1.83311806209072e-07,1.80739142134289e-07,0,0,0,0,0,0,0,0,0
78,6.81194348773929e-08,1.77658070163649e-07,1.72763762872782e-07,1.77100389915034e-07,3.04776592783163e-07,3.55076938595158e-07,3.53428514277388e-07,3.55396208319449e-07,0,0,0,0,0,0,0,0,1.56292335662424e-07,1.77658070163649e-07,1.72763762872782e-07,1.77100389915034e-07,3.04776592783163e-07,3.55076938595158e-07,3.53428514277388e-07,3.55396208319449e-07,0,0,0,0,0,0,0,0,0,6.16412453152769e-08,1.66134576042361e-07,1.65766661064634e-07,1.69027680876593e-07,2.81396060478099e-07,3.0505441326655e-07,2.91684693786093e-07,2.85167266839526e-07,0,0,0,0,0,0,0,0,1.41428862714514e-07,1.66134576042361e-07,1.65766661064634e-07,1.69027680876593e-07,2.81396060478099e-07,3.0505441326655e-07,2.91684693786093e-07,2.85167266839526e-07,0,0,0,0,0,0,0,0,0,7.37109738110529e-08,1.85745397998302e-07,1.80018079252882e-07,1.85744269171274e-07,3.28184270996427e-07,3.84506672043289e-07,3.83286651369715e-07,3.91968458325242e-07,0,0,0,0,0,0,0,0,1.69121489067205e-07,1.85745397998302e-07,1.80018079252882e-07,1.85744269171274e-07,3.28184270996427e-07,3.84506672043289e-07,3.83286651369715e-07,3.91968458325242e-07,0,0,0,0,0,0,0,0,0,5.14842101287602e-08,1.5276193032564e-07,1.58945165002452e-07,1.64225009107925e-07,2.73134645412848e-07,2.93529874341103e-07,2.79270829674871e-07,2.72037911160222e-07,0,0,0,0,0,0,0,0,1.18124694740082e-07,1.5276193032564e-07,1.58945165002452e-07,1.64225009107925e-07,2.73134645412848e-07,2.93529874341103e-07,2.79270829674871e-07,2.72037911160222e-07,0,0,0,0,0,0,0,0,0,7.7593201857477e-08,1.91179167107452e-07,1.85042355662388e-07,1.91099037601385e-07,3.41096866946159e-07,4.0026562685436e-07,4.02831769414983e-07,4.23514307616183e-07,0,0,0,0,0,0,0,0,1.78028822048489e-07,1.91179167107452e-07,1.85042355662388e-07,1.91099037601385e-07,3.41096866946159e-07,4.0026562685436e-07,4.02831769414983e-07,4.23514307616183e-07,0,0,0,0,0,0,0,0,0
79,2.63558838408401e-08,9.09419544490414e-08,8.83603513383152e-08,8.34495497763355e-08,9.21489715992422e-08,1.2314854761687e-07,1.17494704772913e-07,1.17494852844877e-07,0,0,0,0,0,0,0,0,6.04705933240133e-08,9.09419544490414e-08,8.83603513383152e-08,8.34495497763355e-08,9.21489715992422e-08,1.2314854761687e-07,1.17494704772913e-07,1.17494852844877e-07,0,0,0,0,0,0,0,0,0,2.49939444717546e-08,8.73426686002265e-08,8.58333306099783e-08,8.09476684256962e-08,8.88753120181796e-08,1.18005453943707e-07,1.11788296026738e-07,1.09307145891156e-07,0,0,0,0,0,0,0,0,5.73457775440804e-08,8.73426686002265e-08,8.58333306099783e-08,8.09476684256962e-08,8.88753120181796e-08,1.18005453943707e-07,1.11788296026738e-07,1.09307145891156e-07,0,0,0,0,0,0,0,0,0,2.89173900202361e-08,9.54439876898219e-08,9.09574116619725e-08,8.58625057913415e-08,9.59548336572456e-08,1.33184571664667e-07,1.27561822105324e-07,1.28100929165526e-07,0,0,0,0,0,0,0,0,6.63476794201045e-08,9.54439876898219e-08,9.09574116619725e-08,8.58625057913415e-08,9.59548336572456e-08,1.33184571664667e-07,1.27561822105324e-07,1.28100929165526e-07,0,0,0,0,0,0,0,0,0,2.42683677508201e-08,8.5058577051161e-08,8.40296139330387e-08,7.90244402135105e-08,8.69520372654865e-08,1.14960872866942e-07,1.07639085295516e-07,1.0294019849381e-07,0,0,0,0,0,0,0,0,5.56810238563665e-08,8.5058577051161e-08,8.40296139330387e-08,7.90244402135105e-08,8.69520372654865e-08,1.14960872866942e-07,1.07639085295516e-07,1.0294019849381e-07,0,0,0,0,0,0,0,0,0,3.08513178229901e-08,9.84989737407663e-08,9.2616601312589e-08,8.74114217240268e-08,9.83726573694371e-08,1.39307936126323e-07,1.33727423884121e-07,1.34990791273754e-07,0,0,0,0,0,0,0,0,7.07848579410208e-08,9.84989737407663e-08,9.2616601312589e-08,8.74114217240268e-08,9.83726573694371e-08,1.39307936126323e-07,1.33727423884121e-07,1.34990791273754e-07,0,0,0,0,0,0,0,0,0
80,9.39498329960338e-09,5.34605395615761e-08,8.55278580051257e-08,1.10357764037492e-07,2.03779295395855e-07,3.47838098717866e-07,4.00095566819992e-07,4.64135737093375e-07,0,0,0,0,0,0,0,0,2.15557261455172e-08,5.34605395615761e-08,8.55278580051257e-08,1.10357764037492e-07,2.03779295395855e-07,3.47838098717866e-07,4.00095566819992e-07,4.64135737093375e-07,0,0,0,0,0,0,0,0,0,7.95721801524523e-09,4.9466678399202e-08,8.16246516661751e-08,1.06717082616781e-07,1.98099746165698e-07,3.35937794176809e-07,3.82882479270015e-07,4.45742340588083e-07,0,0,0,0,0,0,0,0,1.82569363826377e-08,4.9466678399202e-08,8.16246516661751e-08,1.06717082616781e-07,1.98099746165698e-07,3.35937794176809e-07,3.82882479270015e-07,4.45742340588083e-07,0,0,0,0,0,0,0,0,0,1.12801980530564e-08,5.83303429038362e-08,8.96890021858132e-08,1.14514128796228e-07,2.09279038461159e-07,3.59322049399056e-07,4.15695423608407e-07,4.86551525632616e-07,0,0,0,0,0,0,0,0,2.5881138086658e-08,5.83303429038362e-08,8.96890021858132e-08,1.14514128796228e-07,2.09279038461159e-07,3.59322049399056e-07,4.15695423608407e-07,4.86551525632616e-07,0,0,0,0,0,0,0,0,0,7.22524048745598e-09,4.68525258573271e-08,7.94064190949328e-08,1.04593433133238e-07,1.94990476227531e-07,3.28142201720461e-07,3.71895814461755e-07,4.33530574960235e-07,0,0,0,0,0,0,0,0,1.6577496767842e-08,4.68525258573271e-08,7.94064190949328e-08,1.04593433133238e-07,1.94990476227531e-07,3.28142201720461e-07,3.71895814461755e-07,4.33530574960235e-07,0,0,0,0,0,0,0,0,0,1.25352583659129e-08,6.20094253108696e-08,9.26273240168267e-08,1.17112332472555e-07,2.12778101568921e-07,3.6671327397366e-07,4.24673377846682e-07,5.00572557440845e-07,0,0,0,0,0,0,0,0,2.87607319653594e-08,6.20094253108696e-08,9.26273240168267e-08,1.17112332472555e-07,2.12778101568921e-07,3.6671327397366e-07,4.24673377846682e-07,5.00572557440845e-07,0,0,0,0,0,0,0,0,0
81,6.78156698797593e-09,3.46669565388994e-08,5.57639018201058e-08,7.31681678979335e-08,1.20812728352154e-07,2.13235108273125e-07,2.31108531557143e-07,2.52360168380759e-07,0,0,0,0,0,0,0,0,1.55595381246138e-08,3.46669565388994e-08,5.57639018201058e-08,7.31681678979335e-08,1.20812728352154e-07,2.13235108273125e-07,2.31108531557143e-07,2.52360168380759e-07,0,0,0,0,0,0,0,0,0,6.03556833418878e-09,3.18744049429655e-08,5.25909546761533e-08,6.98944527393015e-08,1.17290331835297e-07,2.06387571521581e-07,2.21941795616843e-07,2.39996214712047e-07,0,0,0,0,0,0,0,0,1.3847928622696e-08,3.18744049429655e-08,5.25909546761533e-08,6.98944527393015e-08,1.17290331835297e-07,2.06387571521581e-07,2.21941795616843e-07,2.39996214712047e-07,0,0,0,0,0,0,0,0,0,7.77603226511941e-09,3.8134537052176e-08,5.92732932180603e-08,7.63222471973712e-08,1.24307870724911e-07,2.20013698076151e-07,2.40725303458052e-07,2.66918891741087e-07,0,0,0,0,0,0,0,0,1.78412261800078e-08,3.8134537052176e-08,5.92732932180603e-08,7.63222471973712e-08,1.24307870724911e-07,2.20013698076151e-07,2.40725303458052e-07,2.66918891741087e-07,0,0,0,0,0,0,0,0,0,5.41478311638938e-09,3.06413923212273e-08,5.06870572444656e-08,6.72205612757011e-08,1.13897424936243e-07,2.02054249340581e-07,2.16599533523694e-07,2.33548672645026e-07,0,0,0,0,0,0,0,0,1.24236071818443e-08,3.06413923212273e-08,5.06870572444656e-08,6.72205612757011e-08,1.13897424936243e-07,2.02054249340581e-07,2.16599533523694e-07,2.33548672645026e-07,0,0,0,0,0,0,0,0,0,8.54482852133844e-09,4.08806495390566e-08,6.11904831993693e-08,7.79856280833699e-08,1.26148900701132e-07,2.25409310201236e-07,2.48894250565388e-07,2.84615455461068e-07,0,0,0,0,0,0,0,0,1.96051422011737e-08,4.08806495390566e-08,6.11904831993693e-08,7.79856280833699e-08,1.26148900701132e-07,2.25409310201236e-07,2.48894250565388e-07,2.84615455461068e-07,0,0,0,0,0,0,0,0,0
82,3.3443720598897e-08,1.24669012886006e-07,1.35557811895853e-07,1.37318105234772e-07,1.69994964356295e-07,2.28591268880635e-07,2.20994419823047e-07,2.22127130671859e-07,0,0,0,0,0,0,0,0,7.67328327818796e-08,1.24669012886006e-07,1.35557811895853e-07,1.37318105234772e-07,1.69994964356295e-07,2.28591268880635e-07,2.20994419823047e-07,2.22127130671859e-07,0,0,0,0,0,0,0,0,0,2.97061793075552e-08,1.18530036836946e-07,1.31337354477171e-07,1.32710468183135e-07,1.63537935328984e-07,2.18057536642733e-07,2.09078567547142e-07,2.00349810127782e-07,0,0,0,0,0,0,0,0,6.81574671889328e-08,1.18530036836946e-07,1.31337354477171e-07,1.32710468183135e-07,1.63537935328984e-07,2.18057536642733e-07,2.09078567547142e-07,2.00349810127782e-07,0,0,0,0,0,0,0,0,0,3.77419014062351e-08,1.31664086116276e-07,1.39564178967799e-07,1.41366549859416e-07,1.75625279491654e-07,2.39409348646027e-07,2.36028020486205e-07,2.54396415308705e-07,0,0,0,0,0,0,0,0,8.65945223083324e-08,1.31664086116276e-07,1.39564178967799e-07,1.41366549859416e-07,1.75625279491654e-07,2.39409348646027e-07,2.36028020486205e-07,2.54396415308705e-07,0,0,0,0,0,0,0,0,0,2.68731076731631e-08,1.13281913778256e-07,1.27991390581137e-07,1.29093653850081e-07,1.59129426293869e-07,2.11179684949037e-07,2.0237740724951e-07,1.89587221549474e-07,0,0,0,0,0,0,0,0,6.16573048837837e-08,1.13281913778256e-07,1.27991390581137e-07,1.29093653850081e-07,1.59129426293869e-07,2.11179684949037e-07,2.0237740724951e-07,1.89587221549474e-07,0,0,0,0,0,0,0,0,0,4.24997348439392e-08,1.39236323791821e-07,1.42687941962048e-07,1.43696278753527e-07,1.78628269123223e-07,2.4735295417343e-07,2.45614745028201e-07,2.67110732063266e-07,0,0,0,0,0,0,0,0,9.75108327858044e-08,1.39236323791821e-07,1.42687941962048e-07,1.43696278753527e-07,1.78628269123223e-07,2.4735295417343e-07,2.45614745028201e-07,2.67110732063266e-07,0,0,0,0,0,0,0,0,0
83,3.91417864250224e-08,1.48125481083428e-07,1.59926498700619e-07,1.65919681103988e-07,2.06964263588918e-07,3.24734120822963e-07,3.12170212041522e-07,3.13602473954886e-07,0,0,0,0,0,0,0,0,8.98064000879838e-08,1.48125481083428e-07,1.59926498700619e-07,1.65919681103988e-07,2.06964263588918e-07,3.24734120822963e-07,3.12170212041522e-07,3.13602473954886e-07,0,0,0,0,0,0,0,0,0,2.94226829202581e-08,1.27029137455952e-07,1.49963599675513e-07,1.55256386037782e-07,1.91997813917811e-07,2.96275516854262e-07,2.83650893932458e-07,2.77323753225134e-07,0,0,0,0,0,0,0,0,6.75070168056866e-08,1.27029137455952e-07,1.49963599675513e-07,1.55256386037782e-07,1.91997813917811e-07,2.96275516854262e-07,2.83650893932458e-07,2.77323753225134e-07,0,0,0,0,0,0,0,0,0,4.38075792952742e-08,1.5785276935073e-07,1.6929997729232e-07,1.75267245286407e-07,2.19018545654062e-07,3.6515864765318e-07,3.63606326778068e-07,3.75630678836402e-07,0,0,0,0,0,0,0,0,1.00511533897759e-07,1.5785276935073e-07,1.6929997729232e-07,1.75267245286407e-07,2.19018545654062e-07,3.6515864765318e-07,3.63606326778068e-07,3.75630678836402e-07,0,0,0,0,0,0,0,0,0,1.87137046313753e-08,1.10336674635675e-07,1.43350903379068e-07,1.4752767314456e-07,1.81721740452189e-07,2.8083526446703e-07,2.68949800510786e-07,2.60444941653963e-07,0,0,0,0,0,0,0,0,4.29364778348306e-08,1.10336674635675e-07,1.43350903379068e-07,1.4752767314456e-07,1.81721740452189e-07,2.8083526446703e-07,2.68949800510786e-07,2.60444941653963e-07,0,0,0,0,0,0,0,0,0,4.72260938395543e-08,1.65436338975938e-07,1.7515703063999e-07,1.80274584454937e-07,2.26171706681621e-07,3.82365831960294e-07,3.95605354075948e-07,4.3451797644953e-07,0,0,0,0,0,0,0,0,1.08354928717213e-07,1.65436338975938e-07,1.7515703063999e-07,1.80274584454937e-07,2.26171706681621e-07,3.82365831960294e-07,3.95605354075948e-07,4.3451797644953e-07,0,0,0,0,0,0,0,0,0
84,4.19852853122104e-07,4.81367523137017e-07,5.13089970014412e-07,5.09493434327295e-07,7.79787092301987e-07,7.89894506547533e-07,8.35550682291619e-07,8.96158860340522e-07,0,0,0,0,0,0,0,0,4.19852853122104e-07,4.81367523137017e-07,5.13089970014412e-07,5.09493434327295e-07,7.79787092301987e-07,7.89894506547533e-07,8.35550682291619e-07,8.96158860340522e-07,0,0,0,0,0,0,0,0,0,3.97795170937231e-07,4.60796439991194e-07,4.90471027400144e-07,4.86854714757371e-07,7.55850838534403e-07,7.6688964043958e-07,8.09412339234095e-07,8.59817378848453e-07,0,0,0,0,0,0,0,0,3.97795170937231e-07,4.60796439991194e-07,4.90471027400144e-07,4.86854714757371e-07,7.55850838534403e-07,7.6688964043958e-07,8.09412339234095e-07,8.59817378848453e-07,0,0,0,0,0,0,0,0,0,4.49752757730958e-07,4.99921041886626e-07,5.32400361504304e-07,5.29317241605228e-07,8.05425356911051e-07,8.18048938292645e-07,8.63396380600128e-07,9.34435878150853e-07,0,0,0,0,0,0,0,0,4.49752757730958e-07,4.99921041886626e-07,5.32400361504304e-07,5.29317241605228e-07,8.05425356911051e-07,8.18048938292645e-07,8.63396380600128e-07,9.34435878150853e-07,0,0,0,0,0,0,0,0,0,3.79388845297819e-07,4.45963899520709e-07,4.76497467777067e-07,4.757426308609e-07,7.36763492812286e-07,7.50587006782831e-07,7.8803845087342e-07,8.40045314236887e-07,0,0,0,0,0,0,0,0,3.79388845297819e-07,4.45963899520709e-07,4.76497467777067e-07,4.757426308609e-07,7.36763492812286e-07,7.50587006782831e-07,7.8803845087342e-07,8.40045314236887e-07,0,0,0,0,0,0,0,0,0,4.75906599194156e-07,5.1509084539067e-07,5.46147350690693e-07,5.4211337549587e-07,8.22505576173988e-07,8.32231627714369e-07,8.81202332378945e-07,9.60429057308371e-07,0,0,0,0,0,0,0,0,4.75906599194156e-07,5.1509084539067e-07,5.46147350690693e-07,5.4211337549587e-07,8.22505576173988e-07,8.32231627714369e-07,8.81202332378945e-07,9.60429057308371e-07,0,0,0,0,0,0,0,0,0
85,2.84135417555409e-08,6.28932965776449e-08,1.21566903404608e-07,1.7613815810611e-07,3.67932310921905e-07,4.86711511003865e-07,5.61987498807215e-07,6.40453727882783e-07,0,0,0,0,0,0,0,0,2.84135417555409e-08,6.28932965776449e-08,1.21566903404608e-07,1.7613815810611e-07,3.67932310921905e-07,4.86711511003865e-07,5.61987498807215e-07,6.40453727882783e-07,0,0,0,0,0,0,0,0,0,2.56032215530224e-08,5.66553362083545e-08,1.07483561161168e-07,1.56409040205979e-07,3.437973710628e-07,4.62948038346665e-07,5.35922579697228e-07,6.0978447989715e-07,0,0,0,0,0,0,0,0,2.56032215530224e-08,5.66553362083545e-08,1.07483561161168e-07,1.56409040205979e-07,3.437973710628e-07,4.62948038346665e-07,5.35922579697228e-07,6.0978447989715e-07,0,0,0,0,0,0,0,0,0,3.17932606091896e-08,6.93314526513327e-08,1.33128694348151e-07,1.90426922130876e-07,3.87546645649096e-07,5.07626135890245e-07,5.8322094905364e-07,6.66583409342059e-07,0,0,0,0,0,0,0,0,3.17932606091896e-08,6.93314526513327e-08,1.33128694348151e-07,1.90426922130876e-07,3.87546645649096e-07,5.07626135890245e-07,5.8322094905364e-07,6.66583409342059e-07,0,0,0,0,0,0,0,0,0,2.28672184340072e-08,5.0631646175835e-08,9.59842420364306e-08,1.4117777912414e-07,3.28693957575519e-07,4.47971405506895e-07,5.17234643822449e-07,5.86197419968072e-07,0,0,0,0,0,0,0,0,2.28672184340072e-08,5.0631646175835e-08,9.59842420364306e-08,1.4117777912414e-07,3.28693957575519e-07,4.47971405506895e-07,5.17234643822449e-07,5.86197419968072e-07,0,0,0,0,0,0,0,0,0,3.41853737990133e-08,7.22117750235794e-08,1.37102805593984e-07,1.96191049923046e-07,3.97872997712745e-07,5.19516664270932e-07,5.98133679983513e-07,6.85804765358885e-07,0,0,0,0,0,0,0,0,3.41853737990133e-08,7.22117750235794e-08,1.37102805593984e-07,1.96191049923046e-07,3.97872997712745e-07,5.19516664270932e-07,5.98133679983513e-07,6.85804765358885e-07,0,0,0,0,0,0,0,0,0
86,9.10443753400169e-09,2.54557666128253e-08,6.98116330139901e-08,2.13282315640183e-07,4.65536106043736e-07,8.22595812136116e-07,1.24594117313199e-06,1.60541917584785e-06,0,0,0,0,0,0,0,0,9.10443753400169e-09,2.54557666128253e-08,6.98116330139901e-08,2.13282315640183e-07,4.65536106043736e-07,8.22595812136116e-07,1.24594117313199e-06,1.60541917584785e-06,0,0,0,0,0,0,0,0,0,7.73141404985377e-09,2.24132347266011e-08,6.42498375407051e-08,1.99842772775559e-07,4.40670887815554e-07,7.81729089745162e-07,1.16482162844256e-06,1.47141810574763e-06,0,0,0,0,0,0,0,0,7.73141404985377e-09,2.24132347266011e-08,6.42498375407051e-08,1.99842772775559e-07,4.40670887815554e-07,7.81729089745162e-07,1.16482162844256e-06,1.47141810574763e-06,0,0,0,0,0,0,0,0,0,1.07336027249071e-08,2.81857030998057e-08,7.3951877807143e-08,2.24020464637626e-07,4.83544653682382e-07,8.54353970387153e-07,1.29562974222937e-06,1.6896774170087e-06,0,0,0,0,0,0,0,0,1.07336027249071e-08,2.81857030998057e-08,7.3951877807143e-08,2.24020464637626e-07,4.83544653682382e-07,8.54353970387153e-07,1.29562974222937e-06,1.6896774170087e-06,0,0,0,0,0,0,0,0,0,6.89818290160771e-09,2.03480308722707e-08,6.06195874397109e-08,1.92445444084175e-07,3.91200028707044e-07,6.33953132058119e-07,8.68245958839929e-07,1.02648186787529e-06,0,0,0,0,0,0,0,0,6.89818290160771e-09,2.03480308722707e-08,6.06195874397109e-08,1.92445444084175e-07,3.91200028707044e-07,6.33953132058119e-07,8.68245958839929e-07,1.02648186787529e-06,0,0,0,0,0,0,0,0,0,1.21254291423259e-08,3.02235691421596e-08,7.73140603299846e-08,2.32322249288127e-07,4.96453181867694e-07,8.76799825856222e-07,1.33234895862954e-06,1.74101004825604e-06,0,0,0,0,0,0,0,0,1.21254291423259e-08,3.02235691421596e-08,7.73140603299846e-08,2.32322249288127e-07,4.96453181867694e-07,8.76799825856222e-07,1.33234895862954e-06,1.74101004825604e-06,0,0,0,0,0,0,0,0,0
87,9.23585939287437e-08,8.83839078285598e-08,8.58731778746431e-08,9.1927004523582e-08,1.72587274495232e-07,1.63318082356121e-07,1.56475679652413e-07,1.56135115091848e-07,0,0,0,0,0,0,0,0,9.23585939287437e-08,8.83839078285598e-08,8.58731778746431e-08,9.1927004523582e-08,1.72587274495232e-07,1.63318082356121e-07,1.56475679652413e-07,1.56135115091848e-07,0,0,0,0,0,0,0,0,0,8.78338182876313e-08,8.50905003806619e-08,8.30830459223834e-08,8.91070969217011e-08,1.62757178861137e-07,1.58824661239882e-07,1.51415703478192e-07,1.46525690447887e-07,0,0,0,0,0,0,0,0,8.78338182876313e-08,8.50905003806619e-08,8.30830459223834e-08,8.91070969217011e-08,1.62757178861137e-07,1.58824661239882e-07,1.51415703478192e-07,1.46525690447887e-07,0,0,0,0,0,0,0,0,0,9.79614950158208e-08,9.24683727112226e-08,8.93706154143495e-08,9.57481776594323e-08,1.79470084286338e-07,1.69382667484577e-07,1.6326911068666e-07,1.64623726564085e-07,0,0,0,0,0,0,0,0,9.79614950158208e-08,9.24683727112226e-08,8.93706154143495e-08,9.57481776594323e-08,1.79470084286338e-07,1.69382667484577e-07,1.6326911068666e-07,1.64623726564085e-07,0,0,0,0,0,0,0,0,0,8.49174260104734e-08,8.27421764267502e-08,8.11084905317893e-08,8.7179274940695e-08,1.58167820078376e-07,1.55749332554494e-07,1.47954036586967e-07,1.42526406990493e-07,0,0,0,0,0,0,0,0,8.49174260104734e-08,8.27421764267502e-08,8.11084905317893e-08,8.7179274940695e-08,1.58167820078376e-07,1.55749332554494e-07,1.47954036586967e-07,1.42526406990493e-07,0,0,0,0,0,0,0,0,0,1.04779634414145e-07,9.53034949055932e-08,9.15992164223585e-08,9.81975114434093e-08,1.83396039241083e-07,1.7357001629814e-07,1.68065746455336e-07,1.69847165401868e-07,0,0,0,0,0,0,0,0,1.04779634414145e-07,9.53034949055932e-08,9.15992164223585e-08,9.81975114434093e-08,1.83396039241083e-07,1.7357001629814e-07,1.68065746455336e-07,1.69847165401868e-07,0,0,0,0,0,0,0,0,0
88,8.64948072857533e-08,1.35592005526061e-07,1.95645038616853e-07,3.13570002337218e-07,4.47231065509619e-07,5.09052780470905e-07,5.7052978275754e-07,5.85328318343199e-07,0,0,0,0,0,0,0,0,8.64948072857533e-08,1.35592005526061e-07,1.95645038616853e-07,3.13570002337218e-07,4.47231065509619e-07,5.09052780470905e-07,5.7052978275754e-07,5.85328318343199e-07,0,0,0,0,0,0,0,0,0,8.23911339950964e-08,1.31897515303158e-07,1.90522551518575e-07,3.04684929631422e-07,4.33990538152848e-07,4.9608325852772e-07,5.53498965878584e-07,5.57544692397976e-07,0,0,0,0,0,0,0,0,8.23911339950964e-08,1.31897515303158e-07,1.90522551518575e-07,3.04684929631422e-07,4.33990538152848e-07,4.9608325852772e-07,5.53498965878584e-07,5.57544692397976e-07,0,0,0,0,0,0,0,0,0,8.91802973121589e-08,1.39135758567567e-07,2.00572896740177e-07,3.2338332544289e-07,4.60580474038312e-07,5.23177359250326e-07,5.88951500284777e-07,6.0911739909323e-07,0,0,0,0,0,0,0,0,8.91802973121589e-08,1.39135758567567e-07,2.00572896740177e-07,3.2338332544289e-07,4.60580474038312e-07,5.23177359250326e-07,5.88951500284777e-07,6.0911739909323e-07,0,0,0,0,0,0,0,0,0,8.02135391838515e-08,1.28889071166033e-07,1.87533411088331e-07,3.00434107506512e-07,4.27177154999894e-07,4.86717222472781e-07,5.3996575426485e-07,5.35023955148034e-07,0,0,0,0,0,0,0,0,8.02135391838515e-08,1.28889071166033e-07,1.87533411088331e-07,3.00434107506512e-07,4.27177154999894e-07,4.86717222472781e-07,5.3996575426485e-07,5.35023955148034e-07,0,0,0,0,0,0,0,0,0,9.12337285950493e-08,1.41605347357527e-07,2.04011080110558e-07,3.29391119286546e-07,4.69704615175954e-07,5.33614694148921e-07,6.01779354234712e-07,6.26432706100325e-07,0,0,0,0,0,0,0,0,9.12337285950493e-08,1.41605347357527e-07,2.04011080110558e-07,3.29391119286546e-07,4.69704615175954e-07,5.33614694148921e-07,6.01779354234712e-07,6.26432706100325e-07,0,0,0,0,0,0,0,0,0
89,1.80336209570754e-07,5.63936950165483e-07,6.55631471790294e-07,7.04651489784321e-07,1.14561550020032e-06,1.26222814083679e-06,1.36609417075082e-06,1.48590271857783e-06,0,0,0,0,0,0,0,0,4.1376102795115e-07,5.63936950165483e-07,6.55631471790294e-07,7.04651489784321e-07,1.14561550020032e-06,1.26222814083679e-06,1.36609417075082e-06,1.48590271857783e-06,0,0,0,0,0,0,0,0,0,1.65569603121101e-07,5.37009969118912e-07,6.24678259760493e-07,6.74182159080968e-07,1.11639139757013e-06,1.22090635637378e-06,1.32457676852652e-06,1.4243400636472e-06,0,0,0,0,0,0,0,0,3.79880720283036e-07,5.37009969118912e-07,6.24678259760493e-07,6.74182159080968e-07,1.11639139757013e-06,1.22090635637378e-06,1.32457676852652e-06,1.4243400636472e-06,0,0,0,0,0,0,0,0,0,1.99446044519246e-07,5.93242596716686e-07,6.81356918524646e-07,7.27917478245201e-07,1.17749629216362e-06,1.30402545568107e-06,1.40365419395011e-06,1.54643416533514e-06,0,0,0,0,0,0,0,0,4.57606381976752e-07,5.93242596716686e-07,6.81356918524646e-07,7.27917478245201e-07,1.17749629216362e-06,1.30402545568107e-06,1.40365419395011e-06,1.54643416533514e-06,0,0,0,0,0,0,0,0,0,1.55490367952269e-07,5.17827273297367e-07,6.02463408941681e-07,6.52759179489122e-07,1.09736688123464e-06,1.19020181790582e-06,1.29556494283534e-06,1.38379098687467e-06,0,0,0,0,0,0,0,0,3.56755055646168e-07,5.17827273297367e-07,6.02463408941681e-07,6.52759179489122e-07,1.09736688123464e-06,1.19020181790582e-06,1.29556494283534e-06,1.38379098687467e-06,0,0,0,0,0,0,0,0,0,2.15648412919549e-07,6.22630284872249e-07,6.96587576785756e-07,7.39956942086737e-07,1.19911784370664e-06,1.33369965537506e-06,1.43312881679843e-06,1.58436924852704e-06,0,0,0,0,0,0,0,0,4.94780882985226e-07,6.22630284872249e-07,6.96587576785756e-07,7.39956942086737e-07,1.19911784370664e-06,1.33369965537506e-06,1.43312881679843e-06,1.58436924852704e-06,0,0,0,0,0,0,0,0,0
90,2.17171813536386e-09,7.14679169189159e-09,2.09321516832613e-08,4.63136015476508e-08,1.68935685276057e-07,3.1926851878199e-07,4.8181715937011e-07,6.62260309702645e-07,0,0,0,0,0,0,0,0,2.17171813536386e-09,7.14679169189159e-09,2.09321516832613e-08,4.63136015476508e-08,1.68935685276057e-07,3.1926851878199e-07,4.8181715937011e-07,6.62260309702645e-07,0,0,0,0,0,0,0,0,0,1.80541820288206e-09,6.27988874927668e-09,1.9290886182552e-08,4.37240925340533e-08,1.62184373470373e-07,3.05758151979124e-07,4.53905833769063e-07,6.03180744082168e-07,0,0,0,0,0,0,0,0,1.80541820288206e-09,6.27988874927668e-09,1.9290886182552e-08,4.37240925340533e-08,1.62184373470373e-07,3.05758151979124e-07,4.53905833769063e-07,6.03180744082168e-07,0,0,0,0,0,0,0,0,0,2.8166359305534e-09,8.61687437362266e-09,2.33408752540495e-08,4.92829390474989e-08,1.7676535370729e-07,3.37678817628504e-07,5.07831262181347e-07,7.02009364258848e-07,0,0,0,0,0,0,0,0,2.8166359305534e-09,8.61687437362266e-09,2.33408752540495e-08,4.92829390474989e-08,1.7676535370729e-07,3.37678817628504e-07,5.07831262181347e-07,7.02009364258848e-07,0,0,0,0,0,0,0,0,0,1.57872479444844e-09,5.7364178661452e-09,1.81747824416602e-08,4.2038778119506e-08,1.57577576389817e-07,2.97411656303748e-07,4.34903324136339e-07,5.62318141776328e-07,0,0,0,0,0,0,0,0,1.57872479444844e-09,5.7364178661452e-09,1.81747824416602e-08,4.2038778119506e-08,1.57577576389817e-07,2.97411656303748e-07,4.34903324136339e-07,5.62318141776328e-07,0,0,0,0,0,0,0,0,0,3.25313751017394e-09,9.57400998771445e-09,2.54141302303139e-08,5.21970496604497e-08,1.83893830294712e-07,3.50426789242992e-07,5.27724993636352e-07,7.23327814217552e-07,0,0,0,0,0,0,0,0,3.25313751017394e-09,9.57400998771445e-09,2.54141302303139e-08,5.21970496604497e-08,1.83893830294712e-07,3.50426789242992e-07,5.27724993636352e-07,7.23327814217552e-07,0,0,0,0,0,0,0,0,0
91,1.34591624755342e-08,6.35088209080299e-08,9.76876214254979e-08,1.1887307771731e-07,1.45498222524734e-07,1.8170214844227e-07,1.75309851224987e-07,1.71912928614254e-07,0,0,0,0,0,0,0,0,3.0880525405818e-08,6.35088209080299e-08,9.76876214254979e-08,1.1887307771731e-07,1.45498222524734e-07,1.8170214844227e-07,1.75309851224987e-07,1.71912928614254e-07,0,0,0,0,0,0,0,0,0,1.15264638319686e-08,5.71183990303287e-08,9.29707247672492e-08,1.1541252544441e-07,1.41671049456549e-07,1.7599768559027e-07,1.68119083291399e-07,1.6299313930064e-07,0,0,0,0,0,0,0,0,2.64461670515808e-08,5.71183990303287e-08,9.29707247672492e-08,1.1541252544441e-07,1.41671049456549e-07,1.7599768559027e-07,1.68119083291399e-07,1.6299313930064e-07,0,0,0,0,0,0,0,0,0,1.45827930506668e-08,6.72601564787371e-08,1.01678895863882e-07,1.22448617035088e-07,1.49142627157599e-07,1.87533626219273e-07,1.83275389804121e-07,1.81862507448728e-07,0,0,0,0,0,0,0,0,3.34585686224898e-08,6.72601564787371e-08,1.01678895863882e-07,1.22448617035088e-07,1.49142627157599e-07,1.87533626219273e-07,1.83275389804121e-07,1.81862507448728e-07,0,0,0,0,0,0,0,0,0,1.08800985799587e-08,5.47990923227114e-08,9.02906122200384e-08,1.1298059521645e-07,1.3942928450852e-07,1.7199379396288e-07,1.64094178559684e-07,1.57783219765548e-07,0,0,0,0,0,0,0,0,2.49631551165953e-08,5.47990923227114e-08,9.02906122200384e-08,1.1298059521645e-07,1.3942928450852e-07,1.7199379396288e-07,1.64094178559684e-07,1.57783219765548e-07,0,0,0,0,0,0,0,0,0,1.52959214046146e-08,6.97299935581445e-08,1.0457370813243e-07,1.25227961800568e-07,1.5190463172386e-07,1.9220406616854e-07,1.87741224378572e-07,1.8907844235224e-07,0,0,0,0,0,0,0,0,3.50947609406763e-08,6.97299935581445e-08,1.0457370813243e-07,1.25227961800568e-07,1.5190463172386e-07,1.9220406616854e-07,1.87741224378572e-07,1.8907844235224e-07,0,0,0,0,0,0,0,0,0
92,2.14600576853252e-11,1.33834361190825e-09,6.80295397952425e-08,8.50139142787077e-08,1.00624601819373e-07,1.95204978102749e-07,2.2692822185937e-07,2.39086133255521e-07,0,0,0,0,0,0,0,0,6.83490186026386e-09,3.88108269000629e-08,6.80295397952425e-08,8.50139142787077e-08,1.00624601819373e-07,1.95204978102749e-07,2.2692822185937e-07,2.39086133255521e-07,0,0,0,0,0,0,0,0,0,1.67222031175104e-11,1.10625571861742e-09,6.13145133896301e-08,7.99341502632986e-08,9.53894176304603e-08,1.83394305412189e-07,2.10594521905886e-07,2.20076053654377e-07,0,0,0,0,0,0,0,0,5.32592311127563e-09,3.20804753132475e-08,6.13145133896301e-08,7.99341502632986e-08,9.53894176304603e-08,1.83394305412189e-07,2.10594521905886e-07,2.20076053654377e-07,0,0,0,0,0,0,0,0,0,2.75829775573031e-11,1.62897937986567e-09,7.59559975087827e-08,9.12402899498293e-08,1.0517252327259e-07,2.07131764815079e-07,2.43360539343954e-07,2.58123482011879e-07,0,0,0,0,0,0,0,0,8.78501574331486e-09,4.72390170754386e-08,7.59559975087827e-08,9.12402899498293e-08,1.0517252327259e-07,2.07131764815079e-07,2.43360539343954e-07,2.58123482011879e-07,0,0,0,0,0,0,0,0,0,1.47884924009309e-11,9.95639942533877e-10,5.73495040702293e-08,7.5442133319559e-08,9.07982981891751e-08,1.7254269666221e-07,1.96272310571059e-07,2.02554153910983e-07,0,0,0,0,0,0,0,0,4.71004764776283e-09,2.88727118511623e-08,5.73495040702293e-08,7.5442133319559e-08,9.07982981891751e-08,1.7254269666221e-07,1.96272310571059e-07,2.02554153910983e-07,0,0,0,0,0,0,0,0,0,3.21521381398453e-11,1.82438962610021e-09,8.10859043902728e-08,9.57012158894134e-08,1.0858393532939e-07,2.28026045072465e-07,2.74822474446671e-07,2.96660207462476e-07,0,0,0,0,0,0,0,0,1.02402664524878e-08,5.29057480805606e-08,8.10859043902728e-08,9.57012158894134e-08,1.0858393532939e-07,2.28026045072465e-07,2.74822474446671e-07,2.96660207462476e-07,0,0,0,0,0,0,0,0,0
93,3.24736014301471e-09,1.55784599806232e-08,1.27080188069722e-07,4.88485069689878e-07,1.17918006300743e-06,2.73062686030133e-06,4.21901566826592e-06,5.8191444519865e-06,0,0,0,0,0,0,0,0,3.24736014301471e-09,1.55784599806232e-08,1.27080188069722e-07,4.88485069689878e-07,1.17918006300743e-06,2.73062686030133e-06,4.21901566826592e-06,5.8191444519865e-06,0,0,0,0,0,0,0,0,0,2.96650095182174e-09,1.44834204925667e-08,1.21304377258461e-07,4.71952950643064e-07,1.14574856573369e-06,2.65239876789467e-06,4.06410961352667e-06,5.53302545211313e-06,0,0,0,0,0,0,0,0,2.96650095182174e-09,1.44834204925667e-08,1.21304377258461e-07,4.71952950643064e-07,1.14574856573369e-06,2.65239876789467e-06,4.06410961352667e-06,5.53302545211313e-06,0,0,0,0,0,0,0,0,0,3.68789592437227e-09,1.70651493236114e-08,1.34238410857752e-07,5.0657794233883e-07,1.21117959397249e-06,2.79630048210347e-06,4.35903925778911e-06,6.06865030071843e-06,0,0,0,0,0,0,0,0,3.68789592437227e-09,1.70651493236114e-08,1.34238410857752e-07,5.0657794233883e-07,1.21117959397249e-06,2.79630048210347e-06,4.35903925778911e-06,6.06865030071843e-06,0,0,0,0,0,0,0,0,0,2.82433665525156e-09,1.38667331659979e-08,1.17286115677696e-07,4.59690721106497e-07,1.1227332079755e-06,2.60129419853653e-06,3.96636329035127e-06,5.38246492379487e-06,0,0,0,0,0,0,0,0,2.82433665525156e-09,1.38667331659979e-08,1.17286115677696e-07,4.59690721106497e-07,1.1227332079755e-06,2.60129419853653e-06,3.96636329035127e-06,5.38246492379487e-06,0,0,0,0,0,0,0,0,0,4.05371524340877e-09,1.81307377292867e-08,1.38565792832585e-07,5.17325158949867e-07,1.23163859841437e-06,2.83861844726065e-06,4.43707645210888e-06,6.21194205325365e-06,0,0,0,0,0,0,0,0,4.05371524340877e-09,1.81307377292867e-08,1.38565792832585e-07,5.17325158949867e-07,1.23163859841437e-06,2.83861844726065e-06,4.43707645210888e-06,6.21194205325365e-06,0,0,0,0,0,0,0,0,0
94,8.81447929144074e-08,9.2707234201149e-08,9.67515381858411e-08,1.78896146062089e-07,1.78238228643703e-07,1.82528348815517e-07,1.8807805311184e-07,1.7690169355325e-07,0,0,0,0,0,0,0,0,8.81447929144074e-08,9.2707234201149e-08,9.67515381858411e-08,1.78896146062089e-07,1.78238228643703e-07,1.82528348815517e-07,1.8807805311184e-07,1.7690169355325e-07,0,0,0,0,0,0,0,0,0,8.40945588035677e-08,8.95460884345485e-08,9.4098415506184e-08,1.74375393376644e-07,1.73413637200679e-07,1.7814245043411e-07,1.82660373965738e-07,1.6947871342239e-07,0,0,0,0,0,0,0,0,8.40945588035677e-08,8.95460884345485e-08,9.4098415506184e-08,1.74375393376644e-07,1.73413637200679e-07,1.7814245043411e-07,1.82660373965738e-07,1.6947871342239e-07,0,0,0,0,0,0,0,0,0,9.15997682046967e-08,9.57720417484671e-08,9.98742050956263e-08,1.83604186235425e-07,1.82698234943755e-07,1.87330519238811e-07,1.94006349962584e-07,1.83885651989879e-07,0,0,0,0,0,0,0,0,9.15997682046967e-08,9.57720417484671e-08,9.98742050956263e-08,1.83604186235425e-07,1.82698234943755e-07,1.87330519238811e-07,1.94006349962584e-07,1.83885651989879e-07,0,0,0,0,0,0,0,0,0,8.1647719925293e-08,8.76789338877869e-08,9.23454713193428e-08,1.71234261731113e-07,1.69941656766982e-07,1.74912479327048e-07,1.7943659893099e-07,1.64391363438134e-07,0,0,0,0,0,0,0,0,8.1647719925293e-08,8.76789338877869e-08,9.23454713193428e-08,1.71234261731113e-07,1.69941656766982e-07,1.74912479327048e-07,1.7943659893099e-07,1.64391363438134e-07,0,0,0,0,0,0,0,0,0,9.42135440393517e-08,9.83964531095184e-08,1.0234107607142e-07,1.86436037274772e-07,1.85895275102264e-07,1.90847077042346e-07,1.98544191050737e-07,1.89543374460245e-07,0,0,0,0,0,0,0,0,9.42135440393517e-08,9.83964531095184e-08,1.0234107607142e-07,1.86436037274772e-07,1.85895275102264e-07,1.90847077042346e-07,1.98544191050737e-07,1.89543374460245e-07,0,0,0,0,0,0,0,0,0
95,1.5142693409458e-07,1.82486262128266e-07,4.49322638062323e-07,5.42306028651244e-07,6.38638231360967e-07,7.20110133851107e-07,7.41098472411516e-07,7.65288352061871e-07,0,0,0,0,0,0,0,0,1.5142693409458e-07,1.82486262128266e-07,4.49322638062323e-07,5.42306028651244e-07,6.38638231360967e-07,7.20110133851107e-07,7.41098472411516e-07,7.65288352061871e-07,0,0,0,0,0,0,0,0,0,1.43228980472449e-07,1.76814428599518e-07,4.298485462957e-07,5.21446105279052e-07,6.19474250671636e-07,7.01187868495771e-07,7.15758964957893e-07,7.28277213268859e-07,0,0,0,0,0,0,0,0,1.43228980472449e-07,1.76814428599518e-07,4.298485462957e-07,5.21446105279052e-07,6.19474250671636e-07,7.01187868495771e-07,7.15758964957893e-07,7.28277213268859e-07,0,0,0,0,0,0,0,0,0,1.62263814559989e-07,1.89492320387833e-07,4.68267051706189e-07,5.61694960111117e-07,6.57271263522396e-07,7.37342516621433e-07,7.61717908685375e-07,7.90003135350854e-07,0,0,0,0,0,0,0,0,1.62263814559989e-07,1.89492320387833e-07,4.68267051706189e-07,5.61694960111117e-07,6.57271263522396e-07,7.37342516621433e-07,7.61717908685375e-07,7.90003135350854e-07,0,0,0,0,0,0,0,0,0,1.38469134762223e-07,1.72710929817258e-07,4.17901326239595e-07,5.07250237597763e-07,6.05974376531992e-07,6.86844275844927e-07,6.93290226320166e-07,7.00062706988549e-07,0,0,0,0,0,0,0,0,1.38469134762223e-07,1.72710929817258e-07,4.17901326239595e-07,5.07250237597763e-07,6.05974376531992e-07,6.86844275844927e-07,6.93290226320166e-07,7.00062706988549e-07,0,0,0,0,0,0,0,0,0,1.79420661554479e-07,1.97430816852232e-07,4.82403779651971e-07,5.76135400975487e-07,6.6916031313435e-07,7.47529707213665e-07,7.74162175719022e-07,8.07253611017436e-07,0,0,0,0,0,0,0,0,1.79420661554479e-07,1.97430816852232e-07,4.82403779651971e-07,5.76135400975487e-07,6.6916031313435e-07,7.47529707213665e-07,7.74162175719022e-07,8.07253611017436e-07,0,0,0,0,0,0,0,0,0
96,4.13504011666187e-10,3.39041047036743e-09,2.77474381235843e-08,1.840473562632e-07,5.32999316028493e-07,1.61584942859261e-06,3.32165133210782e-06,5.29343186191563e-06,0,0,0,0,0,0,0,0,4.13504011666187e-10,3.39041047036743e-09,2.77474381235843e-08,1.840473562632e-07,5.32999316028493e-07,1.61584942859261e-06,3.32165133210782e-06,5.29343186191563e-06,0,0,0,0,0,0,0,0,0,3.31880006949447e-10,2.89113680023791e-09,2.45988152758742e-08,1.74240774099705e-07,5.13068452862229e-07,1.56835293373192e-06,3.18382523193511e-06,5.01654081841452e-06,0,0,0,0,0,0,0,0,3.31880006949447e-10,2.89113680023791e-09,2.45988152758742e-08,1.74240774099705e-07,5.13068452862229e-07,1.56835293373192e-06,3.18382523193511e-06,5.01654081841452e-06,0,0,0,0,0,0,0,0,0,5.76510527550797e-10,4.42198138656546e-09,3.30584497357511e-08,1.95099866606288e-07,5.50284222564375e-07,1.66357112261312e-06,3.44167824329829e-06,5.56152237922967e-06,0,0,0,0,0,0,0,0,5.76510527550797e-10,4.42198138656546e-09,3.30584497357511e-08,1.95099866606288e-07,5.50284222564375e-07,1.66357112261312e-06,3.44167824329829e-06,5.56152237922967e-06,0,0,0,0,0,0,0,0,0,2.97654265144958e-10,2.62856056842662e-09,2.28899768394221e-08,1.69488603545354e-07,5.02010945285007e-07,1.53012380769251e-06,3.07960957085721e-06,4.80424592450223e-06,0,0,0,0,0,0,0,0,2.97654265144958e-10,2.62856056842662e-09,2.28899768394221e-08,1.69488603545354e-07,5.02010945285007e-07,1.53012380769251e-06,3.07960957085721e-06,4.80424592450223e-06,0,0,0,0,0,0,0,0,0,6.46744068163444e-10,4.89083668539654e-09,3.5802062403137e-08,2.00490883513116e-07,5.61896366538788e-07,1.6961082304207e-06,3.51944876425211e-06,5.70459769911957e-06,0,0,0,0,0,0,0,0,6.46744068163444e-10,4.89083668539654e-09,3.5802062403137e-08,2.00490883513116e-07,5.61896366538788e-07,1.6961082304207e-06,3.51944876425211e-06,5.70459769911957e-06,0,0,0,0,0,0,0,0,0
97,8.18273742626339e-08,1.0059541723087e-07,1.18347546464755e-07,1.53993540111568e-07,3.01448916878896e-07,3.0767931833976e-07,3.19587881851018e-07,3.11189386470125e-07,0,0,0,0,0,0,0,0,8.18273742626339e-08,1.0059541723087e-07,1.18347546464755e-07,1.53993540111568e-07,3.01448916878896e-07,3.0767931833976e-07,3.19587881851018e-07,3.11189386470125e-07,0,0,0,0,0,0,0,0,0,7.76625031025935e-08,9.64824457459412e-08,1.14110724095476e-07,1.49242389545805e-07,2.91512863577781e-07,2.97001504692217e-07,3.07483168831845e-07,2.9860942389173e-07,0,0,0,0,0,0,0,0,7.76625031025935e-08,9.64824457459412e-08,1.14110724095476e-07,1.49242389545805e-07,2.91512863577781e-07,2.97001504692217e-07,3.07483168831845e-07,2.9860942389173e-07,0,0,0,0,0,0,0,0,0,8.69367749430977e-08,1.04908340276231e-07,1.21967014259583e-07,1.58733722087873e-07,3.16597029192794e-07,3.19576903512361e-07,3.31323040201719e-07,3.23609428586917e-07,0,0,0,0,0,0,0,0,8.69367749430977e-08,1.04908340276231e-07,1.21967014259583e-07,1.58733722087873e-07,3.16597029192794e-07,3.19576903512361e-07,3.31323040201719e-07,3.23609428586917e-07,0,0,0,0,0,0,0,0,0,7.5083070513001e-08,9.37544746670787e-08,1.1133084751216e-07,1.46482425785754e-07,2.83365881059742e-07,2.87929859193705e-07,2.96624308417383e-07,2.87698230562439e-07,0,0,0,0,0,0,0,0,7.5083070513001e-08,9.37544746670787e-08,1.1133084751216e-07,1.46482425785754e-07,2.83365881059742e-07,2.87929859193705e-07,2.96624308417383e-07,2.87698230562439e-07,0,0,0,0,0,0,0,0,0,9.07426001820257e-08,1.0790259042161e-07,1.24620578432624e-07,1.62151681879701e-07,3.2505452466007e-07,3.28162322411137e-07,3.4276084381032e-07,3.35349304502037e-07,0,0,0,0,0,0,0,0,9.07426001820257e-08,1.0790259042161e-07,1.24620578432624e-07,1.62151681879701e-07,3.2505452466007e-07,3.28162322411137e-07,3.4276084381032e-07,3.35349304502037e-07,0,0,0,0,0,0,0,0,0
98,1.07334764340435e-07,2.43665622797312e-07,1.05186575598041e-06,1.6405927742693e-06,2.44364055983105e-06,3.88197825871902e-06,4.75375956480951e-06,5.80758228376211e-06,0,0,0,0,0,0,0,0,1.07334764340435e-07,2.43665622797312e-07,1.05186575598041e-06,1.6405927742693e-06,2.44364055983105e-06,3.88197825871902e-06,4.75375956480951e-06,5.80758228376211e-06,0,0,0,0,0,0,0,0,0,1.01265445979853e-07,2.32751396892245e-07,1.01647918251082e-06,1.57397051105508e-06,2.33541984034371e-06,3.75351130834003e-06,4.5737018651473e-06,5.54983648282836e-06,0,0,0,0,0,0,0,0,1.01265445979853e-07,2.32751396892245e-07,1.01647918251082e-06,1.57397051105508e-06,2.33541984034371e-06,3.75351130834003e-06,4.5737018651473e-06,5.54983648282836e-06,0,0,0,0,0,0,0,0,0,1.17084887095826e-07,2.60090912198637e-07,1.0901603595382e-06,1.70241412048709e-06,2.55992804410536e-06,4.01941550613991e-06,4.96375417132436e-06,6.10164955735726e-06,0,0,0,0,0,0,0,0,1.17084887095826e-07,2.60090912198637e-07,1.0901603595382e-06,1.70241412048709e-06,2.55992804410536e-06,4.01941550613991e-06,4.96375417132436e-06,6.10164955735726e-06,0,0,0,0,0,0,0,0,0,9.82979208823747e-08,2.26853943023768e-07,9.94538173307364e-07,1.53866427971174e-06,2.27190167141945e-06,3.66700894012557e-06,4.4713777768725e-06,5.40391471401606e-06,0,0,0,0,0,0,0,0,9.82979208823747e-08,2.26853943023768e-07,9.94538173307364e-07,1.53866427971174e-06,2.27190167141945e-06,3.66700894012557e-06,4.4713777768725e-06,5.40391471401606e-06,0,0,0,0,0,0,0,0,0,1.29858910416629e-07,2.80020669408372e-07,1.11433750064448e-06,1.74568443748626e-06,2.63551518963011e-06,4.13622646460037e-06,5.1212576525498e-06,6.30772269213248e-06,0,0,0,0,0,0,0,0,1.29858910416629e-07,2.80020669408372e-07,1.11433750064448e-06,1.74568443748626e-06,2.63551518963011e-06,4.13622646460037e-06,5.1212576525498e-06,6.30772269213248e-06,0,0,0,0,0,0,0,0,0
99,1.98739070421481e-07,2.03544875492938e-07,2.04862701002904e-07,3.7338387098837e-07,4.24787553404223e-07,4.97467847556369e-07,5.60560300560766e-07,5.59944122690053e-07,0,0,0,0,0,0,0,0,1.98739070421481e-07,2.03544875492938e-07,2.04862701002904e-07,3.7338387098837e-07,4.24787553404223e-07,4.97467847556369e-07,5.60560300560766e-07,5.59944122690053e-07,0,0,0,0,0,0,0,0,0,1.84755102575984e-07,1.8993183540342e-07,1.95149974091896e-07,3.26603508150482e-07,3.36221141152952e-07,3.7429018860255e-07,4.29704719964113e-07,4.28693487401843e-07,0,0,0,0,0,0,0,0,1.84755102575984e-07,1.8993183540342e-07,1.95149974091896e-07,3.26603508150482e-07,3.36221141152952e-07,3.7429018860255e-07,4.29704719964113e-07,4.28693487401843e-07,0,0,0,0,0,0,0,0,0,2.09684781343257e-07,2.15344339500078e-07,2.18961405728617e-07,3.98149713267015e-07,4.50175752393284e-07,5.44512500570202e-07,6.54797197844866e-07,6.87655799967502e-07,0,0,0,0,0,0,0,0,2.09684781343257e-07,2.15344339500078e-07,2.18961405728617e-07,3.98149713267015e-07,4.50175752393284e-07,5.44512500570202e-07,6.54797197844866e-07,6.87655799967502e-07,0,0,0,0,0,0,0,0,0,1.7205818079966e-07,1.81431648587206e-07,1.8789717211283e-07,3.12916524517623e-07,3.16305918871819e-07,3.51223479202807e-07,3.81539471423413e-07,3.64146906406336e-07,0,0,0,0,0,0,0,0,1.7205818079966e-07,1.81431648587206e-07,1.8789717211283e-07,3.12916524517623e-07,3.16305918871819e-07,3.51223479202807e-07,3.81539471423413e-07,3.64146906406336e-07,0,0,0,0,0,0,0,0,0,2.20553216389162e-07,2.26867951026393e-07,2.35694966612946e-07,4.15527782149382e-07,4.69791949551639e-07,5.72392214916608e-07,6.94921303934205e-07,7.36760099566088e-07,0,0,0,0,0,0,0,0,2.20553216389162e-07,2.26867951026393e-07,2.35694966612946e-07,4.15527782149382e-07,4.69791949551639e-07,5.72392214916608e-07,6.94921303934205e-07,7.36760099566088e-07,0,0,0,0,0,0,0,0,0
100,7.75318172300883e-09,2.12539868338356e-08,9.35954711911648e-08,1.81318219169835e-07,3.04204852911483e-07,5.8818405183198e-07,8.13476277716905e-07,1.05504347495746e-06,0,0,0,0,0,0,0,0,7.75318172300883e-09,2.12539868338356e-08,9.35954711911648e-08,1.81318219169835e-07,3.04204852911483e-07,5.8818405183198e-07,8.13476277716905e-07,1.05504347495746e-06,0,0,0,0,0,0,0,0,0,6.78628299160706e-09,1.94011214084111e-08,8.89104227016263e-08,1.75706867629185e-07,2.94467322817841e-07,5.70304179523379e-07,7.8463120804787e-07,1.01150664251981e-06,0,0,0,0,0,0,0,0,6.78628299160706e-09,1.94011214084111e-08,8.89104227016263e-08,1.75706867629185e-07,2.94467322817841e-07,5.70304179523379e-07,7.8463120804787e-07,1.01150664251981e-06,0,0,0,0,0,0,0,0,0,8.89274782435534e-09,2.33257511432848e-08,9.8312394947028e-08,1.87975343680941e-07,3.17241858758615e-07,6.0489018140927e-07,8.40938839246208e-07,1.09685691265944e-06,0,0,0,0,0,0,0,0,8.89274782435534e-09,2.33257511432848e-08,9.8312394947028e-08,1.87975343680941e-07,3.17241858758615e-07,6.0489018140927e-07,8.40938839246208e-07,1.09685691265944e-06,0,0,0,0,0,0,0,0,0,6.35700781855002e-09,1.84650338395785e-08,8.6214619900294e-08,1.71831265548195e-07,2.89298335442051e-07,5.57576659155528e-07,7.66317675055597e-07,9.82983933566324e-07,0,0,0,0,0,0,0,0,6.35700781855002e-09,1.84650338395785e-08,8.6214619900294e-08,1.71831265548195e-07,2.89298335442051e-07,5.57576659155528e-07,7.66317675055597e-07,9.82983933566324e-07,0,0,0,0,0,0,0,0,0,9.91670492692626e-09,2.51959224942601e-08,1.03017491926599e-07,1.93452192494041e-07,3.28698873732261e-07,6.16092328162686e-07,8.58426316309744e-07,1.1223578677702e-06,0,0,0,0,0,0,0,0,9.91670492692626e-09,2.51959224942601e-08,1.03017491926599e-07,1.93452192494041e-07,3.28698873732261e-07,6.16092328162686e-07,8.58426316309744e-07,1.1223578677702e-06,0,0,0,0,0,0,0,0,0
101,6.11422130428056e-08,8.83558855682995e-08,1.29190994665552e-07,2.86518438465612e-07,3.54302301583291e-07,4.51021541933422e-07,5.72051909256073e-07,6.25651818977343e-07,0,0,0,0,0,0,0,0,6.11422130428056e-08,8.83558855682995e-08,1.29190994665552e-07,2.86518438465612e-07,3.54302301583291e-07,4.51021541933422e-07,5.72051909256073e-07,6.25651818977343e-07,0,0,0,0,0,0,0,0,0,5.77014975811955e-08,8.40822592927713e-08,1.23722666364656e-07,2.75519050350059e-07,3.35722657548072e-07,4.22209284006441e-07,5.34507448559858e-07,5.80958874641761e-07,0,0,0,0,0,0,0,0,5.77014975811955e-08,8.40822592927713e-08,1.23722666364656e-07,2.75519050350059e-07,3.35722657548072e-07,4.22209284006441e-07,5.34507448559858e-07,5.80958874641761e-07,0,0,0,0,0,0,0,0,0,6.50113730766316e-08,9.22813753443078e-08,1.34218211145378e-07,2.98313763473281e-07,3.70814376129709e-07,4.76389894817151e-07,6.08795179197998e-07,6.6825122286519e-07,0,0,0,0,0,0,0,0,6.50113730766316e-08,9.22813753443078e-08,1.34218211145378e-07,2.98313763473281e-07,3.70814376129709e-07,4.76389894817151e-07,6.08795179197998e-07,6.6825122286519e-07,0,0,0,0,0,0,0,0,0,5.51574570307066e-08,8.1070552915882e-08,1.20225427967766e-07,2.68659485095227e-07,3.24662762301204e-07,4.05631878020519e-07,5.13213294173767e-07,5.54768357929163e-07,0,0,0,0,0,0,0,0,5.51574570307066e-08,8.1070552915882e-08,1.20225427967766e-07,2.68659485095227e-07,3.24662762301204e-07,4.05631878020519e-07,5.13213294173767e-07,5.54768357929163e-07,0,0,0,0,0,0,0,0,0,6.83503809093623e-08,9.51836737620356e-08,1.37115294002991e-07,3.05381451350292e-07,3.83237831363873e-07,4.95348728883489e-07,6.31535534682188e-07,6.93990229714358e-07,0,0,0,0,0,0,0,0,6.83503809093623e-08,9.51836737620356e-08,1.37115294002991e-07,3.05381451350292e-07,3.83237831363873e-07,4.95348728883489e-07,6.31535534682188e-07,6.93990229714358e-07,0,0,0,0,0,0,0,0,0
102,8.0439510802032e-09,2.50396723133248e-08,1.30384633033755e-07,3.9520868045545e-07,7.54627206620963e-07,1.54877379865442e-06,2.34834220286823e-06,3.08109569552603e-06,0,0,0,0,0,0,0,0,8.0439510802032e-09,2.50396723133248e-08,1.30384633033755e-07,3.9520868045545e-07,7.54627206620963e-07,1.54877379865442e-06,2.34834220286823e-06,3.08109569552603e-06,0,0,0,0,0,0,0,0,0,5.79652165254385e-09,1.94406584204334e-08,1.0999660851874e-07,3.47918225293446e-07,6.97885785472873e-07,1.49031542655499e-06,2.26083788637574e-06,2.89846224192531e-06,0,0,0,0,0,0,0,0,5.79652165254385e-09,1.94406584204334e-08,1.0999660851874e-07,3.47918225293446e-07,6.97885785472873e-07,1.49031542655499e-06,2.26083788637574e-06,2.89846224192531e-06,0,0,0,0,0,0,0,0,0,1.13395230216442e-08,2.92492598779651e-08,1.42071726862029e-07,4.26658170860638e-07,8.17977611883614e-07,1.616558907601e-06,2.42184989305869e-06,3.21724644213399e-06,0,0,0,0,0,0,0,0,1.13395230216442e-08,2.92492598779651e-08,1.42071726862029e-07,4.26658170860638e-07,8.17977611883614e-07,1.616558907601e-06,2.42184989305869e-06,3.21724644213399e-06,0,0,0,0,0,0,0,0,0,4.58101878165021e-09,1.63890334039142e-08,9.87483881539269e-08,3.23859679469978e-07,6.64613336479456e-07,1.4430243412329e-06,2.1299775788164e-06,2.68606525708056e-06,0,0,0,0,0,0,0,0,4.58101878165021e-09,1.63890334039142e-08,9.87483881539269e-08,3.23859679469978e-07,6.64613336479456e-07,1.4430243412329e-06,2.1299775788164e-06,2.68606525708056e-06,0,0,0,0,0,0,0,0,0,1.38339736437875e-08,3.44009261559132e-08,1.52086571159764e-07,4.48940179793511e-07,8.50539338085903e-07,1.67024108099927e-06,2.46793358418222e-06,3.30570905471051e-06,0,0,0,0,0,0,0,0,1.38339736437875e-08,3.44009261559132e-08,1.52086571159764e-07,4.48940179793511e-07,8.50539338085903e-07,1.67024108099927e-06,2.46793358418222e-06,3.30570905471051e-06,0,0,0,0,0,0,0,0,0
103,2.31949493423995e-07,2.40440645411607e-07,2.40876226080356e-07,3.30215834552127e-07,4.52843153633371e-07,4.59199280675171e-07,4.74406735973156e-07,4.69678247879345e-07,0,0,0,0,0,0,0,0,2.31949493423995e-07,2.40440645411607e-07,2.40876226080356e-07,3.30215834552127e-07,4.52843153633371e-07,4.59199280675171e-07,4.74406735973156e-07,4.69678247879345e-07,0,0,0,0,0,0,0,0,0,2.20668397177024e-07,2.326881806687e-07,2.33702536036657e-07,3.21117315292042e-07,4.31352424786887e-07,4.47659358235378e-07,4.61304723611156e-07,4.52405622296944e-07,0,0,0,0,0,0,0,0,2.20668397177024e-07,2.326881806687e-07,2.33702536036657e-07,3.21117315292042e-07,4.31352424786887e-07,4.47659358235378e-07,4.61304723611156e-07,4.52405622296944e-07,0,0,0,0,0,0,0,0,0,2.4571547135588e-07,2.49201033511118e-07,2.4949060162604e-07,3.37931796193393e-07,4.68607621173918e-07,4.70776225182037e-07,4.87786193306018e-07,4.88425962276246e-07,0,0,0,0,0,0,0,0,2.4571547135588e-07,2.49201033511118e-07,2.4949060162604e-07,3.37931796193393e-07,4.68607621173918e-07,4.70776225182037e-07,4.87786193306018e-07,4.88425962276246e-07,0,0,0,0,0,0,0,0,0,2.12334093935144e-07,2.27367312019084e-07,2.2849058951047e-07,3.15846270426303e-07,4.18682715553213e-07,4.40835944331003e-07,4.51611771658555e-07,4.40697864937647e-07,0,0,0,0,0,0,0,0,2.12334093935144e-07,2.27367312019084e-07,2.2849058951047e-07,3.15846270426303e-07,4.18682715553213e-07,4.40835944331003e-07,4.51611771658555e-07,4.40697864937647e-07,0,0,0,0,0,0,0,0,0,2.55539683238506e-07,2.54901083995928e-07,2.54533711685255e-07,3.43815152834512e-07,4.75951168059909e-07,4.79417932049698e-07,5.00141320107243e-07,5.02149495146709e-07,0,0,0,0,0,0,0,0,2.55539683238506e-07,2.54901083995928e-07,2.54533711685255e-07,3.43815152834512e-07,4.75951168059909e-07,4.79417932049698e-07,5.00141320107243e-07,5.02149495146709e-07,0,0,0,0,0,0,0,0,0
104,3.46782050379436e-07,3.28646876783292e-07,2.7130138527427e-07,3.42487514021374e-07,3.86960746480588e-07,2.98115731527796e-07,3.31225713761537e-07,3.03212110045357e-07,0,0,0,0,0,0,0,0,3.46782050379436e-07,3.28646876783292e-07,2.7130138527427e-07,3.42487514021374e-07,3.86960746480588e-07,2.98115731527796e-07,3.31225713761537e-07,3.03212110045357e-07,0,0,0,0,0,0,0,0,0,3.35392732862952e-07,3.19849388456224e-07,2.65208055248005e-07,3.33730789954092e-07,3.76264435131857e-07,2.91981564975381e-07,3.22419027937442e-07,2.87632377080618e-07,0,0,0,0,0,0,0,0,3.35392732862952e-07,3.19849388456224e-07,2.65208055248005e-07,3.33730789954092e-07,3.76264435131857e-07,2.91981564975381e-07,3.22419027937442e-07,2.87632377080618e-07,0,0,0,0,0,0,0,0,0,3.58793648649663e-07,3.38264136212796e-07,2.77266533252392e-07,3.50755282065553e-07,3.96426846983019e-07,3.04918671729282e-07,3.39706727671707e-07,3.12825793932508e-07,0,0,0,0,0,0,0,0,3.58793648649663e-07,3.38264136212796e-07,2.77266533252392e-07,3.50755282065553e-07,3.96426846983019e-07,3.04918671729282e-07,3.39706727671707e-07,3.12825793932508e-07,0,0,0,0,0,0,0,0,0,3.26683986266749e-07,3.12703590691848e-07,2.60222192652794e-07,3.28036573953124e-07,3.68143691647405e-07,2.88473587230008e-07,3.17525442566339e-07,2.80731380478684e-07,0,0,0,0,0,0,0,0,3.26683986266749e-07,3.12703590691848e-07,2.60222192652794e-07,3.28036573953124e-07,3.68143691647405e-07,2.88473587230008e-07,3.17525442566339e-07,2.80731380478684e-07,0,0,0,0,0,0,0,0,0,3.67612234626158e-07,3.44529471177015e-07,2.82052695900309e-07,3.56571122369415e-07,4.03270252716649e-07,3.09204664209793e-07,3.44075048320652e-07,3.17683292685028e-07,0,0,0,0,0,0,0,0,3.67612234626158e-07,3.44529471177015e-07,2.82052695900309e-07,3.56571122369415e-07,4.03270252716649e-07,3.09204664209793e-07,3.44075048320652e-07,3.17683292685028e-07,0,0,0,0,0,0,0,0,0
105,4.2299174305388e-08,7.39067378429692e-08,1.39534624333526e-07,3.756115587789e-07,5.96498263429341e-07,8.81526132351577e-07,1.19346981438373e-06,1.37449122072605e-06,0,0,0,0,0,0,0,0,4.2299174305388e-08,7.39067378429692e-08,1.39534624333526e-07,3.756115587789e-07,5.96498263429341e-07,8.81526132351577e-07,1.19346981438373e-06,1.37449122072605e-06,0,0,0,0,0,0,0,0,0,3.70145626089142e-08,6.90970520385923e-08,1.34615647990995e-07,3.65799012174364e-07,5.80556064486355e-07,8.52758324708159e-07,1.14276378976592e-06,1.30651619500408e-06,0,0,0,0,0,0,0,0,3.70145626089142e-08,6.90970520385923e-08,1.34615647990995e-07,3.65799012174364e-07,5.80556064486355e-07,8.52758324708159e-07,1.14276378976592e-06,1.30651619500408e-06,0,0,0,0,0,0,0,0,0,4.6615529127979e-08,7.91552057650461e-08,1.44731622914997e-07,3.86024245263118e-07,6.13685812343178e-07,9.09492254263879e-07,1.23389332676469e-06,1.43110929471456e-06,0,0,0,0,0,0,0,0,4.6615529127979e-08,7.91552057650461e-08,1.44731622914997e-07,3.86024245263118e-07,6.13685812343178e-07,9.09492254263879e-07,1.23389332676469e-06,1.43110929471456e-06,0,0,0,0,0,0,0,0,0,3.47844437398808e-08,6.6474080492827e-08,1.31291666272457e-07,3.58140448668821e-07,5.71553497628015e-07,8.31469715740021e-07,1.10360230889932e-06,1.24602124757137e-06,0,0,0,0,0,0,0,0,3.47844437398808e-08,6.6474080492827e-08,1.31291666272457e-07,3.58140448668821e-07,5.71553497628015e-07,8.31469715740021e-07,1.10360230889932e-06,1.24602124757137e-06,0,0,0,0,0,0,0,0,0,4.94576398565347e-08,8.26143058666966e-08,1.49059026757408e-07,3.93404663859913e-07,6.2406595536593e-07,9.2946630800483e-07,1.26966199171633e-06,1.47761147354603e-06,0,0,0,0,0,0,0,0,4.94576398565347e-08,8.26143058666966e-08,1.49059026757408e-07,3.93404663859913e-07,6.2406595536593e-07,9.2946630800483e-07,1.26966199171633e-06,1.47761147354603e-06,0,0,0,0,0,0,0,0,0
106,4.21942373420723e-10,3.00603184804223e-09,2.97219294791899e-08,1.61664078977629e-07,4.48176925002264e-07,1.3692321075179e-06,2.75195248807428e-06,4.3595833746662e-06,0,0,0,0,0,0,0,0,4.21942373420723e-10,3.00603184804223e-09,2.97219294791899e-08,1.61664078977629e-07,4.48176925002264e-07,1.3692321075179e-06,2.75195248807428e-06,4.3595833746662e-06,0,0,0,0,0,0,0,0,0,2.13870438330314e-10,1.77689328148235e-09,2.48247151895871e-08,1.51559796714039e-07,4.30732201229387e-07,1.27264538194062e-06,2.450260106802e-06,3.71799130881105e-06,0,0,0,0,0,0,0,0,2.13870438330314e-10,1.77689328148235e-09,2.48247151895871e-08,1.51559796714039e-07,4.30732201229387e-07,1.27264538194062e-06,2.450260106802e-06,3.71799130881105e-06,0,0,0,0,0,0,0,0,0,8.19718247048515e-10,4.98824878755305e-09,3.7554830376804e-08,1.81420400114872e-07,4.6973013247616e-07,1.43700927383987e-06,2.90358239921976e-06,4.67890841964267e-06,0,0,0,0,0,0,0,0,8.19718247048515e-10,4.98824878755305e-09,3.7554830376804e-08,1.81420400114872e-07,4.6973013247616e-07,1.43700927383987e-06,2.90358239921976e-06,4.67890841964267e-06,0,0,0,0,0,0,0,0,0,1.58586404716188e-10,1.37231715437096e-09,2.33579043629577e-08,1.4607933215787e-07,4.17953219627371e-07,1.19927955414253e-06,2.26044278319366e-06,3.3929157730743e-06,0,0,0,0,0,0,0,0,1.58586404716188e-10,1.37231715437096e-09,2.33579043629577e-08,1.4607933215787e-07,4.17953219627371e-07,1.19927955414253e-06,2.26044278319366e-06,3.3929157730743e-06,0,0,0,0,0,0,0,0,0,1.06892444329258e-09,6.00921746587761e-09,4.22120525478118e-08,1.96213996938038e-07,4.87994251474709e-07,1.47455392649739e-06,3.00863764494634e-06,4.89954018309234e-06,0,0,0,0,0,0,0,0,1.06892444329258e-09,6.00921746587761e-09,4.22120525478118e-08,1.96213996938038e-07,4.87994251474709e-07,1.47455392649739e-06,3.00863764494634e-06,4.89954018309234e-06,0,0,0,0,0,0,0,0,0
107,5.32031206198271e-08,9.70852039975596e-08,1.55739806877367e-07,2.69479769087525e-07,5.36578840498517e-07,6.90823536984805e-07,8.66675860578194e-07,1.02106264676359e-06,0,0,0,0,0,0,0,0,5.32031206198271e-08,9.70852039975596e-08,1.55739806877367e-07,2.69479769087525e-07,5.36578840498517e-07,6.90823536984805e-07,8.66675860578194e-07,1.02106264676359e-06,0,0,0,0,0,0,0,0,0,4.90339097806924e-08,9.13690992552915e-08,1.50418557691009e-07,2.61236342836691e-07,5.14261823325985e-07,6.53726092868071e-07,8.2383507658478e-07,9.35424693347329e-07,0,0,0,0,0,0,0,0,4.90339097806924e-08,9.13690992552915e-08,1.50418557691009e-07,2.61236342836691e-07,5.14261823325985e-07,6.53726092868071e-07,8.2383507658478e-07,9.35424693347329e-07,0,0,0,0,0,0,0,0,0,5.62648790542055e-08,1.02156245459917e-07,1.60571036928427e-07,2.77159766190133e-07,5.56924723100061e-07,7.24998504016274e-07,9.10489801177617e-07,1.08958812060484e-06,0,0,0,0,0,0,0,0,5.62648790542055e-08,1.02156245459917e-07,1.60571036928427e-07,2.77159766190133e-07,5.56924723100061e-07,7.24998504016274e-07,9.10489801177617e-07,1.08958812060484e-06,0,0,0,0,0,0,0,0,0,4.64694871641386e-08,8.81239248418227e-08,1.46937829476294e-07,2.56025611367356e-07,4.9909146295239e-07,6.26047270722293e-07,7.95336746381889e-07,8.72801545298485e-07,0,0,0,0,0,0,0,0,4.64694871641386e-08,8.81239248418227e-08,1.46937829476294e-07,2.56025611367356e-07,4.9909146295239e-07,6.26047270722293e-07,7.95336746381889e-07,8.72801545298485e-07,0,0,0,0,0,0,0,0,0,5.83433714834862e-08,1.04683051632465e-07,1.6366784276833e-07,2.81202698143155e-07,5.69993069279123e-07,7.4550353412709e-07,9.36346397325433e-07,1.12525108704425e-06,0,0,0,0,0,0,0,0,5.83433714834862e-08,1.04683051632465e-07,1.6366784276833e-07,2.81202698143155e-07,5.69993069279123e-07,7.4550353412709e-07,9.36346397325433e-07,1.12525108704425e-06,0,0,0,0,0,0,0,0,0
108,1.52663414283198e-07,2.28412310354909e-07,6.28686624135409e-07,1.07537482370875e-06,1.36079885001459e-06,1.7450022064944e-06,1.85602043574389e-06,2.00123281137777e-06,0,0,0,0,0,0,0,0,1.52663414283198e-07,2.28412310354909e-07,6.28686624135409e-07,1.07537482370875e-06,1.36079885001459e-06,1.7450022064944e-06,1.85602043574389e-06,2.00123281137777e-06,0,0,0,0,0,0,0,0,0,1.46564286383173e-07,2.20829296021107e-07,6.10651486051801e-07,1.04666409626269e-06,1.32522548263777e-06,1.69902475549532e-06,1.80660974928042e-06,1.93504684490002e-06,0,0,0,0,0,0,0,0,1.46564286383173e-07,2.20829296021107e-07,6.10651486051801e-07,1.04666409626269e-06,1.32522548263777e-06,1.69902475549532e-06,1.80660974928042e-06,1.93504684490002e-06,0,0,0,0,0,0,0,0,0,1.59902393071305e-07,2.37454758003442e-07,6.44386735092067e-07,1.09931503697267e-06,1.39485091624707e-06,1.78756980635263e-06,1.90828266354249e-06,2.06952503362058e-06,0,0,0,0,0,0,0,0,1.59902393071305e-07,2.37454758003442e-07,6.44386735092067e-07,1.09931503697267e-06,1.39485091624707e-06,1.78756980635263e-06,1.90828266354249e-06,2.06952503362058e-06,0,0,0,0,0,0,0,0,0,1.42125439198701e-07,2.14773719937803e-07,5.98269912185595e-07,1.02678036628144e-06,1.29790480478833e-06,1.66775818186398e-06,1.77032255867713e-06,1.89112187139118e-06,0,0,0,0,0,0,0,0,1.42125439198701e-07,2.14773719937803e-07,5.98269912185595e-07,1.02678036628144e-06,1.29790480478833e-06,1.66775818186398e-06,1.77032255867713e-06,1.89112187139118e-06,0,0,0,0,0,0,0,0,0,1.6648426189105e-07,2.43665072112399e-07,6.54423202190393e-07,1.11621508174416e-06,1.41724828024734e-06,1.81217108684346e-06,1.94263465891502e-06,2.11517816434645e-06,0,0,0,0,0,0,0,0,1.6648426189105e-07,2.43665072112399e-07,6.54423202190393e-07,1.11621508174416e-06,1.41724828024734e-06,1.81217108684346e-06,1.94263465891502e-06,2.11517816434645e-06,0,0,0,0,0,0,0,0,0
109,6.62215900589718e-08,1.05856287606977e-07,1.60512153257583e-07,2.99799519291678e-07,4.77406783165521e-07,5.49805680524426e-07,6.27684781722044e-07,6.23744386929705e-07,0,0,0,0,0,0,0,0,6.62215900589718e-08,1.05856287606977e-07,1.60512153257583e-07,2.99799519291678e-07,4.77406783165521e-07,5.49805680524426e-07,6.27684781722044e-07,6.23744386929705e-07,0,0,0,0,0,0,0,0,0,6.36235431967226e-08,1.02430261248546e-07,1.54324901359767e-07,2.85613989868492e-07,4.55435153317774e-07,5.27014661569979e-07,5.97318063688495e-07,5.79546911865012e-07,0,0,0,0,0,0,0,0,6.36235431967226e-08,1.02430261248546e-07,1.54324901359767e-07,2.85613989868492e-07,4.55435153317774e-07,5.27014661569979e-07,5.97318063688495e-07,5.79546911865012e-07,0,0,0,0,0,0,0,0,0,6.90064193837974e-08,1.09289380900788e-07,1.66478644773572e-07,3.13243134955942e-07,5.0228313769321e-07,5.7955119704897e-07,6.60850635879914e-07,6.69021096839253e-07,0,0,0,0,0,0,0,0,6.90064193837974e-08,1.09289380900788e-07,1.66478644773572e-07,3.13243134955942e-07,5.0228313769321e-07,5.7955119704897e-07,6.60850635879914e-07,6.69021096839253e-07,0,0,0,0,0,0,0,0,0,6.21213475773927e-08,1.00332522364145e-07,1.50469502664213e-07,2.7593492216255e-07,4.43416846272288e-07,5.13102167190048e-07,5.76168016269418e-07,5.54772539269089e-07,0,0,0,0,0,0,0,0,6.21213475773927e-08,1.00332522364145e-07,1.50469502664213e-07,2.7593492216255e-07,4.43416846272288e-07,5.13102167190048e-07,5.76168016269418e-07,5.54772539269089e-07,0,0,0,0,0,0,0,0,0,7.19558935270621e-08,1.12443776511303e-07,1.70012300709989e-07,3.21081318859478e-07,5.18409173898803e-07,5.94913143817918e-07,6.77893679325519e-07,6.97150477803415e-07,0,0,0,0,0,0,0,0,7.19558935270621e-08,1.12443776511303e-07,1.70012300709989e-07,3.21081318859478e-07,5.18409173898803e-07,5.94913143817918e-07,6.77893679325519e-07,6.97150477803415e-07,0,0,0,0,0,0,0,0,0
110,1.76620374210661e-07,1.31478219442083e-07,1.22097958816448e-07,1.24010783279677e-07,2.32415874249052e-07,2.50217212847727e-07,2.49750073328764e-07,2.57090536657335e-07,0,0,0,0,0,0,0,0,1.76620374210661e-07,1.31478219442083e-07,1.22097958816448e-07,1.24010783279677e-07,2.32415874249052e-07,2.50217212847727e-07,2.49750073328764e-07,2.57090536657335e-07,0,0,0,0,0,0,0,0,0,4.20275136964937e-10,4.07235276203259e-10,4.45784855677559e-10,4.95445956465613e-10,9.76683248533272e-10,1.08104503131775e-09,1.14500521493329e-09,1.24151995693201e-09,0,0,0,0,0,0,0,0,4.20275136964937e-10,4.07235276203259e-10,4.45784855677559e-10,4.95445956465613e-10,9.76683248533272e-10,1.08104503131775e-09,1.14500521493329e-09,1.24151995693201e-09,0,0,0,0,0,0,0,0,0,8.26645107887319e-05,6.01487646958137e-05,5.33542057337799e-05,5.18859425600721e-05,9.63976611207167e-05,9.61218211012207e-05,8.91898698368662e-05,8.75991591913812e-05,0,0,0,0,0,0,0,0,8.26645107887319e-05,6.01487646958137e-05,5.33542057337799e-05,5.18859425600721e-05,9.63976611207167e-05,9.61218211012207e-05,8.91898698368662e-05,8.75991591913812e-05,0,0,0,0,0,0,0,0,0,6.25960768759836e-11,6.04492812630463e-11,5.80443185493148e-11,5.97682853244497e-11,1.18482854155242e-10,1.2556956416142e-10,1.20370887358686e-10,1.24775413104046e-10,0,0,0,0,0,0,0,0,6.25960768759836e-11,6.04492812630463e-11,5.80443185493148e-11,5.97682853244497e-11,1.18482854155242e-10,1.2556956416142e-10,1.20370887358686e-10,1.24775413104046e-10,0,0,0,0,0,0,0,0,0,0.000450843832773811,0.000315659779513094,0.000292442891547,0.000267472337942755,0.000447713678954996,0.000456818686646658,0.000430498888775462,0.000424848244780529,0,0,0,0,0,0,0,0,0.000450843832773811,0.000315659779513094,0.000292442891547,0.000267472337942755,0.000447713678954996,0.000456818686646658,0.000430498888775462,0.000424848244780529,0,0,0,0,0,0,0,0,0
111,2.50707008422082e-07,3.14848777565455e-07,3.62192837533232e-07,5.23643323921981e-07,6.77194984578063e-07,7.46405126772497e-07,8.50318765689093e-07,8.93514772293358e-07,0,0,0,0,0,0,0,0,2.50707008422082e-07,3.14848777565455e-07,3.62192837533232e-07,5.23643323921981e-07,6.77194984578063e-07,7.46405126772497e-07,8.50318765689093e-07,8.93514772293358e-07,0,0,0,0,0,0,0,0,0,2.41462202512136e-07,3.05526515008399e-07,3.52341479963946e-07,5.11473292935132e-07,6.55687621533761e-07,7.23873872649059e-07,8.17938560513012e-07,8.4970143368441e-07,0,0,0,0,0,0,0,0,2.41462202512136e-07,3.05526515008399e-07,3.52341479963946e-07,5.11473292935132e-07,6.55687621533761e-07,7.23873872649059e-07,8.17938560513012e-07,8.4970143368441e-07,0,0,0,0,0,0,0,0,0,2.60967323196541e-07,3.24099808650754e-07,3.72960461520093e-07,5.38091104984351e-07,6.96540520523523e-07,7.70801727197474e-07,8.80535855218913e-07,9.33657219787388e-07,0,0,0,0,0,0,0,0,2.60967323196541e-07,3.24099808650754e-07,3.72960461520093e-07,5.38091104984351e-07,6.96540520523523e-07,7.70801727197474e-07,8.80535855218913e-07,9.33657219787388e-07,0,0,0,0,0,0,0,0,0,2.35219068257989e-07,3.00638559943903e-07,3.46917790546507e-07,5.02874931352863e-07,6.4430349692844e-07,7.07954451277206e-07,7.96559619062464e-07,8.22439484633356e-07,0,0,0,0,0,0,0,0,2.35219068257989e-07,3.00638559943903e-07,3.46917790546507e-07,5.02874931352863e-07,6.4430349692844e-07,7.07954451277206e-07,7.96559619062464e-07,8.22439484633356e-07,0,0,0,0,0,0,0,0,0,2.68232283631681e-07,3.30882168792194e-07,3.80750805862466e-07,5.45684121947046e-07,7.09495405628503e-07,7.85227668668111e-07,9.02522315074173e-07,9.62970128553064e-07,0,0,0,0,0,0,0,0,2.68232283631681e-07,3.30882168792194e-07,3.80750805862466e-07,5.45684121947046e-07,7.09495405628503e-07,7.85227668668111e-07,9.02522315074173e-07,9.62970128553064e-07,0,0,0,0,0,0,0,0,0
112,1.02070170196094e-09,7.38772703146359e-09,3.20812328766231e-08,1.18628702632076e-07,5.46509064785338e-07,1.2512410468228e-06,1.86228648988853e-06,2.3535759340591e-06,0,0,0,0,0,0,0,0,1.02070170196094e-09,7.38772703146359e-09,3.20812328766231e-08,1.18628702632076e-07,5.46509064785338e-07,1.2512410468228e-06,1.86228648988853e-06,2.3535759340591e-06,0,0,0,0,0,0,0,0,0,8.37239993491243e-10,6.46986201465506e-09,2.99962397993969e-08,1.14687022155396e-07,5.31225382274013e-07,1.21468206116003e-06,1.80266338439469e-06,2.27606230315197e-06,0,0,0,0,0,0,0,0,8.37239993491243e-10,6.46986201465506e-09,2.99962397993969e-08,1.14687022155396e-07,5.31225382274013e-07,1.21468206116003e-06,1.80266338439469e-06,2.27606230315197e-06,0,0,0,0,0,0,0,0,0,1.31153517990639e-09,8.12027560399812e-09,3.37078836953546e-08,1.23110321600373e-07,5.61844754163446e-07,1.29124185387912e-06,1.92891470643077e-06,2.45549727750909e-06,0,0,0,0,0,0,0,0,1.31153517990639e-09,8.12027560399812e-09,3.37078836953546e-08,1.23110321600373e-07,5.61844754163446e-07,1.29124185387912e-06,1.92891470643077e-06,2.45549727750909e-06,0,0,0,0,0,0,0,0,0,7.44934120274359e-10,6.094081976894e-09,2.87653376336631e-08,1.12501309743338e-07,5.23088045446145e-07,1.1952767956851e-06,1.76745519959519e-06,2.22467216328089e-06,0,0,0,0,0,0,0,0,7.44934120274359e-10,6.094081976894e-09,2.87653376336631e-08,1.12501309743338e-07,5.23088045446145e-07,1.1952767956851e-06,1.76745519959519e-06,2.22467216328089e-06,0,0,0,0,0,0,0,0,0,1.74131590402103e-09,8.63512357372117e-09,3.44904054814922e-08,1.26266877379919e-07,5.71195959469893e-07,1.3094586348828e-06,1.96842249827516e-06,2.50798618843229e-06,0,0,0,0,0,0,0,0,1.74131590402103e-09,8.63512357372117e-09,3.44904054814922e-08,1.26266877379919e-07,5.71195959469893e-07,1.3094586348828e-06,1.96842249827516e-06,2.50798618843229e-06,0,0,0,0,0,0,0,0,0
113,9.72045425262065e-07,1.03476758534282e-06,1.00417663932752e-06,9.23198813000227e-07,1.16498435717725e-06,9.23713502943547e-07,8.02971657675731e-07,7.45416525706599e-07,0,0,0,0,0,0,0,0,9.72045425262065e-07,1.03476758534282e-06,1.00417663932752e-06,9.23198813000227e-07,1.16498435717725e-06,9.23713502943547e-07,8.02971657675731e-07,7.45416525706599e-07,0,0,0,0,0,0,0,0,0,9.33662582459113e-07,1.00481289810114e-06,9.79654963198604e-07,9.01432305127697e-07,1.13204192639388e-06,8.94904628077672e-07,7.73005128999176e-07,7.14213053201654e-07,0,0,0,0,0,0,0,0,9.33662582459113e-07,1.00481289810114e-06,9.79654963198604e-07,9.01432305127697e-07,1.13204192639388e-06,8.94904628077672e-07,7.73005128999176e-07,7.14213053201654e-07,0,0,0,0,0,0,0,0,0,1.01371622108757e-06,1.0645065480756e-06,1.02735648750233e-06,9.44825936137558e-07,1.19821471578971e-06,9.51162204676212e-07,8.2961823781543e-07,7.77517692748226e-07,0,0,0,0,0,0,0,0,1.01371622108757e-06,1.0645065480756e-06,1.02735648750233e-06,9.44825936137558e-07,1.19821471578971e-06,9.51162204676212e-07,8.2961823781543e-07,7.77517692748226e-07,0,0,0,0,0,0,0,0,0,9.06458412962425e-07,9.844736221426e-07,9.64775852397816e-07,8.81917242859706e-07,1.10209589593565e-06,8.76473034746672e-07,7.56202569257361e-07,6.88791500921146e-07,0,0,0,0,0,0,0,0,9.06458412962425e-07,9.844736221426e-07,9.64775852397816e-07,8.81917242859706e-07,1.10209589593565e-06,8.76473034746672e-07,7.56202569257361e-07,6.88791500921146e-07,0,0,0,0,0,0,0,0,0,1.04750740904273e-06,1.08745652742822e-06,1.04196554344057e-06,9.6024661492051e-07,1.22177729426626e-06,9.74923330761879e-07,8.49280476839758e-07,7.98355382177345e-07,0,0,0,0,0,0,0,0,1.04750740904273e-06,1.08745652742822e-06,1.04196554344057e-06,9.6024661492051e-07,1.22177729426626e-06,9.74923330761879e-07,8.49280476839758e-07,7.98355382177345e-07,0,0,0,0,0,0,0,0,0
114,1.18037381521758e-07,1.87951215149963e-07,2.63484480978868e-07,3.05325781049164e-07,5.086196878142e-07,5.13284838303257e-07,5.22505672957533e-07,5.53898438035662e-07,0,0,0,0,0,0,0,0,1.18037381521758e-07,1.87951215149963e-07,2.63484480978868e-07,3.05325781049164e-07,5.086196878142e-07,5.13284838303257e-07,5.22505672957533e-07,5.53898438035662e-07,0,0,0,0,0,0,0,0,0,1.11848283544104e-07,1.81390101821132e-07,2.54115853418539e-07,2.9271493594553e-07,4.76882185739109e-07,4.69830241216487e-07,4.74671678361258e-07,4.96413042453283e-07,0,0,0,0,0,0,0,0,1.11848283544104e-07,1.81390101821132e-07,2.54115853418539e-07,2.9271493594553e-07,4.76882185739109e-07,4.69830241216487e-07,4.74671678361258e-07,4.96413042453283e-07,0,0,0,0,0,0,0,0,0,1.27734120037456e-07,1.97804931629673e-07,2.7268153249398e-07,3.17430426228031e-07,5.44336397664597e-07,5.61119450923186e-07,5.76724888194681e-07,6.11248640776502e-07,0,0,0,0,0,0,0,0,1.27734120037456e-07,1.97804931629673e-07,2.7268153249398e-07,3.17430426228031e-07,5.44336397664597e-07,5.61119450923186e-07,5.76724888194681e-07,6.11248640776502e-07,0,0,0,0,0,0,0,0,0,1.08317740850547e-07,1.76994255138511e-07,2.48624334042965e-07,2.84718087299292e-07,4.59972917093282e-07,4.52127857426766e-07,4.52430324519903e-07,4.68523784610773e-07,0,0,0,0,0,0,0,0,1.08317740850547e-07,1.76994255138511e-07,2.48624334042965e-07,2.84718087299292e-07,4.59972917093282e-07,4.52127857426766e-07,4.52430324519903e-07,4.68523784610773e-07,0,0,0,0,0,0,0,0,0,1.39134650315019e-07,2.07455390231511e-07,2.7908154777724e-07,3.25078749403185e-07,5.64923552114091e-07,5.82554625514037e-07,6.03300878084902e-07,6.35547400382471e-07,0,0,0,0,0,0,0,0,1.39134650315019e-07,2.07455390231511e-07,2.7908154777724e-07,3.25078749403185e-07,5.64923552114091e-07,5.82554625514037e-07,6.03300878084902e-07,6.35547400382471e-07,0,0,0,0,0,0,0,0,0
115,3.84273521882368e-08,1.3314339284922e-07,1.70914552919639e-07,1.89445388590315e-07,2.83255700906599e-07,3.10575063628655e-07,3.11508409238909e-07,3.14369159265071e-07,0,0,0,0,0,0,0,0,8.81672115693854e-08,1.3314339284922e-07,1.70914552919639e-07,1.89445388590315e-07,2.83255700906599e-07,3.10575063628655e-07,3.11508409238909e-07,3.14369159265071e-07,0,0,0,0,0,0,0,0,0,3.35941112890693e-08,1.23473137131883e-07,1.64122064047381e-07,1.83963124664186e-07,2.73292303984238e-07,2.94737336282649e-07,2.9174115653094e-07,2.92489849614666e-07,0,0,0,0,0,0,0,0,7.70778872038842e-08,1.23473137131883e-07,1.64122064047381e-07,1.83963124664186e-07,2.73292303984238e-07,2.94737336282649e-07,2.9174115653094e-07,2.92489849614666e-07,0,0,0,0,0,0,0,0,0,4.41455164940445e-08,1.44642032343594e-07,1.77306208989429e-07,1.96401212031119e-07,2.95386922652898e-07,3.3124350951993e-07,3.40108826016e-07,3.5021514823184e-07,0,0,0,0,0,0,0,0,1.01286892562993e-07,1.44642032343594e-07,1.77306208989429e-07,1.96401212031119e-07,2.95386922652898e-07,3.3124350951993e-07,3.40108826016e-07,3.5021514823184e-07,0,0,0,0,0,0,0,0,0,3.23545678986641e-08,1.19207940672203e-07,1.60295211071089e-07,1.79958906317029e-07,2.67428254346362e-07,2.85845337617953e-07,2.81659519315118e-07,2.82028379815717e-07,0,0,0,0,0,0,0,0,7.42338951480188e-08,1.19207940672203e-07,1.60295211071089e-07,1.79958906317029e-07,2.67428254346362e-07,2.85845337617953e-07,2.81659519315118e-07,2.82028379815717e-07,0,0,0,0,0,0,0,0,0,4.65358154793235e-08,1.49088900767292e-07,1.80803481578851e-07,2.01526397331376e-07,3.0352539661293e-07,3.44199849290294e-07,3.57241067603918e-07,3.72819055708277e-07,0,0,0,0,0,0,0,0,1.0677116312415e-07,1.49088900767292e-07,1.80803481578851e-07,2.01526397331376e-07,3.0352539661293e-07,3.44199849290294e-07,3.57241067603918e-07,3.72819055708277e-07,0,0,0,0,0,0,0,0,0
116,5.01585849156111e-08,9.7699171563754e-08,4.24975666225011e-07,6.68427863828571e-07,9.29854953610625e-07,1.22745936647157e-06,1.36001673997486e-06,1.52811261274503e-06,0,0,0,0,0,0,0,0,5.01585849156111e-08,9.7699171563754e-08,4.24975666225011e-07,6.68427863828571e-07,9.29854953610625e-07,1.22745936647157e-06,1.36001673997486e-06,1.52811261274503e-06,0,0,0,0,0,0,0,0,0,4.73769469340726e-08,9.43579783890698e-08,4.12101081479916e-07,6.48364327560505e-07,9.04040651680256e-07,1.1912820486417e-06,1.30622094087972e-06,1.45150207247794e-06,0,0,0,0,0,0,0,0,4.73769469340726e-08,9.43579783890698e-08,4.12101081479916e-07,6.48364327560505e-07,9.04040651680256e-07,1.1912820486417e-06,1.30622094087972e-06,1.45150207247794e-06,0,0,0,0,0,0,0,0,0,5.27056852178962e-08,1.0066447835477e-07,4.36658150540803e-07,6.87364356986678e-07,9.57401670568015e-07,1.26002709497111e-06,1.40870580739375e-06,1.60769791301562e-06,0,0,0,0,0,0,0,0,5.27056852178962e-08,1.0066447835477e-07,4.36658150540803e-07,6.87364356986678e-07,9.57401670568015e-07,1.26002709497111e-06,1.40870580739375e-06,1.60769791301562e-06,0,0,0,0,0,0,0,0,0,4.59634133365223e-08,9.26961683667671e-08,4.04785535396616e-07,6.36151929005953e-07,8.84550970268378e-07,1.16495463426187e-06,1.27049723545e-06,1.4060874605084e-06,0,0,0,0,0,0,0,0,4.59634133365223e-08,9.26961683667671e-08,4.04785535396616e-07,6.36151929005953e-07,8.84550970268378e-07,1.16495463426187e-06,1.27049723545e-06,1.4060874605084e-06,0,0,0,0,0,0,0,0,0,5.41885025308072e-08,1.02522898297086e-07,4.42358764989111e-07,6.9621944891405e-07,9.72326368542619e-07,1.27861580806168e-06,1.43813440869729e-06,1.6489320061931e-06,0,0,0,0,0,0,0,0,5.41885025308072e-08,1.02522898297086e-07,4.42358764989111e-07,6.9621944891405e-07,9.72326368542619e-07,1.27861580806168e-06,1.43813440869729e-06,1.6489320061931e-06,0,0,0,0,0,0,0,0,0
117,2.79105670316423e-07,4.09688368258136e-07,5.34265861307655e-07,6.5940741258115e-07,7.4140348247609e-07,6.87061373153592e-07,6.60404977389175e-07,6.11023642927856e-07,0,0,0,0,0,0,0,0,2.79105670316423e-07,4.09688368258136e-07,5.34265861307655e-07,6.5940741258115e-07,7.4140348247609e-07,6.87061373153592e-07,6.60404977389175e-07,6.11023642927856e-07,0,0,0,0,0,0,0,0,0,2.68970266958833e-07,3.99332021523545e-07,5.20725970948658e-07,6.41589398384149e-07,7.18931631124239e-07,6.67658841871216e-07,6.35647827944603e-07,5.75561562224609e-07,0,0,0,0,0,0,0,0,2.68970266958833e-07,3.99332021523545e-07,5.20725970948658e-07,6.41589398384149e-07,7.18931631124239e-07,6.67658841871216e-07,6.35647827944603e-07,5.75561562224609e-07,0,0,0,0,0,0,0,0,0,2.90254804146569e-07,4.22114063018686e-07,5.46969133019856e-07,6.77878946387261e-07,7.65691678726447e-07,7.19779311431582e-07,7.01367520944669e-07,6.71798074617546e-07,0,0,0,0,0,0,0,0,2.90254804146569e-07,4.22114063018686e-07,5.46969133019856e-07,6.77878946387261e-07,7.65691678726447e-07,7.19779311431582e-07,7.01367520944669e-07,6.71798074617546e-07,0,0,0,0,0,0,0,0,0,2.61753862540938e-07,3.92022169349814e-07,5.10330355648374e-07,6.25978838852216e-07,6.97631837071258e-07,6.47800987300079e-07,6.14783344457022e-07,5.58481257872295e-07,0,0,0,0,0,0,0,0,2.61753862540938e-07,3.92022169349814e-07,5.10330355648374e-07,6.25978838852216e-07,6.97631837071258e-07,6.47800987300079e-07,6.14783344457022e-07,5.58481257872295e-07,0,0,0,0,0,0,0,0,0,2.9816406107602e-07,4.30120194082587e-07,5.55752167594987e-07,6.92864414244499e-07,7.8534903890268e-07,7.4773426069535e-07,7.52352974313943e-07,7.48253396462541e-07,0,0,0,0,0,0,0,0,2.9816406107602e-07,4.30120194082587e-07,5.55752167594987e-07,6.92864414244499e-07,7.8534903890268e-07,7.4773426069535e-07,7.52352974313943e-07,7.48253396462541e-07,0,0,0,0,0,0,0,0,0
118,3.13841465697825e-07,4.00508780835791e-07,9.2996819765183e-07,2.45575823203741e-06,3.53079444959162e-06,5.04012604460448e-06,6.24771005128174e-06,6.86329698926479e-06,0,0,0,0,0,0,0,0,3.13841465697825e-07,4.00508780835791e-07,9.2996819765183e-07,2.45575823203741e-06,3.53079444959162e-06,5.04012604460448e-06,6.24771005128174e-06,6.86329698926479e-06,0,0,0,0,0,0,0,0,0,1.08225448356519e-07,2.01426142290162e-07,6.3268165027885e-07,1.99891069049496e-06,3.25178103511084e-06,4.88814301294191e-06,6.02984618776504e-06,6.52896977029872e-06,0,0,0,0,0,0,0,0,1.08225448356519e-07,2.01426142290162e-07,6.3268165027885e-07,1.99891069049496e-06,3.25178103511084e-06,4.88814301294191e-06,6.02984618776504e-06,6.52896977029872e-06,0,0,0,0,0,0,0,0,0,3.44942367855771e-07,4.35323072594523e-07,9.81752044691798e-07,2.56700641130583e-06,3.69767065338225e-06,5.21643833350127e-06,6.45941088423328e-06,7.19879056571932e-06,0,0,0,0,0,0,0,0,3.44942367855771e-07,4.35323072594523e-07,9.81752044691798e-07,2.56700641130583e-06,3.69767065338225e-06,5.21643833350127e-06,6.45941088423328e-06,7.19879056571932e-06,0,0,0,0,0,0,0,0,0,9.93466552245487e-08,1.8612632534125e-07,6.06909286656011e-07,1.93374996800828e-06,3.13815882406035e-06,4.79851261522707e-06,5.86097830663792e-06,6.34529777393061e-06,0,0,0,0,0,0,0,0,9.93466552245487e-08,1.8612632534125e-07,6.06909286656011e-07,1.93374996800828e-06,3.13815882406035e-06,4.79851261522707e-06,5.86097830663792e-06,6.34529777393061e-06,0,0,0,0,0,0,0,0,0,3.6121700895949e-07,4.5687993921976e-07,1.01483457198086e-06,2.65455919203557e-06,3.80155162477324e-06,5.33936540521621e-06,6.6588659304389e-06,7.52434928550909e-06,0,0,0,0,0,0,0,0,3.6121700895949e-07,4.5687993921976e-07,1.01483457198086e-06,2.65455919203557e-06,3.80155162477324e-06,5.33936540521621e-06,6.6588659304389e-06,7.52434928550909e-06,0,0,0,0,0,0,0,0,0
119,1.7005895340962e-07,2.82458446103529e-07,5.69099366348803e-07,1.22874459719435e-06,1.55051343787581e-06,2.23227485577705e-06,2.82525986188216e-06,3.19071728708321e-06,0,0,0,0,0,0,0,0,1.7005895340962e-07,2.82458446103529e-07,5.69099366348803e-07,1.22874459719435e-06,1.55051343787581e-06,2.23227485577705e-06,2.82525986188216e-06,3.19071728708321e-06,0,0,0,0,0,0,0,0,0,1.64489942293003e-07,2.75247145567877e-07,5.5787413694279e-07,1.20531372354508e-06,1.50482427710414e-06,2.17667636412575e-06,2.7441080139926e-06,3.06368361253488e-06,0,0,0,0,0,0,0,0,1.64489942293003e-07,2.75247145567877e-07,5.5787413694279e-07,1.20531372354508e-06,1.50482427710414e-06,2.17667636412575e-06,2.7441080139926e-06,3.06368361253488e-06,0,0,0,0,0,0,0,0,0,1.75868651619459e-07,2.90095140918452e-07,5.81862840097427e-07,1.25425413007774e-06,1.59699093291041e-06,2.28157973064803e-06,2.90980528692555e-06,3.30866272386396e-06,0,0,0,0,0,0,0,0,1.75868651619459e-07,2.90095140918452e-07,5.81862840097427e-07,1.25425413007774e-06,1.59699093291041e-06,2.28157973064803e-06,2.90980528692555e-06,3.30866272386396e-06,0,0,0,0,0,0,0,0,0,1.59991382017817e-07,2.70371394667413e-07,5.50755476482735e-07,1.1912624040913e-06,1.47886872731292e-06,2.14375320557055e-06,2.67091851424989e-06,2.95677346007043e-06,0,0,0,0,0,0,0,0,1.59991382017817e-07,2.70371394667413e-07,5.50755476482735e-07,1.1912624040913e-06,1.47886872731292e-06,2.14375320557055e-06,2.67091851424989e-06,2.95677346007043e-06,0,0,0,0,0,0,0,0,0,1.82346546280068e-07,2.97292415680451e-07,5.90123008279661e-07,1.27055504293807e-06,1.62637189391749e-06,2.31681404283285e-06,2.95841317570567e-06,3.36953488709928e-06,0,0,0,0,0,0,0,0,1.82346546280068e-07,2.97292415680451e-07,5.90123008279661e-07,1.27055504293807e-06,1.62637189391749e-06,2.31681404283285e-06,2.95841317570567e-06,3.36953488709928e-06,0,0,0,0,0,0,0,0,0
120,1.20332426942342e-07,1.6302705099668e-07,2.01408359791296e-07,2.21429201915244e-07,3.88675148216242e-07,3.98709317453528e-07,4.05939572970508e-07,4.27842139293211e-07,0,0,0,0,0,0,0,0,1.20332426942342e-07,1.6302705099668e-07,2.01408359791296e-07,2.21429201915244e-07,3.88675148216242e-07,3.98709317453528e-07,4.05939572970508e-07,4.27842139293211e-07,0,0,0,0,0,0,0,0,0,1.09232076231732e-07,1.5318642273283e-07,1.89463270135749e-07,2.06186351983603e-07,3.60472938310409e-07,3.82058265535829e-07,3.93027119262555e-07,4.10057691260767e-07,0,0,0,0,0,0,0,0,1.09232076231732e-07,1.5318642273283e-07,1.89463270135749e-07,2.06186351983603e-07,3.60472938310409e-07,3.82058265535829e-07,3.93027119262555e-07,4.10057691260767e-07,0,0,0,0,0,0,0,0,0,1.38828684314134e-07,1.73776466807781e-07,2.09641265132686e-07,2.33030227513858e-07,4.10137398930118e-07,4.15273559805772e-07,4.21405448683756e-07,4.45115022666086e-07,0,0,0,0,0,0,0,0,1.38828684314134e-07,1.73776466807781e-07,2.09641265132686e-07,2.33030227513858e-07,4.10137398930118e-07,4.15273559805772e-07,4.21405448683756e-07,4.45115022666086e-07,0,0,0,0,0,0,0,0,0,1.05354295226726e-07,1.46324097435213e-07,1.81308041253489e-07,1.97659729494413e-07,3.46783387355111e-07,3.70717861322156e-07,3.85077692992131e-07,4.00253414084886e-07,0,0,0,0,0,0,0,0,1.05354295226726e-07,1.46324097435213e-07,1.81308041253489e-07,1.97659729494413e-07,3.46783387355111e-07,3.70717861322156e-07,3.85077692992131e-07,4.00253414084886e-07,0,0,0,0,0,0,0,0,0,1.48947828942428e-07,1.79994395359917e-07,2.14346366485508e-07,2.38508279147034e-07,4.20713926842877e-07,4.24216964722728e-07,4.33118871110395e-07,4.60368098782312e-07,0,0,0,0,0,0,0,0,1.48947828942428e-07,1.79994395359917e-07,2.14346366485508e-07,2.38508279147034e-07,4.20713926842877e-07,4.24216964722728e-07,4.33118871110395e-07,4.60368098782312e-07,0,0,0,0,0,0,0,0,0
121,5.76650497599185e-08,1.30827679604928e-07,1.17885949277759e-07,1.06208522890091e-07,1.44579468248153e-07,1.40708685814085e-07,1.36133126115784e-07,1.32403478516732e-07,0,0,0,0,0,0,0,0,1.32305931916335e-07,1.30827679604928e-07,1.17885949277759e-07,1.06208522890091e-07,1.44579468248153e-07,1.40708685814085e-07,1.36133126115784e-07,1.32403478516732e-07,0,0,0,0,0,0,0,0,0,4.98260081868509e-08,1.1975425684493e-07,1.11628819804635e-07,1.0160816758791e-07,1.36427339138761e-07,1.24936855653765e-07,1.16626158586837e-07,1.0348562354306e-07,0,0,0,0,0,0,0,0,1.14320138008697e-07,1.1975425684493e-07,1.11628819804635e-07,1.0160816758791e-07,1.36427339138761e-07,1.24936855653765e-07,1.16626158586837e-07,1.0348562354306e-07,0,0,0,0,0,0,0,0,0,6.18241211296556e-08,1.37081915407712e-07,1.21386000312985e-07,1.09962447124915e-07,1.51096205589522e-07,1.47161558029269e-07,1.43789936578095e-07,1.43567415480322e-07,0,0,0,0,0,0,0,0,1.41848450578342e-07,1.37081915407712e-07,1.21386000312985e-07,1.09962447124915e-07,1.51096205589522e-07,1.47161558029269e-07,1.43789936578095e-07,1.43567415480322e-07,0,0,0,0,0,0,0,0,0,4.33232303691476e-08,1.06935419233834e-07,1.03980570581534e-07,9.77445974189008e-08,1.3042782456893e-07,1.1370336797251e-07,1.0429698405514e-07,9.27236780345418e-08,0,0,0,0,0,0,0,0,9.94002500904843e-08,1.06935419233834e-07,1.03980570581534e-07,9.77445974189008e-08,1.3042782456893e-07,1.1370336797251e-07,1.0429698405514e-07,9.27236780345418e-08,0,0,0,0,0,0,0,0,0,6.69111783218665e-08,1.41547377960686e-07,1.23789737775916e-07,1.12519289174325e-07,1.55431151106151e-07,1.50804153577512e-07,1.48060923207988e-07,1.48602610774369e-07,0,0,0,0,0,0,0,0,1.53520127709105e-07,1.41547377960686e-07,1.23789737775916e-07,1.12519289174325e-07,1.55431151106151e-07,1.50804153577512e-07,1.48060923207988e-07,1.48602610774369e-07,0,0,0,0,0,0,0,0,0
122,7.67222271661994e-09,3.94152207638127e-08,6.91762783359132e-08,9.84007337100388e-08,2.08408261952787e-07,3.15682121388593e-07,3.81835687505906e-07,4.60573471921836e-07,0,0,0,0,0,0,0,0,1.76030469169495e-08,3.94152207638127e-08,6.91762783359132e-08,9.84007337100388e-08,2.08408261952787e-07,3.15682121388593e-07,3.81835687505906e-07,4.60573471921836e-07,0,0,0,0,0,0,0,0,0,7.08453362173369e-09,3.79340845003177e-08,6.70009431693155e-08,9.52348452211088e-08,2.03164858876817e-07,3.06029671303027e-07,3.70927587718396e-07,4.45982582164632e-07,0,0,0,0,0,0,0,0,1.62546607853201e-08,3.79340845003177e-08,6.70009431693155e-08,9.52348452211088e-08,2.03164858876817e-07,3.06029671303027e-07,3.70927587718396e-07,4.45982582164632e-07,0,0,0,0,0,0,0,0,0,8.27734365776379e-09,4.11514232346951e-08,7.15886474424445e-08,1.01895059842358e-07,2.13538782796457e-07,3.26292456060051e-07,3.92256134150233e-07,4.74433215426451e-07,0,0,0,0,0,0,0,0,1.89914284474164e-08,4.11514232346951e-08,7.15886474424445e-08,1.01895059842358e-07,2.13538782796457e-07,3.26292456060051e-07,3.92256134150233e-07,4.74433215426451e-07,0,0,0,0,0,0,0,0,0,6.81315523270936e-09,3.70811874400481e-08,6.53231372063802e-08,9.29903858311135e-08,2.00264198440443e-07,3.00150380037907e-07,3.6380969847158e-07,4.33728622318708e-07,0,0,0,0,0,0,0,0,1.56320137779681e-08,3.70811874400481e-08,6.53231372063802e-08,9.29903858311135e-08,2.00264198440443e-07,3.00150380037907e-07,3.6380969847158e-07,4.33728622318708e-07,0,0,0,0,0,0,0,0,0,8.78496573237615e-09,4.24440555717014e-08,7.28504617660396e-08,1.03803183324595e-07,2.17206263700747e-07,3.31766753129777e-07,3.99758904362171e-07,4.86319498768733e-07,0,0,0,0,0,0,0,0,2.01561098605516e-08,4.24440555717014e-08,7.28504617660396e-08,1.03803183324595e-07,2.17206263700747e-07,3.31766753129777e-07,3.99758904362171e-07,4.86319498768733e-07,0,0,0,0,0,0,0,0,0
123,1.12469175710499e-08,1.45686642362086e-07,1.82684837310542e-07,1.96041845537464e-07,1.89222701087316e-07,2.32354771904649e-07,2.00620250438402e-07,1.84776701569864e-07,0,0,0,0,0,0,0,0,5.41494481586344e-08,1.45686642362086e-07,1.82684837310542e-07,1.96041845537464e-07,1.89222701087316e-07,2.32354771904649e-07,2.00620250438402e-07,1.84776701569864e-07,0,0,0,0,0,0,0,0,0,1.05389253459853e-08,1.38546784400152e-07,1.76057146993004e-07,1.89085601356976e-07,1.81845242868986e-07,2.21318142774635e-07,1.89368014521266e-07,1.73502602719012e-07,0,0,0,0,0,0,0,0,5.07407463480569e-08,1.38546784400152e-07,1.76057146993004e-07,1.89085601356976e-07,1.81845242868986e-07,2.21318142774635e-07,1.89368014521266e-07,1.73502602719012e-07,0,0,0,0,0,0,0,0,0,1.20118510486516e-08,1.52719960470566e-07,1.89918592588942e-07,2.03433600216295e-07,1.97332553240783e-07,2.42900793641664e-07,2.1031570238193e-07,1.95477249151815e-07,0,0,0,0,0,0,0,0,5.7832299520221e-08,1.52719960470566e-07,1.89918592588942e-07,2.03433600216295e-07,1.97332553240783e-07,2.42900793641664e-07,2.1031570238193e-07,1.95477249151815e-07,0,0,0,0,0,0,0,0,0,9.81632232742149e-09,1.30048551699423e-07,1.69868054783964e-07,1.82311632137057e-07,1.74803636013042e-07,2.13077203400532e-07,1.80476426050634e-07,1.6377652963659e-07,0,0,0,0,0,0,0,0,4.72616993606662e-08,1.30048551699423e-07,1.69868054783964e-07,1.82311632137057e-07,1.74803636013042e-07,2.13077203400532e-07,1.80476426050634e-07,1.6377652963659e-07,0,0,0,0,0,0,0,0,0,1.26093153197757e-08,1.58841277123785e-07,1.95214434031253e-07,2.0768039277266e-07,2.01934295604545e-07,2.50225219061607e-07,2.18959535674413e-07,2.09170262091114e-07,0,0,0,0,0,0,0,0,6.07088530622468e-08,1.58841277123785e-07,1.95214434031253e-07,2.0768039277266e-07,2.01934295604545e-07,2.50225219061607e-07,2.18959535674413e-07,2.09170262091114e-07,0,0,0,0,0,0,0,0,0
124,1.415774579896e-09,2.98546774640158e-08,5.78335190398963e-08,7.70801212957045e-08,1.03695588651089e-07,2.32976658624774e-07,2.59000997858988e-07,2.94558199283445e-07,0,0,0,0,0,0,0,0,6.8163931792055e-09,2.98546774640158e-08,5.78335190398963e-08,7.70801212957045e-08,1.03695588651089e-07,2.32976658624774e-07,2.59000997858988e-07,2.94558199283445e-07,0,0,0,0,0,0,0,0,0,1.30640660009998e-09,2.83026929346247e-08,5.56271543508584e-08,7.44089433707763e-08,1.00121246885624e-07,2.23673586737928e-07,2.4664335121187e-07,2.79862479430782e-07,0,0,0,0,0,0,0,0,6.28982972617341e-09,2.83026929346247e-08,5.56271543508584e-08,7.44089433707763e-08,1.00121246885624e-07,2.23673586737928e-07,2.4664335121187e-07,2.79862479430782e-07,0,0,0,0,0,0,0,0,0,1.57505267685922e-09,3.22831722762668e-08,6.07177883862007e-08,8.00983136020718e-08,1.07491477938174e-07,2.42305166391774e-07,2.69774910951641e-07,3.08389702682811e-07,0,0,0,0,0,0,0,0,7.58325405462584e-09,3.22831722762668e-08,6.07177883862007e-08,8.00983136020718e-08,1.07491477938174e-07,2.42305166391774e-07,2.69774910951641e-07,3.08389702682811e-07,0,0,0,0,0,0,0,0,0,1.23992328465078e-09,2.73431190659978e-08,5.41850341227157e-08,7.28537684809569e-08,9.7826964844347e-08,2.14723479067355e-07,2.36081691395313e-07,2.68122584499221e-07,0,0,0,0,0,0,0,0,5.96973892613081e-09,2.73431190659978e-08,5.41850341227157e-08,7.28537684809569e-08,9.7826964844347e-08,2.14723479067355e-07,2.36081691395313e-07,2.68122584499221e-07,0,0,0,0,0,0,0,0,0,1.71534056307686e-09,3.41344349413813e-08,6.27994325629017e-08,8.2238610563152e-08,1.10202062153347e-07,2.49946837993373e-07,2.78681602221918e-07,3.18287465013636e-07,0,0,0,0,0,0,0,0,8.25868459584185e-09,3.41344349413813e-08,6.27994325629017e-08,8.2238610563152e-08,1.10202062153347e-07,2.49946837993373e-07,2.78681602221918e-07,3.18287465013636e-07,0,0,0,0,0,0,0,0,0
125,7.73446421597234e-112,1.20093982414823e-09,8.85879741187906e-08,1.00870418668512e-07,1.04588356496171e-07,1.42859754585493e-07,2.3110382626687e-07,2.26264030090264e-07,0,0,0,0,0,0,0,0,8.8232647046413e-103,3.48262338742377e-08,8.85879741187906e-08,1.00870418668512e-07,1.04588356496171e-07,1.42859754585493e-07,2.3110382626687e-07,2.26264030090264e-07,0,0,0,0,0,0,0,0,0,5.78009294423357e-112,1.10946735705765e-09,8.51216266841817e-08,9.80905941877943e-08,1.01952113636272e-07,1.37527808655742e-07,2.15851140025796e-07,2.09284314447232e-07,0,0,0,0,0,0,0,0,6.59377154516848e-103,3.2173610097514e-08,8.51216266841817e-08,9.80905941877943e-08,1.01952113636272e-07,1.37527808655742e-07,2.15851140025796e-07,2.09284314447232e-07,0,0,0,0,0,0,0,0,0,1.0622144083025e-111,1.3234199423342e-09,9.18650602250395e-08,1.03419146944759e-07,1.07349342182073e-07,1.47819548129497e-07,2.44405098639552e-07,2.40651815532022e-07,0,0,0,0,0,0,0,0,1.21174507190589e-102,3.8378053170358e-08,9.18650602250395e-08,1.03419146944759e-07,1.07349342182073e-07,1.47819548129497e-07,2.44405098639552e-07,2.40651815532022e-07,0,0,0,0,0,0,0,0,0,4.98682017808099e-112,1.04751627154858e-09,8.17564110539485e-08,9.58455038228828e-08,9.99483374348277e-08,1.32710570826919e-07,2.05921139965979e-07,1.99485267139045e-07,0,0,0,0,0,0,0,0,5.68882772445842e-103,3.03770812878945e-08,8.17564110539485e-08,9.58455038228828e-08,9.99483374348277e-08,1.32710570826919e-07,2.05921139965979e-07,1.99485267139045e-07,0,0,0,0,0,0,0,0,0,1.15710898961831e-111,1.45761643145069e-09,9.40327661551326e-08,1.05331595318981e-07,1.09447361213686e-07,1.50924943004303e-07,2.50894435002592e-07,2.49533749017472e-07,0,0,0,0,0,0,0,0,1.319998208336e-102,4.22696372623314e-08,9.40327661551326e-08,1.05331595318981e-07,1.09447361213686e-07,1.50924943004303e-07,2.50894435002592e-07,2.49533749017472e-07,0,0,0,0,0,0,0,0,0
126,7.40261228813968e-09,8.60405621819476e-08,1.41217947885634e-07,1.76488338867531e-07,2.22115854557772e-07,4.62173488648449e-07,5.07397518773644e-07,5.73495247237425e-07,0,0,0,0,0,0,0,0,2.66122898388554e-08,8.60405621819476e-08,1.41217947885634e-07,1.76488338867531e-07,2.22115854557772e-07,4.62173488648449e-07,5.07397518773644e-07,5.73495247237425e-07,0,0,0,0,0,0,0,0,0,6.27778091859733e-09,7.66818045040018e-08,1.29490963230167e-07,1.65131602523473e-07,2.09006425271059e-07,4.46543927161613e-07,4.92465689414818e-07,5.46679442478724e-07,0,0,0,0,0,0,0,0,2.25685364635695e-08,7.66818045040018e-08,1.29490963230167e-07,1.65131602523473e-07,2.09006425271059e-07,4.46543927161613e-07,4.92465689414818e-07,5.46679442478724e-07,0,0,0,0,0,0,0,0,0,8.31125857801434e-09,9.12462023846119e-08,1.48944472567493e-07,1.85327916210643e-07,2.33903945978869e-07,4.76631130623638e-07,5.24033781144166e-07,5.91816200799161e-07,0,0,0,0,0,0,0,0,2.98788608121708e-08,9.12462023846119e-08,1.48944472567493e-07,1.85327916210643e-07,2.33903945978869e-07,4.76631130623638e-07,5.24033781144166e-07,5.91816200799161e-07,0,0,0,0,0,0,0,0,0,3.78591436459246e-09,5.40304741089603e-08,1.0584414907488e-07,1.43974108705031e-07,1.96501109706817e-07,4.34118408311022e-07,4.81020713758263e-07,5.28009722517143e-07,0,0,0,0,0,0,0,0,1.36103103139743e-08,5.40304741089603e-08,1.0584414907488e-07,1.43974108705031e-07,1.96501109706817e-07,4.34118408311022e-07,4.81020713758263e-07,5.28009722517143e-07,0,0,0,0,0,0,0,0,0,8.81578122161349e-09,9.53214280529758e-08,1.54532703708511e-07,1.90157057693408e-07,2.38533384884582e-07,4.88481560681467e-07,5.36041255071737e-07,6.0837462662209e-07,0,0,0,0,0,0,0,0,3.16926128093189e-08,9.53214280529758e-08,1.54532703708511e-07,1.90157057693408e-07,2.38533384884582e-07,4.88481560681467e-07,5.36041255071737e-07,6.0837462662209e-07,0,0,0,0,0,0,0,0,0
127,2.11741759797205e-07,3.58124712405824e-07,4.79082703626297e-07,6.03258622477525e-07,1.30528202522486e-06,1.66740289520581e-06,1.85183412831286e-06,2.07316585635969e-06,0,0,0,0,0,0,0,0,2.11741759797205e-07,3.58124712405824e-07,4.79082703626297e-07,6.03258622477525e-07,1.30528202522486e-06,1.66740289520581e-06,1.85183412831286e-06,2.07316585635969e-06,0,0,0,0,0,0,0,0,0,2.00010408844648e-07,3.42844450650682e-07,4.4685447796276e-07,5.71338346741253e-07,1.26236492091635e-06,1.60030383791303e-06,1.7819243015343e-06,2.00057336738383e-06,0,0,0,0,0,0,0,0,2.00010408844648e-07,3.42844450650682e-07,4.4685447796276e-07,5.71338346741253e-07,1.26236492091635e-06,1.60030383791303e-06,1.7819243015343e-06,2.00057336738383e-06,0,0,0,0,0,0,0,0,0,2.42057989750953e-07,3.86588558023576e-07,5.01625912550475e-07,6.26929424547952e-07,1.36119868019677e-06,1.74633149528111e-06,1.91599966367215e-06,2.16076350006297e-06,0,0,0,0,0,0,0,0,2.42057989750953e-07,3.86588558023576e-07,5.01625912550475e-07,6.26929424547952e-07,1.36119868019677e-06,1.74633149528111e-06,1.91599966367215e-06,2.16076350006297e-06,0,0,0,0,0,0,0,0,0,1.92787988933884e-07,3.30515078348285e-07,4.25912313111562e-07,5.45920897671244e-07,1.23779680924678e-06,1.56230378594905e-06,1.73790445148009e-06,1.95336324828844e-06,0,0,0,0,0,0,0,0,1.92787988933884e-07,3.30515078348285e-07,4.25912313111562e-07,5.45920897671244e-07,1.23779680924678e-06,1.56230378594905e-06,1.73790445148009e-06,1.95336324828844e-06,0,0,0,0,0,0,0,0,0,3.28384937378644e-07,4.27159228299717e-07,5.23246903512516e-07,6.45275627254106e-07,1.40218924638263e-06,1.80809803988603e-06,1.9563317354108e-06,2.2164862272457e-06,0,0,0,0,0,0,0,0,3.28384937378644e-07,4.27159228299717e-07,5.23246903512516e-07,6.45275627254106e-07,1.40218924638263e-06,1.80809803988603e-06,1.9563317354108e-06,2.2164862272457e-06,0,0,0,0,0,0,0,0,0
128,3.1612205272197e-09,1.10870059566055e-08,5.33774153162576e-08,2.25088688745466e-07,4.7661142936113e-07,1.04679753200327e-06,1.71574274970744e-06,2.30232181285134e-06,0,0,0,0,0,0,0,0,3.1612205272197e-09,1.10870059566055e-08,5.33774153162576e-08,2.25088688745466e-07,4.7661142936113e-07,1.04679753200327e-06,1.71574274970744e-06,2.30232181285134e-06,0,0,0,0,0,0,0,0,0,2.71820356175355e-09,1.00303754245873e-08,5.03273005812416e-08,2.17754405315928e-07,4.62719983128294e-07,1.01651188628511e-06,1.66113951476691e-06,2.22122523011229e-06,0,0,0,0,0,0,0,0,2.71820356175355e-09,1.00303754245873e-08,5.03273005812416e-08,2.17754405315928e-07,4.62719983128294e-07,1.01651188628511e-06,1.66113951476691e-06,2.22122523011229e-06,0,0,0,0,0,0,0,0,0,3.50324630763382e-09,1.18796167670096e-08,5.57388092318365e-08,2.32543022316532e-07,4.94951097955105e-07,1.08295745579557e-06,1.76786755551073e-06,2.38449546456076e-06,0,0,0,0,0,0,0,0,3.50324630763382e-09,1.18796167670096e-08,5.57388092318365e-08,2.32543022316532e-07,4.94951097955105e-07,1.08295745579557e-06,1.76786755551073e-06,2.38449546456076e-06,0,0,0,0,0,0,0,0,0,2.47949867893217e-09,9.35792799100304e-09,4.82344098662921e-08,2.10918518053254e-07,4.51716297537258e-07,9.97122539618195e-07,1.61989416753919e-06,2.14917816713134e-06,0,0,0,0,0,0,0,0,2.47949867893217e-09,9.35792799100304e-09,4.82344098662921e-08,2.10918518053254e-07,4.51716297537258e-07,9.97122539618195e-07,1.61989416753919e-06,2.14917816713134e-06,0,0,0,0,0,0,0,0,0,3.67952579283263e-09,1.24425690925563e-08,5.73701700222854e-08,2.38515891419528e-07,5.0935232201339e-07,1.10890706865692e-06,1.79999040875121e-06,2.43587337609531e-06,0,0,0,0,0,0,0,0,3.67952579283263e-09,1.24425690925563e-08,5.73701700222854e-08,2.38515891419528e-07,5.0935232201339e-07,1.10890706865692e-06,1.79999040875121e-06,2.43587337609531e-06,0,0,0,0,0,0,0,0,0
129,1.33048749543839e-09,6.78698984667008e-09,3.62390079099355e-08,1.73122280995115e-07,5.70349337259541e-07,1.45596641942728e-06,2.73048389285589e-06,4.20271709061268e-06,0,0,0,0,0,0,0,0,1.33048749543839e-09,6.78698984667008e-09,3.62390079099355e-08,1.73122280995115e-07,5.70349337259541e-07,1.45596641942728e-06,2.73048389285589e-06,4.20271709061268e-06,0,0,0,0,0,0,0,0,0,1.18314528178262e-09,6.27507744381232e-09,3.446785680471e-08,1.68225497026805e-07,5.57433497172817e-07,1.40520440580714e-06,2.61056516369018e-06,3.92552919215624e-06,0,0,0,0,0,0,0,0,1.18314528178262e-09,6.27507744381232e-09,3.446785680471e-08,1.68225497026805e-07,5.57433497172817e-07,1.40520440580714e-06,2.61056516369018e-06,3.92552919215624e-06,0,0,0,0,0,0,0,0,0,1.57309677691261e-09,7.63919202060075e-09,3.88122151476648e-08,1.79972363663204e-07,5.85771528230945e-07,1.49244033570869e-06,2.81941315638737e-06,4.38119131851174e-06,0,0,0,0,0,0,0,0,1.57309677691261e-09,7.63919202060075e-09,3.88122151476648e-08,1.79972363663204e-07,5.85771528230945e-07,1.49244033570869e-06,2.81941315638737e-06,4.38119131851174e-06,0,0,0,0,0,0,0,0,0,1.11345018827076e-09,6.02274419836527e-09,3.3873478954105e-08,1.65705539245308e-07,5.46438118383404e-07,1.34397212492401e-06,2.43060704152647e-06,3.62905525204261e-06,0,0,0,0,0,0,0,0,1.11345018827076e-09,6.02274419836527e-09,3.3873478954105e-08,1.65705539245308e-07,5.46438118383404e-07,1.34397212492401e-06,2.43060704152647e-06,3.62905525204261e-06,0,0,0,0,0,0,0,0,0,1.82532504794312e-09,8.56149301948845e-09,4.1328668700383e-08,1.87343414848589e-07,6.02741511711765e-07,1.52404014031293e-06,2.88025153649149e-06,4.48478586751693e-06,0,0,0,0,0,0,0,0,1.82532504794312e-09,8.56149301948845e-09,4.1328668700383e-08,1.87343414848589e-07,6.02741511711765e-07,1.52404014031293e-06,2.88025153649149e-06,4.48478586751693e-06,0,0,0,0,0,0,0,0,0
130,2.4410179779413e-08,5.10662288288386e-08,9.46425915918492e-08,2.10462785416875e-07,3.90913337553935e-07,5.49634043223185e-07,7.53231768976159e-07,9.21663473320834e-07,0,0,0,0,0,0,0,0,2.4410179779413e-08,5.10662288288386e-08,9.46425915918492e-08,2.10462785416875e-07,3.90913337553935e-07,5.49634043223185e-07,7.53231768976159e-07,9.21663473320834e-07,0,0,0,0,0,0,0,0,0,2.27937903760319e-08,4.89046637973761e-08,9.20611484337933e-08,2.05197270454819e-07,3.80113756632641e-07,5.31299198157461e-07,7.13915327474858e-07,8.41195715388214e-07,0,0,0,0,0,0,0,0,2.27937903760319e-08,4.89046637973761e-08,9.20611484337933e-08,2.05197270454819e-07,3.80113756632641e-07,5.31299198157461e-07,7.13915327474858e-07,8.41195715388214e-07,0,0,0,0,0,0,0,0,0,2.64554819377808e-08,5.35916576737905e-08,9.76630898071991e-08,2.15926155514341e-07,4.01462619911802e-07,5.66187505101336e-07,7.80575083648669e-07,9.65355611725824e-07,0,0,0,0,0,0,0,0,2.64554819377808e-08,5.35916576737905e-08,9.76630898071991e-08,2.15926155514341e-07,4.01462619911802e-07,5.66187505101336e-07,7.80575083648669e-07,9.65355611725824e-07,0,0,0,0,0,0,0,0,0,2.18375113644437e-08,4.75283393418271e-08,9.04418265698108e-08,2.01342260011516e-07,3.69194122065876e-07,5.14013142176795e-07,6.82479615729302e-07,7.88352022254479e-07,0,0,0,0,0,0,0,0,2.18375113644437e-08,4.75283393418271e-08,9.04418265698108e-08,2.01342260011516e-07,3.69194122065876e-07,5.14013142176795e-07,6.82479615729302e-07,7.88352022254479e-07,0,0,0,0,0,0,0,0,0,2.79474225509251e-08,5.58281013816557e-08,1.00268956138988e-07,2.19827251116414e-07,4.08142536185512e-07,5.79102857743598e-07,7.98204182385362e-07,9.87096779954651e-07,0,0,0,0,0,0,0,0,2.79474225509251e-08,5.58281013816557e-08,1.00268956138988e-07,2.19827251116414e-07,4.08142536185512e-07,5.79102857743598e-07,7.98204182385362e-07,9.87096779954651e-07,0,0,0,0,0,0,0,0,0
131,3.10096114159669e-08,3.43109991505527e-08,4.43982667621988e-08,9.66078311504516e-08,1.4132090610819e-07,1.67719591126839e-07,1.80491744213889e-07,1.73733149215487e-07,0,0,0,0,0,0,0,0,3.10096114159669e-08,3.43109991505527e-08,4.43982667621988e-08,9.66078311504516e-08,1.4132090610819e-07,1.67719591126839e-07,1.80491744213889e-07,1.73733149215487e-07,0,0,0,0,0,0,0,0,0,2.69926381644128e-08,3.22419915861825e-08,4.28892055934037e-08,9.36640611813229e-08,1.37394051384559e-07,1.62756416732839e-07,1.73528402278818e-07,1.63395953869016e-07,0,0,0,0,0,0,0,0,2.69926381644128e-08,3.22419915861825e-08,4.28892055934037e-08,9.36640611813229e-08,1.37394051384559e-07,1.62756416732839e-07,1.73528402278818e-07,1.63395953869016e-07,0,0,0,0,0,0,0,0,0,3.40239118622057e-08,3.63629988033539e-08,4.60300549016518e-08,9.97778385237933e-08,1.45079143082732e-07,1.73148704648646e-07,1.88578996281125e-07,1.8712200488117e-07,0,0,0,0,0,0,0,0,3.40239118622057e-08,3.63629988033539e-08,4.60300549016518e-08,9.97778385237933e-08,1.45079143082732e-07,1.73148704648646e-07,1.88578996281125e-07,1.8712200488117e-07,0,0,0,0,0,0,0,0,0,2.38624356279073e-08,3.08883404659889e-08,4.14766171308493e-08,9.07532468710619e-08,1.33536916663002e-07,1.5955084929392e-07,1.68412860977357e-07,1.55668183917617e-07,0,0,0,0,0,0,0,0,2.38624356279073e-08,3.08883404659889e-08,4.14766171308493e-08,9.07532468710619e-08,1.33536916663002e-07,1.5955084929392e-07,1.68412860977357e-07,1.55668183917617e-07,0,0,0,0,0,0,0,0,0,3.53696030476746e-08,3.76910941231835e-08,4.73139059919058e-08,1.01921117946631e-07,1.47688932317329e-07,1.77182720382741e-07,1.96372706458259e-07,2.0090752669455e-07,0,0,0,0,0,0,0,0,3.53696030476746e-08,3.76910941231835e-08,4.73139059919058e-08,1.01921117946631e-07,1.47688932317329e-07,1.77182720382741e-07,1.96372706458259e-07,2.0090752669455e-07,0,0,0,0,0,0,0,0,0
132,1.05536642773083e-07,1.74710817424059e-07,2.44438184655269e-07,3.05249742876963e-07,6.24489152304957e-07,7.51969127314249e-07,8.58048942113133e-07,1.0017517391251e-06,0,0,0,0,0,0,0,0,1.05536642773083e-07,1.74710817424059e-07,2.44438184655269e-07,3.05249742876963e-07,6.24489152304957e-07,7.51969127314249e-07,8.58048942113133e-07,1.0017517391251e-06,0,0,0,0,0,0,0,0,0,9.2651921736547e-08,1.59506584207103e-07,2.34281021690481e-07,2.93193942100131e-07,6.04075243367057e-07,7.28032749492247e-07,8.33517122059579e-07,9.52260228196607e-07,0,0,0,0,0,0,0,0,9.2651921736547e-08,1.59506584207103e-07,2.34281021690481e-07,2.93193942100131e-07,6.04075243367057e-07,7.28032749492247e-07,8.33517122059579e-07,9.52260228196607e-07,0,0,0,0,0,0,0,0,0,1.33140676465266e-07,1.91678398254086e-07,2.53723102186644e-07,3.15312439622366e-07,6.50312200020658e-07,7.94345932771106e-07,8.87940726297165e-07,1.03797921462676e-06,0,0,0,0,0,0,0,0,1.33140676465266e-07,1.91678398254086e-07,2.53723102186644e-07,3.15312439622366e-07,6.50312200020658e-07,7.94345932771106e-07,8.87940726297165e-07,1.03797921462676e-06,0,0,0,0,0,0,0,0,0,8.95893947895764e-08,1.52188438704806e-07,2.20870350876577e-07,2.80441483864907e-07,5.92838254843459e-07,7.12604840465228e-07,8.18006175588633e-07,9.09229611848628e-07,0,0,0,0,0,0,0,0,8.95893947895764e-08,1.52188438704806e-07,2.20870350876577e-07,2.80441483864907e-07,5.92838254843459e-07,7.12604840465228e-07,8.18006175588633e-07,9.09229611848628e-07,0,0,0,0,0,0,0,0,0,1.43667644552213e-07,1.99985620357911e-07,2.59445999466546e-07,3.22333751902758e-07,6.72607756738722e-07,8.29154759997807e-07,9.18036895756845e-07,1.0627315816555e-06,0,0,0,0,0,0,0,0,1.43667644552213e-07,1.99985620357911e-07,2.59445999466546e-07,3.22333751902758e-07,6.72607756738722e-07,8.29154759997807e-07,9.18036895756845e-07,1.0627315816555e-06,0,0,0,0,0,0,0,0,0
133,4.33551081174917e-09,2.70518218588422e-08,3.65312871162299e-08,3.93048735521549e-08,5.52338513712237e-08,1.05836611941246e-07,1.11231912889552e-07,1.22597798040263e-07,0,0,0,0,0,0,0,0,9.94733899771164e-09,2.70518218588422e-08,3.65312871162299e-08,3.93048735521549e-08,5.52338513712237e-08,1.05836611941246e-07,1.11231912889552e-07,1.22597798040263e-07,0,0,0,0,0,0,0,0,0,3.46611058419092e-09,2.38862729564382e-08,3.49398825576409e-08,3.78708540318366e-08,5.32195170397922e-08,1.00015734370752e-07,1.04226556469026e-07,1.14185118564657e-07,0,0,0,0,0,0,0,0,7.95259854757297e-09,2.38862729564382e-08,3.49398825576409e-08,3.78708540318366e-08,5.32195170397922e-08,1.00015734370752e-07,1.04226556469026e-07,1.14185118564657e-07,0,0,0,0,0,0,0,0,0,5.74552485049232e-09,2.99679560356501e-08,3.82568850989901e-08,4.03885985154221e-08,5.69479485192457e-08,1.10208966076943e-07,1.16313381501462e-07,1.29824838632666e-07,0,0,0,0,0,0,0,0,1.31824566675605e-08,2.99679560356501e-08,3.82568850989901e-08,4.03885985154221e-08,5.69479485192457e-08,1.10208966076943e-07,1.16313381501462e-07,1.29824838632666e-07,0,0,0,0,0,0,0,0,0,3.31669797218329e-09,2.28896348632982e-08,3.37652136405707e-08,3.68517884661863e-08,5.18839436989026e-08,9.15664549935328e-08,9.7280953606545e-08,1.02461539243267e-07,0,0,0,0,0,0,0,0,7.60978821524819e-09,2.28896348632982e-08,3.37652136405707e-08,3.68517884661863e-08,5.18839436989026e-08,9.15664549935328e-08,9.7280953606545e-08,1.02461539243267e-07,0,0,0,0,0,0,0,0,0,6.60547977637112e-09,3.14233260858968e-08,3.91526328553015e-08,4.12702132020186e-08,5.82814118872469e-08,1.13863664015565e-07,1.2059187741669e-07,1.36732607655852e-07,0,0,0,0,0,0,0,0,1.51555259417246e-08,3.14233260858968e-08,3.91526328553015e-08,4.12702132020186e-08,5.82814118872469e-08,1.13863664015565e-07,1.2059187741669e-07,1.36732607655852e-07,0,0,0,0,0,0,0,0,0
134,3.38366963419487e-08,1.07086866453344e-07,9.7790438352966e-08,9.03456409351557e-08,9.58575479409839e-08,1.24707998113796e-07,1.10567271552814e-07,1.03404560193564e-07,0,0,0,0,0,0,0,0,7.76344711593965e-08,1.07086866453344e-07,9.7790438352966e-08,9.03456409351557e-08,9.58575479409839e-08,1.24707998113796e-07,1.10567271552814e-07,1.03404560193564e-07,0,0,0,0,0,0,0,0,0,3.12890939627198e-08,1.0127760859687e-07,9.47094477804244e-08,8.79695181250538e-08,9.30505351026981e-08,1.19831657064204e-07,1.05681729013848e-07,9.80296145771782e-08,0,0,0,0,0,0,0,0,7.17892857595837e-08,1.0127760859687e-07,9.47094477804244e-08,8.79695181250538e-08,9.30505351026981e-08,1.19831657064204e-07,1.05681729013848e-07,9.80296145771782e-08,0,0,0,0,0,0,0,0,0,3.64994167955749e-08,1.11976118899311e-07,1.00624578336337e-07,9.28777500138798e-08,9.8809234303884e-08,1.30830939215034e-07,1.1734890788604e-07,1.11067721055103e-07,0,0,0,0,0,0,0,0,8.37437819553886e-08,1.11976118899311e-07,1.00624578336337e-07,9.28777500138798e-08,9.8809234303884e-08,1.30830939215034e-07,1.1734890788604e-07,1.11067721055103e-07,0,0,0,0,0,0,0,0,0,2.9013223322374e-08,9.63832887885663e-08,9.16636925817006e-08,8.61119906610046e-08,9.15312693158633e-08,1.1736455452614e-07,1.02579075898258e-07,9.43319093140733e-08,0,0,0,0,0,0,0,0,6.65675580883927e-08,9.63832887885663e-08,9.16636925817006e-08,8.61119906610046e-08,9.15312693158633e-08,1.1736455452614e-07,1.02579075898258e-07,9.43319093140733e-08,0,0,0,0,0,0,0,0,0,3.84382167494754e-08,1.15206040836409e-07,1.0257073473914e-07,9.44579983334461e-08,1.01150703114433e-07,1.38911146007391e-07,1.27990141191878e-07,1.23914777608251e-07,0,0,0,0,0,0,0,0,8.81921390758303e-08,1.15206040836409e-07,1.0257073473914e-07,9.44579983334461e-08,1.01150703114433e-07,1.38911146007391e-07,1.27990141191878e-07,1.23914777608251e-07,0,0,0,0,0,0,0,0,0
135,9.97691301008488e-09,8.88751763560185e-08,1.23179254142242e-07,1.41811502701483e-07,1.57650572357702e-07,2.71809491366105e-07,2.65555493947776e-07,2.6679501669808e-07,0,0,0,0,0,0,0,0,3.58668656937252e-08,8.88751763560185e-08,1.23179254142242e-07,1.41811502701483e-07,1.57650572357702e-07,2.71809491366105e-07,2.65555493947776e-07,2.6679501669808e-07,0,0,0,0,0,0,0,0,0,9.39070411254715e-09,8.50984196223825e-08,1.19309709243902e-07,1.37476906160443e-07,1.52955808016275e-07,2.62934561831527e-07,2.5395493502646e-07,2.52927270879551e-07,0,0,0,0,0,0,0,0,3.37594527319003e-08,8.50984196223825e-08,1.19309709243902e-07,1.37476906160443e-07,1.52955808016275e-07,2.62934561831527e-07,2.5395493502646e-07,2.52927270879551e-07,0,0,0,0,0,0,0,0,0,1.06744286298602e-08,9.37178302484586e-08,1.2745438804939e-07,1.46203986148782e-07,1.62572697012944e-07,2.82297172344177e-07,2.76466375978258e-07,2.79715752071776e-07,0,0,0,0,0,0,0,0,3.83744247982768e-08,9.37178302484586e-08,1.2745438804939e-07,1.46203986148782e-07,1.62572697012944e-07,2.82297172344177e-07,2.76466375978258e-07,2.79715752071776e-07,0,0,0,0,0,0,0,0,0,9.03856632667777e-09,8.25577939046054e-08,1.16637875418232e-07,1.35028643186003e-07,1.49978417649858e-07,2.57500019954286e-07,2.47458005973788e-07,2.45312344336078e-07,0,0,0,0,0,0,0,0,3.249352221224e-08,8.25577939046054e-08,1.16637875418232e-07,1.35028643186003e-07,1.49978417649858e-07,2.57500019954286e-07,2.47458005973788e-07,2.45312344336078e-07,0,0,0,0,0,0,0,0,0,1.12983656597677e-08,9.75306091296783e-08,1.30926036448318e-07,1.48868607689785e-07,1.66104306621884e-07,2.89283148255864e-07,2.84798740395981e-07,2.89191712277544e-07,0,0,0,0,0,0,0,0,4.06174698794971e-08,9.75306091296783e-08,1.30926036448318e-07,1.48868607689785e-07,1.66104306621884e-07,2.89283148255864e-07,2.84798740395981e-07,2.89191712277544e-07,0,0,0,0,0,0,0,0,0
136,1.00162027319019e-07,2.10975619692626e-07,9.09878211854191e-07,1.60583175189262e-06,2.55431108132761e-06,4.28950158606873e-06,5.39230452150365e-06,6.66701831192813e-06,0,0,0,0,0,0,0,0,1.00162027319019e-07,2.10975619692626e-07,9.09878211854191e-07,1.60583175189262e-06,2.55431108132761e-06,4.28950158606873e-06,5.39230452150365e-06,6.66701831192813e-06,0,0,0,0,0,0,0,0,0,9.56946710480428e-08,2.04020528382185e-07,8.88897820420388e-07,1.56859634463454e-06,2.48603121659056e-06,4.14462000395407e-06,5.17977338276037e-06,6.37674840296476e-06,0,0,0,0,0,0,0,0,9.56946710480428e-08,2.04020528382185e-07,8.88897820420388e-07,1.56859634463454e-06,2.48603121659056e-06,4.14462000395407e-06,5.17977338276037e-06,6.37674840296476e-06,0,0,0,0,0,0,0,0,0,1.04002372509529e-07,2.1678567231935e-07,9.31970795672773e-07,1.6475178889318e-06,2.62657173586871e-06,4.4220036331369e-06,5.58260656399736e-06,6.92589039086208e-06,0,0,0,0,0,0,0,0,1.04002372509529e-07,2.1678567231935e-07,9.31970795672773e-07,1.6475178889318e-06,2.62657173586871e-06,4.4220036331369e-06,5.58260656399736e-06,6.92589039086208e-06,0,0,0,0,0,0,0,0,0,9.25174539446767e-08,1.99043511960217e-07,8.71722982058923e-07,1.54302248223951e-06,2.43680187508469e-06,4.04604502538956e-06,5.04211473807699e-06,6.19223358697353e-06,0,0,0,0,0,0,0,0,9.25174539446767e-08,1.99043511960217e-07,8.71722982058923e-07,1.54302248223951e-06,2.43680187508469e-06,4.04604502538956e-06,5.04211473807699e-06,6.19223358697353e-06,0,0,0,0,0,0,0,0,0,1.06337148636917e-07,2.20875909923429e-07,9.48392822238189e-07,1.67619484882254e-06,2.67757365580317e-06,4.51719802370168e-06,5.69341287562578e-06,7.07632850432336e-06,0,0,0,0,0,0,0,0,1.06337148636917e-07,2.20875909923429e-07,9.48392822238189e-07,1.67619484882254e-06,2.67757365580317e-06,4.51719802370168e-06,5.69341287562578e-06,7.07632850432336e-06,0,0,0,0,0,0,0,0,0
137,1.97240464581502e-07,2.21906151514368e-07,3.12469020359969e-07,6.59401873092687e-07,7.17376658495819e-07,7.90946960004662e-07,8.1926851538081e-07,7.98639703922539e-07,0,0,0,0,0,0,0,0,1.97240464581502e-07,2.21906151514368e-07,3.12469020359969e-07,6.59401873092687e-07,7.17376658495819e-07,7.90946960004662e-07,8.1926851538081e-07,7.98639703922539e-07,0,0,0,0,0,0,0,0,0,1.86349228010325e-07,2.10824403471493e-07,3.02388398126243e-07,6.321763485896e-07,6.83640338042613e-07,7.6029944714821e-07,7.8963832688029e-07,7.58769375287136e-07,0,0,0,0,0,0,0,0,1.86349228010325e-07,2.10824403471493e-07,3.02388398126243e-07,6.321763485896e-07,6.83640338042613e-07,7.6029944714821e-07,7.8963832688029e-07,7.58769375287136e-07,0,0,0,0,0,0,0,0,0,2.12020643264065e-07,2.33229479481404e-07,3.2436711485422e-07,6.89397777525598e-07,7.4451584701157e-07,8.18419666107796e-07,8.48197087674775e-07,8.31245622742535e-07,0,0,0,0,0,0,0,0,2.12020643264065e-07,2.33229479481404e-07,3.2436711485422e-07,6.89397777525598e-07,7.4451584701157e-07,8.18419666107796e-07,8.48197087674775e-07,8.31245622742535e-07,0,0,0,0,0,0,0,0,0,1.80534967790014e-07,2.038304783242e-07,2.9574864125113e-07,6.1449270895778e-07,6.63288343525563e-07,7.3916424746614e-07,7.61262301753771e-07,7.17847404212882e-07,0,0,0,0,0,0,0,0,1.80534967790014e-07,2.038304783242e-07,2.9574864125113e-07,6.1449270895778e-07,6.63288343525563e-07,7.3916424746614e-07,7.61262301753771e-07,7.17847404212882e-07,0,0,0,0,0,0,0,0,0,2.24680590693595e-07,2.4309422701941e-07,3.33481913057648e-07,7.05507753869529e-07,7.60228118985436e-07,8.3976928961002e-07,8.67437908540643e-07,8.58466319557116e-07,0,0,0,0,0,0,0,0,2.24680590693595e-07,2.4309422701941e-07,3.33481913057648e-07,7.05507753869529e-07,7.60228118985436e-07,8.3976928961002e-07,8.67437908540643e-07,8.58466319557116e-07,0,0,0,0,0,0,0,0,0
138,4.07086666084568e-07,4.43833512468001e-07,4.30479260038435e-07,6.26642882896048e-07,5.93206393470467e-07,6.31373806622212e-07,7.30405521432819e-07,7.2408039372639e-07,0,0,0,0,0,0,0,0,4.07086666084568e-07,4.43833512468001e-07,4.30479260038435e-07,6.26642882896048e-07,5.93206393470467e-07,6.31373806622212e-07,7.30405521432819e-07,7.2408039372639e-07,0,0,0,0,0,0,0,0,0,3.91313302714604e-07,4.29341259571026e-07,4.18731693681366e-07,6.07325527381441e-07,5.71038932498537e-07,6.06829172890922e-07,7.03596418627534e-07,6.91757080083165e-07,0,0,0,0,0,0,0,0,3.91313302714604e-07,4.29341259571026e-07,4.18731693681366e-07,6.07325527381441e-07,5.71038932498537e-07,6.06829172890922e-07,7.03596418627534e-07,6.91757080083165e-07,0,0,0,0,0,0,0,0,0,4.25287426039081e-07,4.58385425522659e-07,4.4023415445196e-07,6.51303076137309e-07,6.28106150881479e-07,6.61901055113356e-07,7.55187446885963e-07,7.51699641618087e-07,0,0,0,0,0,0,0,0,4.25287426039081e-07,4.58385425522659e-07,4.4023415445196e-07,6.51303076137309e-07,6.28106150881479e-07,6.61901055113356e-07,7.55187446885963e-07,7.51699641618087e-07,0,0,0,0,0,0,0,0,0,3.79045276468326e-07,4.19656906439566e-07,4.11380794975558e-07,5.96344644297507e-07,5.59370213741251e-07,5.94540938467844e-07,6.84330507595571e-07,6.61972705467695e-07,0,0,0,0,0,0,0,0,3.79045276468326e-07,4.19656906439566e-07,4.11380794975558e-07,5.96344644297507e-07,5.59370213741251e-07,5.94540938467844e-07,6.84330507595571e-07,6.61972705467695e-07,0,0,0,0,0,0,0,0,0,4.36629480393664e-07,4.67772305751519e-07,4.46693890733635e-07,6.71504335203065e-07,6.53326727375298e-07,6.81856383627267e-07,7.68042759166753e-07,7.6704273425055e-07,0,0,0,0,0,0,0,0,4.36629480393664e-07,4.67772305751519e-07,4.46693890733635e-07,6.71504335203065e-07,6.53326727375298e-07,6.81856383627267e-07,7.68042759166753e-07,7.6704273425055e-07,0,0,0,0,0,0,0,0,0
139,5.14402198733111e-07,6.23578397661083e-07,6.97498866040584e-07,8.5396553179615e-07,1.36223001414595e-06,1.41822653484694e-06,1.50036709079814e-06,1.58912476642315e-06,0,0,0,0,0,0,0,0,5.14402198733111e-07,6.23578397661083e-07,6.97498866040584e-07,8.5396553179615e-07,1.36223001414595e-06,1.41822653484694e-06,1.50036709079814e-06,1.58912476642315e-06,0,0,0,0,0,0,0,0,0,4.94921294453783e-07,6.05319896447984e-07,6.73096107067476e-07,8.19584752788235e-07,1.29872720694975e-06,1.35028353163199e-06,1.4297182656954e-06,1.51350831441594e-06,0,0,0,0,0,0,0,0,4.94921294453783e-07,6.05319896447984e-07,6.73096107067476e-07,8.19584752788235e-07,1.29872720694975e-06,1.35028353163199e-06,1.4297182656954e-06,1.51350831441594e-06,0,0,0,0,0,0,0,0,0,5.38106261576575e-07,6.42172084245199e-07,7.19485052342316e-07,8.81621828570571e-07,1.4180241855572e-06,1.48140075855517e-06,1.57259933896297e-06,1.66897407698707e-06,0,0,0,0,0,0,0,0,5.38106261576575e-07,6.42172084245199e-07,7.19485052342316e-07,8.81621828570571e-07,1.4180241855572e-06,1.48140075855517e-06,1.57259933896297e-06,1.66897407698707e-06,0,0,0,0,0,0,0,0,0,4.8059879611205e-07,5.88904939432681e-07,6.60730502629915e-07,8.02842396580726e-07,1.22946600967882e-06,1.31639820843441e-06,1.38541387320412e-06,1.4516891739956e-06,0,0,0,0,0,0,0,0,4.8059879611205e-07,5.88904939432681e-07,6.60730502629915e-07,8.02842396580726e-07,1.22946600967882e-06,1.31639820843441e-06,1.38541387320412e-06,1.4516891739956e-06,0,0,0,0,0,0,0,0,0,5.56530337341707e-07,6.55623513843252e-07,7.3234508661462e-07,9.03035027457371e-07,1.45211975796798e-06,1.5248688024209e-06,1.60991623986879e-06,1.71281878446439e-06,0,0,0,0,0,0,0,0,5.56530337341707e-07,6.55623513843252e-07,7.3234508661462e-07,9.03035027457371e-07,1.45211975796798e-06,1.5248688024209e-06,1.60991623986879e-06,1.71281878446439e-06,0,0,0,0,0,0,0,0,0
140,5.60426774156439e-08,4.99173422757179e-08,4.43763997308125e-08,7.11018388938878e-08,7.55440391952992e-08,7.00254295786972e-08,6.64889868655953e-08,5.77635017154756e-08,0,0,0,0,0,0,0,0,5.60426774156439e-08,4.99173422757179e-08,4.43763997308125e-08,7.11018388938878e-08,7.55440391952992e-08,7.00254295786972e-08,6.64889868655953e-08,5.77635017154756e-08,0,0,0,0,0,0,0,0,0,5.37955437679391e-08,4.84529591502852e-08,4.30427103667279e-08,6.89257889443245e-08,7.30242279415562e-08,6.68776738261148e-08,6.25665442219001e-08,5.31970472563397e-08,0,0,0,0,0,0,0,0,5.37955437679391e-08,4.84529591502852e-08,4.30427103667279e-08,6.89257889443245e-08,7.30242279415562e-08,6.68776738261148e-08,6.25665442219001e-08,5.31970472563397e-08,0,0,0,0,0,0,0,0,0,5.83414302731713e-08,5.1665635953415e-08,4.61250296757073e-08,7.42673904948125e-08,7.85575347655944e-08,7.24777254986656e-08,6.901770624051e-08,6.0493242300734e-08,0,0,0,0,0,0,0,0,5.83414302731713e-08,5.1665635953415e-08,4.61250296757073e-08,7.42673904948125e-08,7.85575347655944e-08,7.24777254986656e-08,6.901770624051e-08,6.0493242300734e-08,0,0,0,0,0,0,0,0,0,5.20254249759847e-08,4.73841796843586e-08,4.21244972736312e-08,6.75813531252197e-08,7.111650908165e-08,6.39599553509367e-08,5.93414877306175e-08,5.01988403861947e-08,0,0,0,0,0,0,0,0,5.20254249759847e-08,4.73841796843586e-08,4.21244972736312e-08,6.75813531252197e-08,7.111650908165e-08,6.39599553509367e-08,5.93414877306175e-08,5.01988403861947e-08,0,0,0,0,0,0,0,0,0,6.02486376265245e-08,5.31161615673009e-08,4.74516595945638e-08,7.65813977919411e-08,8.05452464824419e-08,7.44212924978445e-08,7.08655776397125e-08,6.26544695715814e-08,0,0,0,0,0,0,0,0,6.02486376265245e-08,5.31161615673009e-08,4.74516595945638e-08,7.65813977919411e-08,8.05452464824419e-08,7.44212924978445e-08,7.08655776397125e-08,6.26544695715814e-08,0,0,0,0,0,0,0,0,0
141,5.61295236645158e-09,4.99338264970872e-08,5.98115947323664e-08,6.02848409871615e-08,6.94192024619541e-08,1.39339260454297e-07,1.40990314447377e-07,1.47057834931749e-07,0,0,0,0,0,0,0,0,2.01784869196813e-08,4.99338264970872e-08,5.98115947323664e-08,6.02848409871615e-08,6.94192024619541e-08,1.39339260454297e-07,1.40990314447377e-07,1.47057834931749e-07,0,0,0,0,0,0,0,0,0,4.7533984579228e-09,4.71313928719059e-08,5.79622200939909e-08,5.83711187528317e-08,6.74153956020267e-08,1.34196494044876e-07,1.35799442593009e-07,1.41288247561217e-07,0,0,0,0,0,0,0,0,1.70884023852612e-08,4.71313928719059e-08,5.79622200939909e-08,5.83711187528317e-08,6.74153956020267e-08,1.34196494044876e-07,1.35799442593009e-07,1.41288247561217e-07,0,0,0,0,0,0,0,0,0,6.23828121011634e-09,5.25466699468421e-08,6.17836527142195e-08,6.22263828452774e-08,7.1687536077247e-08,1.44965026232004e-07,1.4715121402528e-07,1.52295887804865e-07,0,0,0,0,0,0,0,0,2.2426535552306e-08,5.25466699468421e-08,6.17836527142195e-08,6.22263828452774e-08,7.1687536077247e-08,1.44965026232004e-07,1.4715121402528e-07,1.52295887804865e-07,0,0,0,0,0,0,0,0,0,4.27577975334145e-09,4.47957662727294e-08,5.67059579644021e-08,5.69614462695194e-08,6.6029329480791e-08,1.30735386533583e-07,1.32546193026137e-07,1.38229150340219e-07,0,0,0,0,0,0,0,0,1.53713696805845e-08,4.47957662727294e-08,5.67059579644021e-08,5.69614462695194e-08,6.6029329480791e-08,1.30735386533583e-07,1.32546193026137e-07,1.38229150340219e-07,0,0,0,0,0,0,0,0,0,6.85624873573298e-09,5.53905647058076e-08,6.30215581173079e-08,6.34592581890354e-08,7.35080814478711e-08,1.47956758343711e-07,1.51006491219463e-07,1.56331734122436e-07,0,0,0,0,0,0,0,0,2.46481203473194e-08,5.53905647058076e-08,6.30215581173079e-08,6.34592581890354e-08,7.35080814478711e-08,1.47956758343711e-07,1.51006491219463e-07,1.56331734122436e-07,0,0,0,0,0,0,0,0,0
142,3.27798145448821e-08,6.22046061144592e-08,1.03999504117401e-07,1.4382723571374e-07,2.60481947656047e-07,2.86672922948954e-07,3.09785786474633e-07,3.24597798477509e-07,0,0,0,0,0,0,0,0,3.27798145448821e-08,6.22046061144592e-08,1.03999504117401e-07,1.4382723571374e-07,2.60481947656047e-07,2.86672922948954e-07,3.09785786474633e-07,3.24597798477509e-07,0,0,0,0,0,0,0,0,0,3.14286685048641e-08,6.01842703543773e-08,9.92117690972138e-08,1.3737576959872e-07,2.51548343310762e-07,2.75267210896959e-07,2.94911072904365e-07,3.08572018999924e-07,0,0,0,0,0,0,0,0,3.14286685048641e-08,6.01842703543773e-08,9.92117690972138e-08,1.3737576959872e-07,2.51548343310762e-07,2.75267210896959e-07,2.94911072904365e-07,3.08572018999924e-07,0,0,0,0,0,0,0,0,0,3.49889260527041e-08,6.42950716300044e-08,1.08931933442033e-07,1.50397699927997e-07,2.70844771804085e-07,3.00761451116736e-07,3.32060373032092e-07,3.50337222131314e-07,0,0,0,0,0,0,0,0,3.49889260527041e-08,6.42950716300044e-08,1.08931933442033e-07,1.50397699927997e-07,2.70844771804085e-07,3.00761451116736e-07,3.32060373032092e-07,3.50337222131314e-07,0,0,0,0,0,0,0,0,0,3.03033342928206e-08,5.87121935746817e-08,9.71621196848075e-08,1.34229792600589e-07,2.44474356176564e-07,2.6632857981822e-07,2.85674224449841e-07,2.98261245307878e-07,0,0,0,0,0,0,0,0,3.03033342928206e-08,5.87121935746817e-08,9.71621196848075e-08,1.34229792600589e-07,2.44474356176564e-07,2.6632857981822e-07,2.85674224449841e-07,2.98261245307878e-07,0,0,0,0,0,0,0,0,0,3.65638344532076e-08,6.57806337704347e-08,1.11788182855388e-07,1.52947897723325e-07,2.80123782867837e-07,3.15085285933308e-07,3.51910505538984e-07,3.72598947686079e-07,0,0,0,0,0,0,0,0,3.65638344532076e-08,6.57806337704347e-08,1.11788182855388e-07,1.52947897723325e-07,2.80123782867837e-07,3.15085285933308e-07,3.51910505538984e-07,3.72598947686079e-07,0,0,0,0,0,0,0,0,0
143,4.80077654986888e-09,4.71612504130344e-08,5.8042296698892e-08,5.84974178986034e-08,7.23937921097142e-08,1.38196301847082e-07,1.39763452764445e-07,1.49701152837227e-07,0,0,0,0,0,0,0,0,1.72587259772317e-08,4.71612504130344e-08,5.8042296698892e-08,5.84974178986034e-08,7.23937921097142e-08,1.38196301847082e-07,1.39763452764445e-07,1.49701152837227e-07,0,0,0,0,0,0,0,0,0,4.2552149403792e-09,4.46214612317316e-08,5.65060946350492e-08,5.70170016934689e-08,7.01440335261477e-08,1.31846422099286e-07,1.33497022892744e-07,1.41580503502766e-07,0,0,0,0,0,0,0,0,1.52974394595042e-08,4.46214612317316e-08,5.65060946350492e-08,5.70170016934689e-08,7.01440335261477e-08,1.31846422099286e-07,1.33497022892744e-07,1.41580503502766e-07,0,0,0,0,0,0,0,0,0,5.72510376854533e-09,4.99468678878527e-08,5.95804607881365e-08,6.00859343128247e-08,7.4637571572024e-08,1.44760862450496e-07,1.46584939120683e-07,1.57421725255476e-07,0,0,0,0,0,0,0,0,2.05816696749277e-08,4.99468678878527e-08,5.95804607881365e-08,6.00859343128247e-08,7.4637571572024e-08,1.44760862450496e-07,1.46584939120683e-07,1.57421725255476e-07,0,0,0,0,0,0,0,0,0,4.03695137326892e-09,4.33620422863818e-08,5.53334868942783e-08,5.5835763267539e-08,6.85877360731212e-08,1.25847640433436e-07,1.28467799027548e-07,1.33266420463534e-07,0,0,0,0,0,0,0,0,1.45127849236308e-08,4.33620422863818e-08,5.53334868942783e-08,5.5835763267539e-08,6.85877360731212e-08,1.25847640433436e-07,1.28467799027548e-07,1.33266420463534e-07,0,0,0,0,0,0,0,0,0,6.57187026442148e-09,5.25357024526018e-08,6.06178704194481e-08,6.11461405924822e-08,7.609678169713e-08,1.49361896843493e-07,1.51700376266227e-07,1.62830694110482e-07,0,0,0,0,0,0,0,0,2.36257836359131e-08,5.25357024526018e-08,6.06178704194481e-08,6.11461405924822e-08,7.609678169713e-08,1.49361896843493e-07,1.51700376266227e-07,1.62830694110482e-07,0,0,0,0,0,0,0,0,0
144,4.55043020976541e-08,6.50807885695102e-08,8.5900421372264e-08,9.75893492084981e-08,1.71582969445677e-07,1.9448654914426e-07,2.15812482978932e-07,2.42278718425353e-07,0,0,0,0,0,0,0,0,4.55043020976541e-08,6.50807885695102e-08,8.5900421372264e-08,9.75893492084981e-08,1.71582969445677e-07,1.9448654914426e-07,2.15812482978932e-07,2.42278718425353e-07,0,0,0,0,0,0,0,0,0,4.22656211902979e-08,6.19822482241941e-08,8.26099172424211e-08,9.42036507427532e-08,1.67137966825492e-07,1.89145664136196e-07,2.07288891157533e-07,2.27809571144557e-07,0,0,0,0,0,0,0,0,4.22656211902979e-08,6.19822482241941e-08,8.26099172424211e-08,9.42036507427532e-08,1.67137966825492e-07,1.89145664136196e-07,2.07288891157533e-07,2.27809571144557e-07,0,0,0,0,0,0,0,0,0,4.94057765312348e-08,6.84502771669201e-08,8.90141384315477e-08,1.00709957818931e-07,1.76303280236765e-07,2.00598144179312e-07,2.26287828513717e-07,2.6007875300779e-07,0,0,0,0,0,0,0,0,4.94057765312348e-08,6.84502771669201e-08,8.90141384315477e-08,1.00709957818931e-07,1.76303280236765e-07,2.00598144179312e-07,2.26287828513717e-07,2.6007875300779e-07,0,0,0,0,0,0,0,0,0,3.95175540533777e-08,5.93860256297192e-08,8.03006874358328e-08,9.21117127380245e-08,1.64198888089885e-07,1.85983643986674e-07,2.03284840027086e-07,2.21805079711302e-07,0,0,0,0,0,0,0,0,3.95175540533777e-08,5.93860256297192e-08,8.03006874358328e-08,9.21117127380245e-08,1.64198888089885e-07,1.85983643986674e-07,2.03284840027086e-07,2.21805079711302e-07,0,0,0,0,0,0,0,0,0,5.25103451761592e-08,7.13243128730485e-08,9.0807713176796e-08,1.02543221992035e-07,1.79580471169726e-07,2.04623914622382e-07,2.31792583131026e-07,2.68714478753525e-07,0,0,0,0,0,0,0,0,5.25103451761592e-08,7.13243128730485e-08,9.0807713176796e-08,1.02543221992035e-07,1.79580471169726e-07,2.04623914622382e-07,2.31792583131026e-07,2.68714478753525e-07,0,0,0,0,0,0,0,0,0
