mSFRBest,mpeakBest,mperiodBest,mskewBest,tau_birthBest,tau_screenBest,alpha_SF_birthBest,alpha_SF_screenBest,ZfinalBest,AGNlumBest,AGNanBest,AGNtaBest,StellarMassBest,SFR10Best,SFR100Best,UV1500Best,UV1500AGNBest,DustLumBirthBest,DustLumScreenBest,DustLumTotalBest,DustMassBirthBest,DustMassScreenBest,DustMassTotalBest,NgasMassBirthBest,NgasMassScreenBest,NgasMassTotalBest,LPBest,mSFRQ50,mpeakQ50,mperiodQ50,mskewQ50,tau_birthQ50,tau_screenQ50,alpha_SF_birthQ50,alpha_SF_screenQ50,ZfinalQ50,AGNlumQ50,AGNanQ50,AGNtaQ50,StellarMassQ50,SFR10Q50,SFR100Q50,UV1500Q50,UV1500AGNQ50,DustLumBirthQ50,DustLumScreenQ50,DustLumTotalQ50,DustMassBirthQ50,DustMassScreenQ50,DustMassTotalQ50,NgasMassBirthQ50,NgasMassScreenQ50,NgasMassTotalQ50,LPQ50,mSFRQ16,mpeakQ16,mperiodQ16,mskewQ16,tau_birthQ16,tau_screenQ16,alpha_SF_birthQ16,alpha_SF_screenQ16,ZfinalQ16,AGNlumQ16,AGNanQ16,AGNtaQ16,StellarMassQ16,SFR10Q16,SFR100Q16,UV1500Q16,UV1500AGNQ16,DustLumBirthQ16,DustLumScreenQ16,DustLumTotalQ16,DustMassBirthQ16,DustMassScreenQ16,DustMassTotalQ16,NgasMassBirthQ16,NgasMassScreenQ16,NgasMassTotalQ16,LPQ16,mSFRQ84,mpeakQ84,mperiodQ84,mskewQ84,tau_birthQ84,tau_screenQ84,alpha_SF_birthQ84,alpha_SF_screenQ84,ZfinalQ84,AGNlumQ84,AGNanQ84,AGNtaQ84,StellarMassQ84,SFR10Q84,SFR100Q84,UV1500Q84,UV1500AGNQ84,DustLumBirthQ84,DustLumScreenQ84,DustLumTotalQ84,DustMassBirthQ84,DustMassScreenQ84,DustMassTotalQ84,NgasMassBirthQ84,NgasMassScreenQ84,NgasMassTotalQ84,LPQ84,mSFR_lo,mpeak_lo,mperiod_lo,mskew_lo,tau_birth_lo,tau_screen_lo,alpha_SF_birth_lo,alpha_SF_screen_lo,Zfinal_lo,AGNlum_lo,AGNan_lo,AGNta_lo,StellarMass_lo,SFR10_lo,SFR100_lo,UV1500_lo,UV1500AGN_lo,DustLumBirth_lo,DustLumScreen_lo,DustLumTotal_lo,DustMassBirth_lo,DustMassScreen_lo,DustMassTotal_lo,NgasMassBirth_lo,NgasMassScreen_lo,NgasMassTotal_lo,LP_lo,mSFR_hi,mpeak_hi,mperiod_hi,mskew_hi,tau_birth_hi,tau_screen_hi,alpha_SF_birth_hi,alpha_SF_screen_hi,Zfinal_hi,AGNlum_hi,AGNan_hi,AGNta_hi,StellarMass_hi,SFR10_hi,SFR100_hi,UV1500_hi,UV1500AGN_hi,DustLumBirth_hi,DustLumScreen_hi,DustLumTotal_hi,DustMassBirth_hi,DustMassScreen_hi,DustMassTotal_hi,NgasMassBirth_hi,NgasMassScreen_hi,NgasMassTotal_hi,LP_hi,ID,RA,Dec,DIC
9993.52657855755,-0.375234085632265,0.300053413984964,0.999943075046449,2.56329790626914,0.338940560265543,2.01857544973489,1.98647834764922,0.00138192794303808,6.45122040731864e+44,33.4175992864293,0.999952108425903,207793966.038525,11.5652313855251,2.31140481519393,-18.4272696984875,-15.4764708248619,93739433731.0101,13475040161.7539,107214473892.764,233320748.744696,30717981.8030952,264038730.547791,2788980878464.67,367184934622.347,3156165813087.01,-14.5554974690445,1730.04314869534,-0.379912000096851,0.300850333545902,0.987756379243154,6.75264959562648,0.00184602044271654,1.44366982713919,2.04683959175728,0.00666711849032257,5.55701248708376e+44,27.9844822161463,0.751135689403391,93331046.7883244,3.68908789701297,1.05758382130462,-18.4803927193232,-16.2695576869806,29505035169.8195,59831119.966651,30948531147.2608,286394.563664312,804.398692136665,334039.419361614,275238910.23574,2529856.20926926,308435998.545658,-17.7920900806382,236.701301880527,-0.679868417241859,0.3,0.893263885786445,2.05300782222248,5.66827769079862e-05,0.835880762068023,1.05871877879499,0.000286936536390742,4.1638801160314e+44,26.7240200515158,0.584277627319249,72290427.0115643,2.42168581037012,0.817245556479559,-18.6164113331461,-16.7055129692419,18812941881.7526,1410266.61578369,19451333991.4102,269.101615891687,1.53244313803423,281.030540179383,48108101.2691766,65014.2405231131,59692992.0454078,-19.906941436588,5761.27472266631,-0.369720160461073,0.573860585191238,1,24.7534082047204,0.172954987083227,2.16762578677903,2.92370281013795,0.0323007376991446,7.1274016884135e+44,29.303702748031,0.933451763743347,122319606.640106,5.83666799766359,1.39930523095927,-18.3498948162508,-15.5959786866696,47637363158.2165,6046634487.34836,50682177444.0485,6411849.12059277,159334.132893078,8478850.83885574,1561408802.6334,75748797.4187294,1647731392.54559,-16.6107211670967,1493.34184681481,0.299956417145008,0.000850333545902249,0.0944924934567089,4.69964177340401,0.00178933766580855,0.607789065071168,0.988120812962294,0.00638018195393183,1.39313237105236e+44,1.2604621646305,0.166858062084142,21040619.7767601,1.26740208664285,0.240338264825061,0.13601861382298,0.435955282261304,10692093288.0669,58420853.3508673,11497197155.8507,286125.462048421,802.866248998631,333758.388821435,227130808.966564,2464841.96874615,248743006.50025,2.11485135594973,4031.23157397097,0.0101918396357772,0.273010251645336,0.0122436207568457,18.0007586090939,0.171108966640511,0.723955959639841,0.876863218380672,0.025633619208822,1.57038920132975e+44,1.31922053188471,0.182316074339957,28988559.8517816,2.14758010065062,0.34172140965465,0.130497903072413,0.673579000310912,18132327988.397,5986803367.38171,19733646296.7876,6125454.55692846,158529.734200941,8144811.41949412,1286169892.39766,73218941.2094601,1339295393.99993,1.18136891354157,56116,34.3382563131137,-5.28089305277156,44.9391070388984
2465.65280299541,-0.0609794002663855,0.630101887502343,0.867755073482623,21.6576131202411,2.52607757132848,1.77760588798896,1.79254400449382,0.0143276551125175,6.47970799603604e+42,56.7144202561921,1.99596605831753,543712642250.678,2362.44303763356,2293.97136877105,-19.599013569086,-9.09549509471798,16467680028841.1,13148609091825.8,29616289120666.9,18901204629.6066,15952716692.9,34853921322.5066,2995314305916.46,2528061119111.35,5523375425027.81,-22.1244460280198,1105.8190055638,0.584316770598556,5.68717804516817,0.198993079607532,15.0118959105991,2.12268055720859,1.25169644269725,1.7021553867289,0.0188991424677884,1.14620407621766e+38,50.3414662277743,1.26467443318353,618212714199.22,1076.89879020272,1077.1940987579,-19.6189499151119,1.87420490226545,7404287357762.77,6154772550075.5,13652590523704.8,183537826.64067,447132422.493503,2389926600.86444,46036074428.1317,224945492130.1,493675700798.651,-24.759992622421,787.215319575234,0.055047420759215,0.676014041772448,-0.319729617946966,8.01124860469018,1.88035476431223,0.648827774738725,0.942685602674432,0.000264364818056933,1.06514817630457e+36,48.5871103422099,0.179700252269826,467224378500.92,730.795545507088,738.81080883536,-19.7252872087637,-7.34630552230805,4911238584834.27,4062559300208.84,9096359945424.47,27863.4443300408,151479.376187028,231230.349348256,6499538634.84738,13806561127.7846,79060607419.3359,-26.3569813537797,1678.24653892431,1.09940338570569,45.2314443659698,0.804485906489074,30.1787840240853,2.50147485851854,2.09031546125666,2.52705511811684,0.0498624608047344,8.94293966941923e+41,55.5813870617816,6.07663330979565,856457367323.761,1643.20608744137,1633.6158577796,-19.5158023856262,6.73490777827751,11969206208395.9,12473431159031.3,24833219999172.8,4425249658.52826,9969011447.4451,15327380577.845,511356497294.838,780405425890.872,1183423606054.02,-23.6126282591178,318.603685988564,0.529269349839341,5.01116400339573,0.518722697554497,7.00064730590896,0.242325792896365,0.602868667958529,0.75946978405447,0.0186347776497315,1.13555259445462e+38,1.75435588556446,1.0849741809137,150988335698.3,346.103244695632,338.383289922543,0.106337293651727,9.22051042457349,2493048772928.5,2092213249866.66,4556230578280.36,183509963.19634,446980943.117316,2389695370.51509,39536535793.2843,211138931002.316,414615093379.315,1.59698873135868,572.427533360514,0.515086615107139,39.5442663208017,0.605492826881542,15.1668881134862,0.378794301309944,0.838619018559409,0.824899731387941,0.030963318336946,8.94179346534301e+41,5.23992083400729,4.81195887661213,238244653124.541,566.307297238651,556.4217590217,0.103147529485703,4.86070287601206,4564918850633.11,6318658608955.84,11180629475467.9,4241711831.88759,9521879024.9516,12937453976.9806,465320422866.706,555459933760.772,689747905255.374,1.14736436330321,221999,34.3373106266039,-5.14366101455103,48.4252403886157
25.8569901753795,1.29886574146078,0.300013289339174,-0.499967817304528,3.01508198546037,0.563596124986144,2.00034417749958,2.00094145004528,0.0501178861001326,3.32286227529405e+44,41.1235925502914,1.99998914659604,4824678921.66952,1.5137413964127e-34,1.16628401164632e-28,-16.3422740313811,-16.3119792995119,20764057.3745918,14600147094.0853,14620911151.4599,49193.3939440939,34646884.6663115,34696078.0602556,2228651.06496075,1569637917.1744,1571866568.23936,-13.4966630138151,17.0633450561002,1.08289112733698,5.99316934073011,0.270794300674653,14.5085846587033,2.08436719010741,2.04065886279286,2.08007089915657,0.0104952455891385,1.07143690844038e+42,50.0743139631033,1.2385223186571,11481348013.3999,14.4706023404006,14.475966280305,-15.2620861101109,-7.75018505683254,97837681514.0805,112105261866.984,215594185901.999,9283029.22940402,18327585.8469031,67318336.1240703,4004712563.28491,7191269425.94346,17203888061.0348,-18.5306196739961,10.7218701404841,0.443195891688589,0.397926344956218,-0.276200151545643,7.3903480438733,1.69455608072816,1.1695196721587,1.31384939495834,0.00207221576201197,1.98641029334415e+40,43.2769361243331,0.225453446851469,7890880013.37569,7.86687894554173,7.96512434408295,-15.8880825863931,-14.0961812131454,54942258441.6421,71907236401.2505,131882938419.113,183215.22277739,486418.966773376,1938006.35739907,169198103.691762,806608293.328822,4374898573.82246,-19.6964447666653,27.7672909709155,1.43459285768195,48.6425708887604,0.869283408011354,29.0519852775035,2.48182643913955,3.17369148446349,2.85476692443072,0.0422859824481719,3.16028529769394e+44,52.4047311797429,5.64076680377849,16600755739.8397,25.2716981762819,25.2853170208937,-14.8493444647243,-3.97087132927453,176681746911.366,204888138542.166,369393757037.091,172299778.325826,242010897.012669,396069893.679297,20968500530.2073,24898302454.0271,34137386600.7707,-17.5568661171099,6.34147491561605,0.63969523564839,5.59524299577389,0.546994452220296,7.11823661482996,0.389811109379249,0.871139190634161,0.766221504198231,0.00842302982712658,1.05157280550694e+42,6.7973778387702,1.01306887180563,3590468000.02418,6.60372339485886,6.51084193622206,0.625996476282179,6.34599615631288,42895423072.4384,40198025465.7332,83711247482.8856,9099814.00662663,17841166.8801297,65380329.7666712,3835514459.59315,6384661132.61464,12828989487.2123,1.16582509266918,10.7039459148153,0.351701730344975,42.6494015480303,0.598489107336701,14.5434006188002,0.397459249032138,1.13303262167063,0.77469602527414,0.0317907368590334,3.14957092860953e+44,2.33041721663961,4.40224448512139,5119407726.43979,10.8010958358813,10.8093507405887,0.412741645386651,3.779313727558,78844065397.2857,92782876675.1821,153799571135.092,163016749.096422,223683311.165766,328751557.555227,16963787966.9224,17707033028.0836,16933498539.7359,0.973753556886212,83894,34.2237498079267,-5.260210411351,42.4692607178782
1.18667465387049,1.77447184236206,0.300005693080738,0.500676320670704,0.00316277195423872,1.06384932673916e-05,1.99937237461142,2.00065259638208,0.0501101483344734,6.12031207925288e+38,48.3420118463938,9.8189190586824,668754649.759608,0.275812612460196,0.28646064582792,-17.2303426422468,-5.65880419128623,254939834.814102,3.81058639686671,254939838.624689,602381.602803905,0.00903554448822593,602381.611839449,27294431.122367,0.409408331096142,27294431.5317754,-27.0200639885304,0.434392551501852,0.747618747791001,3.84622812260519,0.311237968494125,0.571411367701843,0.00519622037736981,1.65904066004939,2.16165177024259,0.0078219057134839,3.94391612354287e+38,48.8339063835518,1.4439410837638,308677533.357777,0.375962567017278,0.375314069233799,-17.3424961850642,-5.1966304067137,2043298075.18553,1687.88092673942,2053852686.83428,21158.9626148521,0.157530319569174,22118.710934288,32319569.1460302,163.452141413191,35058614.2393022,-29.7952830688636,0.353349126247948,-0.0977818586501449,0.733856981311359,-0.238141523713836,0.0480012202733763,2.31171567455723e-05,0.804413816738074,1.09100191763514,0.000318610368815835,6.12690061122153e+35,47.291635550274,0.195745581230045,217138419.895702,0.285697250679674,0.29125581220173,-17.5017799288407,-9.62515589529723,533512662.335578,1.78186880487529,533514796.332848,29.8650092744038,4.17503805653876e-05,38.212475173236,1741976.12898988,0.0101555988372014,1816651.96528073,-31.5226334772299,0.640588000585485,1.60338097968317,32.6490497786648,0.874410107939294,8.48836516701118,0.0414579700228111,2.51655366872752,3.01152953340368,0.0334493115123133,2.63196664344572e+40,52.1583375379743,5.83447186696379,482780441.495517,0.494523486679766,0.49368528735836,-17.0711816411285,1.82754493369747,3391486239.01988,230695706.899215,3633181337.13355,1097073.45430572,1181.61930193077,1183823.90631637,206923145.427043,12420094.8766165,244224766.153199,-28.5969707884535,0.081043425253904,0.845400606441146,3.11237114129383,0.549379492207961,0.523410147428467,0.00517310322062423,0.854626843311312,1.07064985260744,0.00750329534466807,3.93778922293165e+38,1.54227083327785,1.24819550253375,91539113.462075,0.0902653163376042,0.0840582570320689,0.159283743776573,4.42852548858353,1509785412.84995,1686.09905793455,1520337890.50143,21129.0976055777,0.157488569188608,22080.4984591148,30577593.0170403,163.441985814353,33241962.2740215,1.7273504083663,0.206195449083634,0.85576223189217,28.8028216560596,0.563172139445169,7.91695379930934,0.0362617496454413,0.857513008678134,0.849877763161095,0.0256274057988294,2.59252748221029e+40,3.32443115442249,4.39053078319999,174102908.137741,0.118560919662488,0.118371218124561,0.271314543935713,7.02417534041117,1348188163.83435,230694019.018289,1579328650.29927,1075914.49169087,1181.4617716112,1161705.19538208,174603576.281013,12419931.4244751,209166151.913896,1.19831228041008,108492,34.2418114855169,-5.23940015613858,58.1066962457004
3.94455365868976,-0.104647786448513,0.300007008039631,0.999999139627963,1.02367653719821,0.336101135224461,1.82715206129371,1.9420123919848,0.0501072369819294,1.6967644671253e+40,44.1736502265606,4.0653546572607,263547873.679874,3.31739385201605,2.59244390564383,-18.4167259700942,-7.60659949307544,21911917549.0175,7954952640.17433,29866870189.1919,30121849.0153975,15931744.7351665,46053593.750564,1364926317.18398,721923068.420214,2086849385.6042,-14.9947970121103,1.26241122692495,-0.20133182220276,0.658524548329053,0.402590452622334,5.00398233740294,0.000204878868266504,1.3123940402785,1.79279222947527,0.000212574525697789,2.29484510166979e+37,40.3598159127183,1.11545239163967,390340032.515005,1.10159892766971,1.08131091931077,-18.4827590953644,0.909779966362741,8016550864.57113,551.585188090801,8068011235.75297,11.1560040463103,1.6252875198036e-05,11.8189640178328,36435667.9155093,14.3825373822522,45261391.4434296,-19.106633194185,1.04831290698123,-0.650039020918144,0.328040917048555,-0.0971287553016812,0.747581362776598,1.92160140985255e-05,0.659283976647883,1.02796600767452,0.00010290879650544,2.57590279109539e+35,38.6128145156142,0.160832304178953,309724006.564299,0.897221892507738,0.902857992080621,-18.5660985824139,-6.69152663496813,6096659089.47265,0.00666061135577763,6139116454.17871,0.384407528100877,1.17783410659804e-11,0.527854806483847,4189242.51473979,7.42105607459502e-05,5362791.20097517,-20.5166854644039,1.71296485384421,0.118370220044214,2.09316722396392,0.95379269105123,22.4560206630887,0.037852213901227,2.12367759076965,2.64930871645706,0.000518842356872983,3.6928535185078e+39,45.5653170653787,6.34731338787069,482424384.441519,1.29555129055468,1.2393329886754,-18.4009875138414,5.95644500516746,9525463642.23876,553314164.341462,9840018638.48072,302.357832598269,1.28431963978299,311.136032964669,338660641.797237,6713592.87955315,388167850.489158,-17.9955418990419,0.214098319943719,0.448707198715384,0.330483631280498,0.499719207924015,4.25640097462634,0.000185662854167979,0.653110063630613,0.764826221800742,0.00010966572919235,2.26908607375883e+37,1.74700139710408,0.954620087460714,80616025.9507062,0.204377035161974,0.178452927230148,0.0833394870495674,7.60130660133087,1919891775.09848,551.578527479446,1928894781.57426,10.7715965182094,1.6252863419695e-05,11.2911092113489,32246425.4007695,14.3824631716914,39898600.2424544,1.41005227021888,0.450553626919257,0.319702042246974,1.43464267563487,0.551202238428897,17.4520383256858,0.0376473350329605,0.811283550491158,0.856516486981791,0.000306267831175194,3.66990506749111e+39,5.20550115266038,5.23186099623102,92084351.9265134,0.193952362884973,0.158022069364628,0.081771581522947,5.04666503880472,1508912777.66763,553313612.756273,1772007402.72776,291.201828551959,1.2843033869078,299.317068946836,302224973.881728,6713578.49701577,342906459.045729,1.1110912951431,14640,189.114835179598,62.2400530342146,39.3205086025385
8.61397293768843,-1.99999464008607,1.58160477929484,-0.443324770900376,0.804452276013022,0.0025612053875504,1.9973558515001,1.99546167964287,0.0129052191646434,2.18291834205401e+38,36.2806456182613,0.933646000696202,1073619061.32128,2.69932948425828,2.55624062632682,-19.1532398603938,-1.17140702226447,16231846860.4114,31.7025741561301,16231846892.1139,38140638.3683249,0.0741037035795419,38140638.4424286,6710433995.02341,13.0377474769869,6710434008.06116,-12.6895122816287,5.17501549552511,-1.13729679484172,11.4431171850691,0.179578285780673,2.45883212570256,0.0481426299774416,2.01341115622177,1.79656539929863,0.00265141542645816,7.59930196690518e+36,44.8358975388811,1.24368167414826,1247937782.7144,2.89244749220348,2.782210831876,-19.168694519305,-0.0649795511438143,20032198694.8313,1594703166.79668,21509769771.8948,148991.341894859,915.295252042214,209266.655687339,858739537.296961,24758467.0644806,1084527704.66772,-15.0180033419043,2.9272935455553,-1.75250070442029,1.968760450147,-0.392672285734606,0.871936686024786,8.14701003865257e-05,1.25865116485089,1.07715207640632,0.000551701766327401,4.48904973126004e+35,40.3342209174295,0.197139106980508,1113182113.973,2.49598432998517,2.42687482938531,-19.2342204064937,-3.66749459018644,15999540698.149,2.41858959736615,16198234211.2351,2062.87122267692,0.000236951201566441,3901.98572494449,92420239.8905429,0.0965117552721759,164529127.564437,-16.4093228565929,7.37436640359491,-0.422036491077367,58.5041211942255,0.750709030930354,16.2723258125171,0.201986555204939,3.21676051815663,2.63657210599066,0.0084284936325173,2.17314035462982e+38,48.168866802958,5.83172228348255,1562584802.52628,3.72678472000484,3.56000329459332,-19.1045283417152,3.50588431876368,26177309625.7583,8702525127.89368,34687119528.7483,4100486.97398584,47639.0333227054,4179050.6453445,2297358158.28897,299855705.035845,2481206046.61994,-13.9681540727516,2.24772194996981,0.61520390957857,9.4743567349221,0.57225057151528,1.58689543967778,0.0480611598770551,0.754759991370879,0.719413322892312,0.00209971366013076,7.15039699377918e+36,4.50167662145165,1.04654256716775,134755668.741393,0.396463162218316,0.355336002490696,0.0655258871887163,3.60251503904262,4032657996.68234,1594703164.37809,5311535560.65971,146928.470672183,915.295015091013,205364.669962395,766319297.406418,24758466.9679688,919998577.103278,1.39131951468859,2.19935090806979,0.715260303764357,47.0610040091564,0.571130745149681,13.8134936868145,0.153843925227498,1.20334936193486,0.840006706692027,0.00577707820605914,2.09714733496077e+38,3.3329692640769,4.58804060933429,314647019.811888,0.834337227801351,0.777792462717313,0.0641661775897759,3.57086386990749,6145110930.92696,7107821961.097,13177349756.8535,3951495.63209098,46723.7380706631,3969783.98965716,1438618620.99201,275097237.971364,1396678341.95222,1.04984926915267,11792,189.107746748559,62.2695331884535,27.4163632388501
2.07098020871844,-0.478703557691379,0.563304135379862,0.124999129735542,1.1577241572479,0.0315045321164845,1.98661533625777,1.99923893904398,0.00900348536424955,2.79879490944771e+43,39.9915976000839,9.9992577427865,253523341.154851,1.23129431030026,1.11155556275976,-18.1777614699402,-2.98788196983084,8132908269.63391,318578464.217187,8451486733.8511,18547083.4927002,752472.995906168,19299556.4886064,4677276020.93331,189761581.735316,4867037602.66862,-11.9707728760968,0.89851425127146,-0.388383316479805,0.798168714002795,-0.0809315595447875,0.220408297256091,0.00988546072574285,1.86295956700028,1.95570516728868,0.0015658227941415,3.7288621996046e+42,42.2974292885053,1.289408106262,410798191.17909,0.659727833722972,0.649693440328739,-18.2323568601023,-13.6907332761391,2704210596.60233,5539905.05972725,2751839920.86181,4235.70173191215,12.6319086988565,4499.15523749097,69819312.0529311,106299.282193201,77837551.8260837,-14.4737610435236,0.575756233097896,-1.18996146824474,0.465757195358706,-0.470351922551355,0.0196392849254158,0.000854431739821086,0.888830736330821,1.03225241193,0.000248202197822616,8.58275491666731e+40,40.4901606585475,0.150987061259267,220562574.580981,0.54766951045666,0.54408062408204,-18.3752988311092,-16.0878866152307,1314975575.05508,115193.310872315,1316057296.74325,29.8174945418113,0.0161409516303761,36.006253436742,3381395.4667478,1165.7165697056,3562173.07026953,-16.0259525829633,1.50556499056706,0.0764368221728912,6.58286912237724,0.510444120474561,3.65993491846567,0.0781566891217297,2.64990692903433,2.69882148829823,0.00832187362777778,1.69657348014187e+43,44.7166766102049,6.03430266900124,541106149.213725,1.00602350845553,0.959542700441577,-18.0641017895249,-9.82904336389699,6998040208.11191,1128728414.7537,7975694061.22521,213781.186170379,2166.01793624315,227532.288670706,363294718.158229,45988551.3976078,424122193.84849,-13.3532934858944,0.322758018173564,0.801578151764936,0.332411518644089,0.389420363006568,0.200769012330675,0.00903102898592176,0.974128830669457,0.923452755358679,0.00131762059631888,3.64303465043793e+42,1.80726862995776,1.13842104500273,190235616.598109,0.112058323266311,0.105612816246699,0.142941971006973,2.39715333909157,1389235021.54725,5424711.74885494,1435782624.11856,4205.88423737033,12.6157677472261,4463.14898405423,66437916.5861833,105133.565623495,74275378.7558142,1.5521915394397,0.607050739295603,0.464820138652696,5.78470040837445,0.591375680019348,3.43952662120958,0.0682712283959868,0.786947362034054,0.74311632100955,0.00675605083363628,1.32368726018141e+43,2.41924732169959,4.74489456273924,130307958.034635,0.346295674732559,0.309849260112838,0.16825507057732,3.86168991224215,4293829611.50958,1123188509.69397,5223854140.3634,209545.484438467,2153.38602754429,223033.133433215,293475406.105298,45882252.1154146,346284642.022407,1.12046755762922,34757,53.1717583320677,-27.7523296893308,27.8408299081553
16.3116105768035,2.24004976007874,0.305036700368126,-0.499993836041625,8.82588974303875,1.34723331714167,2.00010835127191,2.00419299156946,0.0501185135087219,6.57635654402652e+43,50.0001024092845,0.10000042643026,3779104186.26232,1.01803797160434e-170,6.37815682501931e-152,-14.8118243103231,-14.7969125318472,13383627.1213722,18034315425.2895,18047699052.4109,31687.423397035,43179033.1600046,43210720.5834017,1435544.9010258,1956152764.69177,1957588309.5928,-13.6011799482319,3.28846462857128,1.80336361554544,0.650253989035878,-0.176029960480784,13.4027174937544,1.86282362623108,1.97062094845182,1.90169826043819,0.0151207803575975,1.4766099394879e+44,52.3631789381768,1.74995370539929,2019671562.72122,0.00460745401572997,0.00507609846507398,-14.4861368236381,-14.4135050750934,33936600.4091053,41537302072.4511,45002752974.3747,20060.6406343597,5158508.24671786,6169788.91223632,2724831.61562917,1242475996.32649,1361426497.496,-17.6753358799598,0.0771426109847009,0.713220459261251,0.302195228549498,-0.463740028049086,6.34743252513828,1.18398742683603,0.924097077571381,1.24383901957823,0.000587214865743815,4.10409897334395e+43,50.4054838068855,0.191280889228727,86895870.8446616,8.10774206878868e-39,3.45530281577976e-35,-14.9627149336061,-14.9441187707486,10716022.495523,13575690521.7791,13783804934.4757,7.67581761982026,4411.88261746518,4442.85591330016,268179.705108674,146824639.482255,183625793.884622,-19.0970356907253,14.1437059505052,2.46427070464258,16.8549174620977,0.493599396634394,29.9611941545926,2.11102473879911,3.10593721956398,2.57721765184415,0.0484457276122549,2.36228584533438e+44,54.3520678844318,7.83645698215719,3608107500.41044,1.00685402604351,1.01342072162917,-14.0596770626759,-13.8555093176419,7016958579.53207,59881622106.1832,64378111606.5244,464101.933581323,40615449.6077791,43282836.9550369,109302451.491684,3964543632.97015,4227026309.46756,-16.3068694173224,3.21132201758658,1.09014315628419,0.348058760486381,0.287710067568302,7.05528496861614,0.678836199395046,1.04652387088044,0.657859240859954,0.0145335654918536,1.0662000421535e+44,1.95769513129122,1.55867281617056,1932775691.87656,0.00460745401572997,0.00507609846507398,0.47657810996804,0.530613695655127,23220577.9135823,27961611550.672,31218948039.8991,20052.9648167399,5154096.3641004,6165346.05632302,2456651.91052049,1095651356.84423,1177800703.61138,1.42169981076552,10.8552413219339,0.660907089097139,16.2046634730618,0.669629357115178,16.5584766608382,0.248201112568031,1.13531627111216,0.675519391405965,0.0333249472546575,8.85675905846486e+43,1.98888894625505,6.0865032767579,1588435937.68921,1.00224657202778,1.0083446231641,0.426459760962199,0.557995757451531,6983021979.12296,18344320033.732,19375358632.1496,444041.292946964,35456941.3610612,37113048.0428006,106577619.876055,2722067636.64366,2865599811.97156,1.36846646263741,208439,34.4524782764103,-5.15472817283268,36.3945219159997
1.56491138185791,1.74482569973404,99.9933643740956,0.611865728220991,4.33649171328808,0.363280227350595,2.00290940260175,2.00161930413536,0.00440414721739914,1.36124430688402e+38,43.7976507123958,4.33241041643688,1682863948.00651,1.56467950842342,1.56469116519592,-17.7150396907973,-2.19147672050386,11008403873.6277,6296506086.86871,17304909960.4964,26264779.16016,14969740.3456538,41234519.5058139,13540663997.3328,7717568189.39038,21258232186.7231,-30.9557925180046,1.20829855615875,0.372623410246725,8.24544341014294,0.328689866896108,5.65412081881851,0.002051970605224,2.05493606867701,1.55092362804176,0.0167380044199104,4.72125282441446e+36,49.0342531036404,0.754602467833261,721999817.287825,1.07459237884182,1.07021293852703,-17.8976501843016,-0.142923643130501,7298808620.45101,20871424.0722014,7497518901.39956,2948168.26278472,940.347372594326,3051831.12687055,517320254.700561,1102820.8304003,529479162.954301,-33.0730319438426,0.93086168642133,-0.919528956747258,1.64927715511123,-0.289484840916898,1.47120867279377,2.35945950568646e-05,1.34106636121643,0.809090387502711,0.0021699662688471,2.12061727004818e+35,46.7299668008058,0.168120446627099,538152553.127324,0.879897621103908,0.881096973273071,-18.0509667378824,-4.09761583887027,5908207857.33231,5.84565298514775,6060594911.5708,72879.4732579654,0.000372169972250982,75763.6659101608,59093742.0187515,0.0685490701011861,78453812.8367573,-34.6984637573429,1.88790265416447,1.31367905941206,36.9323471849761,0.855214101299203,22.0978361457318,0.0850021637541333,2.66354982253852,2.3815829398453,0.0451028115123479,1.44204997532461e+38,50.8009884692467,4.47110902363406,1014107501.70762,1.47089801699568,1.43809188247892,-17.7583334301228,3.04400925956908,9763449279.57633,1067671849.94579,10450802983.0738,14047556.5499862,130846.087788924,14233511.2224503,1275882273.97984,18690081.1988332,1288039707.00319,-32.0528943092764,0.277436869737418,1.29215236699398,6.59616625503171,0.618174707813006,4.18291214602474,0.00202837601016714,0.713869707460579,0.741833240539048,0.0145680381510633,4.50919109740964e+36,2.30428630283451,0.586482021206162,183847264.160501,0.194694757737914,0.189115965253958,0.153316553580787,3.95469219573977,1390600763.11871,20871418.2265484,1436923989.82876,2875288.78952675,940.347000424354,2976067.46096039,458226512.681809,1102820.76185123,451025350.117544,1.62543181350029,0.679604098005726,0.941055649165333,28.6869037748331,0.526524234403095,16.4437153269133,0.0829501931489093,0.608613753861512,0.830659311803546,0.0283648070924375,1.39483744708046e+38,1.76673536560631,3.7165065558008,292107684.4198,0.396305638153858,0.367878943951896,0.139316754178797,3.18693290269958,2464640659.12532,1046800425.87359,2953284081.67424,11099388.2872015,129905.74041633,11181680.0955798,758562019.27928,17587260.3684329,758560544.048891,1.02013763456628,245058,34.4107418365089,-5.12968100635144,65.6040455436017
61.6413656796822,-1.15696957133632,0.305261124688644,-0.260408103560557,10.0989993901148,1.40022991631259e-05,1.99801033614541,1.99959145722188,0.0500899586056415,1.48419880872239e+47,36.6103394463307,8.42037815321702,315505825.641763,2.30625908065768,1.86739131885592,-18.5108943454481,-13.4368685811315,15453593233.5626,37964287.3533459,15491557520.9159,36377582.6151175,89757.5617048043,36467340.1768223,1648964092.26591,4068631.9876312,1653032724.25354,-16.2932168052814,12.158725591053,-1.15754818660242,0.407817466827193,-0.347545578280638,2.11167366428185,0.00945265598063077,1.8095964840914,1.86830839366294,0.0172043053037915,1.73610087353277e+47,38.2108570153531,9.0852014171613,362362909.304914,1.77761082416125,1.55916816947973,-18.4619030724891,-13.2595436549707,12170307199.6591,9242511291.59036,19360633766.797,1537055.48603856,179868.507429001,6960642.52188471,456289679.103316,323568515.017223,1737192945.15016,-19.3520228612361,2.84942626669418,-1.41389663603294,0.3,-0.444657292904546,0.468564010290987,2.02937496380125e-05,0.99081366623557,1.24189314226735,0.00157828486367485,7.36236145033419e+46,36.369445785811,7.24561701972627,299043574.867685,1.30845865630745,1.19629187822777,-18.627322712341,-13.5099094763705,6349216610.58794,52761980.5502882,11097903266.7553,13187.361697965,2235.97845007742,39400.7939853719,29060185.2066628,1321732.29976382,119130817.061418,-21.1898597360033,23.1559526973772,-0.935357362358696,15.0522192933878,0.182505139806359,17.1287456466197,0.0951086764294117,3.18593449626298,2.61760532651807,0.0447182628205744,4.32428115122545e+47,39.267005858943,10,487369088.533365,2.15223198950166,1.89259380002864,-18.3134158203812,-12.8447971312949,14708659975.6156,120007677339.908,131921687289.824,20116035.2130663,35966088.0046997,54761199.978569,1734587225.70264,6115147977.10192,6932407105.21625,-18.0108944175146,9.30929932435886,0.256348449430524,0.107817466827193,0.0971117146239082,1.64310965399086,0.00943236223099276,0.81878281785583,0.626415251395591,0.0156260204401166,9.99864728499348e+46,1.84141122954213,1.83958439743503,63319334.4372282,0.469152167853795,0.362876291251965,0.165419639851905,0.250365821399784,5821090589.07115,9189749311.04007,8262730500.04172,1523868.1243406,177632.528978924,6921241.72789933,427229493.896653,322246782.717459,1618062128.08874,1.83783687476721,10.9972271063242,0.222190824243719,14.6444018265606,0.530050718086996,15.0170719823378,0.0856560204487809,1.37633801217158,0.749296932855125,0.0275139575167829,2.58818027769269e+47,1.05614884358996,0.914798582838703,125006179.228451,0.374621165340412,0.333425630548908,0.148487252107962,0.414746523675788,2538352775.95654,110765166048.318,112561053523.027,18578979.7270278,35786219.4972706,47800557.4566843,1278297546.59933,5791579462.0847,5195214160.06609,1.34112844372149,69070,34.4533472762435,-5.27073816811636,39.3169583649485
8.09438071317851,0.889195038128333,0.300573522443226,0.133821459746085,30.3684769851321,1.02363293044773e-05,2.00049760755691,2.00267540635155,0.0501137466166349,4.37227079986665e+38,44.6032679193311,9.96704343849628,3038979151.96334,0.559071038634364,0.712080220704098,-17.125046525036,-4.64812171284341,3699597372.99085,1.4635150233371,3699597374.45436,8768637.09106173,0.00348954214505413,8768637.09455127,397285998.119627,0.158102817995684,397285998.27773,-21.9540057371186,7.66000807875089,0.963104981749919,0.38689708437368,-0.154977364950664,4.89676100795203,0.0912243088847935,1.72141644517518,2.07650420113577,0.0142307817065786,3.31316921024358e+37,45.5429484222732,1.42205059465522,3162581889.67683,0.339555665555251,0.488430749054249,-17.1981502835564,-1.36412177056911,2287591427.34746,1219106750.83051,3519453052.98212,677386.133294452,358340.809082118,1959106.28308164,98419552.0491866,47032271.2358376,282868283.114093,-24.7977825575104,5.71917129237539,0.714154734989964,0.3,-0.5,0.959743520015057,0.000608499483159188,0.970496074307088,1.27773120100146,0.00338653075184999,1.83898112260556e+36,43.626860060446,0.233809156037964,2682841509.37081,1.64213819021522e-05,0.000135346596589868,-17.6251971692713,-4.01650825519908,19867297.1401598,38.658662704723,164635304.820741,231.458899480892,0.0277476885686349,1577.80741038158,207877.888796347,3.95648179074292,1255274.67388378,-26.2439959771674,13.1413671701561,1.18742282979941,2.35215101120541,0.322021936669182,24.8156166031978,0.802631374687107,2.88808734694788,3.14105850724183,0.0459978099910469,3.50177750474249e+38,48.2631985976294,6.26873767774011,4161723547.8038,5.40900512203476,5.43313080097594,-16.7445424818182,2.01425565819344,36346860468.1923,23390497466.2519,59765815184.1605,31381670.7445066,7853219.16028641,52773623.7163337,2888917649.30149,767589990.253892,4474904810.63666,-23.4191240312045,1.94083678637551,0.248950246759955,0.0868970843736804,0.345022635049336,3.93701748793698,0.0906158094016343,0.75092037086809,0.798773000134309,0.0108442509547286,3.12927109798303e+37,1.91608836182718,1.18824143861726,479740380.306017,0.339539244173349,0.488295402457659,0.427046885714848,2.65238648462997,2267724130.2073,1219106712.17184,3354817748.16137,677154.674394971,358340.78133443,1957528.47567126,98211674.1603902,47032267.2793558,281613008.440209,1.44621341965697,5.48135909140521,0.224317848049489,1.96525392683173,0.476999301619846,19.9188555952457,0.711407065802313,1.1666709017727,1.06455430610606,0.0317670282844684,3.17046058371813e+38,2.7202501753562,4.84668708308489,999141658.126975,5.0694494564795,4.94470005192169,0.453607801738237,3.37837742876255,34059269040.8449,22171390715.4214,56246362131.1784,30704284.6112122,7494878.35120429,50814517.433252,2790498097.2523,720557719.018055,4192036527.52257,1.37865852630593,94378,34.4017941796419,-5.25018120537919,48.291414223244
20.9244489056374,1.6401388266778,0.347193713320083,-0.344333082366948,18.9206649816136,1e-05,1.11872374245856,1.99568562197597,0.046760495952928,6.59276136609555e+43,43.2020584579525,9.07250815334039,4081114533.71161,3.91675710515428e-22,1.1141896235772e-19,-17.2363498768732,-17.1999848862358,16058443.238018,152039.221517563,16210482.4595356,1050.39197758094,355.607005627308,1405.99898320825,51003.540338765,17267.0932788633,68270.6336176283,-22.1743178674579,7.49348206910563,1.43620824156841,0.469109136565245,-0.0803621691677865,2.80946360413396,0.000143228316377593,1.2981725918611,1.72624938968526,0.0151283194369678,2.69595062808256e+37,41.0380140778369,1.37489299705925,3057963702.56118,0.0523437441564943,0.0773715629499774,-17.0649475096518,0.171287968642588,155915143.0664,3410.72395698726,189257226.394293,9894.50249831213,0.245392160525241,14485.6621694705,1800253.67564499,89.0144899827877,2593068.25542106,-26.3071418143735,0.894336226310556,1.1239462048965,0.3,-0.442170529618906,0.0263153937224467,1.68816465898786e-05,0.704494223794264,0.989617776799681,0.00330162342900045,4.87804300288881e+35,36.5411521815281,0.170318084267619,793489945.18913,2.31430398190659e-13,8.67492048398892e-12,-17.4321127901743,-15.7706839605781,18655210.524026,0.0121768298379175,20271066.9648412,177.580399894616,4.97523273019427e-07,205.578071694589,50803.0987812722,8.78600050436145e-05,75487.0307205827,-27.725072858147,13.6737661474211,1.70347298038089,1.34294346932442,0.222854228840516,20.3114685377263,0.00241252587308144,2.08857816793605,2.51970953878932,0.0427832843237628,1.10696940136487e+43,43.5031426374439,6.88934654242079,3604755536.58281,0.651216111610387,0.659850441634891,-15.6349876011727,6.73844785765543,4475090084.08946,19289239.0607467,4681810529.39709,335352.497206485,4209.46005595321,486937.939246348,42585548.2888332,643881.997518068,53331613.9340864,-24.3037957983621,6.59914584279508,0.312262036671909,0.169109136565245,0.361808360451119,2.78314821041151,0.000126346669787714,0.593678368066834,0.736631612885577,0.0118266960079674,2.64717019805367e+37,4.49686189630876,1.20457491279163,2264473757.37205,0.0523437441562628,0.0773715629413025,0.367165280522464,15.9419719292207,137259932.542374,3410.71178015742,168986159.429452,9716.92209841751,0.245391663001968,14280.0840977759,1749450.57686372,89.0144021227827,2517581.22470047,1.41793104377355,6.18028407831546,0.267264738812477,0.873834332759177,0.303216398008303,17.5020049335924,0.00226929755670385,0.790405576074955,0.793460149104066,0.027654964886795,1.10696670541424e+43,2.46512855960705,5.51445354536154,546791834.021629,0.598872367453893,0.582478878684913,1.42995990847908,6.56715988901285,4319174941.02307,19285828.3367897,4492553303.0028,325457.994708173,4209.21466379268,472452.277076877,40785294.6131882,643792.983028085,50738545.6786653,2.00334601601134,237731,34.4178147258715,-5.13486003361594,52.3276861585026
23.2882239054147,1.25122626568559,0.3,0.377278514876643,3.96061967722436,0.194797500697492,2.00634010400789,2.00324626518691,0.00415204044164101,2.47595760746617e+38,50.1774300385024,3.8422039982339,8970420110.42963,4.13842732952589,4.48208775748966,-19.4743981977425,-4.34713294957145,29057120545.7384,14863531823.6954,43920652369.4338,69979007.2540281,35495364.3846491,105474371.638677,38267865409.3343,19410561541.6378,57678426950.9721,-19.5612895830048,6.63845583167718,1.14055412225312,2.22596865544955,0.0613649527424979,7.72682740757516,0.00174831214278759,1.72009036856078,1.73000028856823,0.0234920870388207,1.30476131376942e+37,50.437036759611,1.68147096247829,4572381173.61808,5.73642937160335,5.81578978616474,-19.4946719285888,-1.13573653398505,38143123747.1573,92376703.1874546,39585137977.5895,4279532.48417096,47194.4691496088,5575630.24866537,1223196474.51984,9626412.95720158,1464563008.25708,-24.1247826234687,5.29053269704988,0.799511742182844,1.09517424788888,-0.42321990011409,1.0846837308929,2.5913593660896e-05,0.853291640476962,1.1111557882969,0.00349614124591349,3.54518446292467e+35,48.5183431189725,0.19880235968999,3553079466.02072,4.47797429946379,4.54970825180098,-19.5703841990933,-4.36179186914758,27379450115.1629,32.8902223420296,27908839016.0257,236153.129981926,0.0328265742088431,303574.550147797,63351243.5512028,2.11811730487843,69465560.9732327,-25.4987108436598,10.5130136923282,1.25122628491231,20.482480171347,0.689157123494165,27.2946479744962,0.349949882311127,2.94107555493883,2.36380662069058,0.0436645163749864,2.09675117792926e+38,52.6768212459226,7.67039613415827,6712216400.22517,7.36763582845346,7.52982269455943,-19.4250443730276,2.50729759449844,51336692300.9289,27832249841.2541,79461384621.1557,58371104.0593927,1344085.67265919,60174475.8696325,6266520605.88418,587632019.918455,7000844815.37583,-22.9160979095048,1.3479231346273,0.341042380070278,1.13079440756067,0.484584852856588,6.64214367668226,0.0017223985491267,0.866798728083821,0.618844500271327,0.0199959457929072,1.26930946914017e+37,1.91869364063854,1.4826686027883,1019301707.59736,1.25845507213957,1.26608153436376,0.0757122705044822,3.22605533516253,10763673631.9944,92376670.2972322,11676298961.5638,4043379.35418904,47194.4363230345,5272055.69851758,1159845230.96864,9626410.83908428,1395097447.28385,1.37392822019109,3.87455786065101,0.110672162659184,18.2565115158975,0.627792170751667,19.5678205669211,0.34820157016834,1.22098518637804,0.633806332122351,0.0201724293361657,1.96627504655232e+38,2.23978448631162,5.98892517167998,2139835226.60709,1.63120645685011,1.71403290839469,0.0696275555612331,3.64303412848349,13193568553.7716,27739873138.0667,39876246643.5662,54091571.5752217,1296891.20350958,54598845.6209671,5043324131.36434,578005606.961253,5536281807.11874,1.20868471396395,130917,34.2707048091246,-5.21764908331747,49.3646256886635
10.940229610717,-0.703830232276328,0.661799866361783,0.49600403341217,0.780310986721199,0.0184142289164109,2.00876233706335,2.0043951507383,0.00176237429969809,1.82549663149182e+39,44.3618488799743,0.100145208391114,217587858.254309,2.18155102631683,1.66259336024441,-18.9071877128163,-6.80463516153652,13748655970.1431,18672.2962810471,13748674642.4394,33329782.257211,44.7312149287647,33329826.988426,187467124971.909,251595.770847911,187467376567.68,-12.6894576580032,7.47707643923542,-0.673907183676649,0.529971023648731,0.122345520619491,1.36756338458529,0.00027919271574544,1.78359205179037,1.94749951751079,0.000283419915597625,2.53363342244559e+37,47.9046537140431,0.945085756122656,270499001.992148,1.97284029471118,1.65008079991909,-18.9041063636468,-2.23253739127046,14187975703.5217,685.574348035822,14243850727.3631,153.144493031559,1.43828102824032e-05,160.879386502421,244510665.755113,15.7947783866326,256924691.256795,-15.3152381898811,5.79309583432976,-0.863779806389423,0.402693207816498,-0.0383352683866423,0.419172632206163,1.99774506953217e-05,0.985839030650514,1.16963890213889,0.000113255887626602,4.20305555465256e+35,45.2052065812386,0.162720031086201,224466185.743587,1.50582435351793,1.28132956700034,-18.9849765893644,-10.3868692025491,8194129855.96045,0.0531042779465736,8194129867.13874,5.61246455785145,1.01115573524134e-09,5.76888040233334,16031877.9445308,0.000277303008134147,16983810.7861705,-16.933638357702,9.39067091917536,-0.549912957757299,0.641047013631218,0.296202034376947,14.4307560468648,0.0230678867773781,2.6398921887847,2.63437398943928,0.00100178778566374,4.97140883723471e+40,49.1965493245219,5.72140789433247,323936834.988693,2.45250419838429,1.95124139782268,-18.8188064961049,2.29227184095793,18067023337.1077,445944916.832269,18505688202.6264,5872.63103311749,3.16553240907683,6380.27871729141,964943720.457451,6780638.43672933,1001804026.78992,-14.2657328155851,1.68398060490566,0.189872622712774,0.127277815832233,0.160680789006133,0.94839075237913,0.000259215265050118,0.797753021139853,0.777860615371902,0.000170164027971023,2.49160286689906e+37,2.69944713280452,0.782365725036455,46032816.2485608,0.467015941193246,0.368751232918749,0.080870225717625,8.15433181127859,5993845847.56122,685.521243757875,6049720860.22434,147.532028473707,1.43817991266679e-05,155.110506100088,228478787.810582,15.7945010836244,239940880.470624,1.61840016782096,1.91359447993994,0.12399422591935,0.111075989982487,0.173856513757456,13.0631926622795,0.0227886940616327,0.856300136994335,0.686874471928494,0.00071836787006612,4.96887520381226e+40,1.29189561047878,4.77632213820981,53437832.9965456,0.479663903673114,0.301160597903591,0.0852998675418668,4.52480923222839,3879047633.58599,445944231.257921,4261837475.26328,5719.48654008593,3.16551802626655,6219.39933078899,720433054.702338,6780622.64195094,744879335.533122,1.04950537429596,7193,189.248555415728,62.2329225248423,29.3869020321753
2402.27995730211,-1.99998758543926,0.300815961670727,-0.342645907158622,31.5869615035064,0.661821926415977,2.03482997705957,2.01236742825114,0.050116332923118,7.84001508800168e+39,40.2366588513026,9.29816638646543,2527457536.35994,15.4301940758372,12.9173604620596,-18.7285791255957,-2.7724271272233,103312559384.103,40184606756.4209,143497166140.524,268382915.822228,98370129.2630787,366753045.085307,12159161224.1381,4456685544.54989,16615846768.688,-14.741009875783,1492.57533434903,-1.96611621320418,0.362257071409387,-0.303517253747859,7.45783636123776,0.740175866217811,1.81522694250893,1.99203568514885,0.0289239516593589,8.09135832709691e+38,41.4086611664868,0.820927099742042,2632058819.74775,16.3890186053933,13.6636750222105,-18.7265520168604,-1.60727965389979,111291630036.985,49699821248.5765,161722060779.834,46838967.2182303,20731233.8339409,108701440.372212,5024616335.61868,3344513701.38304,10416473099.537,-16.6979760286475,1031.17367618238,-2,0.323045687466181,-0.342645907158622,2.73884982258318,0.636234871297114,0.82747337485686,1.06313760854639,0.00150069062089585,6.67296325406703e+36,39.4175581694513,0.147682170248421,2263434334.43207,14.0657271045297,11.7374615075121,-18.8586052667972,-8.87996580179487,94755689866.3601,38390713228.5468,133324823777.273,54805.319263348,200981.587215941,282393.037903241,170700867.085205,180936174.15413,1197324960.0519,-18.4033931995668,2275.29119014639,-1.78695423350257,0.408726007081621,-0.279235738765574,22.7950960758951,0.933565424025577,2.65039004547543,2.71918587964451,0.0501187233627272,2.83059341522575e+41,44.2687221429827,4.57401814019058,3441558645.6658,19.9051769046063,16.7405264436322,-18.5959463452428,2.83307843909674,141218886819.017,83925403164.6034,224382826585.627,327712715.005587,135473969.301065,440844222.48739,21016446475.5252,9086676503.04113,26971067308.5361,-15.7344913682664,461.401658166644,0.0338837867958204,0.0392113839432054,0.0391286534107629,4.71898653865458,0.103940994920697,0.987753567652069,0.928898076602458,0.0274232610384631,8.02462869455624e+38,1.99110299703557,0.67324492949362,368624485.315683,2.32329150086364,1.92621351469843,0.132053249936774,7.27268614789508,16535940170.6252,11309108020.0297,28397237002.5609,46784161.8989669,20530252.246725,108419047.334309,4853915468.53347,3163577527.22891,9219148139.48513,1.7054171709193,782.715855797366,0.179161979701608,0.0464689356722344,0.0242815149822846,15.3372597146573,0.193389557807766,0.835163102966497,0.72715019449566,0.0211947717033683,2.82250205689865e+41,2.86006097649583,3.75309104044854,809499825.918053,3.51615829921293,3.07685142142175,0.130605671617637,4.44035809299653,29927256782.0319,34225581916.027,62660765805.7933,280873747.787357,114742735.467124,332142782.115178,15991830139.9066,5742162801.65809,16554594208.9991,0.963484660381125,5881,214.923941475732,52.9483917354458,31.5115268740952
2.07746698436638,0.277939222295945,0.300002510437236,0.038321501145084,14.6147415109031,1.04804940375641e-05,1.98661346054591,2.0019604942762,0.00977364399183414,8.50158045953687e+37,44.8956248442059,3.89400019672431,744785633.287341,1.40705696497002,1.57473441501659,-18.5969581284431,-2.93727996808326,9860570743.78882,15867511.0315641,9876438254.82039,22486896.3439259,37759.7972379246,22524656.1411638,5223974375.47734,8772051.51734603,5232746426.99468,-17.7612257978219,1.73215712744712,0.257233330169954,2.37048219885619,0.212610365861834,4.25174493504839,0.000156844473245632,1.9322247283186,2.06868910813345,0.0058341029696354,3.56600366496722e+36,51.3685236549218,0.854490247823098,771804993.371385,1.5860058554406,1.59028302527621,-18.6308290194329,-0.0214469258981396,10836214605.3234,11726954.6955486,11123532161.7123,309643.019293774,90.9523897831651,377676.86031953,381031818.912576,195643.345070367,402410878.649817,-19.6368573321394,1.35625529657985,-0.22391810837181,0.505081280926079,-0.311839329116389,1.25970818684184,1.58257611983344e-05,1.01108256230224,1.23532639244903,0.000448706686373193,3.18452557056231e+35,45.2459238086696,0.180418659743895,611992498.75432,1.2394593128034,1.25406403057663,-18.7346556786505,-4.40465049828495,8597079309.44133,0.478657799659084,8722467224.90761,538.126435116437,2.45077959948342e-06,577.742531700551,33527063.9360733,0.01042608298066,41014458.5235038,-21.069456166828,2.34627802458096,0.868386784517893,20.0975606759941,0.835869970903436,19.7987504592539,0.00995916000343622,2.62820856053266,3.04228039934582,0.0269780167411879,1.79863565691251e+38,53.7163287102584,4.28326510724852,944087685.390391,2.03049242806912,1.98865445096455,-18.521387177556,2.58024042617152,13562437975.8486,188934180.600714,13904889203.6495,6851154.34341923,67108.979023088,7032898.15644116,1215020380.79007,18157732.1849047,1229728994.46487,-18.7905855321051,0.375901830867271,0.481151438541765,1.86540091793011,0.524449694978223,2.99203674820656,0.000141018712047298,0.921142166016356,0.833362715684414,0.00538539628326221,3.24755110791099e+36,6.12259984625224,0.674071588079202,159812494.617064,0.346546542637195,0.336218994699586,0.103826659217667,4.38320357238681,2239135295.8821,11726954.2168908,2401064936.80473,309104.892858657,90.9523873323855,377099.11778783,347504754.976503,195643.334644284,361396420.126313,1.4325988346886,0.614120897133841,0.611153454347939,17.7270784771379,0.623259605041602,15.5470055242056,0.00980231553019059,0.695983832214067,0.973591291212369,0.0211439137715525,1.76297562026284e+38,2.34780505533657,3.42877485942542,172282692.019006,0.444486572628527,0.398371425688332,0.109441841876869,2.60168735206966,2726223370.5252,177207225.905165,2781357041.93721,6541511.32412546,67018.0266333048,6655221.29612163,833988561.877496,17962088.8398343,827318115.815055,0.846271800034316,6122,214.829231881358,52.8610968832497,36.7717747117715
5.52872161796891,0.000167765442188452,0.300005919375809,-0.0688601086017167,1.00419833160779,0.176126668572204,1.91785943875965,1.98272597231738,0.0501175514115589,4.67049606552995e+40,44.0396262181287,9.98271987750137,1386539428.36449,5.39831082497909,5.26519517092784,-19.1042648893019,-9.10225650185402,31908470632.1219,6912529130.03005,38820999762.1519,59338444.111687,15592178.4782502,74930622.5899372,2688279039.09906,706390725.346234,3394669764.4453,-13.2637267697446,3.43821916980945,0.0863651238710018,7.13171662700742,0.197652430916736,6.47967157813197,0.000184380100150813,1.24272239528809,1.81210761052363,0.0224168614624653,1.97607007977607e+37,41.2487941474392,0.889544977811014,1743158295.82812,3.29038846948238,3.26543009719894,-19.1510568240579,0.291830196038141,21841283074.5219,31871529.8778497,21912797449.9069,1314747.73462563,4042.0663481211,1550362.9067855,140656721.938112,911496.607797466,161095029.853113,-18.5756926760442,2.80128775967529,-0.292868999344452,0.832856464941455,-0.290785504322357,0.97578847177254,1.90443523603549e-05,0.722617736084154,1.04127872570882,0.00999376709072266,3.2831412898347e+35,38.4454460270345,0.160582767996011,1542402298.32057,2.66270591285607,2.73523026047856,-19.2866946798033,-9.4972426624755,17265238757.2289,0.387917146456038,17434704725.5516,180462.880091543,0.000176541999569706,203617.843784356,26696890.3227731,0.0192144000886554,30845262.1334716,-19.8452879936969,4.25019258828905,0.508310511922345,58.8347336116665,0.727661809797318,24.6630757593398,0.00400876540449807,2.09002266449106,2.71199554457545,0.0400826225011305,2.89486196562611e+40,45.1941949239284,6.04772849831963,1962189588.18766,3.83347282276973,3.77890608370959,-19.0252182055633,5.73765665868468,25312175481.7679,143340634.955938,25412017264.4343,17579548.1661044,116282.177524828,17895230.0941599,2044933413.17702,10804434.3575775,2172476030.19682,-17.3404357327119,0.636931410134161,0.379234123215453,6.29886016206597,0.488437935239092,5.50388310635943,0.000165335747790459,0.520104659203933,0.770828884814809,0.0124230943717426,1.94323866687773e+37,2.80334812040466,0.728962209815003,200755997.507543,0.62768255662631,0.53019983672038,0.135637855745369,9.78907285851364,4576044317.29299,31871529.4899325,4478092724.35534,1134284.85453409,4042.0661715791,1346745.06300114,113959831.615338,911496.588583066,130249767.719641,1.26959531765268,0.811973418479598,0.421945388051343,51.7030169846591,0.530009378880582,18.1834041812079,0.00382438530434726,0.847300269202975,0.899887934051817,0.0176657610386652,2.89288589554634e+40,3.94540077648926,5.15818352050862,219031292.35954,0.543084353287354,0.513475986510651,0.12583861849464,5.44582646264654,3470892407.246,111469105.078088,3499219814.52742,16264800.4314788,112240.111176706,16344867.1873744,1904276691.23891,9892937.74978,2011381000.34371,1.23525694333231,3919,214.925557535025,52.8795802200015,37.0251003439824
5.22809129500205,1.77988155439452,0.571768772625583,-0.499910714244032,2.92266132959747,0.487841226471178,2.00051440316415,1.99795050849255,0.0501140866133109,2.38926215986068e+43,49.9994019235166,9.99614230697948,1914952266.68998,2.55840347322969e-13,5.29068738596664e-12,-16.0333012477613,-16.016643184579,7187449.74378967,4945792451.68745,4952979901.43124,17036.1906713402,11640418.1873128,11657454.3779841,771863.862755946,527395960.72195,528167824.584706,-15.4256550664963,3.07880627485371,1.10637775792243,1.43330125553914,-0.1082822328452,9.48729243538984,1.01041984411109,1.79633943414238,1.9560800700737,0.0237401399038252,5.86396636753659e+38,50.8354249409014,0.782519445841343,1926201351.24596,1.72644829525945,1.73958898496287,-15.2184379053926,-2.85577262813601,11613461094.6901,9179928847.70979,21529582422.7547,635206.759669317,1703035.57710068,4156965.5638885,86380657.347922,290978513.166655,673133009.522796,-18.9491384974848,2.20391710823899,-0.088036372478743,0.398012096630918,-0.41843346658458,3.29887287455678,0.280506700741787,0.793870338571171,1.03574601462532,0.00637147458383825,5.89377054557263e+36,48.8652489729228,0.147019334665727,1469957704.64512,4.70708505266196e-05,9.01417142396231e-05,-15.8149715821837,-14.0366981182098,11172264.7396947,1595903205.64153,1784361942.4011,8192.63856231512,116913.40891366,466054.714310145,1540225.54125572,17239614.9045453,78552154.0164211,-20.3683132697756,4.8110947100069,1.74646471578054,22.6752678790621,0.381099627556012,25.159910868844,1.42354080101236,2.65480675305852,2.70072217070104,0.0483828447525188,2.03311772248503e+42,53.6738248115317,4.46520972229526,2560474661.8561,2.81483028947849,2.80959361703609,-14.6289205833969,2.76403947198888,18971521605.8533,16575428419.1252,34830326158.2473,9308530.49528099,14365816.495824,24369980.2925832,1197438156.56234,1730229820.21302,2768011927.98521,-17.9530419362102,0.874889166614726,1.19441413040117,1.03528915890822,0.31015123373938,6.18841956083306,0.7299131433693,1.00246909557121,0.920334055448379,0.0173686653199869,5.80502866208086e+38,1.97017596797858,0.635500111175616,456243646.60084,1.72640122440892,1.73949884324863,0.596533676791172,11.1809254900738,11602288829.9504,7584025642.06826,19745220480.3536,627014.121107001,1586122.16818702,3690910.84957835,84840431.8066663,273738898.26211,594580855.506375,1.41917477229072,1.73228843515319,0.640086957858117,21.2419666235229,0.489381860401212,15.6726184334542,0.413120956901276,0.858467318916132,0.744642100627335,0.0246427048486936,2.03253132584827e+42,2.8383998706303,3.68269027645392,634273310.610139,1.08838199421905,1.07000463207322,0.589517321995668,5.61981210012489,7358060511.16317,7395499571.41536,13300743735.4926,8673323.73561168,12662780.9187233,20213014.7286947,1111057499.21442,1439251307.04637,2094878918.46242,0.99609656127463,133273,150.072285210214,2.37083989009753,39.6451431984169
7.83772737506872,1.60815828945707,0.300066918035842,0.311178741242972,0.00319967258729434,0.000605853679101213,2.00791256494268,1.99945680151297,0.0500863340775398,1.03612354361959e+37,44.6390783621471,0.142614814061168,2535471682.58615,0.303928606313633,0.345740259160598,-17.3613490239329,-1.1964867079406,285327292.110704,3.52904562676076,285327295.63975,690103.966197787,0.00834050161016998,690103.974538288,31284074.6225121,0.378095022695403,31284075.0006071,-13.2327278431388,5.2816992493315,1.36190804938607,0.54258338018621,-0.21345373819948,1.53765674638598,8.10101090669176e-05,1.37986600520906,1.78749319834235,0.0101354635281382,9.37595025111809e+36,41.484331080479,1.27341422853097,1974709812.32831,0.022374082317991,0.0364201833688955,-16.3306439866956,0.93594628209609,112437239.328306,0.560827151120066,124781934.747935,3934.74818283621,3.93760820260966e-05,4524.94783944296,1090151.92668633,0.00738264299229885,1183214.78063644,-17.3623752360933,3.25050022556127,1.06736187201568,0.3,-0.5,0.0150598303923185,1.51705640483971e-05,0.768461621942701,1.06758873522806,0.00284749772529265,2.43209512457694e+35,36.2175342412391,0.170640502343044,1558150462.6519,2.86588541182099e-06,1.88976173716023e-05,-17.2428925143944,-4.68033869965296,14605604.0865573,0.00132956673562603,15006007.8452372,99.1781822954088,9.50803902221188e-08,126.463177386627,87764.6406133672,4.96048241010252e-05,111883.283789099,-18.9143704237361,7.67336208665064,1.60838103514971,0.784523858531195,0.167596153505061,17.5124603149439,0.000956522427151072,2.12204565529096,2.5680227930023,0.038578869734952,4.62130323508619e+38,44.1694516497085,7.35570409327733,2451578703.97772,0.304823257016078,0.36999898159287,-14.9113194497314,6.27812974485637,1840305261.35172,840583.701680261,1841649825.19801,282237.763412693,8.70876551993733,284421.20985561,29216838.419153,3864.89645738829,29352821.6917523,-16.2466267965008,2.03119902377023,0.294546177370389,0.24258338018621,0.28654626180052,1.52259691599366,6.58395450185205e-05,0.611404383266361,0.719904463114296,0.00728796580284556,9.1327407386604e+36,5.26679683923991,1.10277372618793,416559349.6764,0.0223712164325792,0.0364012857515239,0.912248527698829,5.61628498174905,97831635.2417489,0.55949758438444,109775926.902698,3835.5700005408,3.92810016358745e-05,4398.48466205633,1002387.28607296,0.00733303816819783,1071331.49684735,1.55199518764275,2.39166283731914,0.246472985763646,0.241940478344985,0.381049891704541,15.9748035685579,0.000875512318084154,0.742179650081902,0.780529594659948,0.0284434062068137,4.52754373257501e+38,2.68512056922951,6.08228986474636,476868891.649412,0.282449174698087,0.333578798223975,1.4193245369642,5.34218346276028,1727868022.02342,840583.14085311,1716867890.45008,278303.015229857,8.7087261438553,279896.262016167,28126686.4924667,3864.88907474529,28169606.9111159,1.11574843959249,23392,34.3816706833193,-5.30375705537988,33.9792978000096
2.41183849659911,-1.99991787927823,0.550890057928012,-0.49999346119495,0.0031623819939181,0.000274098275425719,1.99626894983965,1.99866520190911,0.000100006235231037,5.5983314327962e+42,30.4333062819382,1.00023205159345,254584173.750619,0.565389297269491,0.538415817164178,-18.3956670997217,-10.043318761795,1613055229.80089,44916.269139111,1613100146.07003,3778895.55498604,105.923422886161,3779001.47840892,154980784920575,4344151612.95238,154985129072188,-13.1785391332865,0.754710340639838,-1.28023462077283,6.24407862133372,-0.237308010984216,0.0175824441002061,0.000900972969533661,1.85435164979492,1.99192757737174,0.000177581877420099,3.09587731785462e+38,31.7800960958506,0.701768330627852,304408885.638763,0.519382340697502,0.506552862015133,-18.2751225643597,0.771707932483629,1473335186.08059,6.3479062427715,1473335187.00183,3.26199215492251,2.53961263706202e-08,3.26201753562136,30190582.0427381,0.112332061074647,30190707.268701,-15.5857690643696,0.541477508243304,-1.66557138577414,0.619268835082333,-0.5,0.00440314502628679,0.000112088714157293,0.863409322774867,1.05921279450136,1e-04,1.57609911730584e+36,29.7910963460539,0.141859889452642,268168951.529039,0.473006296101136,0.465692645524725,-18.3667755090982,-6.93620641096768,1250105588.01352,0.164067083269183,1250105589.9124,0.112935264971291,1.25135274383149e-10,0.1129358443983,1449465.91177975,0.00107368199821924,1449465.91201228,-17.1586889855115,1.39620819158694,-0.424374961493196,38.8355917814602,0.3889728392714,0.072575871938838,0.00519376793210915,2.67508549550833,2.70655635793517,0.000435194015091514,1.14198665889302e+41,34.6632944889961,4.05369376569772,327870842.654428,0.56618062439026,0.547235157642533,-18.1448624004467,6.004572296206,1857804587.76051,10114.3409749168,1857825174.22775,107.725761045418,6.45877962497963e-05,107.725761168733,103795917.289648,155.882263405462,103795990.156469,-14.6642582862184,0.213232832396534,0.385336765001312,5.62480978625139,0.262691989015784,0.0131792990739193,0.000788884255376368,0.99094232702005,0.932714782870372,7.75818774200993e-05,3.08011632668156e+38,1.98899974979674,0.55990844117521,36239934.1097244,0.0463760445963656,0.0408602164904086,0.0916529447384917,7.70791434345131,223229598.067071,6.18383915950232,223229597.089431,3.14905688995122,2.52709910962371e-08,3.14908169122306,28741116.1309584,0.111258379076428,28741241.3566888,1.57291992114195,0.641497850947107,0.85585965927963,32.5915131601265,0.626280850255616,0.0549934278386319,0.00429279496257549,0.820733845713408,0.714628780563434,0.000257612137671415,1.13889078157516e+41,2.88319839314549,3.35192543506987,23461957.0156646,0.0467982836927584,0.0406822956273997,0.130260163913068,5.23286436372237,384469401.679921,10107.993068674,384489987.225924,104.463768890495,6.45624001234257e-05,104.463743633112,73605335.2469095,155.769931344387,73605282.8877684,0.921510778151188,93339,150.106275512121,2.30311897189149,29.1732280191562
3.48793222326738,1.25285122147397,0.300014583098074,0.334110823052428,0.176336600659114,0.000195473810140402,2.00066840279121,1.99984802629822,0.00077221361522799,9.36072377719626e+37,50.0757341184177,0.107121802125876,1218828954.52457,0.43566431692461,0.48268351532218,-18.2075095402653,-3.81860801048546,1675602742.31233,12.7665388457644,1675602755.07887,3973309.82101329,0.0302047634185994,3973309.85121805,288511568689.092,2193.2404137467,288511570882.333,-13.5001599110413,1.41618203226897,1.11020403105441,2.26306740509512,0.332128864297387,2.13308017881776,0.00708279853530856,1.59833914222498,1.94339213308615,0.00413193611980632,2.10582780635992e+37,50.612290450825,1.05723169185881,953514284.835011,1.13184718432602,1.13611423582604,-18.2757370257804,-2.00840126360402,7732823340.67364,111550071.958748,8057856362.22577,101730.794930394,1130.65639898978,180549.120191432,91691160.6756262,1663917.53111452,173291814.791826,-17.2088908293371,1.16628426691635,0.793907674854603,0.311210484513321,-0.139113103580925,0.240533904776651,2.26677306656248e-05,0.833497363928023,1.24661682366,0.00124944160470503,5.54235898472893e+35,47.6896993460169,0.189964308989161,810562070.730317,0.579792359001415,0.631713261249817,-18.3689047999088,-6.30910480377686,2271400173.22886,3.09283232154034,2271400176.42097,1466.43172151054,1.14291545135218e-05,1882.64251577817,5400522.36278369,0.0641646913044238,6632313.22112641,-18.5448714844258,2.3935926249509,1.25301984263916,32.0409510750175,0.807774490167885,13.0485917264479,0.100827603861596,2.79255223951802,2.7157464672437,0.0109668965630555,1.07410321969385e+39,54.8236636759248,5.16512652064476,1124490260.61468,1.39676610822623,1.3980211354942,-18.1748716661941,1.98416014666559,9486290823.21647,1782424249.20607,11309344656.4401,2722638.30633924,153560.140417958,3020238.6649179,823936020.565176,92336899.7500706,874769562.41807,-15.9799910704007,0.249897765352613,0.316296356199803,1.9518569205818,0.471241967878312,1.89254627404111,0.00706013080464294,0.764841778296956,0.696775309426145,0.00288249451510129,2.05040421651263e+37,2.92259110480812,0.867267382869653,142952214.104694,0.552054825324603,0.504400974576221,0.0931677741283821,4.30070354017284,5461423167.44478,111550068.865915,5786456185.8048,100264.363208884,1130.65638756062,178666.477675654,86290638.3128425,1663917.46694983,166659501.5707,1.33598065508878,0.977410592681935,0.142815811584752,29.7778836699224,0.475645625870498,10.9155115476301,0.0937448053262871,1.19421309729304,0.772354334157549,0.00683496044324922,1.05304494163025e+39,4.21137322509972,4.10789482878595,170975975.779664,0.264918923900216,0.261906899668162,0.100865359586329,3.99256141026961,1753467482.54283,1670874177.24732,3251488294.21437,2620907.51140884,152429.484018969,2839689.54472647,732244859.88955,90672982.2189561,701477747.626244,1.22889975893635,7903,189.122526841303,62.2928575968151,33.7302924851398
0.801017559054414,-0.989198777280723,3.38607801979183,0.22504719034201,0.0299322050084352,0.00580406872101167,1.97133033946703,2.01184264884059,0.0287658247801171,2.36396592444152e+44,40.9433687038636,2.00722147556995,235540897.08524,0.541829044508234,0.521821708089722,-18.4370989935188,-17.2620930027502,849956913.491246,119430749.078976,969387662.570222,1855866.85843497,291947.863931391,2147814.72236636,146486641.239005,23043927.8603616,169530569.099367,-13.5452760997688,0.830611369686232,-0.77065472514205,1.92614586904695,0.359942680704963,0.125910411387351,0.000532265398426238,2.00119376433871,1.60916482929063,0.00188325447710504,3.16628344809817e+44,40.817616519575,2.75399604946548,193485083.355447,0.467744807348382,0.446559677186893,-18.4504060526911,-17.4492348441163,1230366895.31645,19147478.969758,1323088389.95434,6297.62880064431,48.081870573851,7472.98066494951,61860861.4945744,301304.723549845,70254673.6084016,-17.396561411225,0.274253920409764,-1.55281837282337,0.96989484728888,-0.212685339497662,0.00673026727571699,2.50838045773993e-05,1.19236462618813,0.898446225883315,0.000226014544437049,1.30233599853548e+44,38.7341948530019,0.944055538496045,46844876.7148619,0.175957528586573,0.164988633207228,-18.5633669182862,-18.0828667052651,369464032.716314,838996.026264267,376533463.850735,7.7590712652678,0.0765052665404599,16.119525725695,1112494.82943963,3377.00252377613,1389496.55548189,-19.3161929114309,2.31272341995073,-0.375617118030009,20.9206716036577,0.866154390772734,2.84252899897918,0.0646711673099453,2.73701891965598,2.32562093540197,0.0135006141280728,1.52529735154894e+45,41.800260101243,5.47206485249235,574852765.847961,1.49168286374466,1.43112258259694,-18.3402936674131,-10.3165240347876,10240487008.8194,1943644717.82408,11471847350.0102,423661.870345165,6006.28198735963,564818.39784181,446617427.323177,43137035.5767218,602784385.532955,-15.7624340991311,0.556357449276468,0.782163647681316,0.956251021758075,0.572628020202625,0.119180144111634,0.000507181593848839,0.808829138150575,0.710718603407311,0.00165723993266799,1.86394744956269e+44,2.0834216665731,1.80994051096943,146640206.640585,0.291787278761809,0.281571043979664,0.112960865595028,0.633631861148789,860902862.600136,18308482.9434938,946554926.103608,6289.86972937904,48.0053653073106,7456.86113922381,60748366.6651347,297927.721026069,68865177.0529197,1.91963150020589,1.4821120502645,0.395037607112041,18.9945257346107,0.506211710067771,2.71661858759183,0.0641389019115191,0.735825155317272,0.716456106111339,0.0116173596509677,1.20866900673913e+45,0.982643581667993,2.71806880302687,381367682.492514,1.02393805639628,0.984562905410047,0.110112385278011,7.13271080932868,9010120113.503,1924497238.85433,10148758960.0559,417364.241544521,5958.20011678578,557345.417176861,384756565.828603,42835730.853172,532529711.924554,1.6341273120939,1444,214.845489479547,52.8482920229715,41.9810315891361
9990.77408112338,-0.397322314862194,0.300001771854066,0.999762935399076,3.07880960792617,1.67238207522808e-05,2.00083787456763,1.9775934018098,0.000101374848002795,1.42198492614996e+44,38.610619902788,1.00604992047992,42607077.7464281,2.57895088910389,0.469342842148082,-17.6483712803044,-15.5795983519079,21175813959.3093,133774.647556305,21175947733.9568,50236986.6958083,297.383045192239,50237284.0788535,1975317096408350,11693094112.2553,1975328789502460,-16.5468452723956,0.197894137135671,-0.380815722188452,1.43696355378493,0.658568274195933,0.301446208621897,0.00163207713207413,1.65572167511758,2.15994282982166,0.00205265928099855,1.49479803133495e+44,38.1499533866429,1.20959480953447,41906763.7448559,0.178199381787581,0.169414705370883,-17.2246047931872,-15.9110081180075,415387459.618736,15821377.340868,557663933.918061,384.189101310138,39.6967027424312,1046.4697798412,4543623.48832842,541256.113056542,9890079.15006814,-21.0847935434588,0.0145834112255004,-0.972065193658887,0.3,-0.177850425375839,0.0206001590511328,3.10962561479378e-05,0.826773488234732,1.1958556585441,0.000169455033725078,1.17400856607057e+44,37.0399365330083,0.755808870744223,768980.951349256,0.00201494194868725,0.00194404789482117,-17.5351392994704,-16.9075856623224,8480067.41495701,222834.610631561,141817256.356363,0.815816624323836,0.0434543472286583,2.10743775218804,203226.198852359,10866.4412249293,659036.596713377,-22.5562423450286,1546.51687573893,0.926123976434832,31.3529319243207,1,10.1774223044835,0.0183511592665256,2.29647833771924,2.9423214197595,0.0225765152853188,1.97965587166973e+44,40.7721118521637,1.66762469902172,135201243.304242,1.65666632550213,0.355457773384954,-16.8368905182704,-15.1111036507631,13266404662.8382,215803351.644715,13637503750.2532,26804.1018611537,17305.3211736796,122362.370621165,53431833.8482962,6167945.64345839,90525048.7717684,-19.3037220160341,0.18331072591017,0.591249471470434,1.13696355378493,0.836418699571772,0.280846049570764,0.00160098087592619,0.82894818688285,0.96408717127756,0.00188320424727347,3.20789465264385e+43,1.11001685363455,0.453785938790252,41137782.7935066,0.176184439838893,0.167470657476062,0.310534506283219,0.996577544314881,406907392.203779,15598542.7302364,415846677.561698,383.373284685815,39.6532483952026,1044.36234208901,4340397.28947606,530389.671831612,9231042.55335476,1.47144880156976,1546.31898160179,1.30693969862328,29.9159683705358,0.341431725804067,9.87597609586157,0.0167190821344514,0.640756662601655,0.782378589937844,0.0205238560043202,4.84857840334783e+43,2.62215846552078,0.458029889487242,93294479.559386,1.47846694371455,0.186043068014071,0.387714274916828,0.799904467244444,12851017203.2194,199981974.303847,13079839816.3352,26419.9127598435,17265.6244709372,121315.900841324,48888210.3599678,5626689.53040185,80634969.6217002,1.78107152742474,104399,34.3036331425157,-5.2426518988062,45.8670956633732
15.0523259437162,0.387046173542576,0.30000065441347,-0.499985739694564,16.953164349162,5.16449016914538e-05,2.00187445507329,1.99884844688618,0.0233658972409343,5.49885797236991e+38,43.7743675313093,0.821902338454825,5012196427.57418,1.44319994797587,2.99288606926572,-19.3536101798909,-4.82289921271599,9370193708.43066,26446087.4001942,9396639795.83086,22292922.2073617,62397.7578270338,22355319.9651887,2166269942.37893,6063376.79713907,2172333319.17607,-23.0237654877948,5.99369214203667,0.391176924599371,1.2617615476952,0.0343919138918564,10.00707664807,8.26379254370677e-05,1.32636085834909,1.92035591643699,0.0396314174550205,1.73110322420833e+37,40.0873211281792,1.01217513805064,2673929670.66456,4.83142427395549,4.92365899215498,-19.4282664761736,1.78720327321631,32116891762.3892,47373864.7761088,32204065330.2174,4425131.08050592,36320.3342456838,4476142.39573875,286710862.800993,2640526.68590601,291300584.635183,-27.1619393938362,4.75827487727232,0.0266524932089193,0.307246843418504,-0.485755392168679,2.27677253700774,1.56758442347524e-05,0.807984807485066,1.19625876528394,0.0207134612646116,2.39580960016136e+35,34.9526571097035,0.16591356915007,1776171810.02594,2.57580408862387,3.67913474526086,-19.5734960572918,-7.09441695716844,16255638294.9286,5333125.6781809,16258973978.317,668378.375972996,454.008332885767,759774.11819803,46501943.5315514,31721.8244745519,54063539.4285766,-28.7315422576413,12.6355688672421,0.817645387406619,43.5695360419758,0.717550575201957,28.0532827313219,0.000942664199291441,2.09535643838201,2.65501053246688,0.0501187233627272,5.35397338853648e+39,42.4137735590818,6.81967278976624,4550638649.37106,5.85056274971458,5.78123538917643,-19.2629595261481,8.0548547626868,38931271196.8702,79023022.7278076,39072145679.7934,31528096.2252228,181269.562905517,31528096.2254084,2167461053.47059,10518233.7268098,2176725841.06463,-24.8747764751285,1.23541726476436,0.364524431390451,0.954514704276701,0.520147306060535,7.73030411106225,6.69620812023154e-05,0.518376050864022,0.72409715115305,0.0189179561904089,1.70714512820672e+37,5.13466401847568,0.846261568900573,897757860.638628,2.25562018533162,1.24452424689412,0.14522958111824,8.88162023038474,15861253467.4605,42040739.0979279,15945091351.9004,3756752.70453292,35866.325912798,3716368.27754072,240208919.269442,2608804.86143146,237237045.206607,1.56960286380509,6.64187672520548,0.426468462807249,42.3077744942806,0.6831586613101,18.0462060832519,0.000860026273854373,0.768995580032921,0.734654616029885,0.0104873059077068,5.33666235629439e+39,2.32645243090263,5.8074976517156,1876708978.7065,1.01913847575909,0.857576397021449,0.165306950025421,6.26765148947049,6814379434.48107,31649157.9516988,6868080349.57605,27102965.1447168,144949.228659833,27051953.8296696,1880750190.66959,7877707.04090377,1885425256.42944,2.28716291870774,115903,34.2645908074605,-5.23255427263782,57.9111552414984
58.8118067151996,-2,0.372843120396578,-0.5,0.53289710514359,0.141122968336301,1.87671545027336,2.17299997603779,0.0304592306876277,2.30170859419203e+39,61.7604041196462,0.161803638860428,966873415.976308,3.95406714134298,3.55963625692431,-19.1679789110617,-6.91545278445057,19840441427.6115,4745621419.96983,24586062847.5813,32318377.1759987,16951147.6690587,49269524.8450574,2409121207.31305,1263595913.72529,3672717121.03835,-21.4143041637454,61.2366345658882,-1.85708666490689,0.504741903312136,-0.397539864247088,2.57026197062866,0.0143197895108114,1.79430658269681,1.99139455829124,0.033284015624549,4.93393819210178e+37,61.9836345991683,0.77953335103557,987433842.539133,4.72533807490093,4.14817497744023,-19.2987829014904,-2.97569317853552,31220356504.1719,431808611.049482,32005380670.4139,20536642.6083202,173893.275564801,25028395.383845,1613929669.72728,13633773.1545096,1917056944.39598,-23.1888735927719,19.1777963574213,-2,0.3,-0.5,0.805832307266645,0.00152021497718779,0.806203834491011,1.05065816929251,0.018813272195154,4.9012098578205e+35,59.9944115944106,0.147669112997405,813818153.573866,3.85480045535077,3.44302782364671,-19.3868686782943,-8.15759531022599,22533222443.7573,14080.3627147282,23551226002.9955,589864.952988541,10.7720102669599,941069.053269572,48933847.0360738,573.859810904798,88976509.9075019,-24.335530072019,199.144994813194,-1.61899518923573,5.1482235893857,-0.217126884538205,18.261355518308,0.12494686412562,2.62643441512012,2.71839262449699,0.0501187233627272,5.80222499052563e+39,64.844503160707,4.34214620869681,1332938310.19847,5.64201660182955,4.9689512802896,-19.1973958756267,2.07947035174452,37540659025.6991,4818353919.81635,40900093068.6721,96842485.6491883,6282364.76586505,105056723.382446,6025726255.48884,528403954.392768,6429790186.89678,-22.238484271249,42.0588382084669,0.142913335093114,0.204741903312136,0.102460135752912,1.76442966336202,0.0127995745336236,0.988102748205804,0.940736388998725,0.014470743429395,4.88492609352358e+37,1.98922300475763,0.631864238038165,173615688.965267,0.870537619550162,0.705147153793511,0.088085776803922,5.18190213169046,8687134060.41461,431794530.686768,8454154667.41842,19946777.6553316,173882.503554534,24087326.3305754,1564995822.69121,13633199.2946987,1828080434.48848,1.14665647924718,137.908360247306,0.238091475671156,4.64348168607357,0.180412979708883,15.6910935476794,0.110627074614808,0.832127832423306,0.726998066205754,0.0168347077381783,5.75288560860462e+39,2.86086856153868,3.56261285766124,345504467.659335,0.916678526928619,0.820776302849373,0.10138702586363,5.05516353028005,6320302521.52721,4386545308.76687,8894712398.25816,76305843.0408681,6108471.49030025,80028327.9986015,4411796585.76156,514770181.238258,4512733242.50079,0.950389321522895,5090,189.261321390821,62.2319696577589,43.6956711541121
23.1698845424426,0.437277189086655,0.300000338373878,-0.499999945498263,11.3591965652308,1.24130774327055e-05,2.00015986323425,1.99992419288959,0.0219674734898473,4.04618904316716e+37,43.4700570706976,2.08459435888876,6199362994.96464,0.841770867839777,2.21195181353116,-19.4041955578407,-1.7609161129435,5444068312.02165,16168256.9503252,5460236568.97197,12891342.7410787,38261.0097246695,12929603.7508034,1332435146.44151,3954616.29710919,1336389762.73862,-17.549133335608,26.5108986685537,0.722630423090101,0.441223064578905,-0.39231950302788,2.86843906018522,0.00582204560014013,1.43664206792405,1.5991497224628,0.0244625897271784,2.25508445731005e+39,41.7607459995684,1.32543015674339,7194575479.6727,1.64065208718756,2.69510376868678,-19.3330333169778,-2.07393367467203,10218594490.7677,255475184.025342,11460190129.7658,1166815.67150773,25098.4125784271,2594769.9046501,121155544.094649,3093768.33103135,271201231.066888,-21.8033440597366,19.487026864755,0.492633250261181,0.3,-0.5,0.243486128387314,0.000420410700979059,0.700312437455012,1.0016835977058,0.0061955866050148,1.3536227397631e+36,34.5655285084367,0.248948075103494,5621094422.66274,0.530542109917873,1.05359726861025,-19.5082663855246,-11.0569226301408,1864285451.66901,861051.590229641,2329974777.80096,26936.2913213997,50.9777771500713,86302.3072287605,6869531.75696915,8207.50679686286,18997184.5088065,-23.6914924709428,32.5732470819858,0.785833111527181,0.573083925273813,0.0208364903506161,18.6141222241418,0.113954832754337,2.40793515447027,2.5702527634168,0.0491816270898429,6.81154921077138e+41,43.6182314268767,5.91053532596219,8492536349.32135,5.49360203284549,6.01638681483398,-19.1414194405509,2.78598374788563,36014995108.893,6882818589.44291,38810395414.2876,26187693.3800292,2894697.07579913,57561568.1554205,1774281160.78163,518796000.843595,3628057889.26906,-20.2105857601752,7.02387180379865,0.22999717282892,0.141223064578905,0.10768049697212,2.6249529317979,0.00540163489916107,0.736329630469036,0.597466124756999,0.0182670031221636,2.25373083457029e+39,7.19521749113167,1.07648208163989,1573481057.00996,1.11010997726968,1.64150650007654,0.175233068546838,8.98298895546875,8354309039.09868,254614132.435112,9130215351.9648,1139879.38018633,25047.434801277,2508467.59742134,114286012.33768,3085560.82423448,252204046.558081,1.88814841120622,6.06234841343213,0.0632026884370793,0.131860860694908,0.413155993378496,15.7456831639566,0.108132787154196,0.971293086546227,0.971103040954001,0.0247190373626646,6.78899836619828e+41,1.8574854273083,4.5851051692188,1297960869.64865,3.85294994565793,3.3212830461472,0.191613876426842,4.85991742255766,25796400618.1253,6627343405.41757,27350205284.5218,25020877.7085215,2869598.6632207,54966798.2507704,1653125616.68698,515702232.512563,3356856658.20217,1.59275829956143,8875,189.15196401271,62.2596504996775,49.7232427894851
3.33184869388845,-0.622576799631016,0.93186901211862,0.0367461712679304,0.79977329977353,0.154824916287657,1.9938187328672,2.01134890499222,0.0499528230374078,2.24534588127441e+45,39.9902375155481,2.01014391113425,554981499.551277,2.04853626904142,1.90728640215895,-18.1807114625214,-14.9280873655533,11475798827.5756,9488121565.40673,20963920392.9824,26702366.1789302,23162789.5618095,49865155.7407397,1213717869.03631,1052831475.66446,2266549344.70077,-17.696605062161,4.0102039073039,-1.12220436869406,9.93249798145448,-0.0547102437864035,5.22986407931397,0.137687215924446,1.698114201053,2.05334796918766,0.0224224671829448,3.98385112561578e+45,35.2783684330948,2.09577446893498,741763848.322333,2.01907431590245,1.91455039053662,-18.2306229662655,-15.0897199474273,13382408163.1094,11128355219.324,23156668440.1058,1514405.93768848,2960417.68563902,8613235.18093396,337654387.788417,516601722.030728,1414023549.49386,-21.2692490532011,2.67441070856389,-1.85664695491088,1.61813817263437,-0.458398080994946,1.13958095485345,0.0142211752247453,0.761267952987699,1.1610272878253,0.00683928263833555,1.9300977802137e+45,32.4978335167578,1.68645496101521,512005796.990214,1.42656189010898,1.36255184295127,-18.33615857427,-16.2937651322017,8884909970.33914,1330766708.46432,13092164578.7064,146023.080682143,59306.6695047318,377539.187187891,17496701.2028622,13635067.0871956,65347753.3013027,-22.9755229269069,5.5094560634425,-0.622850766535782,48.2207076102569,0.487404025851199,21.0315899548489,0.346893147959389,2.61891780544012,2.76688884066527,0.0459975976793439,8.94856809401264e+45,39.6153738917425,3.05364925270863,1005283721.15351,2.78698038423837,2.65752702606364,-18.1220337208343,-13.6848638482917,18838923693.2089,33900811778.6639,55706780856.6078,23130993.1948119,37377564.1309782,64199045.827787,2676264513.47867,3801004654.35496,6428509604.99401,-19.8860277513107,1.33579319874,0.734442586216825,8.31435980882011,0.403687837208543,4.09028312446052,0.123466040699701,0.936846248065306,0.892320681362369,0.0155831845446092,2.05375334540208e+45,2.78053491633704,0.409319507919771,229758051.332119,0.592512425793471,0.551998547585352,0.105535608004502,1.20404518477434,4497498192.77022,9797588510.85964,10064503861.3993,1368382.85700634,2901111.01613429,8235695.99374607,320157686.585554,502966654.943533,1348675796.19256,1.70627387370581,1.49925215613861,0.499353602158276,38.2882096288025,0.542114269637602,15.8017258755349,0.209205932034942,0.920803604387112,0.713540871477601,0.0235751304963991,4.96471696839686e+45,4.3370054586477,0.957874783773652,263519872.831177,0.767906068335921,0.742976635527014,0.10858924543119,1.40485609913558,5456515530.09957,22772456559.34,32550112416.5021,21616587.2571234,34417146.4453392,55585810.646853,2338610125.69025,3284402932.32423,5014486055.50014,1.3832213018904,8153,214.924120690059,52.8490558162263,48.3839692563061
4608.47920429066,-0.104037555464965,0.300001116801268,0.999986702112813,16.1643511536005,2.8173186375015,1.18750733794778,1.32020814135553,0.000100012075166561,8.9099922369681e+39,46.9256047486568,1.48853107449052,308974571300.896,3878.0219231118,3033.76298817018,-19.3767073361303,-0.76575909448993,29909347998853.5,17460411285546.9,47369759284400.4,2606351951.22796,2739318764.66457,5345670715.89253,106872855078134000,112325128312344000,219197983390478000,-14.2883887500427,2373.01401024456,-0.118477532731221,0.338711466465392,0.608715558478162,16.747846542882,2.56310875926927,1.34114105669174,1.35186798686822,0.00028648611904468,5.84300097003375e+38,48.5756544624611,2.03679634229842,247602990388.024,1942.32619141883,1679.75867521414,-19.444902130941,1.08651848272859,14486415537403.4,10150088757111.4,24745902172668.1,41266.6409214916,29164.6821386768,105623.14226564,59612418270.1207,39850351413.6222,229052632168.376,-17.9343850769075,635.677211170949,-0.197953212955324,0.3,0.309493237351768,8.68927083056544,2.13532680451534,0.655775713854002,0.840415450216181,0.000109452457719036,1.32922306452384e+36,46.9210568471963,0.207154490607838,206722658091.7,573.017909132791,574.922427076234,-19.5779470454145,-4.47337829128387,4307091591754.32,4475897435496.49,8769123306495.43,650.918724043447,932.498354517929,4024.14813853621,6953076387.06822,8166430781.43376,36483442581.4059,-19.6089375538507,3469.99691559588,0.0971588749554562,0.721070017396845,0.938718255322252,31.2948582151025,2.68232241934717,2.79516629763351,2.04009396294132,0.00123442350401914,1.14496964351823e+41,50.7650032882977,7.81905297582452,291309363245.274,2769.37879223116,2232.76805007079,-19.3554115765536,6.59217951646956,20742314004982.4,12968522760319.6,34156895085433.9,15801487.1643067,4191653.88969018,24914689.9120367,1080681043556.49,335289770253.351,1154685827968.42,-16.297301412983,1737.33679907361,0.0794756802241032,0.0387114664653918,0.299222321126394,8.05857571231651,0.427781954753925,0.685365342837736,0.511452536652038,0.000177033661325644,5.82970873938851e+38,1.65459761526478,1.82964185169058,40880332296.324,1369.30828228604,1104.83624813791,0.133044914473427,5.55989677401246,10179323945649.1,5674191321614.91,15976778866172.7,40615.7221974481,28232.1837841588,101598.994127104,52659341883.0525,31683920632.1884,192569189586.97,1.6745524769432,1096.98290535131,0.215636407686677,0.382358550931453,0.33000269684409,14.5470116722205,0.119213660077906,1.45402524094177,0.6882259760731,0.000947937384974464,1.1391266425482e+41,2.18934882583658,5.7822566335261,43706372857.2496,827.052600812331,553.009374856653,0.0894905543874494,5.50566103374097,6255898467579.01,2818434003208.23,9410992912765.82,15760220.5233852,4162489.2075515,24809066.769771,1021068625286.37,295439418839.729,925633195800.046,1.63708366392454,5480,214.895621973593,52.8565003682318,37.2707425234884
4301.39889625069,-0.28537061484533,0.300015882967715,0.998990483579306,27.0314748517785,3.66628571957974,2.12987858014857,2.01335121788525,0.0424780377578967,1.63250850794415e+36,44.4497042813685,9.98113733623809,7772336521.09208,285.606388933934,89.9116163769962,-13.427130941636,11.3609900346877,2264227064747.09,574327770857.223,2838554835604.31,7383601763.35021,1409657650.09991,8793259413.45012,394667944599.992,75348956401.7537,470016901001.746,-12.9822423436229,1893.10636589981,-0.293389676961628,0.3,0.852753979745399,20.5309839202412,3.64423037545869,2.19913553654896,2.04225532178543,0.00456072175810077,2.91520124383398e+38,45.4296733478989,2.20775709500857,7953809179.25416,240.548080190174,92.2284423774864,-13.5075778137093,5.39268573468185,1891461009103.44,580929646353.639,2505592866162.49,164964692.8333,9093973.71243252,356621445.253314,108868961057.456,30941570689.6695,156013062279.637,-15.2869367504627,1271.28830518512,-0.313023487526541,0.3,0.781914111528859,12.1610796030346,3.37069125061673,1.54026050678449,0.984450811750176,0.000292455324154998,2.34081359829983e+37,44.5788911707894,0.360864130075724,6261951629.60931,189.638446990026,72.7838478685329,-13.9944371237424,1.64161252236869,1494547144740.58,454326445962.475,1940606064236.75,19126.5756974285,6683.62393292035,50634.3090077919,27841974547.6389,1261546652.04938,80193523710.4612,-17.4597899213274,3882.5590353949,-0.271826818194481,0.322001653346086,0.924140909234381,31.6227766016838,4.25334464781902,2.87442634901004,2.90334431636216,0.0333985301769172,8.19607292350854e+39,46.4672448042211,6.62545970913558,13473101756.8359,318.836297399464,153.319526407685,-12.2303986171759,9.48006102146109,2497581557981.75,933369838133.124,3397970559722.13,2964145952.33657,824586933.37319,4137003499.50152,298370397701.907,109111974304.94,401709074510.866,-14.1152119032415,621.818060714684,0.019633810564914,0,0.0708398682165401,8.36990431720659,0.273539124841963,0.658875029764465,1.05780451003525,0.00426826643394577,2.68111988400399e+38,0.850782177109437,1.84689296493285,1691857549.64485,50.9096332001482,19.4445945089535,0.486859310033013,3.75107321231316,396913864362.868,126603200391.165,564986801925.738,164945566.257602,9087290.0884996,356570810.944306,81026986509.8176,29680024037.6201,75819538569.1758,2.1728531708647,1989.45266949509,0.0215628587671461,0.0220016533460861,0.0713869294889818,11.0917926814426,0.609114272360326,0.675290812461079,0.861088994576729,0.0288378084188165,7.90455279912514e+39,1.03757145632226,4.41770261412701,5519292577.58172,78.2882172092906,61.0910840301985,1.27717919653346,4.08737528677924,606120548878.305,352440191779.485,892377693559.642,2799181259.50327,815492959.660758,3780382054.24821,189501436644.451,78170403615.2706,245696012231.229,1.17172484722115,57337,34.2324191948354,-5.28062291657354,50.4241129301809
2.1484791368826,0.144744201707011,0.300002179053652,0.220421024557945,10.520098296612,0.00314599063511665,1.9998595444113,2.00003947578649,0.0501185829669258,5.10710015416065e+45,40.0194410418527,3.00000287904415,574521084.548758,1.95894636300673,2.03684602495725,-18.5662753469379,-16.450137428902,13021113861.9601,372137606.784496,13393251468.7446,30808046.3823811,880915.868454402,31688962.2508355,1395704284.57941,39908342.0186923,1435612626.5981,-16.857556066596,2.12284873652004,0.288596164930234,8.46916683155176,0.209050428176017,4.79734883145866,0.00018414998967415,1.85156789141727,1.90505706438846,0.0204460941237246,2.4787805506193e+47,37.8638767868367,8.153369137797,776887398.019112,1.99008464778561,1.97484155793951,-18.6152627450004,-13.8309100090517,13252649832.1637,660578450.487802,15061408669.184,3118242.55066987,202900.111024813,5697530.45276664,624189684.368615,29484818.9450445,984099975.540597,-20.4958548545792,1.56851963164114,-0.208688565083162,1.24559588135988,-0.333475329489047,1.22968643220628,1.84361410288648e-05,1.01136491865865,1.30745703511771,0.00346932854384467,8.78864690839109e+46,32.9398502105107,6.23925433685127,566672006.441038,1.52014989389754,1.50871599555171,-18.7937604152172,-14.1578769041785,10278174742.3665,68071603.7980437,11538527969.9749,53579.6282849831,1156.96848242366,97319.3441377046,34391533.8854198,974746.238847972,98251774.911044,-22.3379112638717,2.70064414482902,0.806311819063268,43.1589613502397,0.809761129680719,24.0363831837268,0.0137864182395004,3.03543654075836,2.66047676002825,0.0418767075269652,6.8829988387235e+47,39.2494865701558,10,1113891334.59876,2.41385318565378,2.38839601368373,-18.4914433172767,-13.2956988035151,16027137219.0925,11163943972.6596,23750864929.4248,23806640.7025738,10426372.7714487,45828033.0570341,2369332309.78223,1155304808.07328,3435667786.75805,-18.946068959152,0.554329104878902,0.497284730013396,7.22357095019187,0.542525757665064,3.56766239925238,0.000165713848645285,0.840202972758619,0.59760002927075,0.0169767655798799,1.59991585978019e+47,4.92402657632603,1.91411480094573,210215391.578073,0.469934753888069,0.466125562387804,0.178497670216785,0.326966895126761,2974475089.79723,592506846.689758,3522880699.20914,3064662.92238488,201743.142542389,5600211.10862893,589798150.483195,28510072.7061966,885848200.629553,1.84205640929252,0.577795408308974,0.517715654133034,34.689794518688,0.600710701504701,19.2390343522682,0.0136022682498263,1.18386864934109,0.755419695639788,0.0214306134032406,4.4042182881042e+47,1.38560978331914,1.846630862203,337003936.579652,0.423768537868177,0.413554455744214,0.123819427723738,0.535211205536596,2774487386.92883,10503365522.1718,8689456260.24076,20688398.151904,10223472.6604238,40130502.6042675,1745142625.41362,1125819989.12823,2451567811.21745,1.54978589542721,37806,53.1265354803478,-27.8180930847436,42.0999904750657
5.00455206560109,0.0831661384095978,0.300014313339899,0.834567152375241,1.00982843565317,0.00372755941784493,1.98108522085766,1.99936506209242,0.0501174939834787,4.68750808886821e+41,43.7672084392534,5.9517723247816,985990572.831334,4.83053783611237,4.8745707691876,-19.5855285318517,-11.9962834724836,28654110191.8155,468832.992180944,28654579024.8077,64333879.3914612,1107.75425187379,64334987.145713,2914596434.67476,50185.9459362198,2914646620.6207,-25.5515488281721,0.0103710793069526,0.0940859777940398,9.44965221975379,0.27737358255117,1.11445092524196,0.000404697642760881,1.38896757436642,1.94139688948078,0.00891022137754971,7.85677511392222e+44,42.3350394594942,7.62372280831683,4483829.25323889,0.00858957178862518,0.00847306606485979,-19.5011403858477,-19.4392520467185,49215079.1947992,26267600.7470896,1074467572.79619,613.578312380549,2035.99301654412,17384.3607690363,392021.040500785,1924450.9942234,13179990.8700707,-28.770018301661,0.00175795277483881,-0.838518765159106,1.04328433052982,-0.274932534868059,0.0438306472635869,2.30359749423612e-05,0.813259579601506,0.968758086413239,0.00076636697375646,4.91421983071116e+44,41.6062675217306,4.15729217166081,681206.9273265,0.00133763111544839,0.00130197095759882,-19.5938310662198,-19.5288823967539,7059365.83533766,1496197.5895667,34301518.756182,5.66462596015741,4.58454114107065,92.7267761298478,31017.2434241705,18708.8230374901,727943.533643284,-30.6563117285473,1.34258054699464,1.05689742129349,61.1107091959811,0.839815320842054,14.0630845152558,0.0383107166972246,2.08211524742531,2.76490939976017,0.0399018969973675,1.05299823642819e+45,43.276010062037,10,966998185.68802,1.33979611599345,1.33999581194457,-19.3855065252464,-18.6214558120778,3434343934.89342,4709374315.75561,10974572073.3951,150178.257029217,236824.50359419,1761650.88345058,22136715.0947245,57968693.1840046,258812126.696582,-27.5697341062365,0.00861312653211384,0.932604742953145,8.40636788922397,0.552306117419228,1.07062027797837,0.00038166166781852,0.575707994764914,0.972638803067538,0.00814385440379325,2.94255528321106e+44,0.728771937763554,3.46643063665602,3802622.32591239,0.0072519406731768,0.00717109510726097,0.0926906803721153,0.0896303500353888,42155713.3594616,24771403.1575229,1040166054.04001,607.913686420391,2031.40847540305,17291.6339929064,361003.797076614,1905742.17118591,12452047.3364274,1.88629342688639,1.33220946768768,0.962811443499446,51.6610569762274,0.562441738290885,12.9486335900138,0.0379060190544638,0.693147673058886,0.823512510279393,0.0309916756198178,2.6732072503597e+44,0.940970602542862,2.37627719168317,962514356.434781,1.33120654420483,1.33152274587971,0.115633860601275,0.81779623464076,3385128855.69862,4683106715.00852,9900104500.59888,149564.678716837,234788.510577645,1744266.52268155,21744694.0542237,56044242.1897812,245632135.826511,1.2002841954245,16066,53.1687245786523,-27.8151967214095,56.7434849104542
16.8272374039226,-1.35673714267699,0.376351322871228,0.80403749648669,17.9640778553951,0.203347772527289,1.99999997849606,1.99748493106346,0.0497199297637027,1.70051812855237e+44,39.1980493406147,0.1,2.33735699844031e-63,2.33101646842301e-70,2.36566825683089e-71,-18.5367756080406,-18.5348185056529,2.3078721564684e-60,11091858414.3451,11091858414.3451,5.46255048062766e-63,26072284.8939189,26072284.8939189,2.49455447674331e-61,1190629454.71543,1190629454.71543,-16.3629289654376,0.0211627881956393,-1.05270414618797,5.88684614592609,0.346815256256625,1.879748385564,0.00174005506474006,1.81083933073263,1.98168460002434,0.00111964673046767,1.63306676822874e+44,40.9325020563414,0.288213508275695,1100214.4681322,0.00485197901582728,0.00442934897765173,-18.6341878392148,-18.6040206754963,29379030.6722225,97640010.3999895,423552445.300038,8.09309319897326,107.134554499985,522.610475615972,493994.183286191,3110462.00165611,9901516.76972741,-18.7009381842338,0.00244214651783842,-1.77247483870796,0.510168051420515,-0.297639414346334,0.241941842100637,4.10411219601294e-05,1.04071633816583,1.17174086474892,0.000170273706749155,1.35505897809582e+44,39.1017165724486,0.162649217986624,7969.31460446745,0.000134928936323856,6.9116408966504e-05,-18.7104814476948,-18.6881009947214,562367.116499967,2270365.29582847,31130429.830564,0.00645009921902405,0.101566586269149,0.494875890847607,3895.62196058837,19065.0991028957,410047.062137718,-20.0721399410371,0.572019143120057,0.00898268989727456,43.4572972911151,0.879143445596681,16.613484338804,0.0714170864753279,2.71785052495348,2.72561456936737,0.0238568199664599,2.2449692500666e+44,43.1295512097056,0.482056806091478,20333258.0696157,0.0847799544769114,0.0773219179030515,-18.5492727642703,-18.5127844975641,542294243.116753,3858809588.0863,4129746792.42909,10368.7033334086,80167.9732627269,255296.815150379,20274301.2892777,185910887.601732,242305162.540568,-17.7588947495862,0.0187206416778009,0.719770692519987,5.37667809450557,0.644454670602958,1.63780654346337,0.00169901394277993,0.770122992566803,0.809943735275428,0.000949373023718518,2.78007790132921e+43,1.83078548389288,0.12556429028907,1092245.15352773,0.00471705007950342,0.00436023256868523,0.0762936084800252,0.0840803192251052,28816663.5557226,95369645.104161,392422015.469474,8.08664309975424,107.032987913716,522.115599725125,490098.561325603,3091396.90255321,9491469.7075897,1.37120175680334,0.550856354924417,1.06168683608525,37.570451145189,0.532328189340056,14.73373595324,0.0696770314105878,0.907011194220843,0.743929969343023,0.0227371732359922,6.1190248183786e+43,2.19704915336416,0.193843297815783,19233043.6014835,0.0799279754610842,0.0728925689253998,0.0849150749445329,0.0912361779322239,512915212.44453,3761169577.68631,3706194347.12906,10360.6102402097,80060.8387082269,254774.204674763,19780307.1059915,182800425.600076,232403645.770841,0.942043434647598,3691,214.859091588586,52.7816296171659,35.5031528553271
1.6427513662141,0.0166400845247754,0.300030718415817,0.436537118288547,10.25053027222,0.130407860996203,1.94814313841126,1.98953361582516,0.000100001176254303,1.29456017373882e+37,44.3868599778497,0.454175494593134,295200276.991889,1.60755654003525,1.5727087596697,-18.4939674154968,-0.727584465677928,12356536628.7282,2599848310.17404,14956384938.9022,25206428.936684,5977638.24270764,31184067.1793917,1033933000188090,245194488193727,1279127488381820,-18.4003735296066,1.61170583918834,-0.479913643313173,0.793017305100777,-0.275664738510499,3.61356638673759,0.00710588965265028,1.96070153782697,1.92214603341282,0.000178274621367619,6.07337343317654e+36,50.7968551418864,1.23646522730395,313654290.627194,1.15269158189188,1.0900985659454,-18.4520849192237,-0.508245090299457,8533654826.76746,46843131.6481525,8688939316.6802,26.5421266566959,0.0476546654196159,28.7151742430427,238194924.660846,561150.362432355,247251254.035972,-20.9710706994159,1.18204108761077,-0.783524936335503,0.303180351915762,-0.5,0.707529892570748,0.00012392878275489,1.22139872113566,1.18050519606615,1e-04,4.20007923612284e+35,46.0266900026564,0.233956630647594,262596288.162218,0.963399976621932,0.919176316781101,-18.5275256707846,-3.95525647319802,6166162924.62401,4.21455934885544,6263323132.89952,1.94924319592755,5.97849697786979e-08,3.23956417503525,23386164.5651351,0.0987823395222489,47474055.3867277,-22.4849966459775,3.18403223711239,-0.111547576950763,14.0366906289016,0.581483786824059,21.0800956450854,0.0538539988916847,3.20742163929139,2.73245978132032,0.000426771418842275,1.15493773481956e+38,54.2078728576717,5.39661001524746,366899108.677534,1.35198855029384,1.24219260115497,-18.3582068982064,2.22146859497496,10113472059.6973,870264425.298573,10950521089.1623,610.922924425486,3.63291692404938,629.232046690091,615854482.117956,25184696.8663317,620928795.942401,-19.687120280195,0.429664751577571,0.30361129302233,0.489836953185015,0.224335261489501,2.90603649416684,0.00698196086989539,0.739302816691315,0.741640837346675,7.82746213676185e-05,5.65336550956426e+36,4.77016513922997,1.00250859665636,51058002.4649761,0.189291605269944,0.170922249164297,0.0754407515609117,3.44701138289856,2367491902.14346,46843127.4335931,2425616183.78067,24.5928834607683,0.0476546056346461,25.4756100680074,214808760.095711,561150.263650016,199777198.649244,1.51392594656162,1.57232639792405,0.36836606636241,13.2436733238008,0.857148525334558,17.4665292583478,0.0467481092390344,1.24672010146442,0.810313747907498,0.000248496797474657,1.09420400048779e+38,3.41101771578532,4.16014478794351,53244818.0503399,0.199296968401967,0.152094035209576,0.0938780210172467,2.72971368527442,1579817232.92982,823421293.65042,2261581772.48214,584.38079776879,3.58526225862976,600.516872447048,377659557.45711,24623546.5038993,373677541.90643,1.28395041922094,41218,53.1210258112419,-27.8159945466206,40.76622988401
12.5215015789928,0.14244522710007,0.300000241843915,0.159148695597351,31.6220464989031,3.56616552230908e-05,1.96892439052496,2.00040419983582,0.0501186591591105,7.79562053622648e+39,47.221217921986,0.478607152870023,3580607365.28725,11.3591416740407,11.8340703139041,-20.3060122824039,-8.36027046854029,75493229983.128,134337835.534506,75627567818.6625,163698048.217053,318320.446118199,164016368.663172,7416040507.84645,14420925.2865264,7430461433.13298,-23.3869241113407,12.1215145753233,-0.254731271736796,7.52110722555533,0.258888903556535,5.54162007877194,0.000493253608439155,1.77257033737963,1.91444662295349,0.0269017489867965,1.16379818748763e+37,49.6990180731372,1.28944075452415,3712986006.13343,10.1330610156396,9.81086043588717,-20.3229371945347,-1.47746992578222,66598115557.0362,116246934.579857,67754108006.943,25246703.5299661,48754.5503467175,26229279.9371009,2798509076.6001,9578988.6892766,2985746608.16064,-27.1931548787954,9.50192022207356,-0.750045954116019,0.851625687786428,-0.369030230876294,0.984266588715716,2.28671086022471e-05,1.0305200488913,1.06699894572244,0.00835062595873048,3.89812165248698e+35,47.1048258244462,0.199706329504214,3003508673.57395,8.6129310573583,8.36017009565447,-20.443173569111,-9.48608675258842,54033411390.0408,639.880691791808,54753498363.2131,1106292.67553868,0.30450119877419,1516337.71470685,209025386.711573,26.8561849220532,269661496.930149,-28.8093944670883,15.7657059258055,0.172798289794824,55.5057928678262,0.834671259448794,23.7977536252805,0.0343099677899884,2.73477636227288,2.65425918832355,0.0501187233627272,2.31858353303143e+40,51.7243264091133,6.08806674876771,4781797804.95393,12.0291356374705,11.7452719112831,-20.2092058929458,2.24169911257489,79737098105.1158,3365370077.49296,82096335467.0677,157666897.815461,856562.10832816,158635529.526907,12758415787.7284,118411000.855271,12791819596.2746,-25.668974277875,2.61959435324976,0.495314682379223,6.66948153776891,0.627919134432828,4.55735349005622,0.000470386499836908,0.742050288488335,0.847447677231052,0.0185511230280661,1.12481697096276e+37,2.59419224869095,1.08973442501993,709477332.559482,1.52012995828126,1.4506903402327,0.120236374576262,8.0086168268062,12564704166.9955,116246294.699165,13000609643.7298,24140410.8544274,48754.2458455188,24712942.2223941,2589483689.88853,9578961.83309168,2716085111.23049,1.61623958829286,3.6441913504822,0.42752956153162,47.9846856422709,0.57578235589226,18.2561335465086,0.0338167141815492,0.962206024893244,0.739812565370061,0.0232169743759307,2.31741973484394e+40,2.02530833597615,4.79862599424357,1068811798.8205,1.89607462183093,1.93441147539595,0.113731301588974,3.71916903835712,13138982548.0796,3249123142.91311,14342227460.1247,132420194.285495,807807.557981443,132406249.589806,9959906711.12828,108832012.165994,9806072988.11393,1.52418060092041,29048,189.23812830965,62.1369785074471,54.8889046428991
9993.13419294748,-1.50582700959997,0.508054326865142,0.151178177377404,0.503982242594365,0.157820652518465,1.90269152186745,2.06010578606849,0.000101891481296092,2.95562723360088e+44,37.4719610106165,9.94236560848043,206611622.345035,3.20875620757892,1.95347923844281,-18.9698496479652,-5.02867669842468,20147384292.7027,3793101795.21891,23940486087.9216,35713501.2865146,10506777.0563938,46220278.3429084,1382298779517840,406667074874657,1788965854392490,-11.8510743838443,4346.26981476617,-1.46403639779547,0.535826188488242,0.158850237129216,0.848146095047654,0.145319992931717,1.82145593020536,1.99772307900191,0.00283967109915822,8.03140173644229e+38,38.9712347357593,0.726671932239834,242221788.968867,3.57686839433022,2.22947003793912,-18.9905178827558,-2.26652649839445,24675544640.2064,3879862087.95392,28821019812.1611,67011.5630330674,4463.0214754014,85566.8032556004,529606239.897791,54922093.3625522,811352319.750243,-14.6384866668345,3338.93613438671,-1.50208861171285,0.514268140852517,0.148424676672019,0.452465041725325,0.00708548202146932,0.821364651453041,1.07192783959551,0.000209919363431297,8.80946437379561e+36,37.0721005229126,0.149661364385785,180347997.401832,2.7356295843637,1.68828652951079,-19.1912677747783,-7.91830705423591,16669945834.1516,12604.9673625113,16850748684.5154,99.2993534312295,0.00184342389156186,129.916110141729,25411058.0651539,142.173872730427,48014177.8605593,-16.7570325980933,6277.17139234759,-1.4375417991394,0.541422025866265,0.180595484919794,1.45072959726845,0.239475825163084,2.67204024905158,2.70570539010139,0.0269755794880676,7.24041741698018e+41,41.974271386083,5.26679474811905,305086673.848261,4.30290907015546,2.75263624638033,-18.8296607650939,2.11891237752984,31623772200.4583,7001136729.31393,38625741083.4208,16946704.1927933,2525165.49016165,21609638.7297403,3135867954.76566,533208097.380842,3740841819.57611,-13.4074471034716,1007.33368037947,0.038052213917372,0.0215580476357252,0.0104255604571965,0.395681053322328,0.138234510910248,1.00009127875232,0.925795239406398,0.00262975173572692,7.94330709270434e+38,1.89913421284673,0.577010567854049,61873791.5670354,0.841238809966523,0.541183508428332,0.200749892022479,5.65178055584146,8005598806.05483,3879849482.98656,11970271127.6458,66912.2636796362,4463.0196319775,85436.8871454587,504195181.832637,54921951.1886795,763338141.889684,2.11854593125873,1930.90157758142,0.0264945986560754,0.00559583737802305,0.0217452477905786,0.602583502220794,0.0941558322313663,0.850584318846217,0.707982311099483,0.0241359083889094,7.23238601524373e+41,3.00303665032363,4.54012281587922,62864884.8793937,0.72604067582524,0.523166208441202,0.160857117661894,4.38543887592429,6948227560.25191,3121274641.36001,9804721271.25969,16879692.6297603,2520702.46868625,21524071.9264847,2606261714.86787,478286004.01829,2929489499.82587,1.23103956336295,16313,189.30032044423,62.1447066984308,30.684106892307
7.55696226955339,1.81562082195454,0.342922642109368,0.42247506960427,0.632768792073258,5.78617980892961e-05,2.18824674580642,1.62510655827749,0.0399655135408828,2.89419709744188e+37,47.0750788299544,10,4196195789.59701,1.14373496410825,1.20884250326819,-18.0550425401171,-2.16670505946091,5928687421.35836,0.833387303879135,5928687422.19174,21833307.838632,0.000517472542689023,21833307.8391495,1240401195.02791,0.029398823352358,1240401195.05731,-14.5267171352166,5.17459916244473,1.74459883436393,0.344437798015778,0.41608485659345,6.00846910264814,9.19614363672849e-05,1.57847148208449,1.78776079920463,0.0279180221415583,4.18490747131504e+36,47.9942267632131,1.37310732942099,3436010786.23724,1.38712350309808,1.45309386214957,-18.1148594000739,-0.0859146665940145,8990430389.30465,51.2292135824682,9104409416.72768,1808159.27856923,0.107574702856463,1971497.91323468,190370981.056203,7.61721077956835,214529037.911882,-16.9368804845517,3.53458679286118,1.48533627333275,0.3,-0.131045758323487,1.03641900568359,1.54962435065872e-05,0.808926483101036,1.10934322248432,0.00901959412425051,2.0883047549888e+35,45.7981099890712,0.182196853773496,2958818797.88065,0.858762088113019,0.918044260868385,-18.2097358297513,-4.04736802700926,5527980932.93249,0.0146910760276739,5530119157.79598,178033.541204529,1.30167378637569e-06,196741.764449719,16062734.3296566,0.000232190456546894,17685707.7166802,-18.7981091262474,7.34507403040512,1.81562082195454,1.35067166209693,0.492474131661677,24.4200516487742,0.00207419961941612,2.82458348484476,2.5739523588669,0.0500912176337396,1.46213170981955e+38,50.1508614639458,7.34935020273634,3864402127.486,1.87131179506084,1.94092761147647,-18.0135214481081,3.07718812252069,12361272147.5455,21371418.113881,12555462286.7415,15134015.0721363,25310.8522280222,16736693.3370527,1457468921.313,1710074.59623948,1495460706.3636,-15.7934595129177,1.64001236958355,0.259262561031183,0.0444377980157781,0.547130614916937,4.97205009696455,7.64651928606978e-05,0.769544998983453,0.678417576720304,0.0188984280173078,3.97607699581617e+36,2.19611677414186,1.19091047564749,477191988.356584,0.528361414985062,0.535049601281189,0.0948764296774343,3.96145336041525,3462449456.37216,51.2145225064406,3574290258.9317,1630125.7373647,0.107573401182676,1774756.14878496,174308246.726546,7.6169785891118,196843330.195201,1.86122864169564,2.17047486796039,0.0710219875906082,1.00623386408115,0.076389275068227,18.4115825461261,0.00198223818304884,1.24611200276028,0.786191559662272,0.0221731954921813,1.4202826351064e+38,2.15663470073276,5.97624287331536,428391341.248765,0.484188291962757,0.487833749326897,0.101337951965782,3.1631027891147,3370841758.24082,21371366.8846674,3451052870.0138,13325855.7935671,25310.7446533193,14765195.4238181,1267097940.25679,1710066.9790287,1280931668.45172,1.14342097163402,6999,189.295050718495,62.1935818538137,34.415708628011
38.4633943546206,0.668495855848787,0.300015166591718,-0.211218059220011,0.00316299183727128,0.000608307744574798,1.99945188456497,2.00050601383123,0.0205749503136857,6.78905371263412e+38,40.4482882508617,0.5258581666429,12441687355.5438,0.358728042054265,0.797415605107554,-19.0308959755598,-4.3845831744163,500459337.874046,76.5618049289333,500459414.435851,1182763.24018832,0.181467905205839,1182763.42165623,130523003.510003,20.0257627421387,130523023.535766,-22.3499831868578,33.8467271997563,0.773766825789262,0.300569107308391,-0.211817327283169,0.173135848827225,0.00015883919317449,2.01026352705538,1.60886406554292,0.00625504435338482,2.24723711645401e+38,43.6809764071923,0.918712494482006,10352108748.0395,0.25568148486213,0.51911433455508,-19.1727585361367,-3.2389055194194,749650893.436657,210.573122432281,888380810.401204,46637.0168682928,0.00220570342543683,55792.4397349589,24088486.9765197,2.83041236320826,32288426.2173444,-25.1074438886311,26.6723730655898,0.62570789991424,0.3,-0.400790804252768,0.0129915763118058,1.72957658102563e-05,1.11621786867778,0.892665109920615,0.00064182278179116,8.02561143356608e+35,40.8053894430149,0.168425121978854,8325461257.77396,0.0169245055980519,0.0649079138585012,-19.2713615269803,-9.078372548699,107085365.354891,0.0424759378787394,132067857.042569,16.6371256137887,2.77613670053784e-07,31.3976294612256,1416623.6015741,0.000279698674250249,2233954.65065048,-26.9031678915023,45.9527789643497,0.903916531695605,0.408006906419246,-0.0936727213410805,3.16251484929177,0.00781318937895045,2.79090160647373,2.29564106503531,0.0208388321837268,2.42720881725482e+40,44.7728535941434,6.01330879661268,13950468652.5191,0.682490206178725,1.27970387352287,-18.989023845946,2.42824743008247,3342045474.70877,252829752.728908,3881904229.26423,2102527.34831831,1360.52048762603,2129482.63697403,243598545.866524,4023007.91447469,252244650.981856,-23.998634281742,7.17435413416656,0.148058925875021,0.000569107308390604,0.188973476969599,0.160144272515419,0.000141543427364234,0.894045658377603,0.716198955622308,0.00561322157159366,2.23921150502044e+38,2.87558696417739,0.750287372503152,2026647490.2655,0.238756979264078,0.454206420696578,0.0986029908435526,5.83946702927959,642565528.081767,210.530646494402,756312953.358635,46620.379742679,0.00220542581176678,55761.0421054976,22671863.3749456,2.83013266453401,30054471.5666939,1.79572400287114,12.1060517645933,0.130149705906343,0.107437799110855,0.118144605942088,2.98937900046454,0.00765435018577596,0.780638079418345,0.686776999492385,0.0145837878303419,2.40473644609028e+40,1.09187718695105,5.09459630213067,3598359904.47962,0.426808721316595,0.760589538967794,0.183734690190732,5.66715294950187,2592394581.27212,252829542.155786,2993523418.86303,2055890.33145001,1360.5182819226,2073690.19723907,219510058.890004,4023005.08406233,219956224.764511,1.10880960688909,26895,189.229134905025,62.1461964302696,51.474966603894
5.66692739821389,-0.300876199070238,0.556950269464473,0.205707684338937,31.5965042643201,2.46423302394751e-05,1.96718956752339,1.99954861689573,0.0501185997370054,1.97543980522697e+38,40.4255656492925,1.28519763818519,851742878.099446,4.24425798787527,3.8841569559121,-19.1617054699532,-1.73044423089867,28331790328.2445,45619209.369593,28377409537.6141,61126387.7920468,107843.10000035,61234230.8920472,2769222421.19687,4885640.08572419,2774108061.28259,-22.3182239476301,6.67144102129709,-1.33489325075387,4.48640999859776,0.0524998379539224,5.17400598649731,0.0456775304555572,1.74784338609486,1.99198416397253,0.00224787583197337,2.02494258366535e+38,41.5972195630033,0.773967624974624,1070104242.45477,3.15112251079714,2.99055569339764,-19.1305080165644,-1.36353757247175,21707405590.4229,1455474002.88859,23497688301.1274,43831.0297847263,1434.14581068442,60591.5905928143,528563402.103728,33618606.6063538,808484155.556746,-26.4326048399347,3.65075975443124,-1.92635163560712,0.694398755330327,-0.396619745201646,1.17208082334812,0.00263413256708339,0.781238190202367,1.07249227854382,0.000178399753910303,6.44870127020739e+35,39.6018643307887,0.147384860598838,831661749.628144,2.5927613631314,2.44826100929933,-19.2793152176872,-8.02880282521612,17715085391.4887,36241317.9413161,18263828756.4268,67.5575671123953,1.53034285376796,93.5396437814006,19939111.4920386,409829.367472738,39667140.117101,-27.8054022233065,9.57801193256793,-0.299032204757541,30.1481689780485,0.692079442836421,20.4171879471752,0.239036867107783,2.58565732671272,2.70264821280951,0.0199188182000398,1.82288369873284e+40,44.4652097915921,4.32474164910888,1428229231.94854,4.01439854932053,3.84062652260155,-18.9812979290127,3.2048722511169,28404908616.8363,9929082798.38118,37820422404.4629,16063035.8492159,289308.644025545,16632874.3233134,3119037830.26176,403648031.211293,3301431377.27309,-25.220815552803,3.02068126686586,0.591458384853258,3.79201124326743,0.449119583155569,4.00192516314919,0.0430433978884739,0.966605195892498,0.919491885428715,0.00206947607806307,2.01849388239514e+38,1.99535523221461,0.626582764375786,238442492.826621,0.558361147665735,0.542294684098307,0.148807201122722,6.66526525274437,3992320198.93423,1419232684.94728,5233859544.70065,43763.4722176139,1432.61546783066,60498.0509490329,508624290.61169,33208777.2388811,768817015.439645,1.37279738337179,2.90657091127084,1.03586104599633,25.6617589794508,0.639579604882499,15.2431819606779,0.193359336652226,0.837813940617854,0.710664048836976,0.0176709423680665,1.80263427289619e+40,2.86799022858875,3.55077402413425,358124989.493775,0.863276038523388,0.850070829203912,0.149210087551776,4.56840982358865,6697503026.41343,8473608795.49259,14322734103.3355,16019204.8194312,287874.498214861,16572282.7327206,2590474428.15803,370029424.604939,2492947221.71634,1.21178928713164,5783,189.177877601602,62.2653700641789,51.0514198704378
23.6465052578631,1.37720116030193,0.944180019449013,-0.080483389670945,5.55715750146516,1.14621551643305,1.99636938303553,1.99381213899123,0.000412223276697494,2.58839204944081e+45,39.95824401614,0.296950226601822,15002230147.4917,6.60999212141731,7.22002824495776,-18.7723672100064,-18.2621861303651,46620084784.834,314643498246.874,361263583031.708,109246953.137964,732112178.688046,841359131.82601,55525881209691.9,372103502187966,427629383397658,-9.27590539428715,0.553280028298746,-0.897658340697893,2.61778164519449,0.248053576852764,10.8120719919014,1.1330727404734,2.04505432580032,1.61357983344154,0.000833621199952361,3.95583673446867e+45,37.4637152468536,0.268694816719317,68601688.5149935,0.139146975546103,0.125539691791967,-18.8002020504007,-18.6715947179727,978523759.555328,362833383014.399,407856619500.158,103.357087331982,91229.4320024565,96219.7188530456,11745519.9088833,5578989749.14918,9093737440.90509,-11.9254502688876,0.00835761418569965,-1.84633360811393,0.478136099176106,-0.338756201493896,3.97609814336101,0.935898992540886,1.12343866153738,0.858215710997853,0.000138896638826237,3.12643868371297e+45,34.6695701172022,0.124763388072772,715822.843648967,0.00150758521046662,0.00148073202282392,-19.0253429037597,-18.9140543861931,10897898.6908449,238805785253.612,286362635312.912,0.169566084684562,158.277928060346,188.007900281514,319339.654825107,373719727.452241,864492695.274978,-13.357751802017,56.4069149090583,0.710443145455267,30.4716156414254,0.811822250850044,27.3951579807001,1.37154532633173,2.89232233213604,2.44578683496361,0.0231989447564917,4.56453090968373e+45,39.1538490882624,0.492657446744755,6993624363.69739,15.5899398133865,14.945816349147,-18.5883901574594,-18.1959511519985,106354217563.78,533823977288.924,546125528337.388,14484596.7368388,123582122.980851,254649978.390383,3385181783.67459,32087279392.8899,40408204889.79,-10.9582897202455,0.544922414113047,0.948675267416033,2.13964554601838,0.58680977834666,6.83597384854037,0.197173747932518,0.921615664262943,0.755364122443685,0.000694724561126124,8.29398050755695e+44,2.79414512965142,0.143931428646545,67885865.6713445,0.137639390335636,0.124058959769144,0.225140853359029,0.242459668220405,967625860.864483,124027597760.787,121493984187.246,103.187521247297,91071.1540743961,96031.7109527641,11426180.2540582,5205270021.69694,8229244745.63012,1.43230153312938,55.8536348807596,1.60810148615316,27.8538339962309,0.56376867399728,16.5830859887987,0.238472585858323,0.847268006335715,0.832207001522073,0.0223653235565394,6.08694175215062e+44,1.69013384140877,0.223962630025437,6925022675.1824,15.4507928378404,14.8202766573551,0.211811892941288,0.475643565974224,105375693804.225,170990594274.525,138268908837.23,14484493.3797514,123490893.548849,254553758.67153,3373436263.76571,26508289643.7407,31314467448.885,0.967160548642108,19882,34.3630288992121,-5.30611777664874,21.223608871671
47.6525156214844,-0.21105063568281,0.348759885392897,0.667927567728179,1.19751924206344,0.390121193226131,1.86476993430445,1.95404698388551,0.0494768891004384,2.42854236091785e+35,57.9782642686877,1.55333068460104,2334471976.14909,29.2837635874463,21.6996576869876,-20.5679893631656,3.70031629398138,197831075565.728,73525497148.8104,271356572714.539,309648815.088564,152642350.26276,462291165.351324,14210032556.7554,7004879919.05639,21214912475.8118,-14.8589359159312,15.6896221688501,-0.797458560730679,1.85237559114398,0.0342212506551735,0.732567918773991,0.0228522414124115,1.7378922317883,1.99601007877147,0.00109745408316567,1.54700358941371e+37,59.1426087011899,0.765668104513761,3054639300.21963,8.76061572658681,8.36622037738266,-20.6488245602181,-0.988575190524365,55349729341.0113,1000669044.96987,58867352633.5887,31967.0750612499,18.5980251707513,44603.3156363654,1039730802.68395,3286238.78621011,1619254275.593,-17.1963630119586,10.0191370217391,-1.61474365388305,0.389105889090171,-0.394875031286971,0.0889585292094634,0.00162111967365217,0.766807600250679,0.986214755692037,0.000162634047030749,3.37013886526938e+35,57.1369813084602,0.146790958568085,2522359069.46949,6.59173230694862,6.35148571262056,-20.9072541814261,-7.0696970974528,20458783956.1491,5.22862814990061,20458784120.8763,51.9432217936188,4.01981372630045e-06,66.7033439592119,32388695.4384608,0.0767038353264995,35474825.4091833,-18.4964633685195,30.7723771170632,-0.0449235147710446,26.4627870768995,0.809389965509897,11.4780872208611,0.23887478284385,2.58917824863028,2.70070247530376,0.011061970557524,1.93598001040228e+39,62.0061301294481,4.35454730698279,3999413716.59185,16.8897897340061,15.6102470249528,-20.4208316389689,2.43619007732305,116581651287.942,34820005628.237,147655563208.98,6354657.74999805,819716.109527633,10838016.9854081,6293815946.53813,2094638984.15643,9756055220.01703,-16.3549711007686,5.67048514711103,0.817285093152366,1.46326970205381,0.429096281942144,0.643609389564527,0.0212311217387594,0.971084631537619,1.00979532307944,0.000934820036134924,1.51330220076102e+37,2.00562739272971,0.618877145945676,532280230.75014,2.16888341963819,2.0147346647621,0.25842962120791,6.08112190692843,34890945384.8622,1000669039.74124,38408568512.7124,31915.1318394563,18.5980211509376,44536.6122924061,1007342107.24549,3286238.70950627,1583779450.18381,1.30010035656094,15.0827549482131,0.752535045959635,24.6104114857555,0.775168714854723,10.7455193020871,0.216022541431438,0.851286016841982,0.704692396532284,0.00996451647435829,1.92050997450814e+39,2.86352142825817,3.58887920246903,944774416.372221,8.12917400741933,7.24402664757018,0.227992921249214,3.42476526784742,61231921946.9306,33819336583.2672,88788210575.3909,6322690.6749368,819697.511502462,10793413.6697717,5254085143.85419,2091352745.37022,8136800944.42404,0.841391911189987,33630,34.343826199814,-5.29543113144404,31.5914928308316
13.7284121795208,0.24292832199168,0.3000075854484,0.107242231491986,3.16319556608696,0.000318270312357214,2.00130911506498,1.99078906798952,0.0470038275742347,1.98989966432349e+40,45.5765670607044,1.43490020923114,4739389224.32607,10.4666765150857,11.3833225174709,-20.2372423190826,-9.02103222193551,68667965729.0456,83799742.8188202,68751765471.8644,163117040.112622,193351.33731107,163310391.449933,7879418058.1019,9339894.94730362,7888757953.0492,-12.7098802387348,11.0548494841974,0.272599051506728,5.49499279076513,0.238900765607047,5.45351174871901,0.000145273536426202,2.0268636711861,1.54528364982851,0.0369070296416685,4.65220528586547e+36,48.4636264168774,0.896278807466721,5434675731.97327,10.3274517829076,10.4379669590759,-20.19266012625,-0.168995334453832,67409695089.6036,90389744.0354501,67669844900.3362,60199159.3010222,13157.2148566341,60567871.0759004,5236054008.73961,1342747.87857607,5237171894.1771,-15.4473415497248,8.90189425651825,-0.0122212192320937,0.500418953876532,-0.306044848288244,1.81076415620714,1.70902910026965e-05,1.19063106249432,0.712915099883505,0.0158156457537184,2.03773527823998e+35,46.29282207553,0.17890368371847,4788465121.83444,8.23142142842602,8.40757283731835,-20.3051679476473,-4.39779524745689,54701984004.7151,7.27182000745292,55197073086.4541,2742773.98540766,0.00110501818377039,2941141.72145153,361282156.450943,0.0927280336887985,417689684.153804,-17.4294820755675,12.6291610476068,0.646522395392629,31.1955737676994,0.78640613389447,22.7790071333171,0.00478653029629137,2.63723108914631,2.42288625758585,0.0501187233627272,1.76337191474448e+38,50.3299737889417,5.28036122879404,6001974103.96172,11.7425774763875,11.6693738077905,-20.1173030435255,3.01051298920066,77786639631.3459,512820930.556465,78216213341.4733,231841452.794533,419380.964538324,231902358.273142,12923113590.0895,32737315.2323372,13014635238.6294,-14.1641442511453,2.15295522767917,0.284820270738822,4.9945738368886,0.544945613895291,3.64274759251188,0.000128183245423505,0.83623260869178,0.832368549945006,0.0210913838879501,4.44843175804147e+36,2.17080434134738,0.71737512374825,646210610.138832,2.09603035448155,2.0303941217575,0.112507821397376,4.22879991300306,12707711084.8885,90389736.7636301,12472771813.8821,57456385.3156145,13157.2137516159,57626729.3544488,4874771852.28866,1342747.78584803,4819482210.0233,1.98214052584276,1.57431156340934,0.373923343885901,25.7005809769342,0.547505368287423,17.3254953845981,0.00464125675986517,0.610367417960207,0.877602607757343,0.0132116937210587,1.71684986188583e+38,1.86634737206428,4.38408242132732,567298371.988453,1.4151256934799,1.23140684871466,0.0753570827244978,3.17950832365449,10376944541.7423,422431186.521015,10546368441.137,171642293.493511,406223.749681689,171334487.197241,7687059581.34993,31394567.3537611,7777463344.45226,1.28319729857945,82455,34.3316310581463,-5.26058952521646,32.742894248331
155.198080566539,1.37944474110226,0.351523105304289,-0.323433378394546,11.7526895774284,1.92141810374557,2.00653229118099,2.00391827811039,0.0224699666607714,9.51188123482998e+44,44.0385742795036,0.433798849109443,37757311101.0595,3.22906153767622e-11,9.32953346203219e-10,-15.6050143780553,-15.5236920412145,205340385.731628,232160654027.032,232365994412.764,494785.168426114,555438528.361855,555933313.530281,49996808.2733731,56125679147.7554,56175675956.0288,-11.2704833499659,180.942421638211,-0.723726655316584,5.20034639921408,0.0383279853917924,17.9146490643761,3.10960318246227,2.04040704260202,1.90481065930443,0.00523559724389316,7.4128735296638e+44,50.0975556676905,0.768996217960997,58310210237.315,115.564498342939,110.331520101114,-14.8845165638442,-12.332596071395,801944254489.5,1055482447098.77,1860948150412.65,17423982.620516,33395505.6543358,134597392.701678,33260714456.1713,35501996250.8185,90178928116.4365,-14.8276747045599,78.6905452911013,-1.51535192781816,0.466219595918239,-0.423910725483558,9.47091193765085,2.70994454154129,1.30985272695805,0.9886274785456,0.000647606909974184,6.54427662658003e+42,45.6767591892602,0.234649779653017,29816044526.1748,0.0353109984791287,0.0688598443460938,-15.1661668098399,-14.8783268974702,453328239.580966,588395366604.27,763667705087.917,3549.36878262965,104760.163617133,552258.190353602,14327442.3334318,2230631999.6719,26488190358.1355,-16.6854757350681,353.753008943034,1.15958164104682,35.3996799125852,0.665430315019839,31.5897058795807,3.44857762964659,2.69258694922629,2.93839575529062,0.0286653615745381,4.64580185385937e+45,52.8144014377874,3.64924809820751,77254626201.8308,191.267410504658,183.441752963862,-14.5099594798233,-7.79164109804527,1325574491592.96,1708830001299.83,2862546424091.95,871826621.304614,647266707.449837,1604369902.98768,120248120681.151,120942337999.537,210294144029.404,-13.6915410046071,102.251876347109,0.791625272501577,4.73412680329584,0.462238710875351,8.44373712672528,0.399658640920983,0.73055431564397,0.916183180758825,0.00458799033391897,7.347430763398e+44,4.42079647843033,0.534346438307979,28494165711.1402,115.52918734446,110.262660256768,0.281650245995705,2.54573082607518,801490926249.919,467087080494.505,1097280445324.73,17420433.2517334,33290745.4907186,134045134.511325,33246387013.8379,33271364251.1466,63690737758.301,1.85780103050826,172.810587304824,1.8833082963634,30.1993335133711,0.627102329628047,13.6750568152046,0.338974447184313,0.65217990662427,1.03358509598619,0.0234297643306449,3.90451450089299e+45,2.7168457700969,2.88025188024651,18944415964.5158,75.7029121617191,73.1102328627488,0.374557084020886,4.54095497334973,523630237103.46,653347554201.059,1001598273679.31,854402638.684098,613871201.795501,1469772510.286,86987406224.9801,85440341748.7185,120115215912.967,1.13613369995276,38176,34.4134897330075,-5.29104794725976,30.7807407478807
6817.32338827927,-1.53147188867781,1.11348214350851,0.61547913049239,13.9104608826206,1.05073679311881,1.88235424126945,1.93900857468733,0.0356173571840988,9.90939272812327e+42,52.6839250410143,0.100561612834171,6181242579.68283,74.6483128354006,51.8089485902253,-19.6164836788694,-13.5430196161588,531196898570.598,253027608623.243,784224507193.84,881528054.574646,502171861.218741,1383699915.79339,56195621973.7057,32012435602.5143,88208057576.2201,-18.2956716681702,4102.14331174547,-1.51076812644094,1.1395994136432,0.619987740462458,11.1270960882503,1.0906904955813,1.27404693614379,1.75389157900851,0.01201815343496,3.96694626861284e+37,47.9608094031693,1.1714390926389,6860683799.16514,78.7319701676284,55.8638827689007,-19.6076849915321,0.428288389984559,562357185739.772,284100976545.681,845373494622.791,8169734.00390613,39649033.6680619,97152399.0623007,3725856800.81865,9724760347.4913,24885103057.0583,-20.3058448088989,2686.71937041048,-1.58454021551856,1.11291076012075,0.551052123469874,4.58994063633875,0.950456224837102,0.623480801761984,0.947744717788923,0.000936831839838408,5.22379614336417e+35,45.440397451296,0.173209882460776,5340898652.42552,58.4556811738465,42.3167546075416,-19.7112791572715,-10.1016356512162,415052278970.686,196311534998.302,610613659402.217,68180.3498669716,21268.7525963476,198160.959744607,516877170.031472,525598299.721108,4264230548.14735,-21.9950506361449,7975.907691692,-1.44878107584857,1.18299531208015,0.656425613777809,27.9692066570776,1.24013639817016,2.09732402509355,2.57647509758079,0.036674114201899,4.1919527593153e+41,52.1839670439008,6.25092470430338,9442083720.98749,101.740698294478,74.4738386145817,-19.5171608678747,5.26265615474776,758699056934.946,399095456520.37,1154183055332.45,278716840.736993,407639675.2714,704997855.095615,41307471163.6316,38861903872.0135,77091389544.8098,-19.2588662857825,1415.42394133498,0.0737720890776217,0.0266886535224433,0.068935616992584,6.53715545191151,0.140234270744193,0.650566134381808,0.806146861219582,0.0110813215951216,3.9147083071792e+37,2.52041195187335,0.998229210178127,1519785146.73963,20.2762889937819,13.5471281613591,0.10359416573943,10.5299240412007,147304906769.086,87789441547.3784,234759835220.574,8101553.65403916,39627764.9154655,96954238.1025561,3208979630.78717,9199162047.7702,20620872508.9109,1.68920582724601,3873.76437994654,0.0619870505923719,0.0433958984369491,0.0364378733153512,16.8421105688273,0.149445902588869,0.823277088949754,0.822583518572284,0.024655960766939,4.19155606468844e+41,4.22315764073145,5.07948561166448,2581399921.82235,23.0087281268499,18.609955845681,0.090524123657449,4.8343677647632,196341871195.174,114994479974.689,308809560709.663,270547106.733087,367990641.603338,607845456.033314,37581614362.813,29137143524.5222,52206286487.7516,1.04697852311637,72188,34.296344029266,-5.26865538326746,40.1344529236585
184.983416003894,2.22648646553063,0.30091264547506,0.0024540989639446,29.5757645491102,1.96357164217137,1.999947156994,1.99995034663737,0.0501187005431782,5.38441398137846e+43,44.8357166775493,0.53352639377307,64101773680.8264,3.88146300225475e-10,1.4123073358061e-09,-12.484558352644,-12.3274024563151,228775692.067749,87543421808.9258,87772197500.9935,541415.299003194,207180068.522075,207721483.821078,24527809.0808462,9385906115.73413,9410433924.81498,-12.6893854303165,88.8963482392594,1.88702934277436,0.849429978960529,-0.191972651939599,16.9935844853169,2.52208587621506,1.22022865854583,1.70399187882472,0.0359852347144554,5.98392546631986e+42,40.2750310343717,1.25725999859611,67870840162.1079,0.229420692830403,0.297198838747499,-12.5900441306023,-5.46004254933249,1788791527.813,155111975335.388,158277536627.168,399756.853481742,55976450.262166,94016831.7140635,38968533.6915661,6192099765.76989,10128482766.2991,-15.3615960079565,61.2311783068659,1.09495239729375,0.482236182369225,-0.498470259474672,9.07136480887538,2.02990691976843,0.716906862595083,0.930929670365681,0.0125374146890471,1.97357962707505e+41,38.9339424012245,0.175982539359651,54955801913.7365,3.29523661924243e-12,3.52662273418577e-11,-13.2319583409774,-11.7756237529592,226363834.620118,87730834195.2895,88208616978.1894,6922.96449651072,4291380.29016052,5856075.0804195,525416.852953129,350059540.778234,518720530.317835,-16.9651037295874,154.801464230566,2.63257775921513,7.41465015086486,0.214223703358431,31.4003795404016,3.36035952245154,1.84748015444031,2.63027005321268,0.0501187233627272,1.79466513655711e+44,45.5014012481754,6.59600719748987,85688894452.5578,58.2380088698314,58.4002445873409,-10.6284176361753,3.50254763388792,389653511969.53,422975693769.58,815589082655.83,62361119.4124468,942263646.361499,968220608.745111,6717754638.23661,64829790570.3769,70107864679.3395,-14.0482569241195,27.6651699323935,0.792076945480608,0.367193796591304,0.306497607535072,7.92221967644153,0.492178956446631,0.503321795950745,0.773062208459039,0.0234478200254084,5.78656750361236e+42,1.34108863314725,1.08127745923646,12915038248.3713,0.229420692827108,0.297198838712232,0.641914210375012,6.31558120362666,1562427693.19288,67381141140.0986,70068919648.9787,392833.888985232,51685069.9720055,88160756.6336441,38443116.838613,5842040224.99165,9609762235.98131,1.60350772163091,65.9051159913063,0.74554841644077,6.56522017190433,0.40619635529803,14.4067950550847,0.838273646236487,0.62725149589448,0.92627817438796,0.0141334886482718,1.73482588189391e+44,5.22637021380369,5.33874719889376,17818054290.4499,58.008588177001,58.1030457485934,1.96162649442703,8.96259018322041,387864720441.717,267863718434.192,657311546028.662,61961362.5589651,886287196.099332,874203777.031047,6678786104.54504,58637690804.607,59979381913.0403,1.31333908383696,216681,34.4089643226577,-5.148425234163,29.0247213834775
0.177299242049914,1.15397841495125,2.30101483544622,0.934773091860752,4.19436615372114,7.48860336279132e-05,1.9998747005078,2.00042919697751,0.000458276822278055,2.96846942769663e+41,44.6968984196215,0.55353779437091,258983276.989032,0.167963551485245,0.16830729903763,-16.5204158992407,-11.9474445647692,1184754702.12989,9051.94530506432,1184763754.0752,2803254.73043462,21.4505254593103,2803276.18096008,1026036961706.05,7851242.24720623,1026044812948.29,-12.6893854439071,0.136287077004507,2.70180940470844,10.4598108130394,0.478073680704349,0.0700589360234506,0.00024826808755952,2.51330597095432,2.54307472388274,0.000198255535889145,5.50056079843165e+39,40.9339017975834,1.11504416403092,348521548.600223,0.127339730132753,0.127400985639194,-16.6885852486093,-6.22905212912756,430446426.595045,442.85946648859,430449084.391594,3.39762985942494,4.28230270501226e-06,3.42532723581115,25615797.4843069,11.8436853398232,25781273.2267289,-15.322524422925,0.116903259560972,1.67156314476519,1.59654634457839,-0.259003731999491,0.007343124728329,1.86114762463666e-05,1.34996837727903,1.5299247927484,0.000100640750958571,1.11673402496448e+38,38.6778445300283,0.216220883995894,306128538.779251,0.112243853163921,0.112840902861661,-16.8963511321204,-10.8581550431725,303890417.893784,5.5838703587209,303890423.576595,0.523215607749285,1.41125892205732e-08,0.545888239129114,2732756.50004113,0.134164574913605,2909996.05736894,-16.7077672555501,0.16385242445985,4.24694159623411,75.7477261001586,0.941583376531502,2.08154521239987,0.00252221195106433,3.29481776942431,3.37375663947635,0.000517370392330332,2.84214330232489e+41,45.559327625101,6.60999972095831,386939249.330332,0.141199455520109,0.141234410493073,-16.3757025476856,-0.963852753290411,892122087.016657,25005.8735273341,897281592.466551,81.3681956539456,0.00204933448484897,81.3682652053895,44839800.3539172,2035.83549662087,45725482.4704273,-14.1715946244983,0.0193838174435352,1.03024625994324,8.86326446846096,0.73707741270384,0.0627158112951216,0.000229656611313154,1.1633375936753,1.01314993113434,9.76147849305744e-05,5.3888873959352e+39,2.25605726755508,0.898823280035025,42393009.820972,0.0150958769688316,0.0145600827775326,0.207765883511062,4.62910291404496,126556008.701261,437.275596129869,126558660.814999,2.87441425167566,4.26819011579169e-06,2.87943899668203,22883040.9842658,11.7095207649096,22871277.16936,1.38524283262515,0.0275653474553426,1.54513219152568,65.2879152871193,0.463509695827154,2.01148627637642,0.00227394386350481,0.78151179846999,0.830681915593615,0.000319114856441187,2.78713769434058e+41,4.6254258275176,5.49495555692739,38417700.7301093,0.0138597253873558,0.0138334248538794,0.312882700923758,5.26519937583715,461675660.421612,24563.0140608455,466832508.074957,77.9705657945207,0.00204505218214395,77.9429379695783,19224002.8696103,2023.99181128105,19944209.2436984,1.15092979842668,14150,189.110839722917,62.2455390953864,28.7170285142034
10.1273087389288,-1.10447495108807,0.300048675730451,-0.471525136391671,0.331620669821083,1.51520506828483e-05,1.98302245220857,2.00029706520575,0.00747030977256547,1.08508313656195e+44,50.9606129332376,0.100000651411371,1455185367.5986,3.15805132012967,2.99189015711301,-20.1598796395007,-18.9794953676017,14638296246.7051,1147633.00236511,14639443879.7074,33046407.4068605,2718.57533922558,33049125.9821997,10044161270.928,826286.766914357,10044987557.6949,-11.9089225711032,14.7505872722708,-0.935609878592857,0.329927234150444,-0.489888199056581,0.345586966823938,0.0014844550903344,1.89843707881855,1.85439340578657,0.0147334218528285,2.30032540208358e+37,49.5987517716387,0.9048456796216,2639588675.7147,5.18788372670757,4.9590356209091,-20.1842934684246,-2.04332237379487,23336710084.7861,607.933026269841,23336710105.5349,6714017.3301284,0.158189393924786,10111935.7271595,1434977658.00929,21.2305523978961,1952362322.99862,-14.5835313031709,11.3982168993728,-1.71635011204998,0.3,-0.5,0.048448243142682,2.37645672626428e-05,1.03052197540015,1.01836874560196,0.00606103408386308,5.55559023978566e+35,46.7575294819485,0.157971261552155,2410420058.36416,4.73420318424745,4.5338877826075,-20.3559574389563,-7.58669738684904,8774769767.91577,1.03146260489484,8774769772.01307,420401.140042491,9.02476880973227e-05,466618.245259292,56802025.8635788,0.011223717895935,58317721.4345206,-16.0320103795003,18.6636727036943,-0.42444865983818,0.410285158482392,-0.297128741350992,12.7645641953119,0.063026812959367,2.69971137038632,2.74940958751211,0.0357256992903936,3.36794234816742e+39,53.3504149727904,5.3577794376666,2856338666.12313,8.77388634686424,8.04776398327604,-19.9399871884973,1.97543973766172,60308740175.8552,5059333942.31042,65592118371.7118,33698249.280758,2111048.11370134,37686005.6940009,5110234767.50942,313076963.978965,5533617733.01596,-13.6546351360207,3.35237037289792,0.780740233457119,0.0299272341504444,0.0101118009434194,0.297138723681256,0.00146069052307175,0.867915103418394,0.836024660184604,0.00867238776896537,2.24476949968572e+37,2.84122228969016,0.746874418069445,229168617.350548,0.453680542460115,0.425147838301601,0.17166397053164,5.54337501305417,14561940316.8703,606.901563664947,14561940333.5218,6293616.1900859,0.158099146236689,9645317.48190017,1378175632.14571,21.2193286800002,1894044601.5641,1.44847907632941,3.91308543142356,0.511161218754677,0.080357924331948,0.192759457705588,12.418977228488,0.0615423578690326,0.801274291567779,0.895016181725543,0.0209922774375651,3.34493909414659e+39,3.75166320115167,4.452933758045,216749990.408424,3.58600262015667,3.08872836236694,0.244306279927393,4.01876211145659,36972030091.0692,5059333334.3774,42255408266.177,26984231.9506296,2111047.95551194,27574069.9668414,3675257109.50013,313076942.748412,3581255410.01734,0.928896167150166,12007,189.086178539587,62.2826835474889,27.9670680335331
1444.87109156524,-1.35327071144196,1.28600895743762,0.459653452637003,30.828295510476,3.22999976879204,2.00085121851788,2.00348055381752,0.0231833023111561,1.06287743110037e+35,28.1721999878713,0.337969072011428,54992485093.5639,296.758607776467,259.399623208796,-15.2369319543426,14.4575802524762,2026584643997.32,1392293990901.35,3418878634898.67,4807996327.59933,3327045940.70646,8135042268.3058,470887177439.691,325845355421.412,796732532861.104,-12.1892008030993,2333.16377305265,-1.31048680889281,1.33263627193787,0.507486595795685,19.4394725734629,3.58528389436197,1.83133856759518,2.02706125266651,0.00193057968846124,1.30465587134418e+38,29.6201814259157,1.43932941437728,85415560035.5695,474.947814911834,413.208874275758,-15.1531717943817,13.0026545968444,3360356892581.48,2574968123964.78,5915593642030.27,4165527.9119743,4015270.35377098,16485920.3467753,94663846286.0728,110747899425.016,275562821845.325,-14.3128082296777,1401.51393248061,-1.55359703868269,1.24922621972914,0.4492107616101,11.0538108264934,3.24033368973463,0.997011402689458,1.01142979176357,0.000172771502441341,4.04554946609061e+35,28.1161519251942,0.237196514515115,55150766049.2536,295.8344500857,260.807823409823,-15.3436902160147,6.47111327373799,2041169106972.63,1463915224334.34,3545902469791.97,19805.8370771009,12093.5871118591,44049.2489124076,6247161757.36256,4326634488.46287,90724476364.5642,-15.6519928421137,3020.0055878304,-1.24183529756511,1.39352194340321,0.542727875575171,31.6227766016838,3.74825663350633,2.63954704013115,2.96103051071867,0.0213381371893045,6.44861294460132e+39,32.8637106594652,5.39065187268868,112165532503.147,593.979657991242,523.534403999926,-14.890621639562,18.8942718345052,4347828758397.47,3424322850265.34,7808350946101.19,718395621.81298,1500091129.24328,2809852198.31623,301108505538.86,288898124584.506,477675835725.913,-13.3289751183438,931.649840572041,0.243110229789883,0.0834100522087293,0.0582758341855851,8.38566174696942,0.344950204627349,0.83432716490572,1.01563146090294,0.0017578081860199,1.30061032187809e+38,1.50402950072146,1.20213289986216,30264793986.316,179.113364826134,152.401050865935,0.190518421633037,6.53154132310641,1319187785608.85,1111052899630.44,2369691172238.3,4145722.0748972,4003176.76665912,16441871.0978628,88416684528.7102,106421264936.553,184838345480.761,1.33918461243608,686.841814777749,0.0686515113276978,0.0608856714653383,0.0352412797794859,12.1833040282209,0.162972739144356,0.808208472535969,0.933969258052161,0.0194075575008433,6.3181473574669e+39,3.24352923354953,3.9513224583114,26749972467.5774,119.031843079408,110.325529724168,0.26255015481966,5.89161723766081,987471865815.985,849354726300.559,1892757304070.92,714230093.901006,1496075858.88951,2793366277.96946,206444659252.788,178150225159.491,202113013880.588,0.983833111333885,1847,189.196905596343,62.284114998907,26.1432369555369
8.00229927514349,-0.104291736175207,0.300000507093445,0.999815132859823,1.18117145845182,0.405193555148773,1.81331313148754,1.92800372620681,0.0398902959843083,1.647548136038e+40,43.7090919334499,2.46403697122571,535652748.11921,6.73293866543436,5.26534243851603,-18.9685462266509,-7.26176836788942,45318392549.8416,17896015446.6366,63214407996.4782,59299285.4902175,34343927.7564701,93643213.2466876,3375283352.54395,1954837847.69226,5330121200.2362,-17.7067381129228,2.23284447380556,-0.23510067679566,1.5173581803164,0.299528614301138,3.1319298009272,0.000173523061607611,1.29486104536861,1.84375248140166,0.000238695091875882,3.37468602509307e+37,40.0057673177913,1.35986513734727,818474519.975559,1.74342137103656,1.70091386561203,-19.007910701108,1.82502541606016,12656862717.0163,285.564940277487,12693051765.9235,21.2019188840049,0.000304147142779167,21.3287990402016,66776851.2597712,15.3076916852988,77064163.379288,-22.0657981757621,1.60361328756318,-0.793262690783586,0.402382467131615,-0.201046764991781,0.648208593442851,1.82429351257166e-05,0.664399576047217,1.19319156794237,0.000106478440732168,2.61007746077123e+35,34.7318967874936,0.171059069404418,387651377.438302,1.48292233071838,1.48140004188869,-19.0930444964458,-7.67612614207193,9957933779.14335,0.00281749266922162,9975161927.12659,0.659591952528619,6.45433344214396e-12,0.682144326208459,8716348.6765951,4.20403963149931e-05,8976133.77263338,-23.4159160312256,3.67665734735302,0.162733136360955,14.5803095561773,0.850984480987167,18.0442990852898,0.0146894173220909,2.05037467315322,2.63958477630135,0.0127140489845201,1.19951133177831e+40,41.7113802070156,7.30515824648972,973625938.774849,2.46623564810966,2.21023105035924,-18.9248452796282,7.71621024333198,16119372713.2096,160205650.028412,16634185836.8738,953378.613814788,30.2083635775966,1755576.38893526,538828981.393308,2162432.94794929,684624154.769638,-20.9968952371508,0.629231186242378,0.558162013987927,1.11497571318478,0.50057537929292,2.48372120748435,0.000155280126481895,0.630461469321392,0.650560913459286,0.000132216651143715,3.34858525048535e+37,5.27387053029765,1.18880606794285,430823142.537257,0.260499040318178,0.219513823723336,0.0851337953377431,9.50115155813208,2698928937.87291,285.562122784818,2717889838.79691,20.5423269314763,0.000304147136324834,20.6466547139931,58060502.5831761,15.3076496449025,68088029.6066546,1.35011785546352,1.44381287354746,0.397833813156614,13.0629513758609,0.551455866686028,14.9123692843626,0.0145158942604833,0.755513627784615,0.795832294899693,0.0124753538926442,1.19613664575321e+40,1.70561288922436,5.94529310914246,155151418.79929,0.722814277073098,0.509317184747209,0.083065421479823,5.89118482727182,3462509996.19338,160205364.463472,3941134070.9503,953357.411895904,30.2080594304538,1755555.06013622,472052130.133537,2162417.6402576,607559991.39035,1.06890293861123,6191,189.135103888133,62.2978689598861,44.4210866162858
13.1826285016755,0.170751787383175,0.300054227830614,-0.118561267120622,10.1960186482421,3.80054622086625e-05,1.98988609882474,1.99965279517834,0.0501174734540905,1.7547516151995e+39,47.8291369680116,0.601203020365008,3732972516.23398,11.0773134306943,11.9639157419361,-20.3137545124246,-6.7766201514839,73503730281.1698,136133360.248426,73639863641.4183,169168257.602406,321909.385368,169490166.987774,7664039649.10421,14583860.6358267,7678623509.74003,-19.0736256678185,10.9134649279569,0.251397762316124,8.94932439355348,0.418641305842179,5.13121186108518,0.0091356402482149,1.84200246122706,1.80031211309081,0.0268485180185815,1.4590631693683e+37,56.2784609041345,1.40173429802592,3794521293.86321,10.7798993818778,10.713945162515,-20.33768938092,-1.63715976081665,71182779367.1178,647930703.364371,74103936757.1711,37123727.1204079,242754.333267393,43369223.6508456,3974373731.4326,28376169.8340534,4266204346.77664,-21.9536055298231,8.74202272617074,-0.0795395301428901,1.69031716017587,-0.254982259938616,1.26630714397228,3.21872081015172e-05,1.00355141342518,1.1388973873337,0.00894641715477515,8.32724069245957e+35,50.4481540864433,0.218308595357081,3171028896.77245,8.5158952675696,8.54177617106211,-20.4266349433487,-8.80350661927956,57741615499.9463,90275553.8222622,58999773355.7759,1517887.61655438,3091.14953431542,2144235.80865224,190535416.26336,307504.525294855,304621885.596547,-23.5351381840832,13.8954991469909,0.631855232697364,53.7127935076768,0.877972937772343,22.8013082363104,0.0848945532726116,3.19884477935555,2.62867830790566,0.0501187233627272,1.00011073195923e+40,59.1286179115831,5.73159228120711,4443689631.6122,13.0460522924745,12.5848753167146,-20.2434937291476,1.40191441560583,84921767038.4425,9034716812.30304,90829290539.6964,218825698.815941,5464594.57753496,221676838.327465,18048512242.8662,546565818.514114,18167886088.7258,-20.5856209048687,2.17144220178619,0.330937292459014,7.25900723337761,0.673623565780795,3.8649047171129,0.00910345304011338,0.83845104780188,0.661414725757114,0.0179021008638064,1.3757907624437e+37,5.83030681769121,1.18342570266884,623492397.090758,2.26400411430823,2.17216899145293,0.0889455624286946,7.16634685846291,13441163867.1715,557655149.542108,15104163401.3952,35605839.5038535,239663.183733078,41224987.8421934,3783838315.16925,28068665.3087586,3961582461.18009,1.58153265426007,2.98203421903395,0.38045747038124,44.7634691141233,0.459331631930164,17.6700963752252,0.0757589130243967,1.3568423181285,0.828366194814849,0.0232702053441457,9.98651668789861e+39,2.85015700744862,4.32985798318119,649168337.748985,2.26615291059672,1.87093015419958,0.0941956517724059,3.03907417642248,13738987671.3247,8386786108.93867,16725353782.5253,181701971.695533,5221840.24426757,178307614.676619,14074138511.4336,518189648.680061,13901681741.9491,1.36798462495444,16639,189.079848959653,62.2564763297346,42.3552292814401
9.90426475867035,1.69633679265752,10.2729233217157,0.68037888448801,2.24763836720289,0.565363874645565,2.36862039029175,1.99518904730701,0.0501187233627272,2.45783639729559e+45,43.1247776284869,2.23613955685651,12631623785.3152,9.7974455907505,9.8024130732461,-19.876890838543,-19.5787929104617,63600943514.9967,176999067041.967,240600010556.964,317111299.169944,413417066.015877,730528365.185821,14366128693.2951,18729079632.0873,33095208325.3824,-11.9400350256936,0.893281128680399,1.8580784639753,1.94214596819551,0.257182517941587,2.83579716133744,0.0423022208929544,1.93708696625818,1.79610021103843,0.00786211778153249,2.21310913690731e+45,40.9335403299068,0.752551807289162,747673758.330991,0.210812985654098,0.226949214899684,-20.152009266012,-20.0598423404495,1340245207.47804,12105492954.379,16724471145.4223,70288.4220478162,64728.8278042995,748573.985175247,36186101.6749429,191386708.656288,730800131.851852,-15.5098176218147,0.0231611753206339,1.08599883999656,0.442846612114523,-0.345242978719291,0.121656355619319,7.98818962727049e-05,1.15869525914467,1.02079464597622,0.00066686927637242,1.82503564677606e+45,39.583708212473,0.59421206790622,23477958.448572,0.00792744184351375,0.00844104619196792,-20.3055390933132,-20.2550152365055,35020407.9183344,22466201.0453967,257652891.322079,52.1012655347385,134.142769761512,781.213215190697,914517.48145775,245909.709276141,13693166.5754179,-17.0518054210844,9.1940740379341,2.35668384497196,25.2813378950934,0.897619509184085,19.9208497660575,0.444933636297078,3.20999844499836,2.60756954804323,0.044144144362193,2.53043397784144e+45,41.9616107296977,1.31277263524429,9818996186.03991,6.76931803617203,6.78694930902189,-19.9609270565663,-19.5619784915772,44458680324.2479,115448491681.654,182723528477.873,5675091.9460299,27726575.1403847,54715741.2182318,1480952562.78649,4036911224.39677,7611893270.22294,-14.4387877129644,0.870119953359765,0.772079623978738,1.49929935608099,0.602425496660878,2.71414080571812,0.0422223389966817,0.77839170711351,0.775305565062204,0.00719524850516007,3.88073490131258e+44,1.34983211743374,0.158339739382942,724195799.882419,0.202885543810585,0.218508168707716,0.153529827301245,0.195172896055986,1305224799.5597,12083026753.3336,16466818254.1002,70236.3207822815,64594.685034538,747792.771960056,35271584.1934851,191140798.947012,717106965.276434,1.5419877992697,8.3007929092537,0.498605380996661,23.3391919268979,0.640436991242498,17.0850526047201,0.402631415404124,1.27291147874017,0.811469337004805,0.0362820265806605,3.17324840934122e+44,1.02807039979088,0.560220827955126,9071322427.70892,6.55850505051793,6.56000009412221,0.191082209445717,0.497863848872353,43118435116.7699,103342998727.275,165999057332.451,5604803.52398208,27661846.3125803,53967167.2330566,1444766461.11155,3845524515.74048,6881093138.37109,1.07102990885024,8231,53.1858467600794,-27.8100225147368,29.4795490323117
17.0721624917472,0.203825003681426,0.300255500737365,0.0606008969187456,1.34084758244557,0.412586864367525,1.96886886625211,1.97991710712019,0.0500799725338329,3.92184379859185e+38,46.8637299722936,0.182358639697212,5566921510.50205,13.8949724001628,14.9723460151341,-19.4738627492314,-4.10443294620575,85834753374.1578,37046417447.9122,122881170822.07,186092535.92734,82901001.5531516,268993537.480491,8437094390.35079,3758579416.81045,12195673807.1612,-18.9306728504062,16.4719136778235,0.0507436148676299,6.1625637187725,0.211988821282613,5.79715959386377,0.425012519479094,1.97783438683986,1.58556291778556,0.0447597892477247,3.87931163227295e+36,48.8475574391307,0.83551518155339,6298328446.93421,15.6753286678963,15.4972939460181,-19.4956747864799,1.18805543679855,103970219348.313,40857294941.5715,145362345401.902,101833725.106122,8840120.37960264,152360034.827584,6515134235.45051,872328421.463715,9818799767.50081,-22.2300350579032,11.1384055560238,-0.562411499543052,0.714404779267957,-0.325331309959183,1.73533244578307,0.252052946689588,1.24650745814745,0.744458543820991,0.0161451469972422,1.99842780750002e+35,46.5240862095567,0.16545728962118,5182934414.5606,10.3776402077016,10.3955799871102,-19.6153176022604,-2.03519376083568,68149199001.1811,20672816961.5865,87629698345.3909,4792668.90959243,463148.929851041,11296154.0612004,667197181.662894,43846096.2737771,1727430292.03659,-24.297411143989,30.5217049442392,0.498663868856631,32.6203094892209,0.843487330925874,23.3736482407871,0.563971076501687,2.60903857815908,2.40900969874434,0.0501187233627272,6.30195735978063e+37,50.4893380565091,5.17380893661304,7497086483.09128,20.6439808603407,19.7631234395485,-19.4008781922765,3.97847857263702,138391576851.878,60500200182.0544,200387633162.365,355469410.221866,118733539.299119,434369945.467013,18429048728.1307,6649749873.70278,22477250811.6659,-20.8147481128873,5.33350812179971,0.613155114410682,5.44815893950455,0.537320131241796,4.0618271480807,0.172959572789507,0.731326928692409,0.841104373964566,0.0286146422504825,3.67946885152295e+36,2.323471229574,0.67005789193221,1115394032.37361,5.29768846019464,5.10171395890791,0.119642815780452,3.22324919763423,35821020347.1324,20184477979.985,57732647056.5111,97041056.1965295,8376971.4497516,141063880.766384,5847937053.78762,828482325.189938,8091369475.46422,2.0673760860858,14.0497912664157,0.447920253989002,26.4577457704484,0.631498509643262,17.5764886469233,0.138958557022592,0.631204191319216,0.823446780958787,0.00535893411500253,5.91402619655333e+37,1.64178061737844,4.33829375505965,1198758036.15707,4.96865219244445,4.26582949353041,0.0947965942033981,2.79042313583847,34421357503.5643,19642905240.4829,55025287760.4634,253635685.115744,109893418.919517,282009910.639429,11913914492.6802,5777421452.23906,12658451044.1651,1.41528694501582,5654,53.1031947774776,-27.7449386852846,49.7300641557252
17.2971237212748,-0.0040492148832345,0.300001129715002,-0.198591413318246,2.43999057990077,0.549901570264125,2.00595382673975,2.00305813897791,0.015843554906135,8.51752636417517e+37,46.1775810133635,0.181292044140037,5297669258.37019,16.8811396361812,16.4995179634569,-19.5020242036216,-2.03918386329233,114348831900.356,58501788977.7302,172850620878.086,275099801.353724,139635320.036722,414735121.390446,39424453259.6532,20011087325.7449,59435540585.3981,-11.2539698855928,10.7003890848032,-0.0423396765459598,2.99859923022671,-0.000537251261724523,4.61211013760189,0.384450309601201,1.80115445108847,1.9823396290409,0.0125419805815009,1.24504937379816e+38,47.3499317300211,0.735676620651732,5983571362.06709,9.51923580306538,9.51009142817665,-19.5727051635013,-3.00792734007241,66728103293.4822,35012156268.6936,103143427959.076,4347594.53880199,1014721.37212788,8912864.98886139,2412230310.96654,669022623.427612,4563239686.7375,-14.0308250969321,7.11824458207717,-0.428138555776849,0.665937737428989,-0.43079095064107,1.45699829205204,0.0117090265407881,0.805613312949365,1.03018847302719,0.0019808001000832,5.96273378611476e+35,45.3389366761803,0.139783854093138,5152033005.64697,6.9488992000454,6.93746427591484,-19.7059220935356,-8.02447682498634,45317493671.4291,688637257.462522,46082497111.1141,184604.923241344,14583.4517704879,399616.754483637,94933759.6921656,20832655.7617696,313475731.591666,-15.3649930839485,15.1989332355372,0.404282516842159,17.7968779399762,0.601761688720827,20.5086742145248,0.533257209129482,2.64999655244606,2.70583744351844,0.038986760506479,1.10434166108185e+40,50.2036874248568,4.34832787385687,7773031935.62987,13.5969479951041,13.5069542085325,-19.4611439628638,3.0642502983892,92712075049.055,56197580423.2152,148260188331.215,63117926.138501,16921976.635784,99832084.4085551,9629836193.71623,4688345089.58727,13980384025.5949,-12.9271908888739,3.58214450272602,0.385798879230889,2.33266149279772,0.430253699379345,3.15511184554985,0.372741283060413,0.995541138139106,0.95215115601371,0.0105611804814177,1.23908664001204e+38,2.01099505384088,0.595892766558594,831538356.420123,2.57033660301997,2.57262715226181,0.13321693003433,5.01654948491393,21410609622.0531,34323519011.2311,57060930847.9619,4162989.61556064,1000137.92035739,8513248.23437775,2317296551.27437,648189967.665842,4249763955.14583,1.33416798701637,4.49854415073404,0.446622193388118,14.7982787097495,0.602298939982552,15.8965640769229,0.148806899528281,0.848842101357593,0.72349781447753,0.0264447799249781,1.09189116734387e+40,2.85375569483562,3.61265125320514,1789460573.56278,4.07771219203868,3.99686278035585,0.111561200637489,6.07217763846161,25983971755.5728,21185424154.5216,45116760372.1387,58770331.599699,15907255.2636561,90919219.4196937,7217605882.7497,4019322466.15966,9417144338.85739,1.10363420805824,26730,53.1606663326869,-27.7918209892422,25.8894340318107
128.731031555571,-0.140189755937026,0.300000009700989,0.999999731353002,10.2767054931784,0.957260476726201,1.81201910594001,1.91607639808864,0.000121439636422688,3.69187146055894e+39,43.7027034828478,0.429379486006101,5895672734.84967,91.7504565892228,62.8791543584772,-20.1989445142313,-4.55614739175883,709466943264.699,317137150047.045,1026604093311.74,924028705.07147,586481487.520786,1510510192.59226,20757017556224500,13174489565157000,33931507121381500,-14.9864794533627,88.5918419883941,-0.158773770324348,0.3,0.643157603755764,11.1397057903122,0.766320136109818,1.48532406260604,1.68689643882281,0.00111470929249149,5.56665780182119e+37,46.5051141767738,1.50249052610763,4815296067.79767,59.9270165358906,43.2564155238735,-20.2711108679204,-0.776001582053297,455462956675.604,204700222322.253,660890439896.912,89078.363249246,59318.2047687627,205097.512124028,4034830734.95454,2845105200.97398,12887641020.7403,-17.2642379893373,28.0519703369637,-0.205448790547972,0.3,0.321191943505575,2.77044424137452,0.521816198333952,0.826554925549224,1.06906278218021,0.00017959718002396,4.42304092869717e+35,44.3340560307609,0.191939949367141,3876568242.8363,26.6066955260596,24.0390634412213,-20.3729007519963,-6.46349682813289,190292300016.668,98641401910.2149,289311228343.025,202.515200517931,303.545188031411,949.951923501204,255373308.321348,354949365.267714,1841565777.8441,-18.6857491388308,120.792233059762,-0.0625601800623234,0.32733621605855,0.874120619992995,28.8212509691738,0.911397094664598,2.61826064310637,2.36264112363806,0.0121733609791549,1.41511758205184e+40,48.6677951699151,7.55280959600717,5701262409.25452,78.2893542946839,56.1230653006894,-20.1691066262317,3.99582644764366,606181966339.719,280349471137.561,882895113695.071,111862822.176895,34421987.0397858,284204977.968939,46222565483.7295,14377864310.9709,54274802952.33,-16.1417107652022,60.5398716514304,0.0466750202236239,0,0.321965660250189,8.36926154893772,0.244503937775866,0.658769137056819,0.6178336566426,0.000935112112467533,5.52242739253421e+37,2.17105814601292,1.31055057674049,938727824.961369,33.320321009831,19.2173520826522,0.101789884075977,5.68749524607959,265170656658.936,106058820412.038,371579211553.887,88875.848048728,59014.6595807313,204147.560200527,3779457426.6332,2490155835.70626,11046075242.8962,1.42151114949349,32.2003910713674,0.0962135902620244,0.02733621605855,0.230963016237231,17.6815451788615,0.145076958554781,1.13293658050032,0.675744684815258,0.0110586516866634,1.40955092425001e+40,2.16268099314135,6.05031906989954,885966341.456854,18.3623377587934,12.8666497768159,0.102004241688654,4.77182802969696,150719009664.114,75649248815.3085,222004673798.159,111773743.813645,34362668.835017,283999880.456815,42187734748.7749,11532759109.997,41387161931.5897,1.12252722413512,43130,53.1310768535564,-27.7903786055739,33.2275639415089
17.1216120488744,-0.439949859012078,0.700457186286152,0.962461222019141,1.5573509446749,5.63696849036423e-05,2.2625224288724,2.69339644490738,0.0259553034328496,5.08667923868833e+43,36.2434618935559,0.8869388293348,891439077.482957,8.58024119624059,6.87240438308224,-20.1956224683267,-14.8153723354383,58783911849.8323,180768.661569595,58784092618.4938,248277382.047609,1281.51117540081,248278663.558785,21718962857.4119,112104.829647959,21719074962.2416,-11.7545099666726,12.8303875707643,-0.409821825791867,0.673529524497461,0.655480730940911,3.58528925865391,0.0425576294978541,1.642083619519,2.06435056064872,0.0258808548074438,1.26583760691486e+41,33.5726910368902,1.25135455264857,1499583483.52594,8.66214417534563,7.65126766927467,-19.9814812336575,-4.58060530565111,59503784085.8399,3179246172.09753,63398632962.0111,9599665.1442804,451234.381994559,17869063.4054937,1063019526.36798,45846131.74749,2154626458.73039,-14.6907808854026,4.54053117156711,-0.473018998357332,0.549261979911632,0.280759548499888,0.197066487423952,0.000130941586507062,0.802902199489614,0.96608808928988,0.0100007004268783,7.98091340031759e+37,27.542477285193,0.227625770732722,1181542956.92252,4.19847018936705,4.10704196232722,-20.1971703213726,-10.6820943711426,12405461541.2332,0.139101587742189,12405461541.2393,1074312.83521449,0.000160334306518546,2350544.57784077,104875414.154201,0.0107688198450539,258228362.330094,-16.3542964382442,31.6078299560944,-0.142075836285595,0.741394088030375,0.977465475218207,16.3768734780147,0.306039589590208,2.54652769163792,3.11178594358702,0.0490832100792101,5.27182477810338e+43,36.3462220968444,8.02238416800403,1791369283.3766,14.9297113677591,11.7922559122529,-19.7021254050943,3.97516120510067,104675819992.654,28810891662.6472,134495909259.561,59911504.3801786,14150645.9003456,81861622.7541209,7064303814.67071,1728597222.65098,8265786580.99535,-13.6296986225821,8.28985639919717,0.0631971725654649,0.124267544585829,0.374721182441022,3.38822277122996,0.042426687911347,0.839181420029384,1.09826247135884,0.0158801543805654,1.26503951557483e+41,6.0302137516972,1.02372878191585,318040526.603421,4.46367398597858,3.54422570694745,0.215689087715063,6.10148906549149,47098322544.6067,3179246171.95843,50993171420.7718,8525352.30906591,451234.381834225,15518518.8276529,958144112.213775,45846131.7367212,1896398096.4003,1.66351555284163,18.7774423853301,0.267745989506272,0.0678645635329145,0.321984744277296,12.7915842193608,0.263481960092354,0.904444072118919,1.0474353829383,0.0232023552717663,5.25916640203423e+43,2.77353105995423,6.77102961535547,291785799.850662,6.26756719241349,4.14098824297825,0.279355828563247,8.55576651075178,45172035906.8143,25631645490.5497,71097276297.55,50311839.2358982,13699411.518351,63992559.3486273,6001284288.30274,1682751090.90348,6111160122.26496,1.06108226282051,15006,53.1557286955655,-27.8371835220526,28.072951568524
58.8158961548422,1.41977551599333,0.3510789873116,-0.28084815891017,19.7899080457982,1.64784471995791,2.00000401470846,1.99995548079536,0.00539601969768675,7.2931501280364e+44,44.3116451473014,2.97709015741516,15750812394.6374,1.95106078437561e-10,3.1737145725386e-09,-15.7723247538128,-15.6822376912456,124843825.933357,118177770861.691,118302614687.624,295498.720258218,279683199.242042,279978697.9623,124339785.465872,117684939419.622,117809279205.088,-12.6893853348186,96.2413504724286,-0.917428630355109,4.05122224933872,0.3262352116388,16.7439999959344,2.56414560725205,1.85261034976465,1.95547107312949,0.00598091830108361,8.06615739435494e+39,51.5041583557771,1.31093918476666,20998839537.2275,52.943405756092,51.1369609673957,-15.4572361760556,-1.49286594210529,363978244481.256,350247918555.485,716433524068.291,16351097.1595982,21253801.9495057,82654945.8739853,14554412292.7766,16636723567.2622,51669998766.9208,-15.1220471130549,58.0262581693011,-1.68724418698197,1.07775196819408,-0.186651410799475,8.57010740915088,2.27869294955651,0.954934646171333,1.27936390931064,0.00105062144058626,9.83544562168447e+37,46.0533226502719,0.198391284557639,16881889273.605,41.182596064071,39.4840428686834,-15.6363469956971,-11.8816559200461,279928399581.829,209457273518.567,494258586289.055,31127.873938704,131315.154405533,299709.759306968,480157350.865167,1671874676.06639,7804220846.41751,-16.8802296773956,138.162181892845,-0.378898052146836,37.6838119471668,0.826642979646717,31.0431451709768,2.7295185776988,3.0926611613984,2.74359104100341,0.0343492763261578,1.59588823070178e+44,54.1924074279916,5.6399687100979,25988912469.779,81.6447710764414,75.6233182385617,-15.2684783541587,3.08882766697403,572934292448.28,477075514559.042,1039822146371.01,803797269.629425,413812124.716876,1302224361.12765,76007836157.3067,45139037948.3834,105341604302.794,-13.9823823590024,38.2150923031275,0.769815556626864,2.97347028114464,0.512886622438275,8.17389258678347,0.285452657695538,0.897675703593313,0.676107163818854,0.00493029686049735,7.9678029381381e+39,5.45083570550523,1.11254790020902,4116950263.62253,11.760809692021,11.6529180987123,0.179110819641522,10.3887899779408,84049844899.4273,140790645036.918,222174937779.236,16319969.2856595,21122486.7951001,82355236.1146783,14074254941.9115,14964848891.1958,43865777920.5033,1.75818256434072,41.9208314204165,0.538530578208273,33.6325896978281,0.500407768007917,14.2991451750424,0.165372970446748,1.24005081163376,0.788119967873918,0.0283683580250742,1.59580756912784e+44,2.68824907221452,4.32902952533124,4990072932.55151,28.7013653203494,24.486357271166,0.188757821896923,4.58169360907932,208956047967.024,126827596003.557,323388622302.715,787446172.469826,392558322.76737,1219569415.25367,61453423864.5301,28502314381.1211,53671605535.8727,1.13966475405243,19573,53.1965717472941,-27.757063142296,31.0854731102335
1.95367438630032,0.546792782456452,0.585783845182691,0.902871851528776,0.2350039551042,7.82058412802308e-05,1.99996565332843,2.00008513135871,0.00251628420816627,1.37915522345928e+44,44.2419451364469,9.97880392124657,1113607346.11695,1.77249850857149,1.78344505906089,-19.6904279022359,-18.3064500506861,7380406686.55463,3257138.93606186,7383663825.49069,17467189.2267408,7711.19459810821,17474900.4213389,32573534850.0436,14380153.7108449,32587915003.7545,-12.6893853495679,2.14975042057435,0.0803626510873623,18.2586672347105,0.274329452058142,0.0577419985724727,0.000789289267967814,1.65412221470429,2.1589715130861,0.00206638676377436,4.76102549335158e+43,45.5268274351966,1.25407775275776,1720957532.67054,1.93474911350008,1.91611145678071,-19.680797975034,-17.7939978385581,5350853290.97775,4505113.33366776,5447254119.03531,7478.87920829682,4.05222398219373,8667.20095258352,83671374.7654891,101966.074349722,86981899.7048668,-15.2535373281875,1.49733184279573,-1.25435079592996,4.02199938555176,-0.338220532144842,0.00907715545549647,5.97732478046832e-05,0.743118952005354,1.15698179416995,0.000222677829148976,1.03067627925776e+42,41.2072746500701,0.213925530310959,1171632482.29123,1.38014221431587,1.37718389034655,-19.7772142971838,-18.4817785403163,3294704305.66248,88432.8140012777,3324502154.03879,43.3958454810469,0.0488713006931005,44.0736366410639,4413526.00733172,2794.6829972355,5633004.5169327,-16.8033348275939,2.65502056258649,0.792879682138605,66.488474426518,0.809312617300466,0.631628705513805,0.00741164045605067,2.6720856118204,3.04300166370612,0.00864118458153542,1.02693550170024e+44,48.2761409237163,7.16177975119743,2050015495.21639,2.29992762526527,2.28709678486944,-19.5613520678304,-11.5759076265448,10159091828.7244,95888498.0507018,10753729833.6543,166050.361739201,847.447531133145,206671.227551782,491560316.716486,2408566.66515146,495999770.518231,-14.2288451539931,0.652418577778619,1.33471344701732,14.2366678491587,0.612549984202984,0.0486648431169762,0.000729516020163131,0.911003262698936,1.00198971891615,0.00184370893462538,4.6579578654258e+43,4.3195527851265,1.04015222244681,549325050.379316,0.554606899184205,0.538927566434161,0.0964163221497927,0.687780701758229,2056148985.31528,4416680.51966648,2122751964.99653,7435.48336281578,4.00335268150063,8623.12731594245,79257848.7581573,99171.3913524862,81348895.1879341,1.54979749940634,0.505270142012134,0.712517031051243,48.2298071918075,0.534983165242324,0.573886706941332,0.00662235118808285,1.01796339711611,0.884030150620012,0.00657479781776106,5.50832952365079e+43,2.74931348851971,5.90770199843966,329057962.54585,0.365178511765188,0.370985328088734,0.119445907203563,6.21809021201325,4808238537.74667,91383384.717034,5306475714.61901,158571.482530904,843.395307150951,198004.026599199,407888941.950997,2306600.59080174,409017870.813364,1.02469217419437,24249,53.1937761308745,-27.7478688703034,28.1105454065013
52.5283247984645,2.70914388907613,1.39870920622706,-0.403548606611627,13.5111032193711,6.9411116774495e-05,1.99971149688505,2.00027738758237,0.0164358381251525,2.54059959067208e+45,39.9567319847202,0.521338283781486,40187830787.362,0.151614629410935,0.199067321569158,-20.6809666534735,-20.651997523843,1166411104.90057,28811544.9246826,1195222649.82526,2758613.41425844,68246.6608314834,2826860.07508992,381089536.063903,9427956.87853638,390517492.94244,-12.6893854133824,27.0102103395575,1.67809678978479,0.514040264545698,-0.0128680369278938,2.16233964176716,0.000136643806236801,1.87597748729484,1.95886453295061,0.000670599656683698,4.22190365071045e+45,38.674480654279,0.66441356337664,18750083864.7903,0.0463956209957199,0.0597427470352759,-20.735945318006,-20.4067242621731,343253382.637072,50530505.0220642,4094343848.91318,107.113050442685,31.4978663904244,673.514100584697,7077088.30717632,1827803.74577514,65095238.4448046,-15.4517836472567,0.0220919126807225,0.639402045182834,0.3,-0.440433540598616,0.134616082091996,1.86966374813951e-05,1.03816276322219,1.16001495490514,0.000135265083507604,2.95278867091289e+45,35.9066964492949,0.575994909887975,22685220.2369698,1.75459215445542e-07,9.19529725110627e-07,-20.8895232675688,-20.8353418141349,55073694.8167457,6301381.39267822,245642930.500106,0.19102889672184,0.156273057544056,1.28541396321013,438136.32823575,64695.0006129217,4057681.94435982,-16.9305662770089,68.1422135198244,2.47377595652477,4.68897304840954,0.443612108225759,18.0447694173581,0.00886296050036387,2.74041140173971,2.65622018606169,0.00687293163093933,4.95489018737554e+45,39.8285486622021,1.0051528547294,35202765071.3926,3.68705810623902,4.30234272483728,-20.4962318129573,-19.0518429829995,25769108794.2246,4439623699.65866,32336444106.1642,235900.786570807,5935.93276542074,904699.940726276,794321796.196772,151276758.876218,1319341546.88278,-14.0826251599033,26.9881184268768,1.03869474460196,0.214040264545698,0.427565503670723,2.02772355967516,0.000117947168755406,0.837814724072653,0.798849578045468,0.000535334573176094,1.26911497979756e+45,2.76778420498418,0.088418653488665,18727398644.5534,0.0463954455365044,0.0597418275055508,0.153577949562727,0.428617551961867,288179687.820326,44229123.629386,3848700918.41308,106.922021545963,31.3415933328803,672.228686621487,6638951.97894057,1763108.74516222,61037556.5004447,1.47878262975218,41.1320031802669,0.795679166739978,4.17493278386384,0.456480145153653,15.8824297755909,0.00872631669412707,0.864433914444862,0.697355653111086,0.00620233197425564,7.32986536665084e+44,1.15406800792304,0.340739291352756,16452681206.6022,3.6406624852433,4.242599977802,0.239713505048723,1.3548812791736,25425855411.5875,4389093194.6366,28242100257.251,235793.673520364,5904.43489903031,904026.426625691,787244707.889596,149448955.130443,1254246308.43797,1.36915848735335,46496,53.1311472914982,-27.7731932132561,31.2807709001997
8.48834502704973,-0.987837692626578,61.7395783011532,0.977644676232928,8.69928110331084,1.50746817050221,2.00106023135728,1.99989080002354,0.0461237220667824,1.15657010304729e+45,41.1463712614424,0.580057184603991,4461208216.95251,6.80093456467134,6.67328753428134,-16.5002633098179,-15.9787924597256,45286021457.3879,120707123418.24,165993144875.628,107501053.811583,285618444.047952,393119497.859535,5291958268.55175,14060149487.275,19352107755.8267,-12.6893932374147,16.4962036821882,-1.22180199824867,6.07582782631908,0.0299633781025472,13.7889009965572,1.79758833720357,2.08615343090811,1.52399900977672,0.0141548887210653,1.17588515733284e+45,42.7173866426016,0.63589910177084,8112585133.17812,12.6483841057343,12.5323706158516,-16.3058382337448,-15.4521189235644,86856126762.1986,182823424150.027,247267975018.127,9939679.26589131,5880188.73779077,50683508.7596625,3977878074.76606,2533287444.07711,9838726690.81611,-16.5447885518858,6.00499780844616,-1.8877140846912,0.773688244169749,-0.436152936763023,6.02547986849892,1.61259867966031,1.36091057491585,0.659932246127932,0.00065201404592769,3.64900573594488e+44,41.4803834278626,0.320890118154414,2245737201.73714,3.80024856494555,3.74441487759976,-16.513456258147,-16.178825543499,25979952164.7316,124796977300.872,192369868143.993,12833.7400712278,8024.80909543057,28338.3253742063,230551469.862628,198412649.68194,2019282207.11013,-18.1727608421526,30.7221654224931,0.0498691375191718,37.3802658817766,0.683603586657187,29.0281167627127,2.02947051467522,2.6772242540055,2.26752257424962,0.0490515073130419,1.56873660844173e+45,43.80683974809,1.63775540031513,14038355068.576,19.5413771893026,18.9971418507595,-16.0895373083595,-14.5542946882834,134012704841.354,249749643569.214,349840727847.977,214604431.921651,159772175.799714,412619665.287651,14671013670.7726,16121321375.0319,27940869170.2705,-14.8343692863096,10.491205873742,0.665912086442536,5.30213958214933,0.46611631486557,7.76342112805831,0.184989657543258,0.725242855992263,0.864066763648785,0.0135028746751376,8.10984583738355e+44,1.23700321473907,0.315008983616425,5866847931.44099,8.8481355407887,8.78795573825184,0.207618024402212,0.726706619934681,60876174597.467,58026446849.1552,54898106874.1342,9926845.52582008,5872163.92869534,50655170.4342883,3747326604.90343,2334874794.39517,7819444483.70597,1.62797229026674,14.2259617403049,1.27167113576784,31.3044380554575,0.65364020855464,15.2392157661554,0.231882177471647,0.591070823097394,0.743523564472904,0.0348966185919766,3.92851451108883e+44,1.08945310548832,1.00185629854429,5925769935.39791,6.89299308356832,6.46477123490787,0.216300925385291,0.897824235280933,47156578079.1549,66926219419.1868,102572752829.85,204664752.655759,153891987.061923,361936156.527988,10693135596.0066,13588033930.9548,18102142479.4544,1.71041926557625,40808,53.1295271665393,-27.7996524352095,36.628076846743
58.7158409340309,2.36129202027383,0.3,0.944094083742468,22.3183768401621,3.01477380829856,2.1394599688255,1.86892148720529,0.0501187233627272,1.64250339468514e+39,34.5351216585579,10,79476526988.8302,49.5963941430273,49.6169953345869,-13.4488294841132,16.3877404392667,330387672177.721,343208526529.292,673596198707.013,1100102276.25657,544734226.413115,1644836502.66968,49838056599.8659,24678155653.1653,74516212253.0313,-16.5691042208684,45.7723789194192,3.75902568244887,16.155723866844,0.368720330713475,18.526060068511,3.10581519022057,1.40365472984423,1.75832050458756,0.0455082800924644,1.82398822974077e+37,32.7033851113518,1.15016838979801,112602911926.403,42.9278936290958,42.9619253199391,-13.1385851749011,12.527473748279,285949451610.708,343208526529.292,629797600082.64,57433568.0936313,257455863.889276,560498554.243254,3469691736.17216,18001069693.3171,40648422327.1768,-19.456082876192,33.0682457227406,2.69876986825811,5.1401570456668,-0.237797028228878,10.5149655446754,2.67591915362401,0.700571580368513,0.992860714386,0.0248640538863686,2.79862926142121e+35,28.3672142103424,0.167221202004878,87344520379.2308,30.2213972854171,30.3941896354503,-13.7989131921732,3.92409344568867,201424226307.477,243347886145.158,446293179974.557,5505471.81756496,17994313.3606064,93695511.400896,352700388.907394,1118201313.78855,5691758092.45571,-21.2163665007112,59.1887811239435,5.05762373426837,69.8898113340413,0.878104854460838,31.6227766016838,3.50836169874746,2.2597691267628,2.66289106665964,0.0501187233627272,2.63022731168475e+39,35.1483093635735,6.91576092991372,152023597181.273,52.2876495978631,52.3164393942935,-12.3680866031548,21.1207567328988,350497788441.355,482665086496.31,831676737327.74,627290365.903164,1041127977.50324,1374856251.98454,39454127166.0345,60871966285.4114,81436742649.4257,-18.1434514698514,12.7041331966786,1.06025581419076,11.0155668211772,0.606517358942353,8.01109452383564,0.429896036596554,0.703083149475721,0.765459790201563,0.0206442262060958,1.79600193712655e+37,4.33617090100938,0.982947187793135,25258391547.1725,12.7064963436787,12.5677356844889,0.660328017272139,8.60338030259029,84525225303.2309,99860640384.1341,183504420108.083,51928096.2760664,239461550.52867,466803042.842358,3116991347.26476,16882868379.5285,34956664234.7211,1.76028362451923,13.4164022045243,1.2985980518195,53.7340874671973,0.509384523747363,13.0967165331727,0.402546508526888,0.85611439691857,0.904570562072074,0.00461044327026287,2.61198742938735e+39,2.44492425222177,5.7655925401157,39420685254.8698,9.3597559687673,9.35451407435437,0.770498571746323,8.59328298461979,64548336830.6471,139456559967.018,201879137245.1,569856797.809533,783672113.61396,814357697.741281,35984435429.8623,42870896592.0943,40788320322.2489,1.31263140634059,5201,215.054198730171,52.9259141813777,38.436837221743
19.1543011341221,-1.02709609988409,1.54191259551864,0.425854100314735,3.37975898745672,0.000180932541919257,2.32825183164905,1.89876774684184,0.000282172869920425,4.65274086820034e+44,35.9999863197098,4.98230672699198,3625605698.65707,10.9836603140514,10.3877393460182,-20.9079048312418,-9.52115425402415,79810330676.009,1000237.2223053,79811330913.2313,374981821.746515,1750.88012400751,374983572.626639,617177143131739,2881748208.13468,617180024879948,-11.6698847558368,8.40426441056199,-0.678981773443343,13.0343890249131,0.300889438457002,0.0709413600946103,0.000738600393983695,1.97902114190056,2.7171783917432,0.000310192177871494,4.37306869207625e+41,40.7522218918837,2.62225288711635,4702681815.46031,6.21547265847746,6.10136070764067,-20.8973022965689,-9.62482879166381,19545480150.3372,25946.492443189,19554551158.7928,259.942646990574,0.000892180075786788,267.851195218301,635836618.986521,681.998648327753,639776600.497322,-14.7994670660759,5.76513122677929,-1.72208653738484,1.37827782705338,-0.259899159328116,0.00990460301411026,9.00026817540321e-05,0.903464210392758,1.70661470347916,0.000112418450379891,8.74627606261064e+37,38.919938365325,0.40003708157573,2997634678.67201,5.58084853120471,5.51647016084445,-21.0108901548688,-17.3310608613222,14083163831.0922,21.5172845820384,14083163973.5763,27.8566508662522,4.68476626923065e-07,28.4720032773154,24435234.0976969,0.550944516174988,27608045.4800125,-16.4399413984374,10.5532351405434,-0.018736588385029,77.2488703314425,0.735343531153258,0.56049887618558,0.0070935977755525,2.86294424464632,3.48178640669709,0.00102321076498403,2.72286688583444e+44,41.981114583079,9.44182083447871,5351723200.50145,8.1209013090455,7.61641622739282,-20.7575867778983,-1.36051228100159,43257100191.592,48292339.3332924,43496972325.6853,5457.02611895764,4.40971774179397,5780.38502058059,1813609697.05174,3906877.56407996,1828142567.77391,-13.8224792340678,2.6391331837827,1.0431047639415,11.6561111978598,0.560788597785118,0.0610367570805001,0.000648597712229663,1.0755569315078,1.01056368826404,0.000197773727491603,4.37219406446999e+41,1.83228352655865,2.22221580554062,1705047136.7883,0.634624127272748,0.584890546796215,0.113587858299944,7.70623206965836,5462316319.24501,25924.975158607,5471387185.21651,232.085996124322,0.000891711599159865,239.379191940985,611401384.888824,681.447703811578,612168555.01731,1.64047433236141,2.14897072998139,0.660245185058314,64.2144813065293,0.434454092696256,0.489557516090969,0.00635499738156881,0.883923102745767,0.764608014953891,0.000713018587112535,2.71849381714236e+44,1.22889269119538,6.81956794736237,649041385.041147,1.90542865056804,1.51505551975216,0.139715518670634,8.26431651066222,23711620041.2548,48266392.8408492,23942421166.8925,5197.08347196706,4.40882556171819,5512.53382536228,1177773078.06522,3906195.56543163,1188365967.27659,0.976987832008186,15034,189.067940264524,62.2751344499157,28.4100748866407
1.81483147139769,0.64921834472645,0.30000347459692,0.218590622430714,0.414636994270788,1.67327351312081e-05,1.98891871847904,2.00046572233906,0.000100031427529912,9.73418293420611e+43,38.8248476005886,9.99987776967838,808162741.792511,0.549999355852216,0.628148486726503,-18.4490980187194,-4.30411531567351,3219383288.88233,14183.4583415985,3219397472.34068,7389368.08154933,33.6141187968587,7389401.69566812,302817635837740,1377512646.8865,302819013350387,-14.3558166642941,1.73022245402768,-0.554070538179892,1.4777383669832,0.179273970083144,0.642068912540116,0.00705375658955804,1.79662769193929,2.00320168935696,0.000723239165239635,3.08745274293872e+38,39.9867774846956,0.883032650605932,649489700.712859,1.06864743057342,1.04179972480982,-18.4957557721704,-1.35267194056915,6455550342.35461,256085.18030262,6679526636.00632,568.445828335763,0.134487909535213,636.598238493022,67106800.2299426,10532.1987735501,76561794.7566335,-17.2591352747291,0.99426994711139,-1.36606973477447,0.31883632568483,-0.220221017167776,0.110268716332348,0.000606649244066797,0.799576580631536,1.07620758646791,0.000176768801942355,2.2817102148039e+36,37.9752766030539,0.147679372266061,400077733.484148,0.71404789052485,0.724429837630759,-18.6087338239547,-9.33630639819129,2408795693.38022,118.284813580843,2408921526.47133,9.97199522440912,2.59859071571289e-05,11.948264135032,5680350.02654628,1.59272581541929,7353949.5816588,-18.5871812821065,2.09246880331466,0.401187121952281,6.19706447357033,0.54977582731612,3.05022982443235,0.0577441357083085,2.65045039644486,2.72433102291669,0.00438599069909353,2.28888656858891e+41,42.8686319240542,4.47184178862705,825611841.224136,1.41614558969017,1.35473647037137,-18.3872474887492,2.74439685258926,9794422426.76114,874760037.61012,10616818187.441,195836.822937636,289.893990640487,219359.472667426,615035612.28569,27492917.0098771,665999759.123826,-16.1552372717135,0.735952506916291,0.811999196594574,1.15890204129837,0.39949498725092,0.531800196207768,0.00644710734549124,0.99705111130775,0.926994102889044,0.00054647036329728,3.06463564079068e+38,2.01150088164176,0.735353278339871,249411967.22871,0.354599540048569,0.317369887179059,0.112978051784353,7.98363445762214,4046754648.97439,255966.895489039,4270605109.53499,558.473833111354,0.134461923628056,624.64997435799,61426450.2033963,10530.6060477347,69207845.1749747,1.32804600737745,0.36224634928698,0.955257660132173,4.71932610658713,0.370501857232976,2.40816091189223,0.0506903791187504,0.853822704505575,0.721129333559728,0.0036627515338539,2.28579911584597e+41,2.88185443935859,3.58880913802112,176122140.511277,0.347498159116756,0.312936745561556,0.108508283421163,4.09706879315841,3338872084.40653,874503952.429818,3937291551.43472,195268.3771093,289.759502730952,218722.874428933,547928812.055747,27482384.8111036,589437964.367193,1.10389800301554,12320,53.1758126924809,-27.8166317021619,32.7885126048559
80.2952573547552,-1.6386972109918,15.8141074352937,-0.499203886216065,20.7119708850079,2.81501977788151,2.01187991100556,2.01067623664685,0.0501182778328071,4.55742879586695e+42,44.3953169965581,0.864101668034404,31810369266.9044,51.8138829066463,50.472428976164,-14.0767262355128,-7.13745169888673,345320282744.862,262911173718.511,608231456463.373,844218519.529704,640664612.358912,1484883131.88862,38246066105.5718,29024358680.7709,67270424786.3427,-12.6895817333248,26.2118009697108,0.837512185829769,39.6951690802337,0.16741822867768,17.1547514163222,3.06615366014184,2.14335555836616,2.64814120282731,0.00556611618262723,3.32902551390782e+45,38.3542603524382,0.36395324798051,28378374257.2228,24.3886683520637,24.3469781712136,-13.9566926907651,-11.6365947191864,170984389055.415,535450904445.215,695640603841.138,3240133.45918843,63352400.8929153,85850809.9652501,4894813182.90259,44059169852.1106,56286489392.8404,-15.0732979939969,8.16379805934602,-1.34403462817772,7.19350402832237,-0.409829642970495,9.7365350090127,2.77846984676148,1.03710626757213,1.63098695709087,0.000580957548456529,1.11232091257109e+44,36.4460101442298,0.148610491030264,4769989149.69412,7.01571020171371,6.98134460803215,-14.2472528208977,-13.6125986129992,48659221946.984,324437759586.575,554449910418.482,11911.8190176941,166895.552148309,217788.530402816,270294245.646229,10657268554.3344,18194392000.027,-16.6705797284523,48.6259289523196,1.96919996611594,96.3977137599066,0.741780784314429,31.6227766016838,3.20865288414908,3.08970232894841,3.40664526224755,0.027669717427416,8.12083304418875e+45,40.3437808793553,5.8760029248856,41716955272.8182,43.7232977484337,43.6277051845792,-13.7143788017861,-3.99544216452445,298868471057.589,746396646875.726,862209939582.6,175795072.843947,733520796.441241,1223541408.23036,36501264133.9561,105097028650.851,152781716503.01,-13.8469782506835,18.0480029103648,2.18154681400749,32.5016650519113,0.577247871648175,7.41821640730954,0.287683813380359,1.10624929079404,1.01715424573643,0.0049851586341707,3.21779342265072e+45,1.90825020820846,0.215342756950246,23608385107.5287,17.37295815035,17.3656335631814,0.290560130132572,1.97600389381273,122325167108.431,211013144858.639,141190693422.656,3228221.64017074,63185505.340767,85633021.4348473,4624518937.25636,33401901297.7762,38092097392.8135,1.59728173445542,22.4141279826088,1.13168778028618,56.702544679673,0.574362555636749,14.4680251853615,0.14249922400724,0.946346770582244,0.758504059420247,0.0221036012447887,4.79180753028093e+45,1.98952052691708,5.51204967690509,13338581015.5954,19.3346293963699,19.2807270133656,0.242313888979009,7.64115255466197,127884082002.175,210945742430.511,166569335741.462,172554939.384759,670168395.548325,1137690598.26511,31606450951.0535,61037858798.7402,96495227110.1691,1.22631974331335,48965,53.1014553873187,-27.82171648551,27.6184493630847
3.80653093207075,3.14065845446095,1.2714900119677,-0.297121308845463,10.261331071643,2.14988203774117,2.0011388310371,2.00002840618947,0.0132758691976077,5.95124985894642e+45,42.1285719208251,1.97878876323086,3234213469.61796,0.00123639847598025,0.00167916424687913,-15.86205074662,-15.8491788222637,19832680.1984062,443304815836.085,443324648516.283,47089.4527416791,1049349370.02452,1049396459.47726,8053575.12328103,179467237141.621,179475290716.744,-12.689547750864,0.0585947641037327,2.2470638588593,9.64533998341705,0.234794764594923,15.2625830634273,1.98103507396718,1.2556815153966,2.00661487875692,0.00748260409287292,4.74864460037776e+45,41.3629527114963,1.58399947053371,86441633.2154302,0.0307017865547978,0.0310850489019792,-15.9469841400458,-15.8156454529236,213206743.346996,320856568668.535,333876260375.313,1646.04179217044,21032228.6154452,24636212.8755529,1778285.95433438,14800874216.1463,15038307593.2864,-15.2034033088245,0.00284636553860564,1.2616107613446,1.2685289133896,-0.292663618137896,7.43739638689076,1.73168407075058,0.634334167003298,1.08005519781957,0.000747070585499336,3.98704217613801e+45,40.9263454108818,1.03463092639983,4360937.04475468,0.0012892940304362,0.00129561133551323,-16.1997188828168,-16.1283776358674,8959263.13182859,227540427802.792,240646327698.96,4.8515977784496,51649.974626347,55492.1877954369,29666.3216737301,719099301.002414,875388813.41959,-16.893289254789,5.9254686037644,3.29305895712823,51.9598835943619,0.779892940074316,30.2651562993863,2.13517542548334,2.03065828877564,2.71029291144798,0.0326618273095405,6.10484814597792e+45,41.7655907187655,2.22612517497499,9808381688.54286,5.70649213232337,5.70739467456394,-15.7107750470147,-15.5126260079061,40275530886.6267,410124320633.884,422511634831.819,563090.349042126,445009877.226712,449703348.720731,342798586.025731,49757219302.4568,49895651827.91,-13.9403469591901,0.0557483985651271,0.985453097514698,8.37681107002745,0.527458382732819,7.82518667653659,0.249351003216602,0.621347348393304,0.926559680937352,0.00673553350737358,7.61602424239745e+44,0.436607300614483,0.549368544133882,82080696.1706756,0.0294124925243616,0.0297894375664659,0.25273474277099,0.312732182943773,204247480.215168,93316140865.7425,93229932676.3532,1641.19019439199,20980578.6408188,24580720.6877575,1748619.63266065,14081774915.1439,14162918779.8668,1.68988594596446,5.86687383966067,1.04599509826893,42.3145436109449,0.545098175479392,15.002573235959,0.154140351516158,0.774976773379038,0.703678032691063,0.0251792232166676,1.35620354560017e+45,0.402638007269267,0.642125704441279,9721940055.32743,5.67579034576857,5.67630962566196,0.236209093031079,0.303019445017537,40062324143.2797,89267751965.3494,88635374456.5062,561444.307249956,423977648.611267,425067135.845178,341020300.071397,34956345086.3105,34857344234.6236,1.26305634963446,211293,34.4495886151842,-5.14939916271593,31.3793214207489
976.11551490688,-1.98869490576196,0.302333060139516,-0.334083233706123,1.11588953632252,0.299637341466713,1.99586093739779,2.00204140813105,0.0501092188810023,3.14955279972958e+43,36.2596828576292,7.10165283081141,1714380625.90126,9.1967564871736,7.87237419616418,-19.2373446143525,-3.91846849673205,55985600932.8926,16232089429.1424,72217690362.035,131009189.31292,38635947.8247472,169645137.137668,5936249719.05276,1750660664.51396,7686910383.56672,-14.8287216200573,869.557788612705,-1.82583460118516,0.3,-0.321206190304731,3.51834872720448,0.341061832371866,1.80897595682258,1.98672967958736,0.0325810666441267,2.01220045835655e+40,37.4320911112573,0.947033633851087,1944381437.62553,10.7237360175371,9.16115914538986,-19.3061362660229,-4.16770424063491,71548988819.9621,20416809888.2938,92671262681.3437,29921852.9117021,13638749.4822129,63382814.466217,3535491341.03194,1329220885.16208,5442061726.46041,-17.2866157495444,468.264730443396,-1.90922982423656,0.3,-0.337837251209224,1.42117806892224,0.231146398006144,0.80683717559695,1.05098250311754,0.00850282151910589,1.59421180761903e+38,35.4250554394221,0.152926719456639,1628563613.6331,8.62073652605677,7.38290908252277,-19.4276233089512,-9.89359315434014,55033123083.5196,12824217169.2836,68915054006.1355,1109485.91620938,431295.818692035,2949795.09874122,108962375.104859,86307623.4809689,644014191.759987,-18.8698992726157,1513.60225236945,-1.7546995423478,0.318441493948152,-0.309413864386487,15.7581902371114,0.518755228778623,2.65473654182963,2.72339638990963,0.0501187233627272,1.02758631211184e+43,40.2966901823219,5.08672975193522,2342039471.83185,13.2091539959193,11.1690789763447,-19.1960519288284,0.21754986850395,91742447219.0945,38104202447.7717,128690540279.809,166854543.647082,56543814.8587786,217770070.934727,13249695805.6209,3835703431.98618,16413660288.8154,-16.1286134390368,401.29305816931,0.0833952230514043,0,0.0166310609044937,2.09717065828225,0.109915434365723,1.00213878122563,0.935747176469819,0.0240782451250208,1.99625834028036e+40,2.00703567183524,0.794106914394447,315817823.992431,2.10299949148036,1.77825006286709,0.121487042928351,5.72588891370523,16515865736.4425,7592592719.01026,23756208675.2082,28812366.9954928,13207453.6635209,60433019.3674757,3426528965.92708,1242913261.68111,4798047534.70042,1.5832835230713,644.044463756749,0.0711350588373605,0.0184414939481522,0.0117923259182438,12.2398415099069,0.177693396406757,0.845760585007052,0.736666710322268,0.0175376567186005,1.02557411165348e+43,2.86459907106461,4.13969611808414,397658034.206321,2.48541797838216,2.00791983095484,0.110084337194468,4.38525410913886,20193458399.1324,17687392559.4779,36019277598.4658,136932690.73538,42905065.3765657,154387256.46851,9714204464.58899,2506482546.8241,10971598562.355,1.15800231050759,55521,34.3751775844999,-5.28087399983631,33.4906097069017
341.830825100545,-1.99817690238495,0.300164398776106,-0.298622198539765,1.30942418583003,0.0120833368947676,2.00024388207985,2.00002568276071,0.0425698527027313,2.56412426637915e+45,43.3335096857732,1.69726874122111,211186029.307044,1.33232595916092,1.10473792001002,-21.2672790557172,-21.2139752901982,8363290084.51561,7781963781.6041,16145253866.1197,19808520.2332894,18420593.1487047,38229113.381994,1056520483.95358,982493076.6648,2039013560.61838,-15.963590424835,13.0785637442056,-1.61271060853985,4.15591401814398,0.0477562003792067,2.23263535737799,0.0101039976090772,1.81148767514276,1.9981172895561,0.0169907118507996,1.85333470145106e+45,44.3911114759748,1.230132615833,136394271.144468,0.238055210202988,0.218376716469038,-21.2950733299661,-21.1821992674107,1365282513.68193,5325007069.66571,36182283233.4463,101787.584040941,315029.772839837,2796807.94523203,78736543.1421755,147796801.306156,881948381.679363,-18.9323493991577,0.00953672657121567,-1.95824410083205,0.447776284092615,-0.409566015048468,0.36901079329166,0.00150642510505952,0.826893754290534,1.0933843974721,0.00120596701113995,7.29534941646518e+43,43.2372619667658,0.467594748536406,191441.077558383,0.000509049489059382,0.000455699236061082,-21.3833599672096,-21.3016493739708,2681574.93348144,614700686.665483,3170153976.21497,0.104382204499209,3925.00363905769,5081.8477800309,5441.36592326006,4752251.5073843,29715913.1951398,-20.8522769275859,83.387615058454,-0.821676356482283,30.3441547554984,0.682081689416313,14.3875047800552,0.0624044200030205,2.62939904474047,2.72261971386152,0.0378416274635577,2.46670274197745e+45,45.4650606099616,2.51640220543654,12052597345.4869,27.8376208105249,26.647593626252,-21.2060491376744,-18.0134409886205,179660957260.874,33202816527.9033,187598187184.657,81114956.9674143,10464681.6683139,149749375.281971,7525051214.1375,2632946101.79431,14216202053.5444,-17.1707798258046,13.0690270176344,0.345533492292206,3.70813773405137,0.457322215427675,1.86362456408633,0.0085975725040177,0.984593920852224,0.904732892083996,0.0157847448396596,1.78038120728641e+45,1.15384950920894,0.762537867296598,136202830.066909,0.237546160713929,0.217921017232977,0.0882866372435665,0.119450106560102,1362600938.74844,4710306383.00023,33012129257.2313,101787.479658737,311104.769200779,2791726.097452,78731101.7762522,143044549.798771,852232468.484223,1.91992752842821,70.3090513142484,0.791034252057565,26.1882407373545,0.634325489037106,12.1548694226772,0.0523004223939433,0.817911369597714,0.724502424305423,0.0208509156127581,6.13368040526385e+44,1.07394913398683,1.28626958960353,11916203074.3425,27.5995656003219,26.4292169097829,0.0890241922916353,3.16875827879027,178295674747.192,27877809458.2376,151415903951.211,81013169.3833733,10149651.895474,146952567.336739,7446314670.99532,2485149300.48815,13334253671.865,1.76156957335315,239709,34.4931026721279,-5.1310217039562,40.6210878187706
5.64112124760022,1.25923717983481,12.5812683900313,0.902307192319836,5.17181203417775,0.405848854810542,1.99965738402028,1.99998700222227,0.0364035909360453,5.71236403931627e+45,38.8683076420736,1.44397361170051,6525298909.97806,5.61774667911208,5.61924271898988,-18.8822093608237,-17.9289340238576,37264692298.2773,78943030255.7368,116207722554.014,88119514.515497,186845230.054235,274964744.569732,5496116197.25489,11653753438.4656,17149869635.7205,-12.6893854312436,2.78565782973448,1.14811760542268,6.26830722001592,0.376389577190339,8.41840943067366,0.512750917454544,1.95484531206529,1.823032546624,0.0111065888430216,5.70404136319403e+45,40.0219398753175,1.12444753522858,3075062174.40016,2.31931240282197,2.34460459863139,-18.7847827462202,-18.3482894448032,15786816147.7347,110106648658.584,128016244768.956,978362.816071029,13650782.8483583,35110618.4939159,261216805.679171,4149961131.43662,6520691457.95056,-15.7546819935845,0.170831067282587,0.390933435013002,0.696107293495777,-0.282419894598391,2.4907056376638,0.395861913558621,1.25805520024219,1.13977501729768,0.000543323331516035,4.90270848316721e+45,38.8373593871457,0.940604620123346,156030264.488695,0.147006193765145,0.146857759146429,-18.9241087789289,-18.7284892435241,1015455792.66021,76239577980.8647,95044668672.0342,225.876101254233,4718.31655166635,6967.97256615719,23289197.3544601,395912854.221631,1209350128.77896,-17.631707787563,6.62601127265971,2.14666569604631,46.8135258790904,0.811447375794418,26.8371204249248,0.79769515259689,3.16168927776471,2.61134028471873,0.0363354802904371,6.59601850898147e+45,40.3622913241432,1.40635470855037,6944178368.27043,4.45348567979693,4.52435369619431,-18.6431590266064,-18.0008257526629,30084268946.186,202991553071.972,216822840392.752,35701436.5203578,185023209.346706,220154066.760812,4161107509.64919,17447829708.6315,19827291824.1461,-14.2205668298126,2.61482676245189,0.757184170409673,5.57219992652014,0.65880947178873,5.92770379300985,0.116889003895923,0.696790111823102,0.68325752932632,0.0105632655115056,8.0133288002682e+44,1.18458048817172,0.183842915105233,2919031909.91147,2.17230620905682,2.19774683948496,0.139326032708649,0.380199798720881,14771360355.0745,33867070677.7194,32971576096.9214,978136.939969775,13646064.5318066,35103650.5213497,237927608.324711,3754048277.21499,5311341329.1716,1.87702579397841,3.84035344292523,0.998548090623636,40.5452186590745,0.435057798604079,18.4187109942511,0.284944235142346,1.20684396569942,0.788307738094733,0.0252288914474155,8.91977145787436e+44,0.340351448825707,0.281907173321794,3869116193.87027,2.13417327697496,2.17974909756292,0.141623719613769,0.347463692140352,14297452798.4513,92884904413.3879,88806595623.7961,34723073.7042868,171372426.498348,185043448.266896,3899890703.97002,13297868577.1949,13306600366.1955,1.53411516377194,22942,53.1488594606372,-27.8211814564934,32.1637767721013
289.562623480712,0.029806625677132,50.7650139363449,0.132954228131286,26.4360034209156,4.33217022751924,2.01714826025304,2.06817700284652,0.0325297930407141,5.54393870780881e+42,43.6005539470403,0.106842403269541,211919362786.416,283.639785130334,282.3437758365,-12.0570648320615,-3.82098550084052,1886191608837.56,1815366716149.48,3701558324987.04,4676940835.88804,5129674375.14412,9806615211.03216,326443940422.863,358044109358.565,684488049781.428,-12.69188059797,310.073403872123,0.269862868104772,7.19734930286995,0.223521933929856,20.9521232294709,4.34670194979306,2.0322187969511,1.7013631464601,0.0101037966391946,2.05486155043364e+40,46.6361175158332,0.96961723889221,215452954521.291,276.767581106449,273.901797168723,-12.2208416509606,2.83192144426252,1910234652340.7,2013741745246.24,3932396484520.54,453871918.057192,131709696.31126,1019249328.75699,105606937602.535,58787915326.0259,231378333026.593,-14.8103268329214,219.825977785473,-0.602156711751793,0.712109219322895,-0.346779478760524,13.058081663203,4.18799226458244,1.38475431039043,0.860286190639342,0.00191661653880832,3.85914458458517e+36,44.258965860536,0.19768560639003,173099463480.268,189.077381421509,189.584545088346,-12.4849518118503,-1.96892698928874,1299229260119.4,1632965211076.74,3048881410756.94,2684790.46771647,2429504.56128774,10384443.3563229,16534419979.5568,3036292595.72884,55418644068.6733,-16.1752660215053,362.261847057439,1.9008523412573,48.0614912401745,0.913362292439473,31.6227766016838,4.65695255535909,2.75279372774823,2.6089597819691,0.0353132602139846,9.62755709717536e+41,48.7217311065999,5.68314036056123,342353823773.224,316.87935033359,315.000287982337,-11.805428159991,12.5779701150979,2212038279869.65,2845329399818.58,4846908511321.93,2882867124.87335,2962783456.53902,6062266422.93052,292169430709.453,323458095951.034,551149626924.894,-13.7679794829616,90.24742608665,0.872019579856565,6.48524008354705,0.570301412690379,7.89404156626796,0.158709685210615,0.647464486560673,0.841076955820762,0.00818718010038631,2.05447563597518e+40,2.37715165529719,0.77193163250218,42353491041.0235,87.6901996849397,84.3172520803763,0.264110160889652,4.80084843355126,611005392221.307,380776534169.492,883515073763.596,451187127.589475,129280191.749972,1008864885.40066,89072517622.9785,55751622730.297,175959688957.92,1.36493918858387,52.1884431853165,1.63098947315253,40.8641419373046,0.689840358509617,10.6706533722129,0.310250605566036,0.720574930797133,0.907596635508999,0.02520946357479,9.422070942132e+41,2.08561359076674,4.71352312166902,126900869251.933,40.1117692271407,41.0984908136142,0.415413490969675,9.74604867083534,301803627528.945,831587654572.342,914512026801.386,2428995206.81616,2831073760.22776,5043017094.17354,186562493106.918,264670180625.009,319771293898.301,1.04234734995981,20371,53.1614288254978,-27.8111445996627,27.3375629019211
90.6519083803752,0.897186779006488,0.312251670174765,-0.317678632133369,31.2371375636591,1.27195774863365,1.99992648172092,2.00052417369761,0.050115516657097,1.39044045077406e+39,47.3134372042089,7.37674027437814,40084591803.552,0.000311433185869933,0.00225415967030829,-12.4280466939401,-2.97146708879567,155022156.626556,75565134525.0886,75720156681.7152,366851.020968251,179114517.283264,179481368.304232,16620556.298862,8114964245.13867,8131584801.43753,-11.9851764347723,107.657809361159,1.48291619732262,0.337022305598102,-0.325661144077143,10.9925118067526,1.08892674135381,1.94628237230462,1.83810288012122,0.0378463445552229,4.82120175085402e+38,45.5784457731503,0.833190637935209,41311214851.993,4.71999063143985e-09,4.56143968833144e-08,-13.1663494846273,-0.792916514704537,186027472.796433,56797988548.0464,57062857919.8321,216092.688518661,47283631.4636856,47466430.3660114,15747046.9129781,3415347296.1052,3452910027.93313,-14.1128092755569,92.6875874903254,1.15833579714042,0.3,-0.5,4.33611911862438,0.93731442983413,1.24791565321924,0.74159544477902,0.0205348140552201,1.74809252178841e+36,39.8610259403641,0.17956649374229,37036242219.676,1.18949762122124e-23,2.49341955560679e-20,-13.5212049546985,-7.04870446583485,163300647.863223,45481971810.9536,45645737831.3537,24701.410593849,1308925.33787378,1726666.01289116,1502003.82683035,79017974.9350474,101041011.705642,-15.5217697864086,135.870755469333,1.79626619270796,0.496430526832796,-0.0807454714345859,27.2237230989511,1.24098135926395,2.61637877683772,2.97035158673226,0.0501187233627272,5.89680065609876e+40,47.6405934597198,3.37399616883648,48451899513.5365,0.00322943336160262,0.00705156961091698,-12.7927096330719,5.09379821420906,238581305.481546,71486623084.1306,71693039744.4702,635380.516355336,207922469.59725,208168617.455219,38399218.6908126,13456864649.8161,13471021941.1073,-13.1656171040909,14.9702218708337,0.324580400182199,0.0370223055981019,0.174338855922857,6.65639268812827,0.151612311519676,0.698366719085382,1.0965074353422,0.0173115305000027,4.80372082563613e+38,5.71741983278614,0.653624144192919,4274972632.31699,4.71999063143984e-09,4.56143968832894e-08,0.354855470071172,6.25578795113031,22726824.9332092,11316016737.0928,11417120088.4784,191391.277924812,45974706.1258118,45739764.3531203,14245043.0861478,3336329321.17015,3351869016.22749,1.40896051085172,28.2129461081736,0.313349995385347,0.159408221234695,0.244915672642557,16.2312112921985,0.152054617910146,0.670096404533098,1.13224870661104,0.0122723788075044,5.84858863859022e+40,2.06214768656952,2.54080553090127,7140684661.54348,0.00322942864161198,0.0070515239965201,0.373639851555474,5.8867147289136,52553832.6851135,14688634536.0842,14630181824.6381,419287.827836675,160638838.133564,160702187.089208,22652171.7778345,10041517353.7109,10018111913.1741,0.947192171466003,40623,53.1269282533846,-27.8046860627397,25.4834815507179
23.4912657236431,6.3733649644801,4.82705571862372,-0.497793935433933,10.5166010622305,2.02949161729808,2.00642496527344,1.99789249867594,0.0501044733512753,9.16719256717061e+43,47.5509270592412,1.99120813059121,53590475187.2864,1.78631887640179,1.87957896132203,-13.5594005554911,-13.0089257278333,12015382852.0502,68313534845.4182,80328917697.4684,28943636.833751,160757025.176577,189700662.010328,1311609743.8853,7284864781.53087,8596474525.41617,-11.2249708819773,17.3008430398297,6.38272884344765,5.41841964669141,0.396093839432717,17.325900292267,2.67782834058366,1.64739528909067,1.99192733673179,0.0348730481194014,8.33791851932403e+40,51.1401795820146,1.5210443581399,57625720148.7472,14.2529813656719,14.2599285032751,-13.0355403891839,-3.86632701297966,94958230919.1159,125803732401.955,220180241496.755,29019046.4141046,112905718.711109,264164138.635976,2052703225.72165,10194923693.8515,20288403511.9409,-13.6782487365445,14.935831860099,5.26787318118985,1.45644681874133,-0.362070998476588,9.1098009226946,2.51680296235306,0.798372985262519,1.27562940774271,0.0211651894869783,1.25694519392223e+38,49.2484480290338,0.200243479905036,51930354761.1379,10.4706945534264,10.5753705576467,-13.3192716133573,-9.87065303894927,69797965836.0474,108203964789.074,174587540311.019,1473373.90847814,16579938.5026113,57904284.0766707,123637344.503622,1008703077.00989,5573493246.68164,-15.3270018924997,21.2939340731064,6.87518682502837,33.3628515629839,0.975950290790134,31.3196913237595,2.83235823029443,2.83752123400163,2.82238289445682,0.0501187233627272,2.06942332382107e+43,53.6144758152247,6.63240487518464,64027524344.3133,16.0342486269482,16.0448813811861,-12.8377814642833,3.33801416274029,107408289502.433,150728258052.225,256333993232.876,338815260.616322,391430173.240148,580696462.537934,19419511433.0542,27832262869.5926,36649023918.5198,-12.5414815901092,2.36501117973066,1.1148556622578,3.96197282795008,0.758164837909306,8.21609936957242,0.161025378230599,0.849022303828147,0.716297928989071,0.0137078586324231,8.32534906738481e+40,1.89173155298072,1.32080087823486,5695365387.60925,3.78228681224551,3.68455794562835,0.283731224173348,6.00432602596961,25160265083.0685,17599767612.8811,45592701185.736,27545672.5056264,96325780.2084976,206259854.559305,1929065881.21803,9186220616.84156,14714910265.2592,1.64875315595516,3.99309103327667,0.492457981580714,27.9444319162925,0.579856451357417,13.9937910314925,0.154529889710773,1.19012594491096,0.830455557725033,0.0152456752433259,2.06108540530175e+43,2.47429623321012,5.11136051704474,6401804195.56616,1.78126726127634,1.78495287791106,0.197758924900619,7.20434117571995,12450058583.3173,24924525650.2701,36153751736.1204,309796214.202218,278524454.529039,316532323.901959,17366808207.3326,17637339175.7411,16360620406.579,1.13676714643534,39860,53.161634503182,-27.7470159705401,25.5455164004597
80.7184565026551,0.512071600655048,0.870967178527203,-0.499718031211453,21.7089802530713,3.38926323393449,1.96111460707853,1.92781174714381,0.0119505346336239,1.05523340265591e+40,35.0791105548173,9.95819479465999,97704823490.6382,59.728147772735,63.3422294242764,-13.3215387291483,15.1997004536884,411171522304.35,595026808207.642,1006198330511.99,871552214.134166,1141230798.60226,2012783012.73642,165590001989.859,216827411079.636,382417413069.495,-11.5663099218197,83.6599458500533,0.223244613877193,6.63851163857677,-0.0315665170415383,18.6324927129883,3.54768358129005,1.8848296559246,2.13471379344162,0.0055240812940213,1.0534345091623e+39,36.2345863057679,0.810144991569211,107348552876.335,78.9673308990543,78.9554096015981,-13.3097220677912,8.1693397089322,552685251068.92,744525123906.127,1299575053405.33,17669877.5476895,53534655.69216,127277752.718874,20935137918.227,45549183687.7065,72599502123.009,-13.6069887144113,72.5559358112593,-0.896981573664425,1.91788467998645,-0.422795254278188,10.9123150666336,3.44487066602401,0.831923630436635,1.34792246893728,0.00190046349386346,8.8097765104877e+36,34.2259615489709,0.147704454550701,96534484851.839,67.6190534500754,68.060976784405,-13.4695439944378,1.99044269001317,472719968257.763,643110643186.295,1131934714213.2,987445.05781409,3202827.42108354,8753859.04039261,782575725.973645,6208718896.98636,23507057245.9473,-15.1783245842501,99.7128950118842,1.11380709636034,41.8900882910102,0.610806078447135,31.4468482016699,3.64727923164312,2.69644321073055,2.81998868702526,0.0137223075764152,3.67887323684016e+41,39.0946903390051,4.53995588316954,123209185414.989,89.0209782365055,88.3311403836166,-13.1210138879519,12.7722670221106,623298436184.133,857724577621.656,1468566185082.61,246836433.914286,412303887.272963,568005024.610837,59027589175.8077,96839939266.7745,138187527844.482,-12.6826108802221,11.104010038794,1.12022618754162,4.72062695859032,0.39122873723665,7.72017764635466,0.102812915266036,1.05290602548797,0.78679132450434,0.00362361780015784,1.04462473265182e+39,2.00862475679696,0.66244053701851,10814068024.4963,11.3482774489789,10.8944328171931,0.159821926646675,6.17889701891903,79965282811.1571,101414480719.832,167640339192.133,16682432.4898754,50331828.2710764,118523893.678482,20152562192.2534,39340464790.7202,49092444877.0617,1.57133586983886,16.0529491618309,0.890562482483151,35.2515766524334,0.642372595488673,12.8143554886816,0.0995956503530708,0.811613554805952,0.68527489358364,0.0081982262823939,3.66833889174854e+41,2.86010403323728,3.72981089160033,15860632538.6533,10.0536473374511,9.37573078201851,0.188708179839272,4.60292731317843,70613185115.2127,113199453715.528,168991131677.28,229166556.366596,358769231.580803,440727271.891962,38092451257.5807,51290755579.068,65588025721.4732,0.924377834189173,19435,53.1765898121728,-27.7855167515068,25.4302055826533
91.7643772583341,1.42052783012036,0.300816035878399,-0.36086496614285,2.62523307865051,0.526716974454225,1.97812584294653,1.99739260659806,0.0053306762161765,2.01669695890458e+46,30.010843411319,3.1971410479824,19633956677.0427,3.45743616472304e-23,5.2486190096262e-20,-16.1958389151634,-11.6535076187881,167064308.992302,132999087667.066,133166151976.058,371950.292915917,312545141.462557,312917091.755473,158427524.543791,133124651366.508,133283078891.052,-14.709418051374,118.586091364053,1.59169294168554,0.308915294727538,-0.332671377900794,5.06030915096172,0.562610186295801,1.79086035897924,1.99139455829124,0.0200136588107599,1.96336791408102e+41,32.1361759458691,0.883032650605932,26804411615.7053,9.39817864594051e-20,2.00969165313925e-17,-16.2577292944523,-5.93538646804723,169356945.788086,35481999632.2434,35653277707.8493,37819.1192048615,5749190.0028203,5825467.09294801,6681959.31000764,1491020184.81373,1556786854.54212,-18.1356512918388,87.3573154772262,1.48801661155435,0.3,-0.5,1.18081197267159,0.118028208078133,0.806642464650359,1.06545462096122,0.00531733573188714,1.94459417302843e+39,30.0878699511178,0.152762679360788,18243966549.3958,1.48100473384031e-50,4.73272847631604e-43,-16.5656303464521,-12.5334098484018,103598146.014932,4482669370.47776,4583172585.16083,1329.48601570616,226889.728288965,262563.358704413,253969.188052093,35881865.1198749,45609304.3727558,-19.7360588124623,238.785366176052,1.64297818187729,0.370565999098267,-0.0504320596568657,20.7694683801664,0.813022827596851,2.62497072418498,2.71519730282936,0.0497759277796336,1.50875256251289e+45,35.0231320477573,3.51684338374649,38232070352.4954,6.3853132271197e-05,0.00017414965148465,-15.6061675276972,-0.238355553170491,238613596.312073,55865474406.8145,56158952898.0151,385759.276511455,60738041.6961432,61021521.4205386,30461586.3908743,6952970428.29896,6978407908.15015,-16.8977750367215,31.2287758868263,0.103676330131188,0.00891529472753772,0.167328622099206,3.87949717829014,0.444581978217668,0.984217894328883,0.925939937330017,0.0146963230788728,1.94392197235073e+41,2.04830599475128,0.730269971245144,8560445066.30942,9.39817864594051e-20,2.00969165313925e-17,0.307901051999835,6.5980233803546,65758799.7731537,30999330261.7656,31070105122.6885,36489.6331891553,5522300.27453134,5562903.7342436,6427990.12195555,1455138319.69386,1511177550.16937,1.60040752062349,120.199274812,0.051285240191755,0.0616507043707289,0.282239318243929,15.7091592292047,0.250412641301051,0.834110365205735,0.723802744538123,0.0297622689688737,1.50855622572149e+45,2.88695610188823,2.63381073314056,11427658736.7902,6.38531322711969e-05,0.00017414965148463,0.651561766755116,5.69703091487674,69256650.5239868,20383474774.5711,20505675190.1658,347940.157306593,54988851.6933229,55196054.3275906,23779627.0808667,5461950243.48523,5421621053.60803,1.23787625511735,44883,34.3309565851872,-5.28748137645798,35.5546423528522
0.00100002531325048,3.43636665675902,0.300001214267609,-0.499991285362513,9.32407095614147,0.45752788959393,2.00050687521169,1.97325256961978,0.0501162357018359,1.00254953241656e+44,29.9999907280878,6.00002336101777,125983.742690223,0,0,-3.42260482697552,-3.40747889459949,343.820482953277,354768295.262564,354768639.083047,0.814930244914072,778923.32367432,778924.138604565,36.920708705881,35289402.1507676,35289439.0714764,-38.4120510504524,0.00224011568298847,2.80157740843281,1.31409816411009,0.00507023550207569,12.7463860042936,0.269666447289874,1.9125377432961,1.85429047574057,0.00597520275752672,1.45067348460058e+39,31.6941155935623,2.13484780740492,2030873.32150717,0.000842207497955463,0.000847573339075921,-4.97102439519571,5.00018849739401,2720348.10804898,1487036.10344065,5711546.10868759,19.3418125803324,4.01139355632503,196.899498823394,31915.4387750632,9537.78049772843,167982.071044176,-39.4950720047421,0.00101549940170919,1.97556704051557,0.371994246073544,-0.434491531167055,0.123641459145304,9.52093711596069e-05,0.970746446979495,1.16637355713824,0.00071108941417086,9.66201871261041e+36,30.0404145700251,0.198344340266961,887179.296301231,6.00375625466705e-25,1.13482825829423e-23,-10.3147749730664,-2.36005006776209,3947.8341363326,0.385161200056528,21922.8744552492,0.0191929070959668,6.26299876059045e-06,0.0342779645572078,138.198539441378,0.0139662556208922,473.254110110129,-40.6815335470194,0.0136684162927132,3.37878199148966,17.2651675146375,0.628638798762186,30.9326822807412,6.41642773882737,3.05468758514211,2.7097010785625,0.0326715129298356,3.78091599342905e+42,34.0331232939286,8.02283879138304,15946406.9061321,0.00659823397355227,0.00659909641331742,3.95129311454736,14.3838351895183,45623378.3166359,301467304.205448,371170132.25883,8353.53829451286,93616.6765570571,171564.637158506,3339794.6798757,19250006.0014642,35074842.3841406,-38.781562368388,0.00122461628127928,0.826010367917235,0.942103918036544,0.439561766669131,12.6227445451483,0.269571237918714,0.941791296316606,0.687916918602328,0.00526411334335586,1.44101146588797e+39,1.65370102353712,1.93650346713796,1143694.02520594,0.000842207497955463,0.000847573339075921,5.34375057787069,7.3602385651561,2716400.27391265,1487035.71827945,5689623.23423234,19.3226196732365,4.01138729332627,196.865220858837,31777.2402356218,9537.76653147281,167508.816934066,1.18646154227735,0.0114283006097248,0.577204583056846,15.9510693505275,0.62356856326011,18.1862962764477,6.14676129153749,1.14214984184601,0.855410602821932,0.0266963101723089,3.77946531994445e+42,2.33900770036637,5.88799098397812,13915533.584625,0.0057560264755968,0.0057515230742415,8.92231750974306,9.38364669212428,42903030.2085869,299980268.102008,365458586.150143,8334.19648193252,93612.6651635008,171367.737659683,3307879.24110063,19240468.2209665,34906860.3130964,0.713509636354075,185028,34.4680618467243,-5.16568694099282,75.0527903132402
41.090331337554,-0.185994031748333,0.320690562544439,0.917978452457759,31.6227766016838,0.461213845552241,1.72597062801141,1.7888456005929,0.000306836904844242,3.20187379679516e+36,53.7076349740823,10,1397054432.19802,23.4364809250544,15.0250475802256,-19.9952074870409,1.09346250787699,181582579697.032,57023855569.414,238606435266.445,170862487.329751,68246974.8210977,239109462.150849,216885289200336,86629693284024,303514982484360,-17.8191248678047,6.52563432610869,-0.197314712804639,0.331105632324763,0.524392070352593,3.88852822926309,0.0381086667579116,1.92612269369466,1.81859437446016,0.000339236404049837,6.01393316670886e+36,58.3972210077844,1.26230805728042,1222680619.93697,6.04268198613147,5.73008312773673,-19.9700527721342,-0.442220675653161,39635402342.2425,1734687476.58174,45532640107.9514,1657.72160167975,13.0741571270504,1944.37038983398,1426159281.16376,21963489.6139451,1741330864.36218,-21.8761623737847,4.26299897273586,-0.529507291868005,0.3,-0.0764241518864931,0.660082890918395,4.5672305542047e-05,1.23751844195146,1.13192250385695,0.000113516753061332,3.92777008529269e+35,54.1612127959225,0.198689628712718,894370519.714244,3.58430356386893,3.50062937131851,-20.144054549421,-3.88510656471009,23110303329.8084,1.31513132842811,23204231153.5958,42.688353290397,3.91319794089086e-09,43.5606947792966,155998768.647311,0.0262477705689392,319787494.271888,-23.5575426443695,41.749068538854,-0.0707810640054431,5.86273813871175,0.982690838678589,22.5813327190186,0.396319239550017,3.05098203877054,2.69256839820011,0.00527231405081198,1.06342573758683e+38,61.4577654093418,6.02278720094196,1622314253.35378,20.9961468771365,12.129040817583,-19.8371188392617,2.8409561611742,160267646612.868,44553647948.6573,205079903724.828,741990.347069609,411024.452432437,3056079.50581139,7380247715.73484,1210631913.57524,8729697118.74433,-19.8800577519767,2.26263535337283,0.332192579063365,0.0311056323247634,0.600816222239086,3.2284453383447,0.0380629944523696,0.688604251743209,0.686671870603202,0.000225719650988505,5.6211561581796e+36,4.23600821186191,1.0636184285677,328310100.222724,2.45837842226254,2.22945375641822,0.174001777286811,3.44288588905693,16525099012.4341,1734687475.26661,22328408954.3555,1615.03324838935,13.0741571231372,1900.80969505469,1270160512.51645,21963489.5876973,1421543370.09029,1.6813802705848,35.2234342127453,0.126533648799196,5.53163250638698,0.458298768325997,18.6928044897555,0.358210572792106,1.12485934507588,0.873974023739955,0.00493307764676214,1.00328640591974e+38,3.0605444015574,4.76047914366154,399633633.416815,14.953464891005,6.39895768984627,0.132933932872515,3.28317683682736,120632244270.625,42818960472.0756,159547263616.877,740332.625467929,411011.37827531,3054135.13542155,5954088434.57108,1188668423.9613,6988366254.38215,1.99610462180794,52539,34.3991545879267,-5.28302180379709,48.1420478209118
32.5973743022751,0.886103712437956,0.300002736231696,-0.185492893085533,1.63130591829827,0.300509253026272,1.99826154203949,2.00260267842741,0.00010000901504491,6.05740016687719e+40,46.9709924556878,0.252849682523009,13901303589.1585,0.00731032601873582,0.0226687816698577,-18.6985176970466,-9.83809426852329,150663328.020981,16869880912.5984,17020544240.6194,354905.511319223,40215809.1784382,40570714.6897575,14554198335186.8,1649196319373450,1663750517708640,-24.1028442636256,17.1411673394841,-0.00296663305503042,5.21546034114356,-0.0115867188694504,8.01414873971775,0.851151755401721,1.88577225095298,1.99811988296418,0.0021892076692093,2.39511287828914e+39,48.1220572279926,0.734948835159212,11182621102.9542,13.0243445935179,12.9947388058959,-18.8140307666476,-4.3648371156746,91527606223.3983,80935858685.2083,173928273711.525,337291.879833965,163942.462827863,838951.104751352,3350946439.28715,3216110113.91049,8032506689.13574,-28.7419661820678,8.20902220942739,-0.99052060137559,0.938165472704318,-0.402188284281188,2.65234922496199,0.385073224011032,0.881032891025501,1.11372793905139,0.000192576578709411,1.34123887213298e+37,46.1470855222621,0.143933197678939,7235089354.25453,6.92912428795216,6.90997036952426,-19.2364804306148,-10.8313858919765,46163625946.5358,22303598347.9577,68555543473.7438,453.179553618452,806.527329415199,1727.13005687041,98705272.4905828,121184156.39477,601711300.472045,-29.9743644839064,40.004955295907,0.989136289620198,29.9540847011125,0.596863022882545,23.701609596572,1.29757670033824,2.67150898372576,2.74075475332415,0.0262871067099891,7.79622749857429e+41,51.0529637864797,4.32448081443158,19915643475.6203,26.7632421745611,26.7757813612783,-18.0982429434315,-0.13322709777636,198711701111.975,203956974455.244,401624543049.855,46836464.5260991,28486813.7688766,80414929.5036971,12108703151.2264,10983858759.9442,21095671976.914,-27.3104850156308,8.93214513005675,0.98755396832056,4.27729486843924,0.390601565411737,5.36179951475576,0.466078531390689,1.00473935992748,0.88439194391279,0.00199663109049989,2.38170048956781e+39,1.97497170573047,0.591015637480273,3947531748.69963,6.09522030556574,6.08476843637164,0.422449663967189,6.46654877630189,45363980276.8625,58632260337.2506,105372730237.781,336838.700280346,163135.935498448,837223.974694481,3252241166.79657,3094925957.51572,7430795388.6637,1.23239830183858,22.8637879564229,0.992102922675229,24.7386243599689,0.608449741751996,15.6874608568543,0.446424944936523,0.785736732772783,0.742634870359976,0.0240978990407798,7.7722763697914e+41,2.93090655848707,3.58953197927237,8733022372.66616,13.7388975810432,13.7810425553824,0.715787823216086,4.23161001789824,107184094888.576,123021115770.036,227696269338.33,46499172.6462651,28322871.3060488,79575978.3989458,8757756711.93928,7767748646.03371,13063165287.7782,1.43148116643696,160077,34.3735824458376,-5.18499199984155,57.5553975773345
6.22245033122015,0.155109311800963,0.300000191861111,0.205824722901392,31.6214265356165,6.0489543250529e-05,1.97263976595852,2.00012400710907,0.0501184419741904,7.51377311892412e+39,44.7940756293173,0.178032044459505,1795071222.23073,5.58321692128741,5.82984337170393,-19.538336908748,-8.31325423283133,37105652520.7044,67211162.9270849,37172863683.6315,81325299.2069263,159137.744161649,81484436.951088,3684309821.31152,7209475.51959561,3691519296.83111,-19.8531170201218,5.82728876126952,-0.195630338438316,5.42184895431029,0.11289549509812,4.50193232630483,0.00030602965749138,1.95198357718007,1.83422164615352,0.0295750993289263,2.42164953818092e+38,46.251631763148,1.35111914125588,2010844533.81661,5.08986419397704,4.97576235516024,-19.5199107589717,-4.43031261418052,33389904779.7219,53106902.9266813,33792417844.4271,27564163.0956391,21272.1098709236,28453766.8209976,2164388546.38214,2055885.35378915,2210371992.40872,-23.0430732413808,4.35868562263843,-0.746673309422028,0.780793781875881,-0.396098966912187,1.13471755427394,2.05216518732768e-05,1.0500313676985,1.13918552942608,0.00730098905231319,6.33210932239632e+36,44.550062552815,0.18828343461012,1660504260.16778,4.12151632332282,4.05887857727067,-19.6830382640951,-8.39517360947006,26780634444.1617,16.998406607193,27023192306.0921,255723.636663089,0.00186710791325064,358944.121874375,94786488.9043097,0.239898728618448,143427203.649228,-24.7911357259959,7.76593783837129,0.286669574696886,39.1341614579778,0.768380538455998,20.8785316431284,0.0203375201657171,3.0108200474573,2.60969456783584,0.0501187233627272,9.45859062139755e+39,48.6077478038842,6.32972218287913,2409078276.79537,5.94762389867079,5.79289932159428,-19.4171531951027,-0.629306609714734,39095523990.098,842817214.009869,39705245716.7106,141854797.581772,1187750.71310039,143653624.933339,8642478496.51452,98097574.3211525,8749955343.03635,-21.6047710472925,1.46860313863109,0.551042970983711,4.64105517243441,0.508994462010307,3.36721477203089,0.000285508005618103,0.901952209481575,0.695036116727442,0.0222741102766131,2.35832844495695e+38,1.70156921033295,1.16283570664576,350340273.648828,0.968347870654213,0.916883777889575,0.16312750512343,3.96486099528954,6609270335.56021,53106885.9282747,6769225538.33503,27308439.458976,21272.1080038157,28094822.6991232,2069602057.47783,2055885.11389043,2066944788.7595,1.74806248461507,1.93864907710177,0.482299913135203,33.7123125036675,0.655485043357879,16.3765993168236,0.0200314905082257,1.05883647027723,0.775472921682323,0.0205436240338009,9.21642566757946e+39,2.35611604073623,4.97860304162325,398233742.978765,0.857759704693755,0.817136966434041,0.102757563869002,3.80100600446578,5705619210.3761,789710311.083187,5912827872.28349,114290634.486133,1166478.60322947,115199858.112342,6478089950.13238,96041688.9673634,6539583350.62762,1.43830219408827,148827,34.3642243220332,-5.19771658103113,45.3762470622558
2.97603192589149,-0.0457922032514757,0.316917347453404,0.735990794652782,0.00414003208728914,0.000780783559975204,1.99051478287063,1.99563609109101,0.0501043921882476,1.77183805420107e+44,34.403575654379,0.600616905313097,382846892.012101,2.84651460197897,2.65197868218917,-19.9505716497052,-16.7516139323293,3672595966.20557,11942242.78232,3684538208.98789,8467304.93728462,27928.075885482,8495233.0131701,383704981.997504,1265590.63766284,384970572.635167,-22.2021682436266,0.819462753018766,-1.45259950572363,0.689758966233807,-0.304638360879323,0.257292139422654,0.00356924647963643,1.78021885344556,1.99164985004432,0.00714774756617529,1.95215425232614e+44,35.3657260174642,0.125018784774977,255171117.531534,0.359933284848106,0.366928479007498,-19.2857251442978,-18.9462080721747,1408035305.59887,188847813.363724,3181394827.79963,6952.76619302063,3252.20397798191,108352.923147961,11472600.345485,4108401.23717047,63967860.6784534,-24.8320999656418,0.00328476745791753,-1.94548529870998,0.300235086029694,-0.5,0.0155538405983474,0.000384601598503297,0.810042897865326,1.09033188671753,0.000456443921187951,1.12608979527538e+44,33.5573694024855,0.1,699828.722348049,0.00126585250650139,0.00121577609128214,-19.7727559285036,-19.2288350346844,5603419.054538,9490899.47268505,458907636.775618,4.38899757845026,10.7539062988234,126.494891153016,29862.8307095568,145840.4564293,4122717.73323419,-26.7789465763955,14.0796249040874,0.0302960958590908,17.4395325786111,0.567993907149073,3.57824569296689,0.0316051538783319,2.61807620196314,2.71161655136453,0.0358652414493749,2.20972560044883e+44,38.929807142192,0.358295942524912,1054313015.88575,2.51017416700036,2.39044279233248,-19.1433967595695,-16.4367571928254,7179323176.20041,2137630256.62416,8485614016.2826,1695648.51086723,568743.500631121,3249308.26309442,334897109.724189,133255475.346367,488291820.52756,-23.5676593234115,0.816177985560848,0.492885792986357,0.389523880204112,0.195361639120677,0.241738298824307,0.00318464488113313,0.970175955580235,0.901317963326787,0.00669130364498734,8.26064457050763e+43,1.80835661497864,0.0250187847749773,254471288.809186,0.358667432341604,0.365712702916216,0.487030784205803,0.282626962509703,1402431886.54433,179356913.891039,2722487191.02401,6948.37719544218,3241.45007168309,108226.428256808,11442737.5147754,3962560.78074117,59845142.9452192,1.94684661075374,13.2601621510687,1.48289560158272,16.7497736123773,0.872632268028397,3.32095355354424,0.0280359073986955,0.837857348517581,0.719966701320206,0.0287174938831996,2.57571348122688e+43,3.56408112472788,0.233277157749935,799141898.354215,2.15024088215225,2.02351431332498,0.142328384728319,2.50945087934927,5771287870.60154,1948782443.26044,5304219188.48298,1688695.74467421,565491.296653139,3140955.33994646,323424509.378705,129147074.109197,424323959.849106,1.26444064223027,76998,34.4736894165724,-5.26437494299025,51.0753499977336
9.70516399234326,-0.0233610744877376,0.3,0.378640010120637,13.6282902157989,0.494497772169736,1.99909564646549,2.00495000843343,0.000100651708380526,6.89647834402189e+41,45.6426372415776,3.25599736313758,1599458944.27676,9.40373769855816,8.98844358215943,-19.3953160487343,-11.5286619047317,72297600199.7191,38018372316.2651,110315972515.984,170697465.010083,91214526.4632394,261911991.473322,6862437705788550,3667037502167990,10529475207956500,-12.6894051876002,3.3404225949726,0.00922796461704665,2.70410540645484,0.412163005524276,4.79961102576328,0.000731416609816172,1.86562543077977,2.00657652997508,0.000214721219594974,2.76336478323419e+39,46.9261269161769,1.34389301427846,1432376438.98673,2.90417819278626,2.85439084449344,-19.469170906552,-7.14609882013714,21079098964.8416,8412643.35455128,21627413199.5272,100.224264616714,0.06911589709398,167.317625188925,510774828.299944,57912.7239687568,869788797.078763,-17.8811949894831,2.47277053575815,-0.575812580928157,0.3,-0.321789684175288,1.13392991624454,2.51980756432596e-05,1.05331913112491,1.41359441957398,0.000107634743590957,4.57833574967918e+36,44.9647552942017,0.178804271469559,1274805578.77948,2.39034710131981,2.39558510264557,-19.5907968879897,-13.5955527162807,17078394618.1791,0.530809970192877,17220853205.8738,6.53918198730172,1.61721943908479e-09,9.70110606833824,49631999.6796633,0.00602646010580991,87351551.2728875,-18.8053005220857,5.86960182770775,0.280254658085051,28.3148781118708,0.886767052318621,24.5547158030405,0.291431697569563,3.03696082450579,2.79952651498249,0.000517449862209488,2.18936009462222e+42,49.2021431832943,7.5441089969539,1612090384.26286,5.40678670420861,5.47942434703504,-19.365209162359,-0.446148041732456,40074307425.8094,18046251743.4598,58773598749.6033,2630.47192257172,432.491542460894,4392.34429852273,1898515518.74613,828509412.506525,2722757966.3815,-16.2394686958113,0.867652059214453,0.585040545545204,2.40410540645484,0.733952689699564,3.66568110951874,0.000706218534172913,0.81230629965486,0.592982110401104,0.000107086476004017,2.75878644748451e+39,1.96137162197521,1.1650887428089,157570860.207256,0.513831091466453,0.458805741847872,0.121625981437678,6.44945389614353,4000704346.66251,8412642.82374131,4406559993.65346,93.6850826294126,0.0691158954767605,157.616519120587,461142828.620281,57912.7179422967,782437245.805875,0.924105532602574,2.52917923273515,0.271026693468005,25.610772705416,0.474604046794345,19.7551047772772,0.290700280959747,1.17133539372602,0.792949985007409,0.000302728642614514,2.18659672983899e+42,2.27601626711736,6.20021598267544,179713945.276127,2.50260851142235,2.6250335025416,0.103961744192997,6.69995077840469,18995208460.9678,18037839100.1053,37146185550.0761,2530.24765795501,432.4224265638,4225.0266733338,1387740690.44618,828451499.782556,1852969169.30274,1.64172629367179,27764,189.209526948069,62.1639598030993,40.7119193670824
103.373766761769,-0.124542247849002,0.300000686691448,0.999916071682587,10.4805967572126,1.10548346459271,1.70165838572836,1.84843656843415,0.0023360678343582,2.73816624782478e+39,46.1069408390999,0.105037284955489,5580857429.24599,79.4969567199127,57.717385113337,-19.6973445723124,-4.36704550096187,614000108038.977,300002963358.757,914003071397.734,524312207.997292,444185408.370725,968497616.368016,1231067841785.22,1042932748264.87,2274000590050.09,-16.8481421670489,14.0067220252258,-0.122877232129731,0.515086484631025,0.323073052486487,7.53666528754675,0.203452902268425,2.02512044368173,1.48878748115158,0.00173211043869788,6.67761463857604e+36,49.6691451403898,0.73951369500231,3344165514.49873,10.2994399723038,9.64815232150129,-19.9885114935546,0.173312856469344,69842811002.3825,17738653070.8627,81658376838.9683,278542.976729063,3364.93741422641,401945.158457842,2968927420.84185,137853117.608266,3920048779.25476,-21.5481633582177,7.28742514030033,-0.358186973379148,0.3,-0.339816359631198,2.02799199588033,7.70118659405832e-05,1.27065634168609,0.804525248981454,0.000207884613349756,2.4799338301893e+35,47.5324424019744,0.169357187948246,2463760177.44653,6.37941775913511,6.30966544732678,-20.2124428592411,-4.67935638351464,44504930449.7643,54981852.4504219,45833753120.4631,605.619267715483,2.98471235175677,1032.68148401503,489507355.435239,108157.385586605,1054435218.2999,-22.6874797995419,41.9173225880785,0.103301232080568,1.53779073050361,0.936825434794115,25.3907660484863,0.841234484925898,2.63721897175797,2.33675538423666,0.020929310759892,3.05895150295719e+38,51.7105467943665,4.30514244126507,5124869450.3697,38.4481895422965,34.3613158536313,-19.6956872309032,3.50492093601844,280723256640.535,162892210668.391,457544287374.576,25501812.7587666,596460.695751147,29697150.2845927,10255054992.2248,2121813840.40437,11828033467.8045,-20.0254423120412,6.71929688492551,0.235309741249417,0.215086484631025,0.662889412117685,5.50867329166642,0.203375890402485,0.75446410199564,0.684262232170124,0.00152422582534812,6.42962125555711e+36,2.13670273841535,0.570156507054065,880405337.052197,3.9200222131687,3.33848687417451,0.223931365686525,4.85266923998399,25337880552.6182,17683671218.4123,35824623718.5052,277937.357461348,3361.95270187465,400912.476973827,2479420065.40662,137744960.22268,2865613560.95486,1.1393164413242,27.9106005628527,0.2261784642103,1.02270424587258,0.613752382307628,17.8541007609396,0.637781582657473,0.612098528076239,0.84796790308508,0.0191972003211941,2.99217535657143e+38,2.04140165397668,3.56562874626276,1780703935.87098,28.1487495699927,24.71316353213,0.292824262651457,3.33160807954909,210880445638.153,145153557597.529,375885910535.607,25223269.7820376,593095.75833692,29295205.1261349,7286127571.3829,1983960722.79611,7907984688.54973,1.52272104617653,93088,34.2585372393075,-5.25177082079435,44.9482551310185
17.8702829060724,-1.04550013012668,1.92098721499547,0.999955951429139,22.3328492678893,0.226007101456946,1.95614402826684,1.98628630977968,0.000100000171546836,6.86116451596843e+37,44.2280723748255,0.345818464899486,1382111350.30455,6.84566375176695,6.143545379689,-19.7439093759301,-2.3460979829353,52742751983.2137,16306395008.8453,69049146992.059,110176913.860367,37152342.1328594,147329255.993227,4519446027933410,1523985372231180,6043431400164590,-18.2691349160748,16.7039873673282,-1.59365512178851,2.70777131836747,0.582567519391151,7.72760788732771,0.0348136953357015,1.6005263558904,2.23913224778712,0.000341649097252254,5.00081962296026e+37,45.0580054782658,1.26447854313494,1252441087.08142,4.57021383761242,4.1883996864625,-19.7502621856722,-2.24928557246566,32717269400.7285,1903756112.19059,34746522700.7722,374.221094513203,23.3207665076737,498.247326104241,377815186.794552,22832010.2776351,586809378.903502,-20.513521293966,10.7059554281795,-1.97989235835361,2.0093823307606,0.127338761293376,1.77600263789851,0.000399020752964963,0.800668657385922,1.24081470359963,0.000126458885538377,5.10201408031602e+35,43.5090469106012,0.19398774040459,1044036642.13767,4.00085257437452,3.72765159807682,-19.812691453245,-6.54054622267471,28613658487.125,5828922.12285391,29008686820.7926,11.391095449384,0.0220370827214962,19.7743845589815,26777181.9061865,67665.9404722799,37460779.1141228,-21.9921328273034,21.6128837356115,-1.24751804431266,9.84233944208582,0.996891666005998,25.106825752871,0.135533267743474,2.42371570675302,3.0180912229252,0.00122094094333365,2.87529354921686e+39,48.3605379041468,5.17466567712107,1460783124.16057,5.49764590443752,4.98048349419256,-19.685173763168,2.25395225710213,40263919878.212,8780692929.20465,48819202364.5311,19684.5927154049,729.812754025189,21810.121642512,1880824616.87191,424851764.808817,2095978343.11346,-19.5086554640413,5.99803193914867,0.386237236565098,0.698388987606874,0.455228758097775,5.9516052494292,0.0344146745827365,0.799857698504477,0.998317544187488,0.000215190211713877,4.9497994821571e+37,1.54895856766459,1.07049080273035,208404444.943756,0.569361263237903,0.460748088385683,0.062429267572842,4.29126065020905,4103610913.60346,1897927190.06774,5737835879.97959,362.829999063819,23.2987294249522,478.47294154526,351038004.888365,22764344.3371628,549348599.789379,1.47861153333741,4.90889636828329,0.346137077475852,7.13456812371835,0.414324146614847,17.3792178655433,0.100719572407773,0.823189350862619,0.778958975138078,0.000879291846081395,2.82528535298726e+39,3.30253242588105,3.91018713398613,208342037.079145,0.927432066825096,0.792083807730056,0.0650884225042034,4.50323782956779,7546650477.48354,6876936817.01406,14072679663.7588,19310.3716208917,706.491987517515,21311.8743164078,1503009430.07736,402019754.531182,1509168964.20996,1.00486582992471,965,214.793740189188,52.8147458942666,38.9520213380149
11.0698662640764,0.558785851682155,11.861159107056,0.740167739221375,6.5362645715597,0.394889280436893,2.00017904648148,1.99974223148307,0.0488310076592903,1.48687358343628e+42,44.3930881615722,1.13587232883406,7047418556.57452,11.0585925528808,11.0602218267206,-19.0069403426523,-12.4063016333166,73510331645.8669,26129865791.6024,99640197437.4693,174078793.946941,61803502.6960363,235882296.642978,8094279905.52024,2873726538.54535,10968006444.0656,-12.6893853930665,24.1700601656789,-0.830404344463924,33.1267680434141,0.171861306719693,6.15156562864714,0.580663259352119,1.84283108355873,1.93150730318517,0.0296952778685908,1.72084720645413e+41,46.0076952924033,1.55127908175101,6405902480.05659,15.4950868159956,14.8545258972336,-19.043722454395,-9.62572545420164,102512817004.431,47082606161.1614,148886879668.904,53484996.9713232,33546014.0004265,120489206.835568,5083355354.70782,3146411146.13017,11898105237.7602,-15.0384228165992,10.4589807179409,-1.68254367139559,8.2244582108455,-0.386914742208959,2.12737072282342,0.453169310320996,0.912881427048831,1.12329253697378,0.0130649103385285,8.53525050227836e+37,43.5517732784541,0.249315882725463,5602977321.68993,10.4101208279438,10.4090163211391,-19.1767011620215,-13.1825747129502,68882127256.7633,33608572912.8348,104001456024.435,2179195.2999885,2078283.67090607,18394570.7590255,242536902.473272,193388365.611388,1874737890.18976,-16.5047899852017,40.3785648403244,0.563207902570202,89.7681887761825,0.732234303720549,23.2553465088822,0.728203785936168,2.79831498691961,2.90440700728773,0.0501187233627272,4.55493763150051e+42,47.3232304841438,6.43452398233495,7286635429.80067,18.4110704933059,17.5694881711196,-18.9296958446471,-1.24440568999603,125178417661.826,68304635850.5899,194919179413.089,268870757.136179,152030656.983926,397395893.495807,18649152624.1815,10864008779.5276,24144081760.9843,-14.0164391813718,13.711079447738,0.852139326931664,24.9023098325686,0.558776048928652,4.02419490582372,0.127493949031124,0.929949656509895,0.808214766211392,0.0166303675300623,1.71999368140391e+41,2.45592201394915,1.30196319902554,802925158.366661,5.08496598805181,4.44550957609458,0.132978707626545,3.55684925874853,33630689747.6675,13474033248.3266,44885423644.4694,51305801.6713347,31467730.3295205,102094636.076542,4840818452.23455,2953022780.51879,10023367347.5705,1.4663671686025,16.2085046746455,1.39361224703413,56.6414207327684,0.560372997000856,17.103780880235,0.147540526584049,0.955483903360888,0.972899704102555,0.0204234454941364,4.38285291085509e+42,1.31553519174046,4.88324490058394,880732949.744086,2.91598367731028,2.71496227388597,0.114026609747867,8.3813197642056,22665600657.3957,21222029689.4285,46032299744.1845,215385760.164856,118484642.983499,276906686.660239,13565797269.4737,7717597633.39747,12245976523.2241,1.02198363522744,5318,214.839926770355,52.8200732503257,28.9901334999736
13.2498589557187,0.155431523362781,0.300004752211982,0.217409749278255,16.9027279765614,0.67112355791689,1.9246995377481,1.96498223168685,0.0501184641359707,3.21400061135487e+39,42.3412177330634,0.100012384238722,3827404411.645,11.8920581738264,12.4107583851681,-18.5490718714951,-5.57901631052937,79036182684.2606,38204855563.1917,117241038247.452,150138401.538307,81901105.3207021,232039506.859009,6801771996.3999,3710394135.92275,10512166132.3227,-17.1093976595848,17.4648439271956,-0.47114878382055,11.7960609559043,0.342658581402572,10.4419738882842,0.94969604192503,1.88327205463047,1.80506166098793,0.00032685591324118,2.41271946221011e+37,50.0452659875768,1.11531407690842,5597107069.4975,14.0361370788215,13.450351728839,-18.6163072225183,0.495089781829954,101191290792.292,81597682935.4683,181550384740.932,1677.6052070816,1172.33596213319,4775.13111683373,2674730838.07237,1646599856.74935,6592676620.1547,-20.8456279962516,11.3063994964137,-1.11372039448133,2.15450788153263,-0.244155800600069,3.82902124815415,0.77766734145998,1.05639469589519,1.14609191715779,0.000122776977856135,1.26388956434983e+36,44.4269109421806,0.189309964048509,4406603700.89493,10.3678322726097,10.215774262585,-18.7812252456683,-6.53892522449745,74666443616.8758,56690906275.2672,131500377801.911,116.198486834342,67.4184297612972,335.195741441165,182043974.945525,175701243.880588,1650834429.38495,-22.4144819697336,27.2524172419709,0.420588965316768,72.3566519844578,0.860596949012634,27.4942787806444,1.051631047085,3.21622547929558,2.58028354301888,0.00129797064357201,1.59079170366217e+40,52.750052541229,5.25340896290038,6816287704.71321,16.9321053289595,16.290060696731,-18.4978231630409,3.56973563426857,125018579197.118,104989713550.669,231200023383.996,99345.0828772954,79460.329144241,208359.553356107,8244655494.50568,5908090712.81851,11198078280.7406,-19.4676633179798,6.15844443078188,0.642571610660784,9.64155307437162,0.586814382002641,6.61295264013005,0.17202870046505,0.826877358735278,0.658969743830147,0.000204078935385045,2.28633050577512e+37,5.61835504539621,0.926004112859913,1190503368.60257,3.66830480621172,3.23457746625403,0.164918023150051,7.0340150063274,26524847175.4158,24906776660.2011,50050006939.0211,1561.40672024725,1104.9175323719,4439.93537539257,2492686863.12684,1470898612.86876,4941842190.76975,1.56885397348199,9.78757331477532,0.891737749137318,60.5605910285535,0.517938367610062,17.0523048923602,0.101935005159972,1.33295342466511,0.775221882030949,0.000971114730330826,1.58837898419996e+40,2.70478655365223,4.13809488599196,1219180635.21571,2.895968250138,2.83970896789197,0.118484059477307,3.07464585243861,23827288404.826,23392030615.2007,49649638643.0641,97667.4776702138,78287.9931821078,203584.422239273,5569924656.43332,4261490856.06916,4605401660.58591,1.37796467827181,2620,189.227698651308,62.2517682587616,42.715054308615
729.69542269929,-0.242088878515264,0.300001673985062,0.999999649850971,29.8700748244173,1.17861796080644,1.37500044673212,1.65687805581122,0.000402066245882811,1.47085713127747e+35,40.6217972907364,8.1897758372004,5036180245.71844,145.836522113793,58.7643718404692,-19.6386781911167,9.39149015193536,1144353837967.14,338038153080.362,1482391991047.5,230626693.514949,240113539.064066,470740232.579015,126643783596769,131853284701898,258497068298667,-17.086533194832,337.251134577229,-0.225608513852877,0.3,0.969427342830246,10.0327673723379,1.04844817643675,1.55523224609563,1.82885198182871,0.00285484813843945,1.19803535992279e+37,41.7882118608896,0.781053991025568,4303676536.75311,100.720444206098,47.7200244711288,-19.7012412122182,3.28402418189517,786091221890.548,258134708329.619,1043528367876.45,1668189.55746947,1126140.93634089,4429131.52102507,8356137899.78935,7393287832.33014,24280286198.6621,-19.1901890225755,158.946248556014,-0.241934519662486,0.3,0.619200040038199,3.93510590788393,0.856292571577425,0.665408836309125,1.02096674293988,0.000213089221577633,3.28337040279117e+35,39.7884254171461,0.147659210195995,3152554846.6248,65.4781500057818,35.058681634168,-19.8932136320755,-2.81474332206129,507358425046.872,177493516536.108,694574398513.06,1965.11249367116,1053.77871454268,5538.93868671953,618769334.858479,515078611.531215,3524593650.21827,-20.5637820840113,484.998069729587,-0.216190999043221,0.300593350659224,1,24.7105502649617,1.16768626528939,2.42393085052562,2.59998113934739,0.0269370899511884,1.9128940474886e+39,44.6388894100561,4.44906616203752,4987705572.05802,126.25259959253,57.444691884519,-19.5861260693513,6.47107618999607,985126666655.919,323922102523.73,1308778417823.96,276140341.597682,145360038.474031,478186314.496031,52109494143.0365,26418130297.1329,71129703925.4711,-18.1304687386699,178.304886021215,0.0163260058096096,0,0.350227302792047,6.09766146445397,0.192155604859326,0.889823409786503,0.807885238888834,0.00264175891686182,1.16520165589488e+37,1.99978644374342,0.633394780829574,1151121690.12831,35.2422942003158,12.6613428369608,0.191972419857251,6.09876750395646,278732796843.676,80641191793.5107,348953969363.392,1666224.44497579,1125087.15762635,4423592.58233835,7737368564.93088,6878209220.79893,20755692548.4438,1.37359306143584,147.746935152358,0.0094175148096555,0.000593350659224223,0.0305726571697544,14.6777828926238,0.119238088852635,0.868698604429996,0.771129157518677,0.024082241812749,1.90091369388937e+39,2.85067754916657,3.66801217101195,684029035.304912,25.5321553864323,9.72466741339024,0.115115142866948,3.1870520081009,199035444765.372,65787394194.1113,265250049947.505,274472152.040212,144233897.53769,473757182.975006,43753356243.2472,19024842464.8027,46849417726.809,1.05972028390558,6964,189.176070205265,62.2563308799037,36.0876796441071
10.5505750880859,0.250500516710438,0.303807380939019,0.652753120597751,20.6007022599408,0.000663881754909749,1.90370923401853,2.00061531947928,0.0501054400136246,1.33578596625629e+39,48.7526885419336,4.57726325096114,3228028339.11639,9.30087019747732,9.54937738751699,-20.083633358702,-6.55683417932168,61871019365.1963,155421394.373346,62026440759.5696,110030286.07927,368492.670823013,110398778.750093,4986035857.62704,16698290.4022682,5002734148.0293,-22.1625546310448,8.6411970641354,0.0173786066842567,5.98453246153281,0.185722139627369,5.87271859031216,0.00059711129839541,1.75450094425391,1.89228447413717,0.0145129005383735,1.05279869807527e+39,48.7748798648741,1.53363169495466,3408605790.95088,7.74308485323554,7.61238273472492,-20.1983844962632,-6.38671128401076,52460858569.2198,75087280.6946107,52980899072.2408,4058494.43821164,4098.24394144,5949346.95550693,1418931128.53053,1731493.80557286,1567831295.94114,-26.0408995041507,6.43479355693447,-0.416422837174249,0.823286004139067,-0.353733478874281,1.24002822468165,2.14008647120601e-05,0.882318305648063,1.24730333628186,0.000523506152169557,6.12142202657476e+36,47.1330809726561,0.180699843822761,2648838880.11604,6.00683321665846,5.95615530998504,-20.3752212679504,-12.9233282991762,41621915890.3929,19.1261456434408,41633498582.2177,1639.87107721589,0.00026108273275651,1672.31713276,88129983.3954455,0.421978115626527,127870462.492156,-27.6349024300704,10.5642300461506,0.48493445666967,42.571533660948,0.763444245991124,23.3652634545073,0.0133978071746131,2.93675003140672,2.6935087726227,0.0501187233627272,4.94459252399358e+41,51.0679718823496,6.56006801303928,4240447298.61133,9.64681829346664,9.4930790008275,-19.9493939318761,-0.754427846330698,63141346157.8499,1097447691.0384,63962361743.0411,130702747.643572,1112452.02162954,132797764.896656,9719109206.35369,65658963.1232557,9757623683.27085,-24.6715095345359,2.20640350720093,0.433801443858506,5.16124645739374,0.53945561850165,4.63269036563052,0.00057571043368335,0.872182638605843,0.644981137855319,0.013989394386204,1.04667727604869e+39,1.64179889221803,1.3529318511319,759766910.834838,1.73625163657708,1.65622742473988,0.176836771687171,6.53661701516542,10838942678.8269,75087261.568465,11347400490.0231,4056854.56713442,4098.24368035727,5947674.63837417,1330801145.13509,1731493.38359475,1439960833.44898,1.59400292591972,1.92303298201517,0.467555849985413,36.5870011994152,0.577722106363755,17.4925448641951,0.0128006958762177,1.18224908715281,0.801224298485527,0.0356058228243537,4.93406453701282e+41,2.29309201747552,5.02643631808462,831841507.66045,1.9037334402311,1.88069626610258,0.248990564387107,5.63228343768006,10680487588.63,1022360410.34379,10981462670.8003,126644253.20536,1108353.7776881,126848417.941149,8300178077.82315,63927469.3176829,8189792387.32971,1.36938996961484,6576,214.978146284417,52.8795210050113,52.1840537098956
1.15360732070143,-1.02259474363977,37.5998149201223,0.361743103480758,3.61747200488579,1.426462174113e-05,2.00001988063294,1.99971228250725,0.00188680528448197,9.31667989921252e+44,47.1756013430131,8.98650073321532,328766254.242863,0.775817223495748,0.74693228482435,-21.0174131352244,-20.951526885278,5458132751.32483,6709413.97857666,5464842165.3034,12919674.5036302,15868.0925787724,12935542.596209,58815869622.8447,72238326.4388018,58888107949.2835,-12.6893854315502,0.207423383730692,-0.384876213678313,22.8108496685063,0.223641525243845,0.509706020971672,0.000805116510712803,1.74411253024383,1.86417015276165,0.00293918313791112,7.03565819155428e+44,49.4316197020946,1.31441716698118,116556526.164459,0.176101175708035,0.173989540294739,-21.0098970966336,-20.9631667701223,573253156.125615,351142814.061005,2671979262.29263,1840.239705414,4108.45077262413,33487.3733664617,13175455.3890252,9236125.06681904,81952535.5721101,-14.3012414430873,0.00565449644344024,-1.23847373870799,4.78065077268844,-0.401727137151998,0.0142527192743953,4.14156467375448e-05,0.763219752860764,1.04842032604392,0.000230731069604613,5.72307193945828e+44,47.2155174369566,0.208275593601478,1895990.45237435,0.00378234211620437,0.00370720468363729,-21.0566644639018,-21.0187286140282,11528054.9648492,21581035.2410156,221162476.676918,5.52120246091155,0.784090895700445,18.0568322403672,174615.498009462,233240.085885781,3092629.08996478,-16.1669288698908,5.62014679985733,0.959130313437784,77.0959305108302,0.770989034904773,11.7633579729008,0.0159035499032342,2.75795863835365,2.75560775628654,0.0249231498042828,7.57858739980526e+44,51.3572841720289,5.35082184406607,1974040451.69314,4.48285337068721,4.3045777943437,-20.9593756643192,-20.5879371274891,31549799791.9312,6713513254.48,34009616340.5811,204689.514517942,600112.658076613,1190681.71591154,355162178.236235,225735785.504535,970737000.083292,-13.4720817680166,0.201768887287251,0.853597525029681,18.0301988958179,0.625368662395843,0.495453301697276,0.000763700863975258,0.980892777383061,0.815749826717733,0.00270845206830651,1.312586252096e+44,2.21610226513801,1.1061415733797,114660535.712085,0.172318833591831,0.170282335611101,0.0467673672681386,0.0555618439058883,561725101.160766,329561778.819989,2450816785.61571,1834.71850295308,4107.66668172843,33469.3165342214,13000839.8910157,9002884.98093326,78859906.4821453,1.86568742680352,5.41272341612663,1.3440065271161,54.2850808423238,0.547347509660928,11.2536519519291,0.0150984333925214,1.01384610810982,0.891437603524885,0.0219839666663717,5.42929208250975e+43,1.92566446993427,4.03640467708489,1857483925.52868,4.30675219497917,4.13058825404897,0.0505214323143868,0.375229642633212,30976546635.8056,6362370440.419,31337637078.2885,202849.274812528,596004.207303989,1157194.34254507,341986722.84721,216499660.437716,888784464.511182,0.829159675070645,9801,214.86168189589,52.8184405233584,27.1676724818454
17.2148122657231,0.672495096835231,0.300051002045175,-0.485557709666183,1.56409872724537,0.00031191934466235,2.0000294907539,2.00002274864849,0.000424128565767239,2.52639895228976e+44,38.8021421074892,0.965503958557141,6394697034.33139,0.000279312673617609,0.00364636475615003,-18.9777164668621,-16.4575771208268,45153660.36166,14538463.6860275,59692124.0476875,106883.806886028,34413.5454630496,141297.352349078,49735501357.8343,16013416690.2426,65748918048.0769,-8.43256980762463,18.1652697349846,0.462407004338126,2.86578398305167,-0.277959398363509,5.21840183793265,0.457379925464631,1.77265138734982,1.94101630133319,0.0135690761618695,1.97191870694462e+43,38.6270104239124,1.93437811734548,7553990143.82066,12.4296805559147,12.3917961354951,-18.9088382298326,-9.12409208388112,80244015800.5018,34804827647.9657,120398424404.236,1611424.39585075,358434.725089751,7489029.83096812,136129240.421288,65519456.6743901,758433011.578646,-10.9199245266481,13.4396511232968,-0.941877764432151,0.300006120245421,-0.5,1.42038727841365,0.000127724583306786,0.792019367188062,1.13118710947041,0.000353832039700151,6.56519196929384e+40,32.0455998080797,0.423880953151352,6316073210.56933,0.00372598918222549,0.0200768083280777,-19.0335128100216,-14.6099690811254,75011751.4588074,451627.406721993,101249418.53866,5.25356252504446,0.116528539181839,6.35483520942068,4190471.69272495,15883.4868060158,5385247.04860985,-12.3342931428459,30.5553658763685,0.765033508479744,38.4441128740307,0.672811124893588,21.8853988220625,0.800419183646022,2.69630883396949,2.81325484609123,0.0450731001594711,4.33146450309987e+44,39.9200556908665,6.11597673528314,8955831550.34586,19.3750431991098,18.8214661836377,-18.7615436534777,-3.2004920006868,129719916620.803,79219649786.0878,211102428934.755,22789377.6735738,50340398.0059873,103198167.072788,3815654384.63114,5590706984.23635,10802871319.984,-9.81621671477828,4.72561861168782,1.40428476877028,2.56577786280625,0.222040601636491,3.798014559519,0.457252200881324,0.980632020161757,0.809829191862781,0.0132152441221693,1.96535351497532e+43,6.58141061583275,1.51049716419413,1237916933.25133,12.4259545667325,12.371719327167,0.12467458018898,5.48587699724432,80169004049.043,34804376020.5589,120297174985.698,1611419.14228823,358434.608561211,7489023.47613291,131938768.728563,65503573.1875841,753047764.530036,1.41436861619786,12.3900961413839,0.302626504141618,35.578328890979,0.950770523257097,16.6669969841298,0.343039258181391,0.923657446619673,0.872238544758039,0.0315040239976016,4.13427263240541e+44,1.29304526695409,4.18159861793766,1401841406.52519,6.94536264319516,6.42967004814262,0.147294576354831,5.92360008319433,49475900820.3013,44414822138.1221,90704004530.5187,21177953.2777231,49981963.2808975,95709137.2418198,3679525144.20985,5525187527.56196,10044438308.4053,1.10370781186977,4234,214.929218447638,52.8850504244693,19.8293675293471
5.99540149210178,2.19777062066738,2.34865540975493,0.321173122034863,5.5313055184978,1.11385101790042,1.62662516762198,2.85750453050715,0.000234974204056143,2.9053305001675e+45,39.5845835738379,1.8243781370983,7189052717.3544,4.64534875360082,4.68331809054831,-17.2802464965013,-14.2761153767975,33958752629.7567,100359722479.015,134318475108.772,21223264.6718553,801496733.101692,822719997.773547,61609334914577.9,2326676947495540,2388286282410120,-12.5607150823817,0.537957236722227,1.47680632225708,5.38705325398549,0.2272120222465,14.4348767779403,1.89547015185545,1.89354765756013,1.9425390840162,0.00655265870127752,3.09751097644884e+45,43.2587689404303,1.65234165082282,573982884.39717,0.460560685132195,0.462674661819186,-16.5735971874836,-16.2067999373689,3181499692.76334,350956533274.591,351032674949.062,27493.5023422015,31073776.2372675,47293763.87876,87928795.1925141,12016881875.0778,14196809649.8663,-16.6547575824339,0.0106584509898086,0.562253476857957,0.658540104249792,-0.352554371705447,6.67892527276053,1.19371011063368,1.1585269564013,1.26907934855214,0.000440188351021488,2.14596543202846e+45,40.4355506376858,0.857495106191007,8861580.95170264,0.00512105533715358,0.00523855128154171,-17.1743173581195,-16.5624485498653,36043348.1055277,123057281409.341,159625322825.514,111.344068690369,5379.45628195859,10240.6578002349,897951.784575688,1466722829.04784,3374934316.62101,-17.9586122296992,6.31754842803539,2.07439176690055,42.9166248257891,0.815967365540742,30.3258839914809,2.41453789665724,3.18118076677882,2.73526298617501,0.0325754111893947,4.0326831750861e+45,46.9596947818158,2.92799681191058,6585711892.71957,5.3854221720119,5.41917169014648,-15.9565370896839,-15.4863448924735,38667539065.6568,663299255602.055,665833293910.744,4252883.97009895,440279913.951297,447736090.269347,2024207727.74939,54087785063.3329,54764742684.4828,-14.8062829126864,0.527298785732418,0.914552845399126,4.72851314973569,0.579766393951947,7.75595150517978,0.701760041221774,0.735020701158835,0.673459735464065,0.00611247035025603,9.51545544420379e+44,2.82321830274452,0.794846544631811,565121303.445467,0.455439629795042,0.457436110537644,0.600720170635878,0.355648612496388,3145456344.65781,227899251865.25,191407352123.548,27382.1582735112,31068396.7809856,47283523.2209598,87030843.4079384,10550159046.0299,10821875333.2453,1.30385464726525,5.77959119131317,0.597585444643466,37.5295715718036,0.588755343294243,15.8910072135406,0.519067744801783,1.28763310921868,0.792723902158813,0.0260227524881172,9.35172198637257e+44,3.70092584138551,1.27565516108777,6011729008.3224,4.9248614868797,4.95649702832729,0.617060097799655,0.720455044895342,35486039372.8935,312342722327.464,314800618961.682,4225390.46775674,409206137.714029,400442326.390587,1936278932.55687,42070903188.2552,40567933034.6165,1.84847466974748,140605,150.077157477132,2.38035559878489,33.1932673336089
1.83493096771934,0.311906147242024,15.2532011341557,0.624592738681034,0.462529124523508,0.000778371227062402,1.99990994140489,1.99996804408995,0.000655078398527381,2.21914674577707e+41,43.815653726014,2.63252634255006,1232441118.13284,1.83005792369712,1.82802020180153,-19.2721389191823,-11.2076115960794,9945136267.40697,48163.9030906037,9945184431.31006,23533522.8987046,113.990132898711,23533636.8888375,2845605499307.78,13783357.0621614,2845619282664.84,-12.6893853702101,1.78127352287641,-0.080000980373915,39.6698651519056,0.0639334621363059,0.12986541818401,0.000439099713025347,2.61681060204364,2.45735838616587,0.00469715141585921,4.00356864546671e+41,39.7501859343901,0.744008333584318,1026245256.9862,1.71463123792568,1.69781470272732,-19.2547150589915,-10.2670215172533,5077365582.09656,28762.52341903,5077585661.60672,200844.468352266,2.37757112920748,201328.857207398,486936811.928378,1974.27531006065,492623795.918241,-16.4983096679618,1.57533292932158,-0.518694482694147,9.35847139203352,-0.414111944160632,0.00962952326042522,2.29342051894946e-05,1.46685917242172,1.52642687053362,0.000619648782332272,1.76683153080973e+40,34.4271549285915,0.162436756928311,916831213.17724,1.55458183252986,1.55238442904335,-19.382747339179,-13.884145881798,2302564997.63532,1239.09373889254,2304032309.81594,2454.55370916966,0.0162227104786978,2455.20775936679,64435988.8087046,25.5288232155613,64638494.252134,-17.8238733783421,2.37287374892294,0.446819230869251,95.8515683076333,0.708939386061168,0.406345498142968,0.0163631416523221,3.44652832971453,3.3815068603518,0.0326463130082365,7.95333564661035e+42,42.3051941868605,5.37367827411226,1196600650.54944,1.96608083109057,1.92823357725133,-19.1585532642815,-5.91353723033359,9599921644.13394,1711252.41026026,9711863115.76729,7565607.43443498,387.064062185438,7565610.79463674,815513739.948203,185815.759500478,828841804.182205,-14.9083172728557,0.205940593554838,0.438693502320233,30.3113937598721,0.478045406296937,0.120235894923585,0.000416165507835852,1.14995142962192,0.93093151563225,0.00407750263352694,3.82688549238574e+41,5.32303100579861,0.581571576656007,109414043.808955,0.160049405395813,0.145430273683976,0.128032280187497,3.61712436454468,2774800584.46124,27523.4296801375,2773553351.79078,198389.914643097,2.36134841872878,198873.649448031,422500823.119673,1948.74648684509,427985301.666107,1.32556371038033,0.591600226046521,0.526820211243166,56.1817031557277,0.645005923924862,0.276480079958958,0.0159240419392967,0.829717727670896,0.924148474185934,0.0279491615923773,7.55297878206368e+42,2.55500825247037,4.62966994052794,170355393.563241,0.251449593164898,0.230418874524008,0.0961617947100493,4.35348428691975,4522556062.03738,1682489.88684123,4634277454.16058,7364762.96608271,384.68649105623,7364281.93742934,328576928.019825,183841.484190417,336218008.263964,1.5899923951061,130533,150.078308861471,2.36475144654217,30.5544015606507
7.78398439622159,-0.20855612027862,1.19858488522939,0.0749618329975507,5.98554026103573,0.272492401967432,2.00021159683741,1.99962064963379,0.0263507710620952,2.34971822398344e+36,42.4986013795471,0.300639471698056,3658885199.1864,7.26800735837182,7.14351637623297,-19.1452854922112,1.61207706900193,48241316852.4943,14552640694.4816,62793957546.976,114249811.812199,34409033.803509,148658845.615708,9844421522.78745,2964880445.58351,12809301968.371,-12.689385461514,5.30221261554241,0.152967528974914,11.3598807448536,0.347874463953715,6.01874444340896,0.0807506927518558,1.59699186553251,1.87883831144247,0.0268006575306881,2.18444462433606e+39,40.5828162982467,0.990042320345652,3686156047.29459,5.14662045542573,5.10369738136004,-19.1585521132952,-2.09936276049091,34293754220.8185,3532494905.38047,38609891705.4849,4091323.39053456,292275.538671255,9757223.41407098,732638946.118232,28020442.282814,1396060108.99059,-15.5926966869484,3.85907519159214,-0.797225287199494,2.67981815234986,-0.366862485549906,1.48079085433738,8.06629994526821e-05,0.712139247044638,0.912252148762253,0.00694340528731587,9.8117899208779e+35,34.4052463303642,0.199752739186216,3357958491.73686,3.5004233518144,3.51286747774573,-19.2776567168785,-10.2529998344342,23475930904.1879,25444476.0227759,23828957339.0827,478603.788485662,5106.10704681062,1220396.14579996,47010169.7552233,1648221.29173783,134822713.364356,-17.2374939990339,7.80391371378602,1.21229696298155,63.1553339422382,0.872380900903476,23.5756332467463,0.245851977836283,2.5518797186786,2.96359972518549,0.0495978593381799,5.28377494809229e+41,43.0877112371443,4.5226668671754,4104281193.9531,6.25338283117811,6.12978881392576,-19.0708989816923,3.28477506971058,40806765757.5301,13051313235.1636,53196982907.1935,49288294.1810615,5558394.41429432,50459654.949675,4089315275.08144,590125900.76943,4267843896.97314,-14.4529414643,1.44313742395026,0.950192816174408,8.68006259250373,0.714736949503621,4.53795358907159,0.0806700297524031,0.884852618487873,0.966586162680219,0.0198572522433722,2.18346344534397e+39,6.17756996788251,0.790289581159436,328197555.557735,1.64619710361134,1.59082990361431,0.119104603583221,8.15363707394331,10817823316.6305,3507050429.35769,14780934366.4022,3612719.6020489,287169.431624445,8536827.26827101,685628776.363009,26372220.9910762,1261237395.62624,1.64479731208546,2.50170109824361,1.05932943400663,51.7954531973846,0.524506436949761,17.5568888033374,0.165101285084427,0.954887853146089,1.08476141374302,0.0227972018074919,5.26193050184893e+41,2.50489493889754,3.53262454682975,418125146.658512,1.10676237575238,1.02609143256571,0.0876531316029805,5.38413783020149,6513011536.71166,9518818329.78311,14587091201.7086,45196970.7905269,5266118.87562307,40702431.535604,3356676328.96321,562105458.486616,2871783787.98254,1.13975522264837,3405,214.867871050576,52.8508748237664,31.208000644116
150.562645023545,-0.081914216779012,0.300011038987242,0.33269910759226,4.49229375335594,0.882540694228309,2.00434344494993,1.99857366971069,0.000315872130925249,7.09628161180762e+40,44.5190986433461,0.790058564069518,19752164423.0447,137.82455312395,125.315330253685,-21.1512294323963,-7.88603881786931,1015177992898.15,642010545390.794,1657188538288.95,2431609635.1459,1513634313.17117,3945243948.31706,2821017007450610,1756033566736740,4577050574187350,-12.6898611995536,108.753460867766,-0.111317853342707,0.3,0.428227740549537,7.37722923371493,0.618958391321506,1.51170437900139,1.94099414711355,0.0106273963060889,1.80854255439781e+41,40.7448702892474,0.990042320345652,12292277497.0167,91.7703783026978,82.383130706106,-21.2737965926384,-8.0498832327808,649501353637.922,333175655963.243,988058201656.69,14709576.0815699,2154230.31302679,69648795.6120692,7346653345.21247,3026520200.41309,23137284481.5351,-16.4214950966631,29.514605905889,-0.259511719557,0.3,-0.256322831283039,2.23554015664437,0.000132241616272849,0.658000936402276,0.842178904255619,0.00172421545762506,3.12999218612276e+38,34.7750780457075,0.213817400327811,9690407924.50443,26.4224166100295,25.9596867711247,-21.4175305849744,-14.0443639200311,175365294591.503,220245007.479896,175479398747.346,942849.001502209,3072.12786884395,2330766.06455436,974916002.123604,19562330.5670594,5348968249.58782,-18.3927455255299,241.037955864308,-0.0849727468626868,0.413445568354713,0.935693721940885,24.5612355192765,0.923508252526366,2.41873766154083,2.97823816431521,0.0325912546687055,3.75113438183386e+43,43.2998216851408,4.15802562081639,17320748256.6111,202.037838299997,161.194611604599,-21.0972227509299,1.51271510977923,1451894938867.89,762705909644.164,2221544696589.75,182196790.552845,203451167.295761,474622805.526472,34069960101.9074,31487137568.118,64004099645.951,-14.9289666327797,79.238854961877,0.148193866214293,0,0.684550571832576,5.14168907707056,0.618826149705234,0.853703442599114,1.09881524285793,0.00890318084846387,1.80541256221169e+41,5.96979224353986,0.776224920017841,2601869572.51224,65.3479616926683,56.4234439349813,0.143733992336031,5.99448068725026,474136059046.419,332955410955.763,812578802909.344,13766727.0800677,2151158.18515794,67318029.5475148,6371737343.08887,3006957869.84603,17788316231.9472,1.97125042886673,132.284494996542,0.02634510648002,0.113445568354713,0.507465981391348,17.1840062855616,0.30454986120486,0.907033282539439,1.03724401720167,0.0219638583626165,3.73304895628988e+43,2.55495139589342,3.16798330047074,5028470759.59442,110.267459997299,78.8114808984929,0.176573841708489,9.56259834256003,802393585229.97,429530253680.921,1233486494933.06,167487214.471275,201296936.982734,404974009.914403,26723306756.6949,28460617367.7049,40866815164.416,1.49252846388339,8507,189.233047870637,62.2367850381644,36.7427228077047
115.851649725872,1.61283783845156,0.302696344140746,-0.490438816074119,13.0089345689032,0.942339767984561,1.98691074373129,2.09780004363689,0.0500751065752374,9.86604180353137e+43,46.1040986304267,0.104714306804837,18410387009.2242,2.74233134519418e-61,2.00221579714216e-52,-16.55606632818,-16.1995694207951,86401497.5666885,40469332739.2455,40555734236.8121,197202.006517949,122738334.47122,122935536.477738,8941646.22243197,5565271794.90075,5574213441.12319,-9.92867862497937,31.1103395175541,1.49881096396684,0.422811789327116,-0.242578447130728,6.40308011054115,0.685957780435951,2.00477058512044,1.85798478664762,0.0157208935880918,6.06396192319874e+40,48.6000840104647,1.10541937840559,10638063309.9958,0.00128976817989543,0.00285142875055543,-16.0092146897377,-9.6776040564975,95778517.3135872,17492715643.0948,17888400900.1902,44314.645156469,709224.353502186,1069693.7424542,7027708.41592173,192067980.463876,512112951.815704,-13.6798264895318,18.0051504327278,1.24663218259085,0.3,-0.499072548813818,0.379077673299796,0.000165140793809503,1.17705984763728,1.18537374873848,0.00428645717767297,2.97746782711417e+36,46.8989327666737,0.161427661409366,6263785968.06269,2.94026376464509e-23,4.47883480037917e-20,-16.4781554279122,-16.0872363053636,44507751.9489885,0.114842407761665,164987898.97842,1899.5105101087,6.21247919526777e-05,24795.6298824052,556334.150285425,0.00983555278610626,5824377.44025044,-15.5806532388577,48.9656537072294,1.68019797980919,0.755601669460558,0.0300888911171543,25.7935465844583,1.36512212592527,3.12000885170457,2.52660143587032,0.0410975350822027,1.39954913767886e+44,50.7110463874168,6.50278713973787,18221578992.7109,2.47632487489606,3.06924251248784,-15.0048542237283,0.331566982209738,17194907055.4875,73725391024.3364,92944136305.5311,2986261.93394442,25002359.266811,43965727.5510182,1398196226.32921,4140982755.99179,7123121538.84382,-11.9770469016124,13.1051890848263,0.252178781375998,0.122811789327116,0.25649410168309,6.02400243724135,0.685792639642142,0.827710737483158,0.672611037909141,0.0114344364104189,6.06366417641603e+40,1.70115124379102,0.943991716996222,4374277341.93309,0.00128976817989543,0.00285142875055543,0.468940738174517,6.40963224886612,51270765.3645987,17492715642.98,17723413001.2117,42415.1346463603,709224.353440062,1044898.1125718,6471374.26563631,192067980.45404,506288574.375453,1.90082674932594,17.8553141896753,0.181387015842347,0.332789880133442,0.272667338247882,19.3904664739171,0.679164345489319,1.11523826658412,0.668616649222698,0.0253766414941109,1.39894274148654e+44,2.11096237695215,5.39736776133228,7583515682.71513,2.47503510671616,3.06639108373729,1.00436046600936,10.0091710387072,17099128538.1739,56232675381.2416,75055735405.3409,2941947.28878795,24293134.9133088,42896033.8085639,1391168517.91329,3948914775.52791,6611008587.02811,1.70277958791945,11701,34.405870226589,-5.3129642442951,32.8989346612047
90.4446970964847,-0.148660625983451,0.300033640293534,0.999417034056874,30.3923594804649,1.0198732734901,1.80324705100084,1.81205450515399,0.000552746419104875,3.79827792675456e+35,71.5562608206687,0.215908450552779,3632316398.67318,60.0657700444223,39.4339202106914,-19.5313275361447,4.91386704695515,464900130583.964,203260645682.991,668160776266.956,586580117.140835,264765835.180313,851345952.321149,120086404422440,54203639420451.7,174290043842891,-9.90168604917711,51.686795067303,-0.127162842930597,0.3,0.924568622137573,9.18013828012365,0.865711999643961,1.61761315852299,1.90733813623879,0.0012856244698324,1.91842020847316e+37,72.7217820591126,0.729930360105063,3047675548.82004,40.134720379373,29.9127140524511,-19.6148031501392,0.456566927513393,309240238991.325,145241111047.284,451802267897.543,90474.5305417583,98941.7614895092,252561.837931276,4087393979.76326,4240639420.26954,11540176246.0697,-11.8599459499453,37.5594137160066,-0.149429194393279,0.3,0.762707344987011,3.60986564545598,0.755926927030655,0.6751875700854,0.93609168623783,0.000156331114085866,3.45513336656455e+35,70.7063101894836,0.139357605980777,2610645861.23344,30.0125527763694,24.1942864039017,-19.731043442284,-4.95483799571148,227765556383.718,112944882076.356,340529141750.683,374.291681073069,281.112483256552,877.060043150739,270756027.776901,242094638.71686,1977415951.8196,-13.3593908695908,73.0889522908313,-0.107470230280184,0.309719375164756,1,24.6180537306079,1.0053359749816,2.56881794473903,2.71551028277854,0.0216756499913693,1.95119143036128e+39,75.577992995706,4.34670613208883,3634972054.90084,51.9860178491409,36.9900890077973,-19.4760477263055,4.54416006775269,401450430600.871,188986050126.418,587868474909.48,76080549.8227296,46148665.2326482,181921853.639651,25887024655.6206,14204591577.118,37968554162.7702,-10.9197494615791,14.1273813512964,0.0222663514626826,0,0.161861277150562,5.57027263466767,0.109785072613307,0.942425588437594,0.97124645000096,0.00112929335574654,1.88386887480752e+37,2.01547186962897,0.590572754124287,437029687.586602,10.1221676030036,5.71842764854935,0.116240292144855,5.41140492322488,81474682607.6064,32296228970.9286,111273126146.86,90100.2388606853,98660.6490062526,251684.777888125,3816637951.98635,3998544781.55268,9562760294.25011,1.49944491964549,21.4021572235283,0.0196926126504128,0.00971937516475652,0.0754313778624267,15.4379154504843,0.139623975337643,0.95120478621604,0.808172146539749,0.0203900255215369,1.93200722827655e+39,2.85621093659347,3.61677577198377,587296506.080798,11.8512974697679,7.0773749553462,0.138755423833668,4.08759314023929,92210191609.5468,43744939079.1341,136066207011.937,75990075.2921879,46049723.4711587,181669291.80172,21799630675.8574,9963952156.84844,26428377916.7005,0.940196488366155,27685,34.3651023349215,-5.300122806878,21.059233705772
910.959592187374,-1.99999652718096,0.72008196929139,-0.169185078085091,30.646428296071,0.578947986221812,1.9862731481024,1.99514711162391,0.0501187221940133,4.262457823586e+40,45.6693571120974,1.40771889082979,4600275840.19081,25.8207283390729,22.0798667859482,-19.5081426025368,-8.30326901402149,172773290516.554,63057044855.8856,235830335372.439,393630532.520748,147265351.317021,540895883.837768,17832688505.4953,6671578855.6121,24504267361.1074,-18.0753605934593,106.009841634111,-1.54872352328366,1.72490442999342,-0.210560331174635,8.62160655608431,0.570976415227358,1.39273154283866,2.25663842350096,0.0296649753739157,1.39286673378603e+39,41.9077269100981,1.72031159547135,4981284458.5115,21.7437238395713,19.4382828536484,-19.5205385946525,-3.83331807199922,146499061558.499,61883092932.8958,210106991704.654,5148082.42197108,11030098.7748176,32176814.1511023,1389369533.76784,4228620450.71171,7908191349.87835,-21.1358152820104,29.1827572697248,-1.97054148310752,0.668647901538994,-0.406240478404079,2.6752176446902,0.25850050652286,0.76266934483,1.14554315330928,0.000925238070140777,1.78764365916571e+36,40.9889333226414,0.279174170899324,3320375268.58733,13.0072731464776,11.9459202727416,-19.7631781517147,-7.23147411708779,86569410466.7652,21725583688.9182,108123859406.035,50403.2154701983,115940.650665495,295947.007219356,170987577.233656,191510986.375758,963880901.690012,-22.8587627682025,397.281855648932,-0.681395859925244,23.6521167757684,0.742749718578764,25.2648620577972,0.866404485748762,2.04378312144994,2.99114756278392,0.0501187233627272,5.36172137427743e+40,43.1894382323912,6.49535660422405,7366707777.02977,30.6779104242824,27.7366969370086,-19.3733887776454,3.29532807218223,215870978756.438,137731849090.155,344339489658.342,83570548.7584234,122071553.988671,224022515.385493,10195990112.6485,13049520673.1781,21393695519.4354,-19.8910543080389,76.8270843643861,0.421817959823862,1.05625652845443,0.195680147229444,5.94638891139411,0.312475908704498,0.630062198008662,1.11109527019168,0.028739737303775,1.39107909012687e+39,0.918793587456726,1.44113742457203,1660909189.92417,8.73645069309372,7.49236258090681,0.242639557062137,3.39815604508857,59929651091.7337,40157509243.9776,101983132298.619,5097679.20650088,10914158.1241521,31880867.143883,1218381956.53418,4037109464.33595,6944310448.18834,1.7229474861921,291.272014014821,0.867327663358413,21.927212345775,0.953310049753399,16.6432555017129,0.295428070521403,0.651051578611281,0.734509139282962,0.0204537479888115,5.22243470089883e+40,1.28171132229311,4.7750450087527,2385423318.51827,8.93418658471103,8.29841408336021,0.147149817007143,7.12864614418145,69371917197.9394,75848756157.259,134232497953.688,78422466.3364523,111041455.213853,191845701.234391,8806620578.88069,8820900222.46639,13485504169.5571,1.24476097397151,78529,150.081606355261,2.29374216877298,41.6529546228146
231.509024616667,0.409065744001499,0.300007810709451,-0.165487345813045,25.1263411363488,3.54584826779057,2.00781593720753,2.01275636588664,0.0501187012796548,2.63995675586728e+41,49.5443919548983,0.152018493139353,108280240365.898,62.2935295018889,85.1015266621288,-12.7350859653001,-2.84893747837503,409975397407.776,701810982552.375,1111786379960.15,991322788.144771,1719802897.8332,2711125685.97797,44910027057.9233,77912457576.5373,122822484634.461,-12.1830111270605,193.610672386472,1.24896865411449,7.35652329061912,0.358077918986455,20.9385352097353,4.28846024289471,2.12485689938515,1.99242908596135,0.000566998923266711,2.21382777521414e+37,56.4619527241073,1.30071931663266,233235561373.178,187.441312728221,187.460414969008,-12.5184901171225,9.25875494162449,1325739633364.42,1935224752546.31,3232881784321.99,216910.456561785,147879.750397292,515843.78526999,52112687715.1794,51856167110.5822,131347317978.849,-14.7285539910011,159.979021263921,0.550648143723838,0.582216766884906,-0.270452400877892,12.3869610787209,3.82046320323205,1.45819451692584,1.09246347882891,0.000150480697436114,1.35892823450062e+36,51.8425528148231,0.20897223788046,150236502725.627,118.226088601656,118.82241646754,-13.0072935516404,1.27190888746343,833818614800.373,1151284569665.97,1962003181785.74,2586.92530362137,3958.11794333726,11735.0166560282,8954850537.76758,4619394353.39981,51716589783.042,-16.0233336924669,235.67633843388,2.32499998750727,53.3933714302027,0.860903452245487,31.6227766016838,4.52462206901376,3.31081727625249,2.82100520064679,0.00498384117157441,2.85772753394328e+40,59.9440975003996,5.73154413138765,304536693603.381,224.06991103072,224.546495430957,-12.0710437229914,12.8372780029905,1639993382264.22,2411395074449.65,4045723497197.49,50611416.0404514,47646896.3447629,251223282.175357,124180649991.84,145664433649.554,222913621876.941,-13.8462634935703,33.6316511225508,0.698320510390657,6.77430652373421,0.628530319864347,8.55157413101438,0.467997039662662,0.66666238245931,0.899965607132437,0.000416518225830597,2.07793495176408e+37,4.61939990928413,1.0917470787522,82999058647.5511,69.215224126565,68.6379985014683,0.488803434517941,7.98684605416107,491921018564.05,783940182880.342,1270878602536.25,214323.531258163,143921.632453954,504108.768613961,43157837177.4119,47236772757.1824,79630728195.8074,1.29477970146579,42.0656660474081,1.07603133339278,46.0368481395835,0.502825533259032,10.6842413919485,0.236161826119054,1.18596037686733,0.828576114685439,0.0044168422483077,2.85551370616807e+40,3.48214477629239,4.43082481475499,71301132230.2025,36.6285983024992,37.0860804619493,0.447446394131056,3.57852306136602,314253748899.795,476170321903.34,812841712875.498,50394505.5838896,47499016.5943656,250707438.390087,72067962276.6605,93808266538.972,91566303898.092,0.882290497430798,146132,150.129273932131,2.36955695633955,26.7125017943365
2.68752994727417,0.146544274382653,0.300004450510293,0.286107079932669,1.46263191576991,0.363822361824597,1.97066837953974,1.98043116455195,0.000100004052739525,1.97960673476015e+43,39.9998481242733,0.100000419367929,755102519.717765,2.43497020316575,2.52777231453852,-18.5807740414499,-15.7863032589128,18075213877.2554,12084329805.8978,30159543683.1533,39391737.9095142,27081320.9837237,66473058.8932379,1615650766045470,1110739442199340,2726390208244810,-11.8584501527382,1.92939051149851,-1.47805748864447,6.94533880092393,0.0480997803603326,1.39859412630312,0.00697161807603347,1.67299097046373,1.99769783982423,0.00203055331791347,4.76752947832964e+39,41.332468618849,0.702014269039746,819639260.510501,1.34572965892637,1.31528969770021,-18.6598757836556,-5.20131121807322,9280698090.86318,18575878.4966832,9416077963.70297,11136.113240809,5.32170849993615,12991.997988689,126931969.625673,94757.7577169245,200526617.119333,-14.8304964330698,1.69018160579197,-1.94349645292507,0.725702182672763,-0.433562346887259,0.0714928390931987,0.00049664220648713,0.771589894986956,1.06247522579835,0.000269401616558536,3.88625817592211e+37,39.2511170725893,0.130637253917138,688055501.380543,1.09144693655631,1.06465058899889,-18.8791247198231,-11.8338095797677,2796813719.22253,187.520374421048,2797076617.99423,39.6237161101568,0.00341326531842914,83.2304328702727,6783372.20688227,5.33207487909288,8631392.41100554,-16.2738315409924,2.48570709371692,-0.183554350353204,46.2565193502772,0.858582288161187,15.5995570274489,0.230849201888503,2.57422944800976,2.72776747229699,0.00681983881535679,1.02719769781626e+42,44.107348373066,4.31893743297465,942376157.339079,2.14168274710605,2.13272410865965,-18.4763426102333,-1.00705977162117,14444681973.2892,6834478667.20548,22052225383.1473,521108.389304119,1296.94915492084,527003.405999544,759829512.121892,164330308.314177,925456696.786352,-13.7538190110597,0.239208905706538,0.465438964280601,6.21963661825116,0.481662127247592,1.32710128720992,0.00647497586954634,0.901401075476776,0.935222614025873,0.00176115170135493,4.72866689657042e+39,2.08135154625967,0.571377015122608,131583759.129958,0.254282722370063,0.25063910870132,0.219248936167535,6.63249836169449,6483884371.64064,18575690.9763088,6619001345.70874,11096.4895246988,5.31829523461772,12908.7675558187,120148597.418791,94752.4256420454,191895224.708328,1.4433351079226,0.556316582218404,1.29450313829127,39.3111805493533,0.810482507800854,14.2009629011458,0.223877583812469,0.90123847754603,0.730069632472759,0.00478928549744332,1.02243016833793e+42,2.77487975421702,3.6169231639349,122736896.828578,0.795953088179679,0.817434410959443,0.183533173422301,4.19425144645205,5163983882.42605,6815902788.70879,12636147419.4443,509972.27606331,1291.6274464209,514011.408010855,632897542.496219,164235550.55646,724930079.667019,1.07667742201009,159133,150.096406580984,2.39511118818305,28.3095273206081
4.19619090833477,0.232363842888307,0.300996243638781,0.591262575980995,5.12276073576263,0.635118783171599,1.99980819247949,2.00036833701496,0.0106634096789149,1.23592801786014e+43,36.8961316210841,1.00151032036352,1276244367.34758,3.65607870570493,3.76868861985682,-17.8144609860756,-11.004721084089,25650271279.5686,16441042565.7938,42091313845.3623,60680151.5188209,38954061.8239099,99634213.3427308,12920478493.096,8294394549.4014,21214873042.4974,-11.0339740972834,3.17993442108896,0.25649253998212,0.552662164249934,0.268767955534899,5.15851786239093,0.50338393004078,1.77887335176416,2.00909683527979,0.00993419912632724,4.14935555164273e+40,37.9469921878305,0.631773448333414,1544646843.87389,2.76818676784251,2.81722979809505,-17.8181702024984,-5.16272299959849,19104372646.4496,10885811928.8174,30455318256.3506,346217.052548616,72331.3885785904,829183.047558485,397230308.025478,274379874.582351,1091357625.20134,-14.1754212886065,2.6758854651457,-0.0214614854950463,0.3,-0.136052949506744,0.767307524740493,0.0229697417248369,0.839823750345157,1.0148385047314,0.000349029746000729,3.59643115148763e+38,35.9627834156643,0.14454179109567,1281778180.72982,0.875676328712643,1.01299751120971,-18.039327383625,-11.7508270750615,4355402814.93233,120156133.470642,5032234393.88441,213.390633739731,66.514643783664,1014.52709080359,21119045.5120209,2590123.55696317,54769428.3936041,-15.8711489239327,4.19619090833477,0.668159033190412,1.26319548981029,0.710275008953818,21.0699668799549,0.80421304065033,2.63334913108247,2.72545821566362,0.0334290640397339,4.57930989628835e+42,40.7659729659426,3.43436367407208,2776395062.96557,3.71637254090007,3.77128808612028,-17.5180527608442,-0.673841410603536,26255648974.6634,24153584460.5802,49716407420.043,10451443.5771306,6177176.3129794,16364266.5394075,2030360328.29081,1747732958.11244,3716321222.50931,-12.7671716189448,0.504048955943262,0.277954025477167,0.252662164249934,0.404820905041643,4.39121033765044,0.480414188315943,0.939049601419006,0.994258330548386,0.00958516938032651,4.11339124012786e+40,1.98420877216619,0.487231657237744,262868663.144072,1.89251043912987,1.80423228688534,0.221157181126603,6.58810407546303,14748969831.5172,10765655795.3468,25423083862.4662,346003.661914876,72264.8739348067,828168.520467681,376111262.513458,271789751.025387,1036588196.80774,1.69572763532627,1.01625648724582,0.411666493208292,0.710533325560358,0.441507053418919,15.911449017564,0.30082911060955,0.854475779318311,0.716361380383831,0.0234948649134067,4.53781634077192e+42,2.81898077811211,2.80259022573867,1231748219.09167,0.948185773057564,0.954058288025236,0.300117441654287,4.48888158899495,7151276328.21383,13267772531.7627,19261089163.6923,10105226.524582,6104844.92440081,15535083.4918491,1633130020.26534,1473353083.53009,2624963597.30797,1.40824966966169,8112,214.885562634603,52.8350530078307,28.2064167387349
206.812515041744,1.54435509281379,5.41416944828111,-0.00931702494138611,23.1994099956432,4.19043438735936,1.99944639345515,1.99957801828951,0.0277687773334318,3.25411375345529e+40,36.7344305538248,0.759771586352785,255239805923.569,198.577964687968,199.041845540073,-12.0878153077329,3.98382847808334,1319870950591.65,1551059579163.68,2870930529755.32,3119276905.72763,3666977272.5028,6786254178.23043,255049929278.228,299833045376.438,554882974654.666,-12.6894004053118,264.392989142453,1.80576898622297,14.1369289217388,0.317177081022123,22.1810646541306,4.51799230769312,1.70087193054686,1.85282946214357,0.0133369586214616,5.36594167344447e+37,37.6374114966849,1.00010731968252,310466013369.508,249.21990558356,249.328423008287,-11.7028169699188,12.1646385151889,1711689332339.11,2123147638355.83,3858858561849.56,175584896.587933,252887280.262018,1365574251.83771,54778682757.3458,91294488539.9311,240295374082.307,-15.8078022501432,209.215431957551,0.935630948191722,2.46445543097255,-0.318545484392896,13.9924842105292,4.29133719242665,0.968501227487098,1.09873224839631,0.00169436740289518,1.66074411382648e+36,34.0486535726375,0.203183805764873,243290686324.518,200.416530577654,201.008029313632,-12.1601046885953,5.26439314348515,1380278746773.22,1672470046740.55,3134012109531.71,1056311.43680143,3151583.99220945,8274826.92187727,3751335484.89114,7028093011.52123,66607832967.7998,-17.2467318039703,342.115494734055,2.33681191781439,64.0988784015428,0.891614230099567,31.6227766016838,4.80675337873379,3.0003627808187,2.74901561441249,0.0416909854052123,3.13539630007523e+40,41.9987353471974,4.59761319559189,415812318318.375,326.443104357376,325.777608081796,-11.2864980110529,16.6424498115959,2296450799648.75,3074053637492.27,5229659143560.23,2943887609.65714,4096320696.25384,7093839328.54005,334040847030.215,364985975195.75,565190161517.263,-14.4204321959321,55.1775571849017,0.870138038031251,11.6724734907662,0.635722565415019,8.18858044360141,0.226655115266462,0.732370703059759,0.754097213747261,0.0116425912185664,5.19986726206182e+37,3.58875792404736,0.796923513917647,67175327044.9897,48.8033750059061,48.3203936946557,0.457287718676501,6.90024537170376,331410585565.887,450677591615.28,724846452317.845,174528585.151132,249735696.269809,1357299424.91583,51027347272.4547,84266395528.4098,173687541114.507,1.43892955382701,77.7225055916024,0.531042931591419,49.961949479804,0.574437149077444,9.44171194755316,0.288761071040676,1.29949085027184,0.896186152268914,0.0283540267837507,3.13003035840179e+40,4.36132385051253,3.59750587590937,105346304948.867,77.2231987738152,76.449185073508,0.416318958865844,4.47781129640697,584761467309.64,950905999136.438,1370800581710.67,2768302713.06921,3843433415.99182,5728265076.70234,279262164272.869,273691486655.819,324894787434.956,1.38737005421117,134028,150.098546392493,2.3653554114868,30.1220087502361
5.27272851074393,0.252133372110237,0.300000012149504,0.66947361371954,1.46539650557672,0.230711574853399,1.97325749483211,1.99067550736711,0.0104006559195622,5.98901663928506e+37,50.3098397418522,9.99188747609713,1621676335.92388,4.63511669791753,4.75281583485316,-19.1918171495046,-2.70895205165707,31277221068.6997,10796806418.582,42074027487.2816,68672713.2725139,24903603.0952762,93576316.3677901,14991721764.825,5436626437.99233,20428348202.8173,-15.7768268857147,2.95955748602392,0.604118456996528,5.87191161417463,0.246159233138756,5.87707862857724,0.00110059964877079,1.27054349130311,1.73886376495297,0.00292967413367496,2.84048274200923e+37,46.9258804842887,1.12105789713362,2262700091.22145,2.81947810561466,2.83318147568767,-19.271241479338,-1.99404568248869,19708943728.2513,35344913.8539043,20300697995.2714,60132.4038215839,335.740754984689,73825.6454267654,93665378.2288615,1415851.05748776,203232236.272462,-18.8602739476044,2.44003571389628,0.0508377962941505,0.781804500724564,-0.218023161972378,1.21684883043609,3.79341830831554e-05,0.690674451564766,1.00793388848447,0.00063657522497303,5.27791709742025e+35,42.1403592542695,0.164520142877356,1866238581.09037,2.29927620510812,2.34176171251132,-19.3797841855518,-10.5431549136633,15757910709.429,127.744306554215,16251832950.3062,446.211959379564,0.000336175513864533,989.293162969172,15500966.6267165,4.01411871399452,25669940.8332148,-20.3128825128822,4.08976465266854,1.61395120160065,51.8674354474752,0.789308007865382,24.0392150876564,0.113716930009262,1.92562960142092,2.56893635341245,0.0127622284614385,7.96871429683841e+40,48.9450368716708,6.79480344508411,2711370962.90346,3.44915903484771,3.46605689132983,-19.1695508892938,2.68916443365246,23732583574.5998,4629265689.55899,27601101747.3082,2017700.00478572,31610.12316651,2421989.70651523,859996007.383758,116978197.820945,931133418.753072,-17.7546141352642,0.519521772127642,0.553280660702378,5.09010711345007,0.464182395111135,4.66022979814116,0.00106266546568763,0.579869039738344,0.730929876468496,0.00229309890870193,2.78770357103503e+37,4.78552123001925,0.956537754256263,396461510.131076,0.520201900506542,0.491419763176346,0.108542706213818,8.54910923117462,3951033018.82223,35344786.1095978,4048865044.96515,59686.1918622043,335.740418809175,72836.3522637962,78164411.602145,1415847.04336905,177562295.439247,1.4526085652778,1.13020716664462,1.00983274460412,45.9955238333006,0.543148774726625,18.1621364590791,0.112616330360491,0.655086110117807,0.830072588459487,0.00983255432776355,7.9658738140964e+40,2.01915638738211,5.67374554795049,448670871.68201,0.629680929233048,0.632875415642159,0.101690590044225,4.68321011614115,4023639846.34856,4593920775.70508,7300403752.03685,1957567.60096413,31274.3824115253,2348164.06108847,766330629.154896,115562346.763457,727901182.48061,1.10565981234026,54465,150.089842513388,2.25040870558463,36.2835459988684
28.525678581837,0.597006280960728,0.776703525587186,0.161207998576424,17.5252723458771,1.48049346060881,2.00035476592438,2.00034884215086,0.0381062460943236,5.65009950727546e+42,44.725104679144,0.567885712052664,23105096977.0969,22.5601906943957,23.2491140088095,-16.9521336316997,-11.1408229210183,149953006186.444,131044093871.794,280997100058.238,355273142.97893,310468529.498998,665741672.477928,21168702811.8286,18499051119.6043,39667753931.4329,-12.6893854596052,21.3356019854566,0.601736220986092,8.06912161418553,0.279404384471783,10.7764294897691,1.51001450355148,1.52533137129024,2.00235110526141,0.0251294593907421,8.57806878501351e+40,41.1031736111162,1.32960768160054,26630234247.1664,20.2506166334596,20.3274789668145,-17.0313113471019,-4.59398522263618,140841128578.006,137855176123.572,297549300054.405,16738196.6322625,105775866.600583,160998475.165609,2170860856.2151,8674537581.60897,16685260472.4469,-15.6800360009542,15.9006360688691,-0.844770336148733,1.31824031485338,-0.361587907466527,4.94362600220911,1.16252212594269,0.754000384532543,1.03818621138338,0.00647882345230129,3.01357288580748e+38,34.9052059761506,0.253775397600229,22036888075.3548,14.2624461905322,14.2863264416169,-17.2955774407658,-9.34519369505719,95008715882.3655,80852799045.2385,177659430187.343,1257740.32083239,1866673.15699365,10653043.7828134,217056268.765117,451064022.043403,2556354113.26652,-17.1832399126783,33.5697119024898,2.04708729069007,54.4705552814526,0.805552042198112,26.7736151578626,1.74454183935208,2.49197931664443,2.90312655508331,0.0495939535227377,6.59320595875898e+42,43.1354821072702,6.55884846214517,31970735982.7041,29.139159809921,29.1055196125014,-16.8338997421339,2.10663408706649,198345063997.685,205759454395.598,403618309592.06,230012859.911442,312332054.250506,479056556.07745,20916708419.2906,24940588219.0827,40592491729.1242,-14.3616059674236,5.43496591658755,1.44650655713482,6.75088129933215,0.64099229193831,5.83280348756003,0.347492377608793,0.771330986757695,0.964164893878033,0.0186506359384408,8.54793305615544e+40,6.19796763496554,1.07583228400031,4593346171.81165,5.98817044292747,6.04115252519753,0.26426609366392,4.751208472421,45832412695.6405,57002377078.3338,119889869867.063,15480456.3114301,103909193.443589,150345431.382795,1953804587.44998,8223473559.56557,14128906359.1804,1.50320391172404,12.2341099170332,1.44535106970398,46.401433667267,0.526147657726328,15.9971856680935,0.234527335800599,0.966647945354189,0.900775449821897,0.0244644941319957,6.50742527090884e+42,2.03230849615403,5.22924078054463,5340501735.53772,8.88854317646136,8.77804064568693,0.197411604968007,6.70061930970267,57503935419.6786,67904278272.0257,106069009537.654,213274663.279179,206556187.649923,318058080.911841,18745847563.0755,16266050637.4738,23907231256.6773,1.31843003353068,59715,150.088824240896,2.26159468307975,29.3941568846246
3.3109882708873,-0.161136991257748,0.333014594036581,-0.0557835787922485,0.0922100937470968,1.31238937388432e-05,2.0325646658867,1.92314389787517,0.0468324878256491,1.47237467810072e+45,39.9986918021023,2.36062046090441,617770150.347661,2.82657419186749,2.61433446005585,-19.6806725826562,-14.4635209740639,6110835877.03696,426840.878036499,6111262717.91499,15781376.1845517,806.937003594423,15782183.1215553,765113172.681625,39121.9449910015,765152294.626616,-12.6985330459214,1.23799551055029,-0.952843558946514,2.88612475578677,0.0363959825011033,0.0810797830752457,0.00237257879229694,1.73900254634502,1.98819066948896,0.00213999636956384,1.69490106728492e+45,40.4568663896853,2.75881086691153,489318484.56137,0.845573287753807,0.825071453163115,-19.4927693237774,-18.7663210261129,2467232384.0277,188859688.071053,3719875240.10824,488.860806169976,516.122001408413,8929.36565814227,14139649.1792504,3808587.23150762,73591923.4687459,-16.8605287339416,0.00852778594934038,-1.79424970178211,0.467035993857667,-0.412609213950582,0.0095093515058894,0.000149930356854741,0.787658548993796,1.10152747064191,0.000174712451863911,1.33768327078263e+45,38.1127604993637,2.02679591251757,1365792.85494652,0.00138290423114824,0.00134782538411563,-19.649515469157,-19.4310380975137,7402231.0527207,7696929.88140992,1474475930.7676,3.76507643493231,0.146817279950771,10.895173429008,50630.5526112794,108859.328164582,3708718.66271986,-18.3894589992469,2.4752789051443,0.506838075321108,20.2481180214423,0.726291992419572,2.67035790031731,0.0243814353760555,2.61695107043905,2.64386914519402,0.0285508250233955,2.86956292857773e+45,40.8212764057314,4.43945575833631,1294071588.00747,1.88564995143587,1.84879480855031,-19.3514893479476,-14.5075909665422,4802676018.50288,3396006432.5821,6997512564.30798,78024.1422093185,663543.715474633,1096874.38268871,225528433.787075,126009190.285682,337235098.536182,-15.3359329481464,1.22946772460095,0.841406142835599,2.4190887619291,0.449005196451685,0.0715704315693563,0.0022226484354422,0.951343997351226,0.886663198847048,0.00196528391769993,3.57217796502292e+44,2.34410589032154,0.732014954393961,487952691.706423,0.844190383522659,0.823723627778999,0.156746145379646,0.664717071400762,2459830152.97498,181162758.189643,2245399309.34063,485.095729735043,515.975184128462,8918.47048471326,14089018.6266392,3699727.90334304,69883204.806026,1.52893026530531,1.23728339459401,1.45968163426762,17.3619932656556,0.689896009918469,2.58927811724206,0.0220088565837585,0.87794852409403,0.655678475705055,0.0264108286538317,1.17466186129281e+45,0.364410016046101,1.68064489142478,804753103.446099,1.04007666368206,1.0237233553872,0.141279975829793,4.25873005957071,2335443634.47518,3207146744.51104,3277637324.19974,77535.2814031486,663027.593473225,1087945.01703057,211388784.607825,122200603.054175,263643175.067437,1.5245957857952,61115,150.086471728623,2.26429281309888,36.2205300884205
0.0458867057243623,0.973757561236698,39.0230387395263,-0.355706186326,1.26849965635572,2.71564886924848e-05,1.9997396603001,2.00027602984865,0.000243825306509274,1.97723517189218e+44,38.6714718512803,0.879710638342118,59471911.7590331,0.0458641138289368,0.0458626582143913,-16.8581439410317,-16.5971170476079,320256659.605355,401743.570877075,320658403.176232,757479.717434589,951.616964586281,758431.334399175,1960756686566.06,2463286188.94456,1963219972755.01,-12.6893854474053,0.00526044171411983,0.0177752944011826,9.22506193234904,0.246636786793422,1.27306802378277,0.00653164046253816,1.67805292369617,1.79622635564899,0.00155771314789861,2.00748572849959e+44,37.9621729779479,0.762967977864067,4496519.97803928,0.00446296878423854,0.00443077784211569,-16.8213789016262,-16.7638752259122,22378066.9265018,105888395.58941,184173607.921659,21.9466508331926,17.2227844103833,104.287790878367,342493.172910139,1154649.18413799,3411377.22479908,-14.8061993700694,0.00145797563299537,-1.05350072385183,1.33862153710658,-0.321392334595749,0.0570363384998327,2.10810688061759e-05,0.950329417213603,1.07414649877207,0.000184686144681168,1.71781170742136e+44,36.4509314858149,0.65199038703609,987187.341206632,0.00113311208539623,0.00111599113449629,-16.9370676142341,-16.9050565035714,6147719.38061954,351612.021800232,13277709.5096491,0.0647613663317651,0.0181607952206333,0.215108942866654,27615.4553110616,2465.00366316373,103710.9666336,-16.2334391363693,0.0279167744146351,1.77968490247887,58.6644498696628,0.803418691394885,12.0493904150487,0.145795926244462,2.68441313235503,2.69862062057117,0.0209201562321906,2.19826283351179e+44,39.1634628858104,0.828682467915163,26989539.6306971,0.022383544281416,0.0220720934385608,-16.6157816097423,-16.5519325193862,137097246.65547,2107611286.48397,2296944988.44915,5833.53966335605,890437.274698297,1316362.50827353,4451454.53795123,166420293.412547,180526379.326983,-13.5715388297721,0.00380246608112446,1.07127601825301,7.88644039524246,0.568029121389171,1.21603168528294,0.00651055939373199,0.727723506482564,0.722079856876918,0.00137302700321745,2.89674021078236e+43,1.51124149213292,0.110977590827977,3509332.63683265,0.00332985669884231,0.00331478670761941,0.115688712607845,0.141181277659204,16230347.5458822,105536783.56761,170895898.41201,21.8818894668608,17.2046236151627,104.0726819355,314877.717599078,1152184.18047483,3307666.25816548,1.42723976629986,0.0226563327005153,1.76190960807769,49.4393879373138,0.556781904601463,10.7763223912659,0.139264285781924,1.00636020865886,0.902394264922185,0.019362443084292,1.90777105012199e+43,1.20128990786252,0.065714490051096,22493019.6526578,0.0179205754971774,0.0176413155964451,0.205597291883905,0.211942706525988,114719179.728968,2001722890.89456,2112771380.52749,5811.59301252285,890420.051913887,1316258.22048265,4108961.36504109,165265644.228409,177115002.102184,1.23466054029737,61573,150.083477528228,2.2660460011479,27.7652743158462
2.76226389805494,2.47650788035039,0.300026613630193,0.616220645351611,1.66127752175435,0.423227732967641,2.00060028742175,1.99961599708272,0.0501154561329759,2.36047216215126e+44,45.187354134428,2.07021809882077,2345963207.43154,0.948518892193509,0.963054449376582,-18.1621889805114,-17.9675990514705,6017000319.46806,21941935443.921,27958935763.3891,14265275.3062097,51880009.360733,66145284.6669427,646303496.880471,2350479100.35341,2996782597.23388,-11.9774454375251,0.0129747282221325,0.223525245023607,7.37290404181493,0.191028141833072,8.79783433278071,0.790572411050541,1.63623406290168,2.20219094086534,0.00821685654269816,3.88924228326416e+44,49.9524915359054,1.63618631341165,9018621.2789715,0.00924653617562284,0.00912852638595683,-17.9972041545741,-17.9502583737467,64680291.396443,60090471080.9971,61168936155.8168,911.734539071869,2205404.92210087,3134569.17524267,878743.395887819,3914240851.61031,3983352736.79789,-14.8375944434119,0.00192717225725395,-1.46573253568431,1.28663549712104,-0.345102058509818,3.21240432231847,0.650529166384149,0.795083921735009,1.06253418463827,0.000312399410125373,3.08756299729566e+44,45.858377234775,0.22409942221846,829754.538438745,0.00100229195924295,0.000999784261847581,-18.1646166503121,-18.1304616727485,6912429.99752752,46027306528.5508,47378736952.6716,0.887268205253584,3041.25250148132,3042.89036694642,28104.4887454903,154859278.818678,278871418.855131,-16.3054446175577,0.514943637878617,1.86738316143727,46.4310909507592,0.847074005986283,25.3875255426602,0.969851579889715,2.49886039307136,3.047067742046,0.0390918674186026,4.3970340727376e+44,53.7502887197034,6.42691332497326,405682441.890959,0.41584731287105,0.416547536244932,-17.7603128062891,-17.7250868987268,2874795757.23158,79174198719.8269,79435923393.2497,54741.9193829624,83808514.1208765,86314989.3213453,31664662.4865566,8665402458.58263,8717313547.47073,-13.7415873083511,0.0110475559648786,1.68925778070791,6.08626854469389,0.53613020034289,5.58543001046224,0.140043244666392,0.841150141166669,1.13965675622707,0.00790445713257279,8.01679285968504e+43,4.0941143011304,1.41208689119319,8188866.74053276,0.00824424421637989,0.00812874212410925,0.167412495738045,0.180203299001786,57767861.3989155,14063164552.4463,13790199203.1452,910.847270866615,2202363.66959939,3131526.28487572,850638.907142329,3759381572.79164,3704481317.94276,1.46785017414575,0.501968909656485,1.64385791641367,39.0581869089442,0.656045864153212,16.5896912098795,0.179279168839174,0.862626330169683,0.844876801180667,0.0308750108759045,5.07791789473437e+43,3.79779718379798,4.79072701156161,396663820.611987,0.406600776695427,0.407419009858975,0.236891348284988,0.225171475019941,2810115465.83514,19083727638.8298,18266987237.4329,53830.1848438906,81603109.1987756,83180420.1461026,30785919.0906688,4751161606.97232,4733960810.67284,1.09600713506086,72482,150.128732733192,2.26979848684563,27.7793860820035
26.7024863720324,2.63379526954373,0.353869164982105,-0.499997204443376,28.54898964029,0.607939671044241,1.99997521578313,1.99987810477276,0.0273502837137924,1.21174469972432e+45,40.7206300261668,2.02125969828417,7497215550.36256,8.40222534095606e-178,3.84958899485466e-161,-17.133613965211,-17.1233826168002,25095249.1436348,31330884489.7688,31355979738.9125,59394.4220862824,74132875.0627866,74192269.4848729,4930737.25538198,6154277052.98073,6159207790.23611,-12.6893867093056,0.0272590898297424,1.55580729658076,4.79282562252969,0.229287913827241,2.7186883135673,0.0636875264054034,1.33601789071101,1.84281307548968,0.00371256087263936,9.51740610621005e+44,33.1431189973757,0.819753927821368,27880248.6829427,0.00928735789085495,0.00928825242170865,-17.514159759848,-17.4182308750898,40158017.0138085,2743494280.33389,2848791299.52121,199.500143360396,4736.0103149,8383.92613072467,358325.161855029,34339506.4921422,42694094.7024144,-18.0878742493838,0.00258308105473515,0.333890981941733,0.491528355830321,-0.315283916517698,0.0621020749823023,7.21695373339604e-05,0.755978502681434,0.989664912430739,0.000248518472416855,8.33314513934202e+44,31.6717417002207,0.705394118626134,3027765.55334791,0.00100101511948486,0.00104129593801092,-17.7121590962505,-17.6603553654449,7507223.3435521,3138202.316651,83715242.6715307,0.398578761477654,14.660453455468,18.4797908951953,26057.1569725695,233366.603074063,683445.145561547,-19.4004272072759,1.65959377644437,2.72575817870539,45.6300485774337,0.810017590541318,20.4316017980318,0.717367737830946,1.98346069308587,2.64222155751628,0.0293649064964762,1.33091137466922e+45,40.3785867564024,1.38549117820548,1681704053.05017,0.166714774129376,0.1677120114904,-17.0497255915653,-16.8121649193347,768716664.60887,37931689669.3495,39999940301.5371,10182.9738804389,962499.730989154,1099968.03493257,9479521.74294829,563685227.673906,584926450.806666,-16.859935807028,0.0246760087750073,1.22191631463903,4.30129726669937,0.544571830344939,2.656586238585,0.0636153568680695,0.580039388029577,0.853148163058937,0.00346404240022251,1.18426096686804e+44,1.47137729715502,0.114359809195234,24852483.1295947,0.0082863427713701,0.00824695648369773,0.197999336402468,0.242124490355035,32650793.6702564,2740356078.01724,2765076056.84968,199.101564598918,4721.34986144453,8365.44633982948,332268.004882459,34106139.8890681,42010649.5568529,1.31255295789214,1.63233468661463,1.16995088212463,40.837222954904,0.580729676714077,17.7129134844645,0.653680211425542,0.647442802374863,0.799408482026603,0.0256523456238368,3.79170764048215e+44,7.23546775902666,0.565737250384113,1653823804.36723,0.157427416238521,0.158423759068691,0.464434168282775,0.606065955755106,728558647.595062,35188195389.0156,37151149002.0159,9983.4737370785,957763.720674254,1091584.10880185,9121196.58109326,529345721.181764,542232356.104252,1.22793844235585,73098,150.085721338953,2.28510936147679,36.6596836450084
27.0029726394803,-0.365658928029541,0.300735610511433,-0.0327507965034307,1.72708250802617,0.216200267011427,1.9852244498046,2.00370876594035,0.0105293420509734,1.63642090184478e+42,77.0727216770266,0.101148096288476,1653201959.66163,12.2100477164231,10.1376294280336,-20.0523606021836,-13.8422136628374,84176855788.6817,20755771433.8124,104932627222.494,191215758.921531,49629241.6180163,240845000.539547,41233526836.5786,10701987522.7716,51935514359.3502,-12.3666873791987,15.1201143878773,-0.43934621155594,0.367742015492232,-0.17589864549963,6.58443454562088,0.0827845107437063,1.69210241823922,1.79258849264491,0.00351973097340693,4.93001153973883e+36,75.8604507460431,0.908582669832489,2158792211.88558,8.4156591282406,7.62477317473537,-20.0835321337073,-0.301329201313472,59067172836.7727,6798778898.51753,63963618416.9327,598774.358872892,48467.3610229482,1021927.5598341,1148084578.72888,80285371.2242764,1575401204.44733,-14.6836413258061,11.5705286864989,-0.809380824683048,0.3,-0.328666353122689,1.70227538374033,0.00598797451151624,0.890288901958934,1.02242553061004,0.000781379993479496,3.55432153405399e+35,73.0324273041675,0.162521212685037,1609239398.0642,6.66177380464488,6.41521349246906,-20.2232889583971,-6.54406948639908,46203612325.2223,235676876.445994,50392194788.6531,4323.7182037519,550.104804005018,13796.1823964415,77837497.4922581,4190722.81329644,318028539.989084,-16.1277684142953,26.3905693891794,-0.319141859014678,0.844557349078946,0.0282620230546709,23.8264748149784,0.281926374502439,2.63485285740546,2.6849751925996,0.0193501023655011,1.29215429252799e+39,79.6185039419265,5.2815300848221,2924229905.37543,12.9893811320831,11.2438938909641,-19.9380177331044,2.51914080886571,91478556254.8644,28540046963.4813,118611749437.314,41447784.9189072,756662.135694358,42307015.9367273,8895312124.09896,857318139.668762,9189591219.33641,-13.5918737235736,3.54958570137841,0.370034613127107,0.0677420154922316,0.152767707623058,4.88215916188055,0.07679653623219,0.801813516280283,0.770162962034868,0.00273835097992743,4.57457938633344e+36,2.82802344187559,0.746061457147452,549552813.821388,1.75388532359572,1.20955968226631,0.139756824689798,6.2427402850856,12863560511.5504,6563102022.07153,13571423628.2797,594450.64066914,47917.2562189432,1008131.37743766,1070247081.23662,76094648.41098,1257372664.45824,1.44412708848911,11.2704550013021,0.120204352541262,0.476815333586714,0.204160668554301,17.2420402693575,0.199141863758733,0.942750439166242,0.892386699954693,0.0158303713920942,1.28722428098825e+39,3.75805319588345,4.37294741498961,765437693.489842,4.57372200384251,3.61912071622872,0.14551440060287,2.82047001017919,32411383418.0916,21741268064.9638,54648131020.3816,40849010.5600343,708194.77467141,41285088.3768932,7747227545.37008,777032768.444486,7614190014.88908,1.09176760223252,87115,150.119547073635,2.29190252314856,27.1840224611845
5.34443814564177,-0.198110825454633,0.497102982193349,0.640796815288391,0.0814359159824962,0.00943991229698904,2.00131174417283,1.99931532779835,0.0140647544249365,1.0676908619689e+41,43.9085192209998,3.15578876432693,667826417.373498,4.43981092034185,4.00456084460068,-20.3003950876383,-10.4147992454219,11908746180.6671,279194.797345387,11909025375.4645,28288786.757623,659.588594283088,28289446.3462173,4566781194.12349,106480.239468688,4566887674.36296,-12.6893875809651,4.74080654337593,-0.656516220173654,3.9451773082519,0.429623626350683,0.043684616913868,0.000785801094817974,1.87400059504992,1.81424391215377,0.000204455404514207,7.5693051256563e+37,51.0196290416038,1.79376010818705,1717131472.83814,3.22196289797243,3.14999867312296,-20.2273772802233,-3.47274063397962,9682863788.70521,50.2361938442628,9682863827.48541,78.042342599992,1.41439266987584e-07,78.0423436808672,317304012.50901,1.18346563752648,317306557.660959,-16.4511063959174,3.35767655750621,-1.56097122722764,0.468201692282611,-0.234033041490313,0.00768335264432222,3.72831225945939e-05,1.06120354569864,1.13254753564724,1e-04,1.5478402023581e+36,45.5793598375191,0.254649666014878,614066332.962445,2.88129740192693,2.83341473697945,-20.3290419722131,-12.5924033775817,7982259305.51223,0.410956168155026,7982314350.23627,3.27255379363405,3.90319225644624e-10,3.27255381091544,27000668.5185576,0.00314261972961406,27000978.2364123,-17.8619541775642,6.70739837506145,-0.138966872629793,30.2147114498566,0.865378704643787,0.160389236258281,0.00377784534411962,3.22513845239555,2.51708260012998,0.0188906351887871,4.71744531989561e+41,54.0510301175199,6.4820404495796,1927587715.99363,4.91082828729958,4.20257710945192,-20.141832426915,0.642168028690941,16417589958.0836,54970.0877863598,16417756908.6237,1614809.67113889,14.768480114205,1614818.58165796,853087361.964837,2012.00992355692,853087384.934882,-14.7327949481399,1.38312998586972,0.904455007053983,3.47697561596929,0.663656667840997,0.0360012642695458,0.00074851797222338,0.81279704935128,0.681696376506529,0.000104455404514207,7.41452110542049e+37,5.4402692040847,1.53911044217217,1103065139.87569,0.340665496045504,0.316583936143505,0.101664691989775,9.11966274360213,1700604483.19298,49.8252376761077,1700549477.24915,74.769788806358,1.4104894776194e-07,74.7697898699518,290303343.990453,1.18032301779687,290305579.424546,1.4108477816468,1.96659183168552,0.51754934754386,26.2695341416047,0.435755078293104,0.116704619344413,0.00299204424930165,1.35113785734563,0.702838687976209,0.0186861797842729,4.71668838938305e+41,3.03140107591617,4.68828034139256,210456243.155497,1.68886538932715,1.05257843632896,0.0855448533082566,4.11490866267056,6734726169.37837,54919.8515925155,6734893081.13825,1614731.62879629,14.7684799727658,1614740.53931428,535783349.455827,2010.8264579194,535780827.273923,1.7183114477775,86751,150.083085665809,2.30300788832743,34.7559595662151
48.729266123541,2.26391611315818,0.300000124776603,-0.083399540563871,7.96017466974544,0.000560735013046114,2.00041967322505,1.99904325123588,0.0243770500810814,5.65175527470491e+43,46.2650081766835,0.163559114491678,11744237474.1532,2.10371509303885e-18,2.6252492783917e-17,-18.1560529414486,-18.0970492995669,41981057.6742973,18839850.4965382,60820908.1708355,99480.5154378889,44475.2082581281,143955.723696017,9265842.48083372,4142522.50511696,13408364.9859507,-12.6893951408393,26.3320242448516,2.10589519942516,0.30972962503099,-0.0531410082303772,0.883991012293493,9.6205255911658e-05,2.1480354995711,1.7511712604103,0.0237866893869377,4.22103018512317e+43,53.1197358784514,0.761355246186224,9932166230.28739,1.58307403149197e-07,6.20917526285244e-07,-18.0767541486493,-17.9446684685185,46955939.2730599,2042775.46732044,71959357.9518147,53797.4940110184,663.172986705451,77985.674122577,6726598.96683818,73331.1438549818,9095280.77977221,-15.4742590516727,17.4736678075582,1.54551615818621,0.3,-0.458204745715746,0.0717844005390191,1.65250009682608e-05,1.47610999252049,0.876479150459695,0.0106390307614533,3.21469162613351e+43,50.8533701245209,0.179197513141662,7803733700.27795,2.64872570279891e-54,2.22608837079358e-48,-18.2308822931093,-18.1338549264354,40390565.0203302,399030.677713776,43478013.4659606,7909.55271418921,25.6947987021982,10718.2441208434,1142175.19908278,2396.21862803717,1666373.03435809,-17.1437829176963,47.6267508787026,2.35192382934417,0.581404891094155,0.178493713838505,7.34708856374463,0.00310014088583189,2.74043768090473,2.82003134280827,0.0456299811336305,5.12603882420803e+43,55.4611719933082,4.70421903057926,12303048660.9424,0.136325009625924,0.169899745576476,-17.9415265545217,-17.6532497893472,574717249.03524,98547304.4239,768567623.583229,474314.756291213,80462.6124899324,907190.524017057,39685252.6706546,7404576.11780111,71176768.9957249,-14.0946829247436,8.8583564372934,0.560379041238945,0.0097296250309899,0.405063737485369,0.812206611754474,7.96802549433971e-05,0.671925507050609,0.874692109950607,0.0131476586254844,1.00633855898965e+43,2.26636575393054,0.582157733044562,2128432530.00943,1.58307403149197e-07,6.20917526285244e-07,0.154128144460078,0.189186457916929,6565374.25272965,1643744.78960667,28481344.485854,45887.9412968291,637.478188003253,67267.4300017336,5584423.76775539,70934.9252269446,7428907.74541413,1.66952386602364,21.2947266338511,0.246028629919011,0.271675266063165,0.231634722068883,6.46309755145114,0.00300393562992023,0.592402181333635,1.06886008239796,0.0218432917466928,9.05008639084859e+42,2.34143611485679,3.94286378439304,2370882430.65502,0.13632485131852,0.16989912465895,0.135227594127542,0.29141867917129,527761309.76218,96504528.9565795,696608265.631415,420517.262280195,79799.4395032269,829204.84989448,32958653.7038164,7331244.97394613,62081488.2159527,1.37957612692909,86583,150.081088254843,2.30401462720915,31.1939475773422
4.75238671252975,2.36623719237514,0.30011711346663,-0.260710857918633,0.245671266469377,0.00437590530196168,2.0007344751496,2.00056332430181,0.00254694301683556,2.66911909231051e+45,39.1326084177741,2.51017646674136,1306601233.08001,1.0713860993029e-56,2.77499307346295e-52,-15.1165425349578,-14.758794424202,5314442.84214401,238772942.335639,244087385.177783,12604.276123341,566032.20601693,578636.482140271,22638894.2541993,1016666338.55779,1039305232.81199,-12.6893857613529,0.0457729692499742,1.27036258759536,6.23270208610749,0.171220281778623,1.09628527907383,0.00943386435459199,1.75904600754824,1.94146686583557,0.00254321397757108,2.58007150799304e+45,38.1510144041265,2.0270385033669,42503293.3999067,0.0225140412547277,0.0223518107053658,-15.767469463695,-15.2478569018481,92290135.4554668,519546509.104141,757574958.588618,104.32540776869,295.614750890487,1005.13194734859,1347919.6762877,9683728.8027658,20741738.5360628,-14.9529252096273,0.00413766448005389,0.00833743878925959,0.481906914357191,-0.377673862178463,0.124006273216419,2.74019068599877e-05,1.01400070142815,1.22001735527033,0.000179443280910237,2.27262785532054e+45,36.5574047830857,1.95398067030555,4710027.50842635,0.000976930192755599,0.000981953797938229,-16.1026564859089,-15.7862992639022,6165709.28773725,1696926.43662109,27330238.0799397,0.134359696793363,0.451236548928432,1.05574511670554,49936.2831199791,26815.2262862959,294795.503673851,-16.320052943108,0.158872879379288,2.34191091977754,46.4883316091252,0.777136845079814,12.4952233046271,0.0615829638915406,2.93633389311885,2.72650160280682,0.0363895952794087,3.07523534504117e+45,39.3567413067797,2.2608749223501,140986434.269535,0.0719768813664633,0.0716042566199192,-15.4339742690886,-14.9843645591946,420689981.935694,3416778248.58608,3758974363.26861,94297.6769352877,1640468.47109613,2293655.64076712,16599421.8666036,230134357.177295,252826649.311159,-13.8081180953733,0.0416353047699203,1.2620251488061,5.7507951717503,0.548894143957086,0.972279005857411,0.009406462447732,0.745045306120086,0.721449510565233,0.00236377069666085,3.07443652672501e+44,1.59360962104076,0.0730578330613487,37793265.8914804,0.0215371110619721,0.0213698569074276,0.335187022213852,0.538442362054058,86124426.1677296,517849582.66752,730244720.508678,104.191048071896,295.163514341559,1004.07620223189,1297983.39316772,9656913.57647951,20446943.032389,1.36712773348068,0.113099910129313,1.07154833218218,40.2556295230177,0.60591656330119,11.3989380255533,0.0521490995369486,1.17728788557061,0.785034736971257,0.0338463813018376,4.95163837048137e+44,1.20572690265328,0.233836418983202,98483140.8696284,0.0494628401117356,0.0492524459145534,0.33349519460646,0.263492342653539,328399846.480227,2897231739.48194,3001399404.67999,94193.351527519,1640172.85634524,2292650.50881977,15251502.1903159,220450628.374529,232084910.775097,1.14480711425405,98300,150.105394574117,2.31282702157775,29.4463568274411
10.2299878534169,0.744354346103341,5.46805697130971,0.992256499714142,2.59037625932557,0.545915658506823,1.99947139089611,2.00135946884321,0.0299668857566734,3.70862092540058e+41,46.3529199873918,2.84383509848128,8922985462.72729,10.158594728362,10.1658248922033,-18.6878428399904,-10.8451612129544,66526093240.9359,35866263022.9215,102392356263.857,157233235.591578,85210138.6924377,242443374.284015,11913264250.1054,6456210706.41834,18369474956.5237,-12.6895608556797,9.10472910070134,1.27565818686381,1.81340752475354,-0.237211770759471,5.68504297689202,0.0240959560182658,1.85577411961845,2.10123851465771,0.0456388417945883,5.12984611052948e+37,47.1228912006904,0.839850118749158,7953101127.16406,3.63188056309632,3.88816655478207,-18.7633032719531,-1.44054692599769,23812353165.7996,936069727.43749,24107342181.7944,17381305.3427773,576012.171192093,45022739.9961661,1297342411.20987,31795510.6102538,2497966152.6987,-16.2070022135311,8.0921373698109,0.913405191992194,0.925690176390656,-0.431752389744932,1.65753745664825,6.89958859097925e-05,0.930085622611703,1.15598730791507,0.0196906970695412,8.04465078656252e+35,41.6046692751486,0.194677612866732,7019126089.95219,1.99099014275005,2.30716153291941,-18.8487318790223,-6.76207055701472,13037310577.5119,1.55546948362535,13265561767.3894,1248636.68940681,0.000472387533584555,4238935.86785779,85862276.5817643,0.104271551132218,450305612.293876,-17.6433675146657,10.6295888254086,1.8631974278937,11.3341116215925,0.654900604943052,22.5708992034435,0.397036034757547,2.53942727622872,2.96928579177165,0.0501187233627272,4.7918256243299e+39,49.5225093892684,4.20438353009483,9036235403.65091,9.03717913364084,9.03722918584249,-18.6714991449073,1.85846788491819,59683013094.9406,22975860896.3381,82534009798.143,99098513.9249826,54176501.5781046,125062177.915737,4811549994.11185,2928342173.96498,6108929410.58188,-14.5070927695812,1.01259173089044,0.362252994871619,0.887717348362881,0.194540618985461,4.02750552024376,0.024026960132356,0.925688497006745,0.945251206742637,0.025948144725047,5.04939960266385e+37,5.51822192554185,0.645172505882426,933975037.211872,1.64089042034628,1.58100502186266,0.0854286070692005,5.32152363101704,10775042588.2877,936069725.88202,10841780414.405,16132668.6533705,576012.170719706,40783804.1283083,1211480134.6281,31795510.5059822,2047660540.40483,1.43636530113464,1.52485972470724,0.587539241029889,9.52070409683893,0.892112375702523,16.8858562265514,0.372940078739281,0.683653156610268,0.868047277113946,0.00447988156813898,4.7405271632246e+39,2.39961818857793,3.36453341134567,1083134276.48685,5.40529857054451,5.14906263106043,0.0918041270458509,3.29901481091587,35870659929.1411,22039791168.9006,58426667616.3485,81717208.5822054,53600489.4069125,80039437.919571,3514207582.90198,2896546663.35472,3610963257.88317,1.6999094439499,9766,189.173350197374,62.2304101894983,36.5868936280709
6.60618514991144,2.22901800584069,1.61097319134344,-0.0846177046776216,24.7557498365495,0.000409884763695546,1.99956641152933,2.00043599736196,0.0132083293067394,1.89739578930102e+40,43.3458386998953,5.56240546092074,8156558975.25565,2.08525256249106,2.19111871490814,-18.7712897251943,-8.39453991366783,14260352674.288,6662500.9567713,14267015175.2447,33712901.8884874,15788.5196654275,33728690.4081528,5795304825.76406,2714073.22073241,5798018898.98479,-12.6893859282251,6.10777981734899,1.44030501436393,7.82617495816262,0.225135930821943,5.0759475204734,0.312997558475049,1.50942269172262,1.99593173895078,0.0320608096112006,3.08918403431272e+39,42.5726177220889,1.38447291141691,8011634443.33786,5.22428520315027,5.23724709712841,-18.7128493440464,-4.33644525009161,35146864974.8946,14983549356.1587,50784368013.608,6789945.85232954,2781350.28829674,20353130.6963065,614186570.686687,213513009.263676,2297804826.68297,-15.416950790264,4.83676821078139,0.51523122038842,1.45013022597511,-0.330440540187553,1.73707816511352,0.0152749362972745,0.759958911752285,1.09155689051073,0.0123077079365806,1.93304622542503e+37,36.2976470762718,0.256988013422443,6923273816.38665,4.02053737145259,4.05417057548549,-18.918707741472,-10.8336683405696,26517400743.2991,592407567.119508,28918842597.493,687471.79581913,210421.969660412,3527127.31046074,57351914.0982452,14784852.76327,313191903.039086,-17.148565708631,7.35184726733921,2.42228096479039,56.2902514908685,0.834020319819498,19.1750535420646,0.491741084421344,2.39195950780006,2.90497744018913,0.0501187233627272,4.78880904362296e+41,44.5244981580063,6.40220344989633,8971983459.03845,7.17434824678615,7.16790527597507,-18.4910972064262,2.19435655966449,47636456746.5744,26644021484.3564,73478803977.0693,58253337.6065825,33236924.0704092,84834848.6908379,4932396204.48946,3741725973.63956,7147576253.13972,-14.1531274564181,1.2710116065676,0.925073793975508,6.37604473218751,0.555576471009496,3.33886935535988,0.297722622177775,0.749463779970337,0.904374848440056,0.01975310167462,3.06985357205847e+39,6.27497064581711,1.12748489799446,1088360626.95122,1.20374783169768,1.18307652164292,0.205858397425573,6.49722309047795,8629464231.59554,14391141789.0392,21865525416.115,6102474.05651041,2570928.31863633,16826003.3858458,556834656.588442,198728156.500406,1984612923.64389,1.73161491836702,1.24406744999022,0.981975950426456,48.4640765327059,0.608884388997555,14.0991060215912,0.178743525946295,0.882536816077439,0.909045701238341,0.0180579137515267,4.75791720327983e+41,1.95188043591743,5.01773053847942,960349015.700585,1.95006304363587,1.93065817884666,0.221752137620175,6.5308018097561,12489591771.6798,11660472128.1977,22694435963.4614,51463391.754253,30455573.7821125,64481717.9945314,4318209633.80277,3528212964.37589,4849771426.45675,1.26382333384585,9246,189.171737651453,62.2379808581733,31.0444959704661
10.0299498930977,-0.764888610496375,42.8215941673253,-0.480350799171563,7.22276225820672,0.597815881667722,1.99999814235452,1.99986823968239,0.0118789394075346,4.97217988035574e+43,48.8423805871728,0.403780399884347,4851708432.3438,8.29181435447658,8.12635986010198,-18.7727003327519,-16.4248051890021,57490046547.5051,41603009548.8492,99093056096.3543,136073696.825089,98435364.8934901,234509061.718579,26009053762.6848,18814883092.0292,44823936854.714,-12.6893853612386,5.24415100290332,-0.242171826812713,12.3559132569616,0.37512430911624,6.28522365529354,0.651818410696391,1.60397506692196,1.99613935207004,0.00995720668978581,2.92752128742289e+44,48.4682396751599,0.94072221672265,2670504468.8306,4.06584174027664,4.01328203639012,-18.7628381520335,-18.080215398637,27444318062.1743,68562883228.9613,90921748072.0275,1003978.08672586,5014047.54217254,10944047.5145966,287224380.679116,1913137718.065,3773345985.85228,-15.7488115471254,0.572204124767656,-1.82734556953732,2.85153282647772,-0.332806116802938,2.24312685545689,0.315378292588649,0.733318576842175,1.15954449039396,0.00208188385056317,1.76367218474208e+43,46.4396012753837,0.181970455672347,414605537.519607,0.510731412481605,0.506841512842772,-18.9084523651924,-18.6565735979655,3446124451.71065,17280977685.4405,49161768851.1437,14966.7341416264,193187.126555876,456001.877527678,19887088.9723595,208807794.186875,468699718.374671,-17.420909347603,9.18577488301348,1.26070750829065,67.8837167314661,0.851305193745422,22.5325775146549,0.749248747556292,2.4351336323568,2.94463243717329,0.0317660327208231,4.6981556048696e+44,49.8964365747722,6.36623833310662,4650621487.46542,6.92918227325276,6.8431015710983,-18.6574211247072,-15.7858149144365,47869272960.4976,87234137227.3796,111664831333.575,18169397.1290789,56399723.8755179,72279778.1539983,2714414710.54819,8247399715.79298,10419957997.108,-14.3714630476959,4.67194687813567,1.58517374272461,9.50438043048387,0.707930425919179,4.04209679983665,0.336440118107742,0.870656490079789,0.836594861676084,0.00787532283922263,2.75115406894868e+44,2.02863839977621,0.758751761050303,2255898931.31099,3.55511032779503,3.50644052354735,0.145614213158929,0.576358199328421,23998193610.4636,51281905543.5207,41759979220.8838,989011.352584237,4820860.41561666,10488045.6370689,267337291.706756,1704329923.87813,3304646267.47761,1.67209780047765,3.94162388011015,1.50287933510336,55.5278034745046,0.476180884629182,16.2473538593613,0.0974303368599011,0.831158565434836,0.948493085103252,0.0218088260310373,1.77063431744671e+44,1.42819689961232,5.42551611638397,1980117018.63482,2.86334053297612,2.82981953470818,0.105417027326283,2.29440048420053,20424954898.3233,18671253998.4183,20743083261.5478,17165419.042353,51385676.3333454,61335730.6394017,2427190329.86908,6334261997.72798,6646612011.25577,1.37734849942948,2803,189.209186094701,62.2642883964941,32.2173300209761
0.539577499214691,1.33555375470778,6.31693753628656,-0.213116842512017,1.11162288870886,0.037128801077308,1.99999999592283,1.99999998952939,0.0069184257980855,3.66854394029919e+41,44.7265607456168,2.54015929579737,503776864.41015,0.526649544866141,0.527528288306102,-17.4057306626073,-11.8874520541137,3448311006.55581,236084921.810922,3684395928.36673,8161879.24269571,558794.315625735,8720673.55832144,2678618804.01285,183388765.859298,2862007569.87215,-1.83787706640935,0.293753194026161,0.762685649449579,33.7388464138332,0.123392265851755,0.0811024204872915,0.0011309309494513,2.59547094183658,2.46022974886525,0.00486888850865204,1.06405381245502e+42,41.6646644126722,1.16195723569168,129821294.824228,0.208812085308679,0.208123886489561,-17.5201421017093,-10.274285913593,577747986.189068,383011.525790058,1111619624.67613,83205.4445623126,11.2080876461801,128795.174259791,29875393.691619,22884.5729384909,65843603.515803,-2.73620023973134,0.00646371478070333,-0.191381628774453,1.61649187915926,-0.386543358812243,0.00773876561728119,2.26805041361922e-05,1.47927165631229,1.52728580371462,0.000409356610830739,1.65919988987468e+39,36.1710870504232,0.192577805329748,2709133.474818,0.00513109020772516,0.0050697186707549,-24.3681153226697,-14.8479655284461,17121078.0347048,1231.70406644847,31927783.1546482,54.9543795959902,0.00322605666511078,288.472248715906,890549.078763305,38.010838736572,2208376.72217147,-3.6663132157606,169.685480130804,1.38511519015894,92.1869944417047,0.735500509285748,5.66867394536252,0.104276281442002,3.44454996961225,3.38606499784676,0.0243392805088649,2.17483800420285e+44,44.1846081096365,6.19252831904439,137983564719.664,151.362758232063,151.769150979866,-12.6723635989167,-5.10940968164503,449019792477.002,153617530.103886,693887587413.343,5117301.16300956,22112.5555007834,8513880.56543152,26843302103.0208,19705590.8804448,52798193686.4943,-2.06981160177654,0.287289479245458,0.954067278224032,32.1223545346739,0.509935624663998,0.0733636548700103,0.00110825044531511,1.11619928552429,0.932943945150631,0.0044595318978213,1.06239461256514e+42,5.49357736224897,0.969379430361932,127112161.34941,0.203680995100953,0.203054167818806,6.84797322096038,4.57367961485313,560626908.154363,381779.82172361,1079691841.52148,83150.4901827166,11.204861589515,128506.702011075,28984844.6128557,22846.5620997543,63635226.7936316,0.930112976029259,169.391726936778,0.622429540709366,58.4481480278715,0.612108243433993,5.58757152487523,0.103145350492551,0.849079027775669,0.925835248981515,0.0194703920002129,2.1641974660783e+44,2.5199436969643,5.03057108335271,137853743424.84,151.153946146754,151.561027093376,4.84777850279258,5.16487623194793,448442044490.813,153234518.578096,692775967788.667,5034095.71844725,22101.3474131372,8385085.39117173,26813426709.3292,19682706.3075063,52732350082.9785,0.666388637954808,10835,189.104234032495,62.2845839079817,0
23.8084485530815,-1.73614321182379,2.08335740549783,0.0585857831996377,11.0645258098142,0.000380946458875604,1.99978153590376,1.99995494981074,0.0237071002263796,1.19691515004408e+43,44.6625982479138,0.187668186272982,3875697091.3619,9.51573592234967,9.03453397618301,-20.2033643126756,-16.2977527046927,63320612592.8864,120794203.899366,63441406796.7857,149784875.969053,285874.913944121,150070750.882998,14345561909.3871,27379508.4436521,14372941417.8307,-12.6893854076906,2.02565167305147,-0.898642469805639,24.5293480474531,0.0875916263766109,1.15656154675083,0.00562369798984876,1.76613267514482,2.46352781280701,0.00636673889981035,3.23630524589708e+45,40.910823314691,9.86062746002956,1349505159.72356,1.65109858413501,1.61149699924337,-20.2160659302375,-19.8673094224529,9547617052.88541,1111982155.55296,20673611235.3056,69246.6810403065,36847.9827974408,507721.2348094,94904485.9422281,46020833.061943,399895093.571913,-15.3044829537405,0.0350332217464819,-1.82786458971385,2.20666240599138,-0.44653149205208,0.277108835757588,0.000261232965278029,0.82390694011846,1.35900013730219,0.000309300550850816,3.87277073473416e+43,40.611445436449,4.90947521972519,19220849.57035,0.0276322941167599,0.0272223787825361,-20.2996432527667,-20.2269076061074,102759634.890853,65326713.8657242,2104431210.75305,7.50152755950661,45.4627712288573,188.995555267622,850488.672427659,4305801.40095478,29092277.2793811,-16.6444814200105,14.3815378519359,0.912928186885228,84.7780273362997,0.695036044695652,15.7107599839427,0.106362786023129,2.75714572098522,3.32103636905855,0.0283618855658185,4.9529204760626e+45,42.515588337052,10,3740841334.552,7.33782568463121,7.05156098963648,-20.0889818116396,-16.5657886956181,39988031820.7099,25380016220.0792,54423316009.521,7704749.53270653,1252299.0437351,12826830.0255559,1544747061.56198,966848961.90932,3412897946.89567,-14.2012939942126,1.99061845130498,0.929222119908212,22.3226856414617,0.53412311842869,0.879452710993244,0.00536246502457074,0.942225735026359,1.10452767550482,0.00605743834895953,3.19757753854974e+45,0.29937787824197,4.95115224030438,1330284310.15321,1.62346629001825,1.58427462046084,0.0835773225292051,0.359598183654487,9444857417.99456,1046655441.68724,18569180024.5526,69239.179512747,36802.5200262119,507532.239254132,94053997.2698004,41715031.6609882,370802816.292532,1.33999846627,12.3558861788844,1.81157065669087,60.2486792888466,0.607444418319041,14.5541984371918,0.10073908803328,0.991013045840397,0.857508556251534,0.0219951466660081,1.71661523016552e+45,1.60476502236098,0.139372539970436,2391336174.82843,5.68672710049619,5.4400639903931,0.127084118597928,3.30152072683481,30440414767.8245,24268034064.5262,33749704774.2154,7635502.85166623,1215451.06093766,12319108.7907465,1449842575.61976,920828128.847377,3013002853.32376,1.1031889595279,17029,189.106518829541,62.2306308220322,28.4889140887159
211.919093027451,0.789824768619548,1.15105073395589,0.0227691181345008,14.3001020898508,2.88556795820557,2.00073288776332,1.99896588324852,0.0089584751569074,5.67858820257916e+35,47.2102571328138,1.82295058364629,156165021551.818,169.086135544868,173.311425979206,-15.9062397881956,9.8705944081584,1189812558901.57,1455593882274.21,2645406441175.78,2821868839.87161,3435486431.86468,6257355271.7363,715205368868.678,870727337156.078,1585932706024.76,-12.6894751552371,215.974498774253,0.980636767216847,6.54536139375477,0.217495406760172,18.256064923186,2.96044742493189,1.98008842702658,2.08675855286992,0.0034899836268993,1.53794106796237e+36,45.2483142933478,0.755625950049889,171225865433.672,200.395269477678,200.501264548896,-15.8811002977345,9.42554574811757,1399095041282.13,1660775736573.69,3056953399017.65,19327616.0065812,12219737.2566929,93955429.6345725,69620451107.7351,91725796400.6814,186810306467.988,-15.086139290579,169.072620081891,0.236832566477346,1.26506459929352,-0.329471512923112,9.87044191285819,2.76136030879391,1.21107760090325,0.893137493001217,0.000427960395466344,1.82968376852229e+35,39.7878584063035,0.174734849478412,141430267236.878,154.506048921832,155.453753444663,-16.0959388127572,5.20626012653031,1063878426990.23,1232555003140.5,2314349480822.96,88777.3662973946,158358.165168027,449719.365881135,7711170066.19162,2555423275.7317,78826142544.9792,-16.5922132041917,366.939785884157,1.53804702068159,47.3851796878498,0.828165302791002,31.6227766016838,3.27963274010744,2.8104166718008,3.15835907382181,0.0185270336435666,9.67687347004114e+37,47.5769025458732,3.58739339028808,225570416851.772,357.307416556913,357.018516079345,-15.6670446893956,12.4118768327831,2578655359495.32,2882629151297.82,5454581869483.78,722659437.262941,620352457.079582,1457570824.52142,162564384282.017,256973539637.017,361867692657.762,-14.0832082519751,46.9018786923618,0.7438042007395,5.28029679446124,0.546966919683283,8.38562301032786,0.199087116137988,0.769010826123333,1.19362105986871,0.00306202323143296,1.35497269111014e+36,5.4604558870443,0.580891100571477,29795598196.7944,45.8892205558455,45.0475111042331,0.214838515022652,4.21928562158726,335216614291.905,428220733433.19,742603918194.684,19238838.6402838,12061379.0915249,93505710.2686914,61909281041.5435,89170373124.9497,107984163923.009,1.50607391361275,150.965287109904,0.557410253464739,40.839818294095,0.610669896030831,13.3667116784978,0.319185315175547,0.830328244774211,1.07160052095189,0.0150370500166673,9.52307936324491e+37,2.32858825252543,2.83176744023819,54344551418.1,156.912147079235,156.517251530449,0.214055608338942,2.9863310846655,1179560318213.19,1221853414724.12,2397628470466.13,703331821.25636,608132719.822889,1363615394.88685,92943933174.2815,165247743236.336,175057386189.773,1.00293103860392,9026,214.850572615136,52.8660295029147,28.6747881543094
56.5376475598466,-0.146661615269661,0.317813871941482,0.664628745992171,1.17779437364268,0.0740509498040182,2.00016309053705,1.99939307588233,0.00213013389144335,1.20255490009327e+41,44.8904312666604,0.100429898830578,3971191651.83373,43.7356271947046,34.9387127418642,-21.9348776341261,-11.2201360430826,294993114162.027,28296523200.302,323289637362.329,698538456.073704,66863917.458404,765402373.532108,2183362433104.64,208990878368.313,2392353311472.95,-12.6893866394429,46.6867990810204,-0.26973465846941,0.520079899692298,0.790312054131272,3.96454980709104,0.000299825171551473,1.82901386031638,1.51597610936884,0.000379224836200257,5.06759486519638e+37,45.1550791897881,1.13910751903576,4461274154.49122,37.7555842413724,31.5822910181478,-21.9991319561695,-2.43560150330023,263496335464.616,490809.379693985,268794721177.681,6242.16960061602,0.000760377019040025,6418.74788506781,5430668295.59434,629.899354628235,5961202020.49828,-16.119036859885,34.2786593346442,-0.312172704083529,0.3,0.495556286731123,0.867506275285285,2.67017641026915e-05,1.04994995208827,0.697390418549856,0.000117589349758327,6.77071877521877e+35,42.6137310756181,0.180253745048652,3796573403.87774,28.2765733407708,25.9436104191167,-22.1176711239236,-14.0982307835562,199492954715.568,0.0721899842255061,201291952558.976,125.339170422438,1.99986669668739e-09,145.365409058757,419884204.350993,0.000311615417519373,448174705.797466,-17.780816227923,74.0854943531105,-0.0582832426933199,0.569749274355794,1,22.6696205010221,0.0526668501551585,2.66212603422317,2.26161454099645,0.00151906310965477,2.02190571640039e+42,46.3897672584758,6.15607976821726,5308502624.68766,44.665642866043,36.7939547950631,-21.8924725507103,2.33247949187673,332870577627.269,19253478463.9479,345628018912.516,449509.174684728,425.715035465198,476532.662244301,18324871959.3321,279799403.713074,18633219171.1673,-14.9200316615482,12.4081397463762,0.042438045614119,0.220079899692298,0.294755767400149,3.09704353180575,0.000273123407448781,0.779063908228106,0.818585690818981,0.00026163548644193,4.99988767744419e+37,2.54134811416998,0.958853773987105,664700750.613484,9.47901090060159,5.63868059903109,0.118539167754108,11.6626292802559,64003380749.048,490809.307504001,67502768618.7044,6116.83043019358,0.000760375019173328,6273.38247600906,5010784091.24334,629.899043012818,5513027314.70081,1.66177936803796,27.3986952720901,0.21145141577609,0.0496693746634961,0.209687945868728,18.7050706939311,0.052367024983607,0.833112173906789,0.745638431627612,0.00113983827345451,2.02185504045174e+42,1.23468806868772,5.0169722491815,847228470.196438,6.91005862467053,5.21166377691538,0.106659405459201,4.76808099517696,69374242162.653,19252987654.5682,76833297734.8356,443267.005084112,425.714275088179,470113.914359234,12894203663.7378,279798773.813719,12672017150.669,1.19900519833688,9980,214.863779383405,52.8803629241462,32.1031160532361
32.1890119503686,-1.34219551514092,1.41686277256878,0.381747896113878,0.920241399459776,0.25665747460569,1.95634116630279,1.96587860500553,0.050118210506687,2.10197485091242e+44,52.8411194670226,0.100001437519751,1763200850.51254,8.17661479183065,7.3133968984456,-19.9204683115987,-19.0042912683257,47671559486.8463,36747916980.1142,84419476466.9605,99641366.0744667,78983333.9041261,178624699.978593,4514110156.22165,3578227435.00328,8092337591.22492,-14.8933542008403,6.12242009237419,-1.17990619368397,2.00591756166011,-0.0360378442341061,3.57477963647061,0.183922594579101,1.73614830954224,1.99208720632516,0.0120114290029263,2.87352167503217e+44,53.9736568340308,0.704081279432041,1367453021.98308,3.4158350104394,3.25607976467898,-20.0380936756605,-19.590470732149,22340976173.1287,29697449672.0969,47695926037.1905,961779.322465053,766518.085268217,4128906.95286037,559324139.631592,683136167.112935,2260648861.92249,-17.9793808046476,0.0907381420133125,-1.76568883310931,0.442434844535613,-0.41816472817802,0.896931804113125,0.0109558672716061,0.767159182232425,1.06331967709744,0.000852720301258197,1.41319542742319e+44,51.9251333109096,0.138437346924727,10848020.153796,0.0276646085817522,0.0256372134963724,-20.204469137973,-20.0114626794243,188189187.281654,1842061872.64577,19015886243.238,33.2305799900775,4313.1588623249,8836.79250715785,379377.343092247,29951600.4947371,126775668.199533,-19.4676445524259,32.1539862107461,-0.272229508316833,27.4415684160706,0.371483189647935,18.6591967389252,0.303697587877402,2.584776498934,2.70598049778398,0.0397159205167454,4.32683115919618e+44,56.8721804906377,4.57092224730068,2573171942.19488,8.66300083704925,7.88025470187489,-19.8819750001068,-18.8076139799579,57128730390.1537,53872242235.382,102337599788.935,61683692.2097281,47216112.9649072,110466712.184616,6089399274.68241,4715925515.23839,9136045902.42359,-16.8385813852046,6.03168195036087,0.585782639425334,1.5634827171245,0.382126883943914,2.67784783235748,0.172966727307495,0.96898912730982,0.928767529227723,0.0111587087016681,1.46032624760899e+44,2.04852352312126,0.565643932507313,1356605001.82929,3.38817040185765,3.2304425511826,0.166375462312519,0.420991947275301,22152786985.8471,27855387799.4512,28680039793.9525,961746.091885063,762204.926405893,4120070.16035321,558944762.288499,653184566.618198,2133873193.72296,1.48826374777834,26.0315661183719,0.90767668536714,25.4356508544105,0.407521033882041,15.0844171024546,0.119774993298301,0.848628189391753,0.713893291458821,0.0277044915138191,1.45330948416401e+44,2.89852365660689,3.86684096786864,1205718920.21179,5.24716582660985,4.62417493719591,0.156118675553643,0.782856752191137,34787754217.025,24174792563.2851,54641673751.7446,60721912.8872631,46449594.879639,106337805.231756,5530075135.05082,4032789348.12545,6875397040.5011,1.14079941944298,113148,34.2935330843951,-5.23456825783281,34.1164368769774
7.79397216673443,0.12489982028304,0.300008878517558,0.150882621746897,1.13616986349815,1.78749703592535e-05,1.94728397361976,1.99635427841996,0.0501178276018811,1.03801764817462e+40,43.9146713475988,9.94513455627559,2211562111.13078,7.19016167471161,7.44203797893396,-19.9046654291315,-7.91091991334915,43384642288.3448,51.8490392987151,43384642340.1939,88274550.7583074,0.121495123949439,88274550.8798025,3999183333.63639,5.50420557955609,3999183339.14059,-14.8247479944801,5.80751910557363,0.185238546967659,5.8561220875834,0.24697593695081,3.71405674538485,0.000309140521794705,1.93552512162962,2.04687474034229,0.00333400906532388,3.95169874196848e+37,49.9459006994078,0.871320128492987,3040929395.54417,5.48674292193326,5.44343033533642,-19.988436631002,-2.71694258815436,36861967591.4851,36811976.0349204,37374530029.2609,529587.164346594,114.838193031986,612536.814243796,1346343719.23138,802888.928806942,1644024031.23961,-19.6806483866676,4.78297249521313,-0.688563346016018,0.846686055026467,-0.297807826485154,1.01149178075224,1.69678994562428e-05,1.20209310030975,1.16541272351081,0.000544340324898879,9.71505673793981e+35,43.8667299609421,0.185855802123902,2593070338.77829,4.58087594448842,4.58999975531762,-20.1158854719172,-7.21036207023413,31014244490.3763,0.953313100724772,31047275598.4463,3030.39233514962,2.34442581108256e-05,4125.70510388971,189640832.430774,0.0223089546475044,249671700.582622,-20.8899983600611,8.56237755215577,0.764400727971514,27.5640184219265,0.833641967145863,19.2163143768957,0.0230260153984953,2.57009504541076,3.02676236816027,0.0215159699620824,4.9074697254952e+39,52.3535981878642,4.29852681033538,3666676678.60706,7.33479412770094,7.13743643612139,-19.8378809634053,1.1939886440172,49544076763.0367,1570802057.33566,51596449551.0561,22435937.9683155,82572.8600565251,22749228.4983616,3521519424.67703,111373819.421087,4088906647.13022,-18.5640740650382,1.0245466103605,0.873801892983678,5.00943603255693,0.544783763435964,2.7025649646326,0.000292172622338462,0.733432021319875,0.881462016831483,0.002789668740425,3.85454817458908e+37,6.07917073846569,0.685464326369085,447859056.765884,0.905866977444844,0.853430580018796,0.127448840915253,4.49341948207977,5847723101.10878,36811975.0816073,6327254430.81458,526556.772011444,114.838169587728,608411.109139906,1156702886.80061,802888.906497987,1394352330.65699,1.20934997339346,2.75485844658213,0.579162181003855,21.7078963343431,0.586666030195053,15.5022576315108,0.0227168748767006,0.634569923781139,0.979887627817972,0.0181819608967585,4.86795273807551e+39,2.40769748845642,3.42720668184239,625747283.062888,1.84805120576768,1.69400610078497,0.150555667596709,3.91093123217156,12682109171.5516,1533990081.30074,14221919521.7952,21906350.8039689,82458.0218634932,22136691.6841178,2175175705.44565,110570930.49228,2444882615.89061,1.11657432162943,126454,34.3093903197024,-5.22194049858565,38.8494516443502
3.97357507242369,2.5158006173848,1.96839062488721,-0.5,6.04480702603999,0.019473771666002,1.60963397170527,2.43956662885113,0.0237084098656783,2.96227455877288e+43,24.9178392987094,0.985286036052765,5042397526.82932,0.376591464335832,0.423562492470085,-16.7457398764773,-11.0455424998205,2505829836.31216,225388790.73209,2731218627.04425,1455830.99243704,1235058.76785196,2690889.760289,139423689.051399,118280521.917548,257704210.968947,-12.0909430301209,4.41540382733736,1.90727693447214,1.34912318648418,-0.411261358477132,1.95987285739879,0.0130951162338508,1.66125525519796,2.11831027647604,0.0267523790345984,1.07275550683889e+43,34.3275448946879,1.10416945974989,4946439520.907,0.306348266510666,0.359853957163712,-16.7257377058147,-9.25915437438545,1552077114.68334,113971483.982154,2094604662.13064,76948.3024315729,25162.4033464211,566768.195187578,6187922.40030116,2442360.74475551,50432898.1799468,-14.5829226992403,3.72217275310421,1.726652906531,0.653097697510259,-0.5,0.224568519830333,0.000697196641525144,0.782025876445976,1.15583535985986,0.00987706376928015,2.83847317552111e+41,27.4926376467424,0.147687939908566,4457771988.37596,8.86010343861292e-06,2.19472950704175e-05,-17.005018456626,-16.0607344135441,22638460.920381,765596.830774498,37366335.7573063,6162.41440064539,316.083246372421,16565.6092133714,1150204.73552845,40773.332158699,2537046.51634756,-15.9634069896253,6.92859894929956,2.34013947682399,1.71104868110856,-0.17118112351862,15.7954141041717,0.11039374363887,2.51092386487793,3.05518081610523,0.0464636196110607,5.88688234812058e+43,36.0412867870637,6.71116523455313,5543425730.20014,0.55342052289716,0.620184671361481,-16.1805983771833,-2.77450124778845,3634225413.02485,1487336454.93027,4703857442.55861,3539671.44890637,1463868.92340541,5316289.78208876,240944076.13908,136539006.723868,487722085.813963,-13.4241011022199,0.693231074233149,0.180624027941139,0.696025488973925,0.0887386415228678,1.73530433756845,0.0123979195923257,0.879229378751984,0.962474916616175,0.0168753152653183,1.04437077508368e+43,6.83490724794553,0.956481519841321,488667532.531038,0.306339406407227,0.359832009868642,0.279280750811328,6.80158003915867,1529438653.76296,113205887.15138,2057238326.37333,70785.8880309275,24846.3201000486,550202.585974207,5037717.66477271,2401587.41259681,47895851.6635993,1.38048429038497,2.51319512196221,0.432862542351849,0.361925494624381,0.240080234958513,13.8355412467729,0.0972986274050191,0.849668609679968,0.936870539629195,0.0197112405764623,4.81412684128169e+43,1.71374189237578,5.60699577480324,596986209.293141,0.247072256386495,0.260330714197768,0.545139328631333,6.484653126597,2082148298.34151,1373364970.94812,2609252780.42797,3462723.1464748,1438706.52005899,4749521.58690118,234756153.738779,134096645.979112,437289187.634016,1.15882159702043,21646,189.032160502803,62.2508181838641,27.6363231988941
188.841322590625,-0.186068574170952,0.3,0.704920186084356,11.5620139238809,0.989743897428895,1.39712446289013,1.67466463856303,0.0501187233627272,1.98175717599964e+40,47.2525239722332,10,7462306131.04324,112.105685177937,76.3272350990921,-20.3277368375344,-6.60925432728433,867715120569.497,391225145115.871,1258940265685.37,193570857.813281,299217315.695133,492788173.508414,8769362245.67269,13555475556.3437,22324837802.0164,-12.9512431915021,93.7639258508108,-0.151902663386548,0.3,0.89082000775968,12.0082909635989,0.823530559591629,1.51334046866462,1.35589191771982,0.000720211217983222,5.90834997398921e+38,49.9050793943879,1.14051580620294,6138771486.24984,71.3381897506857,55.7685174989707,-20.408474647749,-3.39043776118382,547608058680.718,268170246395.811,814458546401.037,68272.2076279608,16093.5853598315,125993.343189177,6942053650.83736,1654042868.81654,14858320642.3754,-16.0394749017034,55.3745079352466,-0.172237363847968,0.3,0.676341354815049,4.14478053780968,0.697311236786023,0.780190740460197,0.723520666270081,0.000124690760544726,1.12989524441661e+36,47.228113705111,0.184350801737895,5189283407.99875,50.1302697609283,43.7385526388247,-20.5033790185203,-11.5540907776165,374368575905.079,197520764327.213,574053439872.663,204.959337170325,50.5154027577628,453.011176022033,610507357.305659,218645677.679552,1968043689.59424,-17.7658911115231,167.013204359942,-0.0758400011188121,0.347593757345731,1,27.5708453075513,0.934890351813963,2.27703686573294,2.03196451739249,0.0165582318922942,1.13516118288346e+42,50.9549670826931,6.26141443325151,7024454762.69323,104.418816136412,71.1266554559839,-20.3098016297183,3.19601296069094,807180959117.229,361383099738.143,1185463865334.44,47746501.7082564,60430272.7076636,166314484.08109,29145097833.6582,13947581019.8788,35682731734.5912,-14.6202818286344,38.3894179155642,0.0203347004614203,0,0.214478652944631,7.86351042578921,0.126219322805607,0.733149728204418,0.632371251449737,0.000595520457438497,5.89705102154505e+38,2.67696568927693,0.956165004465049,949488078.251091,21.2079199897574,12.029964860146,0.0949043707712534,8.16365301643273,173239482775.639,70649482068.5977,240405106528.374,68067.2482907905,16043.0699570737,125540.332013155,6331546293.5317,1435397191.13699,12890276952.7811,1.7264162098197,73.2492785091309,0.0760626622677356,0.0475937573457307,0.10917999224032,15.5625543439524,0.111359792222334,0.76369639706832,0.676072599672668,0.015838020674311,1.13457034788606e+42,1.04988768830517,5.12089862704856,885683276.443395,33.0806263857259,15.3581379570132,0.0986730180307092,6.58645072187476,259572900436.511,93212853342.3323,371005318933.401,47678229.5006284,60414179.1223038,166188490.737901,22203044182.8208,12293538151.0623,20824411092.2158,1.41919307306904,9555,189.14804334866,62.2560780372435,32.7296723897574
342.352389622217,2.85589543714417,0.300030437041009,-0.327738064567828,1.87162961835356,1.00747775324773e-05,1.99939822675101,1.99834619968566,0.0501157173029986,2.20650723401288e+44,55.7533095263305,0.10000433694944,54669469578.6975,2.17442807373457e-133,2.44717479804907e-123,-19.7585855246095,-19.7503136182493,172562219.094177,1551998.02575684,174114217.119934,407765.626962575,3656.77050170807,411422.397464283,18474159.9133796,165673.020353146,18639832.9337327,-15.0231300939398,193.796382656137,2.67422668895576,0.351105203632301,-0.31020538881767,1.18786228676624,0.0106187807819705,1.60420734925266,2.22132294721461,0.0396459016226614,2.2011119173272e+44,54.7862362186198,1.29332480901348,51871232135.7509,1.59979698443246e-46,8.6329880901404e-43,-19.6352436691069,-19.6118983238099,176889287.804863,1878555752.52504,2058903626.67896,67933.8343947101,1112314.571072,1301177.0988362,5530415.37393178,85218819.0918681,100842800.366509,-17.8659092164161,137.344139922064,2.40203399186999,0.3,-0.5,0.0267686038006421,6.64105572463124e-05,0.794480591995625,1.30862330008293,0.0191568249732125,1.85049360316831e+44,53.1008331357172,0.212197321171334,47192435760.3482,6.156683280927e-153,6.63349292536656e-139,-19.771338144512,-19.7574140773566,162419193.069879,9269433.08523255,185815247.59408,4054.35446822269,13293.740516185,66604.6933553309,333099.273963679,787143.20552233,3931888.72598206,-19.72457671192,273.791998044401,2.8559193274102,0.484181647314242,-0.0390717782003772,13.7836474207193,0.227674239626741,2.4056243118421,2.96306660614438,0.0501187233627272,2.92745308629519e+44,58.025683603006,5.26424477498698,56928776008.1112,2.37279765935154e-11,9.49330818561512e-11,-19.4306640824248,-19.3949379471351,199057811.218085,43937565624.2885,45076921221.1828,488255.651168642,32056353.6829241,32348394.2923963,28512110.6875426,2331224614.83719,2348783222.1611,-16.485626493792,56.4522427340728,0.272192697085769,0.0511052036323013,0.18979461118233,1.1610936829656,0.0105523702247242,0.809726757257033,0.912699647131686,0.0204890766494489,3.50618314158888e+43,1.68540308290263,1.08112748784215,4678796375.40276,1.59979698443246e-46,8.6329880901404e-43,0.136094475405127,0.145515753546647,14470094.7349838,1869286319.4398,1873088379.08488,63879.4799264874,1099020.83055582,1234572.40548087,5197316.0999681,84431675.8863458,96910911.6405269,1.8586674955039,79.9956153882635,0.181692638454442,0.133076443681941,0.271133610617293,12.595785133953,0.217055458844771,0.801416962589439,0.74174365892977,0.0104728217400659,7.26341168967989e+43,3.23944738438613,3.9709199659735,5057543872.36032,2.37279765935154e-11,9.49330818561512e-11,0.204579586682115,0.216960376674805,22168523.4132217,42059009871.7634,43018017594.5038,420321.816773932,30944039.1118521,31047217.1935601,22981695.3136108,2246005795.74532,2247940421.7946,1.3802827226241,15484,189.064586331183,62.2738256546791,37.6302890117677
111.205372007363,-0.942858978990395,0.324285067135789,-0.424466407548791,3.91738342553238,1.06463439945281,1.99678471199048,2.00023067627054,0.0246460003244375,5.20747073362536e+44,31.7647047500943,2.66441374087175,13797714262.1267,36.9314493574787,34.5643983805095,-18.7515182731701,-8.35971383846074,244693473021.34,157733235104.333,402426708125.673,574059986.140689,373578885.450985,947638871.591674,52885773661.4317,34416278538.1957,87302052199.6274,-12.0372480396946,67.5595518004634,-0.776171148031184,0.309701036925472,-0.5,12.1537262354927,1.06376689822563,1.9463186046428,1.808339560784,0.0219038359248606,2.39844928436435e+39,40.29569353196,1.68773334349427,15705313592.3009,33.6861803354411,32.0692587245385,-18.7403770486384,-2.0205228802353,227607715284.197,153044778978.112,387089167453.102,70623967.4892031,35242414.6686091,263511954.378519,13768974139.4254,6734480039.14374,31106407153.9975,-14.6011549879841,58.4541407583047,-0.958322141721359,0.3,-0.5,4.49842156599926,0.939262357397574,1.12820432657229,1.13410841618953,0.00442628200671565,4.8056246586703e+37,35.1575577438389,0.232629327425459,13911824705.1256,30.2498990073532,28.8263182744173,-18.9112509674982,-6.81150111903024,206041214957.04,120229791328.708,330630099051.086,3607943.21272545,2807121.80455211,19743150.6186221,854075704.547661,640775947.359247,8306442591.69571,-15.8425288290285,79.9284406029359,-0.613719568206449,0.411908678283429,-0.454840439034051,29.3250562353503,1.17609649056458,3.15688244015223,2.73533333893616,0.043179176664557,4.92772111545028e+43,43.6940192578444,7.74795663152702,18191400783.4905,38.4892486031268,36.5836757907631,-18.5628107943981,2.46443834357284,261948792559.348,203738135097.531,460361042681.358,740999542.450661,359855427.761254,939291970.520434,53512337706.6395,26999438502.411,65800227703.8612,-13.5052794503894,9.10541104215868,0.182150993690175,0.00970103692547192,0,7.6553046694934,0.124504540828053,0.818114278070504,0.67423114459447,0.0174775539181449,2.35039303777764e+39,5.13813578812103,1.45510401606881,1793488887.17531,3.43628132808791,3.24294045012114,0.17087391885978,4.79097823879494,21566500327.1572,32814987649.4038,56459068402.0157,67016024.2764777,32435292.864057,243768803.759897,12914898434.8777,6093704091.7845,22799964562.3018,1.24137384104438,12.3688888024726,0.162451579824735,0.102207641357957,0.0451595609659487,17.1713299998576,0.11232959233895,1.21056383550943,0.926993778152158,0.0212753407396964,4.92748127052184e+43,3.39832572588448,6.06022328803275,2486087191.18955,4.80306826768567,4.51441706622457,0.177566254240229,4.48496122380815,34341077275.1507,50693356119.4187,73271875228.2557,670375574.961458,324613013.092645,675780016.141915,39743363567.2142,20264958463.2673,34693820549.8637,1.09587553759471,942,189.197549495719,62.2913394656315,27.2436236198247
12.2814790594148,-0.441574250689772,1.26145299159663,0.998772252755419,0.960400773561344,0.0997066873989862,1.97603623947468,2.04049668244756,0.0500170031730091,1.14991052810998e+41,44.4187119745881,0.100088314642205,2338223264.82929,9.49973287231662,8.95465442954731,-19.9156036340443,-11.0854328029671,55728239607.3826,6980566778.55945,62708806385.9421,123335369.964628,18401229.2237273,141736599.188355,5598839393.66651,835328317.409996,6434167711.07651,-12.7000188259256,7.38579509965719,-0.0802910049537882,1.2594945740323,0.172483196147028,5.76905421055999,0.00278155920298495,1.67643254696484,1.67855854280522,0.0175420260297794,1.17286172504851e+37,43.8733209505277,1.01584734923097,2971858687.01399,6.38467105078499,6.27568103018598,-19.9148336437,-0.154343801920913,40799537143.0717,75641930.0185352,40820272588.4283,8215230.34777746,33401.6027759633,9980693.40648752,1257480722.65688,7343778.19234339,1474000009.76906,-17.8846884953324,4.70393466033722,-0.323357822148919,0.382376928601978,-0.318730815835213,1.03109657718222,2.51207894792756e-05,1.07952588656406,1.03743810919805,0.00407805563165894,2.73415255146822e+35,39.9180940098694,0.158606180948137,2350603875.82507,4.56732141058894,4.61208873742579,-20.0247766213868,-3.80818753751522,30899565786.5888,2.9907968758915,30944952985.0473,244530.871817053,0.000495304074723975,248250.634725261,114717026.666718,0.0309194765210343,120879710.743682,-19.2177256055089,13.5170909628349,0.579892697710223,22.1788039912667,0.789601589807808,26.0815297932734,0.162201216074047,2.39207395811173,2.35795272611661,0.0501187233627272,1.8975727624512e+38,46.0389189938839,7.14101830100319,3399662646.61999,11.2450063230125,10.5833957997625,-19.8112611810832,3.63157788446749,74641729465.7738,13624435797.1571,87861346288.6682,114469897.348915,3949231.83962473,115933392.104741,7475423622.98527,267801893.395012,7797718791.85365,-15.433657582924,2.68186043931997,0.24306681719513,0.877117645430318,0.49121401198224,4.73795763337777,0.00275643841350568,0.596906660400773,0.641120433607171,0.0134639703981205,1.14552019953383e+37,3.95522694065823,0.857241168282837,621254811.188914,1.81734964019605,1.66359229276019,0.10994297768675,3.65384373559431,9899971356.48292,75641927.0277383,9875319603.38104,7970699.47596041,33401.6022806592,9732442.77176225,1142763695.99016,7343778.16142392,1353120299.02538,1.33303711017648,6.13129586317768,0.660183702664011,20.9193094172344,0.617118393660781,20.3124755827134,0.159419656871062,0.715641411146895,0.67939418331139,0.0325766973329478,1.78028658994635e+38,2.16559804335622,6.12517095177222,427803959.606,4.86033527222749,4.30771476957649,0.103572462616881,3.7859216863884,33842192322.7021,13548793867.1385,47041073700.2398,106254667.001137,3915830.23684876,105952698.698254,6217942900.32839,260458115.202668,6323718782.08459,2.45103091240837,12216,189.133914999581,62.2424344366106,40.7085411635967
209.056130216734,-0.399146937262548,0.46614732236962,0.999745761562878,18.504792363686,0.60261958732215,1.63745659393527,1.88656846260227,0.00396863599312529,1.25683174656007e+39,44.6050209907842,5.41372227526835,1375721911.4215,30.3907060130188,15.4306831767881,-19.6853589228362,-4.16755996502197,237189444473.144,69053543602.8606,306242988076.004,155235641.325806,116189495.203908,271425136.529715,88813341261.7385,66474278718.7389,155287619980.477,-14.4839841882416,40.5690343559173,-0.381738554044915,0.533925168219416,0.957662544683331,5.37535315962572,0.428476433059459,1.65718899819453,1.98197876977369,0.00217243062870256,2.47292747937532e+38,45.7720455041575,0.807397048957392,1099078723.18061,15.3531762658234,10.6872352299858,-19.7180896044232,-3.38075974868482,117582152872.055,39325833808.9069,157066039160.002,150806.901650613,99872.4435478474,314541.730898416,1711062725.44344,1073139311.43372,4252692052.77018,-17.3358736973841,14.0670733254993,-0.401120175375358,0.471334588277473,0.825446193524902,1.45783424479045,0.193486088525333,0.741457769162988,1.17719444466758,0.000181714284414383,1.12141112047371e+36,43.7577356718166,0.148690265007151,777340608.275044,7.64945081833739,6.2647476948046,-19.8614795903776,-9.28227532400578,56615343420.0332,13102969555.8146,70649251762.0085,194.796818533961,59.0160317937192,377.824775674322,95114858.9823554,60446693.7309826,497591554.28692,-19.1833121730053,123.733509587802,-0.357787901386391,0.581280147440553,1,19.6289693410945,0.552825274464751,2.58908649114918,2.68395426189823,0.0240480280861112,6.52223070336795e+40,48.6484329625936,4.39519641495224,1344424520.04959,23.7489298382224,13.8968565303168,-19.6204907287531,2.59706761488588,183703850135.191,58408002712.2705,240820567638.04,52613329.7564812,26377036.4530174,75125576.9378656,12368382299.9463,4751134935.49228,16458606619.6859,-16.1475511660789,26.501961030418,0.0193816213304436,0.0625905799419436,0.132216351158429,3.91751891483527,0.234990344534126,0.915731229031547,0.804784325106116,0.00199071634428818,2.46171336817058e+38,2.01430983234085,0.658706783950241,321738114.905566,7.70372544748603,4.42248753518115,0.143389985954375,5.90151557532096,60966809452.0219,26222864253.0922,86416787397.9934,150612.104832079,99813.4275160537,314163.906122742,1615947866.46108,1012692617.70273,3755100498.48326,1.84743847562121,83.1644752318845,0.0239506526585241,0.0473549792211372,0.0423374553166687,14.2536161814688,0.124348841405292,0.931897492954641,0.701975492124538,0.0218755974574086,6.4975014285742e+40,2.87638745843612,3.58779936599485,245345796.868982,8.395753572399,3.20962130033107,0.0975988756700943,5.9778273635707,66121697263.1357,19082168903.3636,83754528478.0381,52462522.8548306,26277164.0094696,74811035.2069672,10657319574.5028,3677995624.05857,12205914566.9157,1.18832253130522,16972,189.058317421305,62.2725587141236,34.585928432084
8.54554897747521,1.05810450840072,4.33002924682915,0.23175835926957,3.19433705148147,0.521905532821336,1.99996278768409,1.99999349592587,0.0334445384255597,1.44867072489058e+39,44.7240241729408,2.34597631070344,6998945958.20013,8.32247255185171,8.33983016469259,-18.4969144909447,-4.56911529851739,54809510338.4058,27572872625.7196,82382382964.1254,129716502.944817,65261641.0681271,194978144.012944,8806392967.07714,4430582415.30579,13236975382.3829,-12.6893879792278,7.82835478793297,1.13850940304101,9.93408139716807,0.280880360691317,6.39874825767665,0.438451694787991,1.85999084984412,1.94366441839588,0.0447238696388448,2.06953214074821e+37,44.5636780886872,1.16693177619143,6286020239.43618,7.49415993529167,7.49904383073506,-18.5573330489681,-0.136257426488385,49651756071.0138,21312049209.1388,70929680345.5678,50293932.6234752,25932042.3109896,104709779.517127,3196434898.02073,1553733971.20379,6549445055.87374,-15.1552787604369,6.74047709971519,0.662146626570939,1.46766693129242,-0.323915979095446,1.78174041122616,0.34012903962525,1.10002513535004,1.27189440029925,0.0269407210439075,5.22545195020906e+35,41.6792894327902,0.20344501668661,5594524984.36875,6.33545618752254,6.34371060928173,-18.6659784945017,-4.63053118390122,41198227759.1558,15331200452.012,57675889603.8687,3355219.15710881,2799981.72131866,28236466.8138453,197768025.688829,167790056.130991,1684859488.7291,-16.7252355590135,9.17315808704258,1.460825931037,52.7057647587899,0.838484103254077,22.2714877062436,0.525320594197997,3.0090534215658,2.73515278198729,0.0501187233627272,1.57998660363486e+39,48.774328352759,5.37467571681184,7193809991.90319,8.71894933355578,8.72534690220233,-18.4463664372945,3.58872622849685,57600072574.0788,27492819100.6314,84516881001.2607,211145552.410317,84340282.1780464,259761385.065432,11402882816.28,4655702692.01367,13696821605.4583,-13.911709487008,1.08787768821778,0.476362776470073,8.46641446587565,0.604796339786763,4.61700784645049,0.0983226551627416,0.759965714494083,0.671770018096634,0.0177831485949373,2.01727762124612e+37,2.88438865589702,0.963486759504821,691495255.067433,1.15870374776913,1.15533322145333,0.108645445533625,4.49427375741283,8453528311.85794,5980848757.12677,13253790741.6991,46938713.4663664,23132060.589671,76473312.7032816,2998666872.3319,1385943915.0728,4864585567.14464,1.56995679857659,1.34480329910961,0.322316527995989,42.7716833616218,0.55760374256276,15.8727394485669,0.0868688994100059,1.14906257172168,0.791488363591403,0.00539485372388242,1.55929128222738e+39,4.21065026407177,4.20774394062041,907789752.467001,1.22478939826411,1.22630307146727,0.110966611673607,3.72498365498524,7948316503.06506,6180769891.49263,13587200655.6928,160851619.786842,58408239.8670568,155051605.548305,8206447918.2593,3101968720.80988,7147376549.5846,1.24356927342882,20197,189.337089016745,62.2485152399926,31.579555261358
49.1228336160565,-1.45655441364673,1.4195279794207,0.31471338267243,0.365326750522182,0.000299449873385692,1.98136687075429,2.00100561356577,0.0501186765931868,2.29069339937923e+38,45.96151862125,9.89203008290788,1355464457.63364,7.41580774052724,6.43954965580357,-20.3263316134469,-4.22622005364655,31408511837.3945,28.8446808028893,31408511866.2392,70574334.6225711,0.0684619376488161,70574334.6910331,3197239967.20948,3.10154172127884,3197239970.31102,-26.981374967911,22.855739438103,-1.37023026404078,2.51426787440122,0.280927512280383,0.462977332433819,0.00936804248904073,1.75546524868838,1.98611066061079,0.0382444961653393,2.34526961675765e+38,47.1497643961703,0.883658293684397,1824121635.8264,7.84726832064249,7.15515582880514,-20.333313117965,-4.51784929455943,37253925079.305,94077.9574974825,38257929847.0973,13444850.0506733,121.602816398958,14601713.855062,1446091250.73325,7886.35551865497,1651029882.93493,-30.1761287599452,8.95963195860337,-1.59548221657663,1.46324495110159,-0.366403593599187,0.19538628369778,0.00166700142088607,0.78233900999942,1.07195765844974,0.0117138752913765,6.51151657035933e+35,45.2426167044482,0.155889586106181,1441492188.67974,5.57948098909471,5.23097431923089,-20.6375677939882,-9.22103461828803,18130339148.2633,19.6717250378524,18398838442.3434,510315.875986316,0.00660724655160285,547716.400679993,44826333.0101389,0.712189413130567,56445572.4693265,-31.9501736463868,224.858674347785,-0.389810299328037,31.7005432355696,0.871752259001898,8.01258266516733,0.0615956065561578,2.5969056945022,2.68736588810943,0.0501187233627272,1.95487683849793e+40,49.9751811399811,4.75497337680266,2529974612.35311,14.573093225959,11.742380782757,-20.1023250652639,1.96990960624375,101319557103.81,3669474202.93217,104048032056.895,132357916.427989,3412052.64573331,138244265.475734,9382960642.25862,317129953.155108,9677017440.08781,-28.8196381286016,13.8961074794996,0.225251952535855,1.05102292329962,0.64733110587957,0.267591048736039,0.00770104106815467,0.973126238688955,0.91415300216105,0.0265306208739628,2.3387581001873e+38,1.90714769172209,0.727768707578216,382629447.146653,2.26778733154778,1.92418150957425,0.304254676023231,4.7031853237286,19123585931.0417,94058.2857724447,19859091404.7539,12934534.174687,121.596209152406,14053997.454382,1401264917.72312,7885.64332924184,1594584310.46561,1.77404488644166,202.002934909682,0.980419964712739,29.1862753611684,0.590824746721515,7.54960533273351,0.0522275640671171,0.841440445813825,0.701255227498637,0.0118742271973879,1.93142414233035e+40,2.82541674381084,3.87131508311826,705852976.526716,6.72582490531649,4.58722495395182,0.230988052701086,6.48775890080317,64065632024.5053,3669380124.97467,65790102209.7977,118913066.377315,3411931.04291691,123642551.620672,7936869391.52537,317122066.799589,8025987557.15288,1.35649063134362,1547,189.305768517986,62.2108848259866,60.3931734006468
15.2832969573335,0.208595488007363,0.30001366711488,-0.232435616116613,10.0137581090701,0.430144352536411,1.99501975164989,1.99876608220084,0.0501186173580222,5.3581437849782e+43,44.4921549133396,8.87013392083216,5352923451.19932,11.1967009642452,12.6857399271431,-19.2140786983592,-16.1806261974949,74141839964.6299,33970061667.3185,108111901631.948,173092023.935742,80131885.5207604,253223909.456502,7841623927.09911,3630231460.32675,11471855387.4259,-20.3863020026657,13.0293382541117,0.371586354112615,7.1855193631706,0.288930097301938,8.45706327062331,0.496034599922024,1.57210845653959,2.22813853081155,0.0226803995833895,9.88204043056003e+41,45.8367231467648,1.93419758547767,6268545783.89913,12.6740228213171,12.7612416989888,-19.1895850421561,-11.9699370001886,83884849886.2088,40858018270.1618,122942629395.997,2808083.46928601,4610097.90513163,26633931.5567168,1714243551.86499,3435262385.8714,6725244748.89433,-23.3836454666435,9.57064149719421,-0.0522042373615159,0.957534099434986,-0.283535603250569,2.56415993374987,0.281586711112615,0.849748354398015,1.17548321040279,0.000973554650624897,1.13799143725704e+40,44.7935187227329,0.268438532098818,4749667087.89369,9.04047516564307,9.0366960294117,-19.3298370178602,-14.9880968486182,59169691051.6892,18414186644.6845,79502873507.845,57533.2465664364,107908.501124988,194599.02339617,121927361.503578,153732847.043025,1328136330.21478,-24.9106617571335,22.4143377097492,0.877358166281348,52.5466745417576,0.829411342964741,25.0670186681062,0.921260909339528,2.1950622968639,3.00200197802636,0.0501187233627272,1.93863943700852e+43,47.3555770939134,6.53209508979625,8611949462.7834,21.6392263479327,21.4893036966054,-19.0916063580926,-6.67921675348862,152777468201.952,126278988700.229,281829823567.98,61433621.2429972,65880391.6374041,126254860.346769,8195392095.75375,8831986786.10199,15545506422.5247,-22.1151030215243,3.45869675691745,0.423790591474131,6.22798526373562,0.572465700552507,5.89290333687345,0.214447888809408,0.722360102141578,1.05265532040877,0.0217068449327646,9.76824128683432e+41,1.04320442403189,1.66575905337886,1518878696.00544,3.63354765567405,3.72454566957714,0.140251975704096,3.01815984842959,24715158834.5196,22443831625.4772,43439755888.1522,2750550.22271957,4502189.40400664,26439332.5333206,1592316190.36141,3281529538.82838,5397108418.67955,1.52701629049006,9.38499945563753,0.505771812168733,45.361155178587,0.540481245662803,16.6099553974829,0.425226309417504,0.622953840324312,0.773863447214808,0.0274383237793378,1.83981903270292e+43,1.51885394714859,4.59789750431858,2343403678.88427,8.96520352661558,8.72806199761655,0.0979786840634667,5.29072024670002,68892618315.743,85420970430.0672,158887194171.983,58625537.7737112,61270293.7322725,99620928.7900525,6481148543.88876,5396724400.23059,8820261673.6304,1.2685424451192,11269,189.265427095898,62.1993781148801,45.8716203824858
62.6902912650759,-1.99999672034108,99.7291681268528,-0.143407238327014,1.41665070610193,1.00736184871256e-05,1.99189494790129,2.0009185811538,0.0501185646773712,3.80249894960167e+43,47.5781490705319,9.99991552120503,2910290933.78192,11.8929655028509,10.8389988600702,-20.3485764154039,-17.5377661188694,74672622666.4347,203959.933111191,74672826626.3678,172824292.081925,483.976813465005,172824776.058739,7829503045.03628,21925.7251923528,7829524970.76147,-19.9061799584279,72.2570833544948,-1.78314090897049,3.85135108478286,-0.0179474255768428,4.29917215935228,0.0169594395715598,1.78662766641313,1.98624175378171,0.0419473992201688,1.64774457796437e+39,48.7010274042339,0.808368932708645,3009510428.71232,13.8442697198699,12.4685349985819,-20.3997045523703,-6.61296830438199,90902166179.5151,1758308874.79201,93630264654.4969,46593828.6431888,825171.039635054,60255405.3097507,4320406288.6843,55332101.5413043,5431521922.73766,-23.074203171803,47.0867874462964,-2,1.25528992975708,-0.476354589019156,1.24070328457828,0.00166150526163312,0.800576217343469,1.04905754507071,0.0195981292067755,1.53496458543914e+37,46.7236733491056,0.147658634002453,2557275053.77729,11.3442844256844,10.1882807101196,-20.4683911449549,-15.6243125893121,72505646471.23,25384679.4769934,72766072324.0219,2122039.52738387,4368.94531133028,3146204.17715546,135066515.892725,359135.034571184,243904014.217985,-24.5350939526325,124.035096779356,-1.26913084590867,30.4369171984195,0.565566955521489,18.2525596558124,0.128850409653452,2.62033536576331,2.70170580966466,0.0501187233627272,5.76830027819778e+42,51.5304036008441,4.37974251478353,3559368285.66224,16.451028861068,14.6783022651495,-20.317013841005,-1.55318768645718,109931031051.776,14887125868.3327,122879887587.103,335102366.470433,20557444.0938196,357826323.251169,18729369437.0342,1496474782.61959,19794764227.6687,-22.0392193516475,25.1702959081984,0.216859091029514,2.59606115502578,0.458407163442314,3.058468874774,0.0152979343099267,0.986051449069658,0.937184208710999,0.0223492700133933,1.63239493210998e+39,1.97735405512829,0.660710298706192,452235374.93503,2.4999852941855,2.2802542884623,0.0686865925845694,9.01134428493013,18396519708.2851,1732924195.31502,20864192330.4751,44471789.1158049,820802.094323723,57109201.1325952,4185339772.79158,54972966.5067331,5187617908.51968,1.46089078082951,51.7780134248608,0.514010063061819,26.5855661136367,0.583514381098332,13.9533874964601,0.111890970081892,0.833707699350183,0.715464055882953,0.00817132414255844,5.76665253361981e+42,2.82937619661028,3.57137358207488,549857856.949924,2.60675914119814,2.20976726656761,0.0826907113653057,5.05978061792481,19028864872.2614,13128816993.5407,29249622932.6056,288508537.827244,19732273.0541846,297570917.941418,14408963148.3499,1441142681.07828,14363242304.931,1.03498382015552,16900,189.082660314825,62.2524803877119,45.6574644413472
21.4822715684706,0.254446528049878,0.300000056789147,-0.499999837513683,0.737085002252821,0.21857112656495,2.00413866848532,2.00183228311536,0.050118691158923,9.40421519520571e+37,46.4619430834094,3.13237243045135,8346574957.83271,10.2707723068793,13.7281381193649,-19.9805205902017,-2.75785357986859,54876060003.9333,24170444582.732,79046504586.6652,131368653.106443,57498017.0595793,188866670.166022,5951412625.13107,2604840778.653,8556253403.78407,-11.6351642678992,12.0560002922749,1.05433358652764,6.46481325544507,0.164377654058536,5.5247480883219,0.000562559731721,1.38896757436642,1.96467436314265,0.0490110913892715,2.27004023897627e+38,39.9056063899769,1.94457925828627,8273631606.83258,11.3430906026038,11.3775424170996,-20.0964059455984,-0.941790957345496,74503114305.674,108665838.194672,75310670789.2093,15419528.2301424,167212.437561524,18379072.7693177,861097637.978614,9304612.66226679,1048419389.94823,-14.4123572013031,11.0470181743373,0.706493027562807,1.02449974788591,-0.327319202275688,1.65921648207923,2.12821258464322e-05,0.814182339362428,0.981827406862199,0.0342142884177307,1.24101498192997e+36,38.9239774371721,0.284798484164047,7296456369.76911,9.69487960149982,9.83523645174138,-20.203549002015,-5.36718774036533,62185801566.1752,17109101.5290254,63824446107.8792,2151675.93080007,1416.79575644577,2548843.95758413,117608200.476268,68102.1854914614,129025806.179998,-16.0615118347049,14.0741228224756,1.15458895269031,51.0793873358029,0.737255080810796,23.6621158128295,0.0581521977287193,2.09777706867963,2.81646182078375,0.0501187233627272,1.78362141379402e+40,42.5367556188365,6.77967309541053,9169096241.78357,12.5413571317138,12.573032283582,-19.9960917034153,5.19835863570801,82737692052.7108,5755279576.24019,85605651992.4706,144294554.874187,2514823.60304796,151987176.164392,7532486253.21409,140284664.982354,7872574819.43219,-13.3991856962319,1.00898211793757,0.347840558964836,5.44031350755917,0.491696856334224,3.86553160624267,0.000541277605874568,0.574785235003991,0.982846956280448,0.0147968029715408,2.25763008915697e+38,0.981628952804769,1.65978077412223,977175237.063465,1.64821100110396,1.5423059653582,0.107143056416582,4.42539678301983,12317312739.4988,91556736.665647,11486224681.3301,13267852.2993423,165795.641805078,15830228.8117336,743489437.502347,9236510.47677533,919393583.768235,1.64915463340184,2.01812253020074,0.100255366162666,44.6145740803578,0.57287742675226,18.1373677245076,0.0575896379969983,0.708809494313208,0.851787457641105,0.00110763197345569,1.76092101140426e+40,2.63114922885966,4.83509383712426,895464634.950989,1.19826652911004,1.19548986648243,0.100314242183057,6.14014959305351,8234577747.03679,5646613738.04552,10294981203.2613,128875026.644045,2347611.16548644,133608103.395074,6671388615.23548,130980052.320087,6824155429.48396,1.01317150507122,4119,214.949462941075,52.8454227064745,29.6795359853211
56.7347836983333,0.158840969509689,0.300000029000825,0.350163717701667,1.65638319708072,0.385797374796747,1.98809150525807,1.995594025436,0.0501187209086135,9.78480785393229e+40,50.6783152809832,2.94831311655527,15876422234.6796,51.3024376737021,53.2194603418291,-20.9364331194255,-10.3232985126344,325773572656.706,121942588330.703,447716160987.41,746009500.704323,285141184.595436,1031150685.29976,33796553596.0844,12917783645.5599,46714337241.6444,-13.5202595401523,31.5307776962197,0.409174355380145,6.79642325123346,0.231450175010535,5.34240101905339,0.138832335346512,1.98336859397938,2.00125719913781,0.0408012409465213,2.39364229364223e+40,51.1217028400486,1.62390390716183,19416867996.1112,30.7654281394488,30.8850824880829,-20.9552799962415,-9.26989236600158,201075341393.622,33934980982.9904,236167115417.402,203529627.477887,25734427.8248331,235622507.280946,15873468467.5969,1658994843.17301,18935735444.3423,-17.249921263499,25.6530319096102,-0.130092281906758,1.15361389029381,-0.341395351697161,1.34813187357468,0.0314324713837655,1.10379398485651,1.3135745260225,0.0166276286418112,6.02804086473027e+38,49.563103768836,0.19660214548431,17093649220.1548,24.1183325847763,24.2385452500302,-21.0933816616345,-13.1143265299185,150856169096.688,7351101899.09462,174552174470.586,8806485.89926035,2009239.19463776,38876571.2469743,806919026.480132,186387422.659985,3266424735.65999,-18.9575409527552,40.3514960196029,1.04951761181804,39.8989294692871,0.806632630562335,23.0927082277803,0.27757537314768,3.10038123930585,2.72936858381352,0.0501187233627272,6.83119226757571e+41,53.5299907365716,6.49865594145203,21903445455.5278,38.4072587074718,38.0539771514837,-20.8450617794292,-5.34234948041292,257710253222.076,76302200845.1419,323967438724.03,953709347.782374,132744911.574168,1041085432.28709,51747994393.4783,8149857414.8551,56057686042.8128,-15.7451978630127,5.87774578660953,0.539266637286903,5.64280936093965,0.572845526707697,3.99426914547871,0.107399863962747,0.87957460912287,0.687682673115317,0.0241736123047101,2.33336188499493e+40,1.5585990712126,1.42730176167752,2323218775.95635,6.64709555467248,6.6465372380527,0.138101665393013,3.84443416391692,50219172296.9342,26583879083.8958,61614940946.8163,194723141.578627,23725188.6301953,196745936.033971,15066549441.1168,1472607420.51302,15669310708.6823,1.7076196892562,8.82071832338323,0.640343256437891,33.1025062180536,0.5751824555518,17.7503072087269,0.138743037801167,1.11701264532647,0.728111384675706,0.00931748241620595,6.59182803821149e+41,2.40828789652297,4.8747520342902,2486577459.4166,7.64183056802296,7.16889466340079,0.110218216812306,3.92754288558866,56634911828.4543,42367219862.1516,87800323306.6282,750179720.304487,107010483.749335,805462925.006147,35874525925.8814,6490862571.68209,37121950598.4705,1.50472340048631,5357,214.896496723333,52.8708816957982,35.7616661891065
106.012425127811,2.68376448310494,0.3,-0.357559293149213,7.98306006406286,1.23199673615492,1.9999972576554,1.99781950948856,0.0501187233627272,9.01728498321752e+44,40.1759675053953,1.45522420840331,20523202144.2057,7.4474265016313e-135,8.65268106807471e-124,-14.548671325629,-14.4245859416641,68589096.4680481,44688833752.5974,44757422849.0655,162343.740844014,105141647.366117,105303991.106961,7354676.66910906,4763243823.35303,4770598500.02213,-11.4680347872833,36.0598581853417,2.07275446439707,1.72657112687658,-0.197764454131087,15.1105193929917,2.27386929718009,1.81425645090144,1.99292086574451,0.0286107996860115,2.87415346134639e+44,38.4948157318803,1.14764380391807,32291338334.0266,6.97404619245915,7.65033448854637,-14.0735536620116,-11.3322376958272,46824073138.4146,132137875364.253,177573029803.608,5263644.8737537,50708585.0705733,95480663.9030328,543393405.213312,8099719976.49041,11801376398.0752,-14.6800223190707,20.516244109422,0.669687357866158,0.660891044148177,-0.5,7.06565186791835,1.92250155353538,0.8293900233898,1.13004771376985,0.00444321356505823,2.58672860394392e+43,35.5422859615697,0.290789507973006,21179301067.1546,0.00563809646101054,0.0103928819663702,-14.3865309248447,-13.4364264935784,235512358.361081,88623005616.6104,106226978733.061,9754.98217847628,1440936.33264794,3384737.55616613,9864673.89277374,575581121.000026,1810856380.62399,-16.2946019812523,64.3299621051175,2.55293932134094,9.55904496069093,0.0598665677217412,29.9228238475612,2.50974487246145,2.66105087643317,2.73885851038904,0.0501187233627272,1.17132144816736e+45,41.3124028175753,3.66163846344164,38963365685.2264,23.4882747920078,23.4903791186443,-13.6736732939832,-4.94057896035115,156377499250.617,192817848472.253,334785304607.652,214198121.319554,390928933.991579,643812375.720704,15235738195.6052,26064900343.5074,38681172513.2943,-13.4835243276664,15.5436140759197,1.40306710653091,1.0656800827284,0.302235545868913,8.04486752507331,0.351367743644712,0.98486642751164,0.862873151974658,0.0241675861209532,2.615480600952e+44,2.95252977031062,0.856854295945061,11112037266.872,6.96840809599814,7.63994160658,0.312977262833115,2.10418879775119,46588560780.0535,43514869747.6425,71346051070.5474,5253889.89157522,49267648.7379253,92095926.3468666,533528731.320538,7524138855.49038,9990520017.45118,1.6145796621816,28.2701039197758,0.480184856943874,7.83247383381435,0.257631021852828,14.8123044545696,0.235875575281364,0.846794425531733,0.745937644644531,0.0215079236767158,8.83906102032722e+44,2.81758708569501,2.51399465952357,6672027351.19981,16.5142285995486,15.8400446300979,0.399880368028327,6.39165873547603,109553426112.202,60679973108.0003,157212274804.044,208934476.4458,340220348.921005,548331711.817671,14692344790.3919,17965180367.017,26879796115.2191,1.19649799140428,6944,214.896711505705,52.8497991007546,28.458838563636
151.772009479081,2.19427371231116,4.09639819139093,-0.417403431236985,19.0777729874993,3.10238678303567,2.01433631104258,2.0185326638474,0.0501161990011777,5.05530717735679e+42,45.9578229196475,0.103186839973535,186305411231.669,121.929328233376,123.223493079582,-14.2057923195019,-7.13532615545248,811946234306.544,870776929530.846,1682723163837.39,1998163748.99434,2167147109.12115,4165310858.11549,90527595716.2518,98183453408.612,188711049124.864,-12.850990462372,173.777403563033,1.6221393066477,14.2698098256828,0.253433820942958,19.5232872325606,3.56682915810391,1.51134184883352,1.97717470287145,0.0100280664962168,1.74034073154038e+39,44.2095250903772,1.16378323601324,198436676916.938,168.29705385247,168.535621813116,-14.034706517677,3.89339235132348,1165942663054.84,1561610684633.3,2748780858378.85,66045077.545068,244321895.73764,498839233.805868,17677460433.5879,83039565436.1034,133545124686.749,-15.8597592206132,125.582341045319,1.01563639147302,3.90900704796987,-0.28384821487117,11.5909238378103,3.08169072612769,0.785612856291852,1.31515754661125,0.00319156164859707,1.95036779804061e+36,38.763639434934,0.163110520623116,150936483529.396,122.833390483524,122.881051338542,-14.393742157619,-8.60741131986098,822669211199.793,876344447636.913,1677203243559.11,3594227.45274584,22892115.1834745,52093037.4350824,1404626352.21535,10516779461.4157,33357945384.2589,-17.4442337928268,211.117303076017,2.13946090682557,58.8483423584428,0.762536174274085,31.6227766016838,3.69993160553076,2.34500377955669,2.74140647586511,0.0423534168444424,9.72720241056246e+43,46.7179227031035,7.32794787653752,228083262590.918,205.352660844278,205.609735985147,-13.7910892951603,11.6514551839536,1421073552950.32,1838273584715.12,3203800583903.37,826055957.376136,1649106493.02675,2793421549.89966,113130551986.791,196778396290.26,285790607951.325,-14.7616902420064,48.1950625177132,0.606502915174677,10.3608027777129,0.537282035814128,7.93236339475031,0.485138431976218,0.725728992541669,0.662017156260201,0.00683650484761972,1.73839036374234e+39,5.44588565544319,1.00067271539012,47500193387.5425,45.463663368946,45.6545704745745,0.359035639941986,12.5008036711845,343273451855.043,685266236996.388,1071577614819.74,62450850.0923222,221429780.554166,446746196.370785,16272834081.3725,72522785974.6877,100187179302.49,1.58447457221353,37.3398995129845,0.517321600177868,44.57853253276,0.509102353331127,12.0994893691232,0.133102447426845,0.833661930723171,0.764231772993652,0.0323253503482256,9.7270283764893e+43,2.50839761272631,6.16416464052428,29646585673.9799,37.0556069918079,37.0741141720309,0.243617222516743,7.75806283263011,255130889895.483,276662900081.817,455019725524.517,760010879.831068,1404784597.28911,2294582316.09379,95453091553.2031,113738830854.157,152245483264.576,1.09806897860683,3514,214.876292906244,52.8523537198611,30.4766068197645
7.62679666162209,1.73692860226128,4.05090229189472,0.681827081905694,5.70020060830386,0.745818707335142,2.00036841677936,2.00105898322828,0.0495798724880606,5.44280802377528e+43,42.7741456036256,0.169655345110162,8987752112.12102,7.24132354485989,7.25558481539675,-17.7168458457191,-15.8405450303275,48099730873.7648,35700429799.9389,83800160673.7037,113963594.054871,84746254.0267275,198709848.081598,5219017670.11639,3880995513.60858,9100013183.72497,-12.6893860261058,4.69085747462409,0.946864559192659,35.0704697972391,0.120051236309109,7.6363621511434,0.758943566466964,1.75805167366704,2.3875197446022,0.0177501370171338,7.69696773797092e+44,40.7477058079013,0.832832315284863,3792613458.79091,4.07050458159326,3.98761954502366,-17.8436863596164,-16.9235658292645,28335445638.7963,43002663079.0233,82734381354.5313,505865.453233935,17626860.0459272,23613109.4484123,154358912.536648,3638656568.55598,4086172550.71261,-15.0829288108096,0.0138074651395106,-1.3303125949549,7.23086447560374,-0.413180199939022,2.67400282013869,0.522246751394881,0.887934677777444,1.27026345109684,0.000780556577597515,2.44020445198619e+44,38.5815950088905,0.390138586406215,7381368.70755731,0.0108574606657192,0.0108593084222018,-18.012533027959,-17.9602994293865,73950166.5169968,33657280009.4832,35445981885.9075,977.206581250026,15309.5675551592,31957.3970648072,2232135.84046923,290930598.291799,742010001.692163,-16.5526277968534,9.82710989987422,1.92714098423564,93.3187919745497,0.73993361575245,24.7879775660114,0.935820791296492,2.76645529760167,3.29657240762474,0.0427552331479182,1.02293043452018e+45,41.5898825018941,1.3163465718457,7361332897.5803,7.57879911987077,7.39337669294389,-17.6923507254799,-15.0924565308624,50409089713.7785,62834038293.3235,100626656606.702,23129310.7670613,130702546.322311,161991295.26431,2411053943.44789,11965953170.2605,14051391667.424,-13.9449329729927,4.67705000948458,2.27717715414756,27.8396053216353,0.53323143624813,4.96235933100471,0.236696815072083,0.870116995889597,1.11725629350537,0.0169695804395363,5.25676328598473e+44,2.16611079901073,0.442693728878648,3785232090.08336,4.05964712092754,3.97676023660146,0.168846668342578,1.036733600122,28261495472.2793,9345383069.54013,47288399468.6238,504888.246652685,17611550.478372,23581152.0513475,152126776.696179,3347725970.26418,3344162549.02044,1.46969898604382,5.13625242525013,0.980276425042977,58.2483221773106,0.619882379443341,17.151615414868,0.176877224829528,1.00840362393462,0.90905266302254,0.0250050961307844,2.5323366072309e+44,0.842176693992862,0.483514256560834,3568719438.78939,3.50829453827751,3.40575714792024,0.151335634136469,1.83110929840209,22073644074.9822,19831375214.3002,17892275252.1705,22623445.3138274,113075686.276384,138378185.815897,2256695030.91124,8327296601.70453,9965219116.71137,1.13799583781685,6171,214.916374444695,52.8913253914987,28.0054870839175
0.554503098847068,-0.159045057242936,0.3,0.692265177548547,0.267875629288066,1e-05,1.8651798774035,2.30935780629814,0.00887138840360301,1.21194621334668e+44,37.2700766353474,0.588544535814322,30016063.8413419,0.390533168727734,0.289398105299186,-17.9049814008044,-16.7769245014604,2018929457.99484,135704.026468277,2019065162.02131,3164427.24067926,619.163162466995,3165046.40384173,809900293.497432,158467.990844743,810058761.488277,-15.7831580776933,0.73779462340993,0.181410522899962,3.96202730021264,0.250289922675168,6.23549589000218,0.00086236171781801,2.09836162259517,2.09226727079168,0.0037092841614415,1.17558786332458e+44,34.3292798113195,0.831482978308018,531966495.861912,0.621714325073072,0.611901656902631,-17.774461103334,-15.193458606108,4321660165.59991,13687582.9928565,4513352378.28794,44251.2574571167,197.315470710096,73608.0350530281,128270175.942329,770798.335563101,163301307.070531,-18.952527141755,0.565478610752141,-1.34978253050636,0.442741712318231,-0.366947644279073,1.15710611184967,2.89338863783428e-05,1.02953568239126,1.10351892995416,0.000314048706651103,8.39857072792805e+43,31.3048921712726,0.419921622800882,122652022.803446,0.349127406281423,0.343205585105057,-17.8756777823895,-16.8845592631086,2153505407.6769,672337.200407105,2515009444.75605,32.6983026019255,0.842945746179394,59.3103310866964,5227204.06383556,4738.35962107092,9945294.31652682,-20.5132187044408,1.09495393618758,1.90713317382608,40.2754942653286,0.831785592997424,21.090414674281,0.0297128080580284,3.11574974913502,2.96842723994399,0.0142935500425978,2.36316012730825e+44,36.9580029553044,3.6324055242951,891048431.141185,0.836450786556201,0.835455338434703,-17.6464853614832,-9.54503084752125,5625702115.81649,526688332.850956,5783547972.24165,3215175.07906738,16635.7372814543,4157240.03958922,667617370.098675,28834051.0193843,793114183.330995,-17.7916653571327,0.172316012657789,1.53119305340632,3.51928558789441,0.617237566954241,5.07838977815251,0.000833427831439667,1.06882594020391,0.988748340837515,0.00339523545479039,3.35730790531776e+43,3.02438764004686,0.411561355507135,409314473.058466,0.272586918791649,0.268696071797574,0.101216679055497,1.69110065700057,2168154757.92301,13015245.7924494,1998342933.53189,44218.5591545148,196.472524963916,73548.7247219415,123042971.878493,766059.975942031,153356012.754004,1.56069156268571,0.357159312777646,1.72572265092612,36.313466965116,0.581495670322255,14.8549187842788,0.0288504463402104,1.01738812653985,0.876159969152307,0.0105842658811563,1.18757226398367e+44,2.62872314398494,2.80092254598709,359081935.279273,0.214736461483129,0.223553681532072,0.127975741850822,5.64842775858679,1304041950.21658,513000749.8581,1270195593.95371,3170923.82161026,16438.4218107442,4083632.0045362,539347194.156346,28063252.6838212,629812876.260464,1.16086178462234,11723,214.890535330704,52.8929768778752,37.0047916077642
76.9253706087872,-0.0904136842799397,0.300015590419417,0.999941299709135,13.6299235150165,0.985242122904955,2.00695727857077,2.00329059132476,0.0501175928429689,4.43781723216875e+44,44.5134982852363,0.161272680670429,5789655922.2034,67.3314195863656,54.8036499871563,-19.8798619439495,-17.5862075753953,476644961312.558,310674555326.124,787319516638.682,1149844834.35737,742006917.579669,1891851751.93704,52092724326.1601,33615980739.8569,85708705066.017,-18.967525973652,41.593836526191,-0.255634573115355,1.02670278056998,0.255813499220199,6.59080623717365,0.563813296699662,1.79474497363108,1.99203568514885,0.0230215374919439,4.37373104071377e+41,45.9218116857932,0.710273914789507,8769251279.32078,25.8724855685215,24.7636054248146,-19.967602308597,-11.2390630306698,176685959538.481,92831235057.1945,273411364117.073,27039047.7786585,28851159.0402618,97632826.4024139,7512676010.0397,4984234433.3837,13939092040.3551,-22.0143683137121,31.2451124379002,-1.79101724631693,0.32476550371195,-0.372310511514375,2.22906748971861,0.320092402246454,0.797333812053488,1.0540258557709,0.00329397011951336,4.25282958028648e+39,43.9913086404294,0.138529219513721,7563808696.65491,20.113318231062,19.2781571090036,-20.0960952669976,-15.7231151209596,132890741827.506,41736081063.6519,176045249291.028,1755486.74065174,1173260.47436277,5166262.38221346,284262570.061974,272970344.626053,2055060158.12446,-23.5418111787141,52.933322390497,0.00463255567195487,13.2323786945861,0.914158747641261,21.963242997222,0.758219596084913,2.65881905001623,2.70800270988277,0.049406658383158,4.44145068484543e+43,48.8315916687402,4.13356481710365,10089522656.3605,40.9576759038806,38.1832246872077,-19.8673092160199,-6.12009886527195,281073426678.808,164318553895.37,428557137154.407,381710589.356251,137506571.337242,494238425.887028,32243562937.4282,15257413673.5254,43797839212.972,-20.6256434273616,10.3487240882907,1.53538267320157,0.701937276858029,0.628124010734574,4.36173874745504,0.243720894453208,0.997411161577588,0.938009829377949,0.0197275673724306,4.3312027449109e+41,1.93050304536371,0.571744695275785,1205442582.66587,5.75916733745952,5.48544831581101,0.128492958400621,4.48405209028982,43795217710.9759,51095153993.5425,97366114826.0451,25283561.0380068,27677898.565899,92466564.0202004,7228413439.97773,4711264088.75765,11884031882.2306,1.52744286500204,11.339485864306,0.26026712878731,12.2056759140161,0.658345248421061,15.3724367600484,0.194406299385251,0.864074076385157,0.715967024733918,0.0263851208912141,4.3977133744383e+43,2.90977998294702,3.42329090231414,1320271377.03969,15.0851903353591,13.4196192623931,0.100293092577015,5.11896416539786,104387467140.327,71487318838.1758,155145773037.333,354671541.577593,108655412.29698,396605599.484614,24730886927.3885,10273179240.1417,29858747172.617,1.38872488635047,3723,214.860838500406,52.7847751067615,43.3552410287257
4.37289122981765,0.25508147351772,0.300022617166448,0.226928422023247,16.9559311047976,0.198715626035221,1.97309468135489,1.9969462996122,0.0501128773283254,3.55956047171359e+39,46.9896475100011,0.976253839241817,1463534956.6012,3.4138099757481,3.65814586317344,-18.4625978614762,-6.86359376565603,22669602164.292,4984911975.15199,27654514139.4439,49750443.2044492,11700011.4446744,61450454.6491236,2254112827.16413,530108762.388858,2784221589.55299,-18.977903877206,3.86273149076464,-0.0551778213468118,8.51482141431604,0.175963969825637,5.38858631795625,0.0714439719036089,2.05145466092593,1.61800689473341,0.046417564306179,1.44321073855984e+37,49.8702678561896,0.9758492962302,1385631457.87673,3.0455146926113,2.95342666324808,-18.5242672226244,-1.40065833328658,19954602804.4478,1644403423.49036,21615474474.5305,29051354.085186,241066.055245342,31461030.6694172,1728263745.67457,13502146.5764438,1901183670.0426,-22.6771227916362,2.4904543573978,-1.34621137047119,1.08957296448789,-0.350480325566815,1.66304197832131,0.000199074553126904,1.2335618133671,0.810033543400213,0.0274226457233871,5.3088241394611e+35,47.3924028075757,0.204664447220024,1007717104.71401,2.41930566589802,2.40670542088321,-18.6494741880949,-5.42801929344125,15826943549.4535,24618750.4445521,16136747977.0746,2223269.90425173,2765.67314780745,5043980.74256901,139350057.018507,212008.016848298,319020442.370316,-24.4757902623151,8.35700008893692,0.539359915482267,37.0147861535929,0.786524430162909,22.7153151182132,0.271663305479164,2.68398435435074,2.49355155638139,0.0501187233627272,4.95176590380349e+38,51.3737144527202,5.08602663888463,1674144885.60131,4.13597091407407,4.01873550252042,-18.4085154909827,2.17547383785205,27362665926.1292,7345321811.80809,34028573784.7889,88407913.779616,10670944.3645881,94535669.2228034,4543789545.4841,627938986.321075,4898609932.72151,-21.2206938089354,1.37227713336684,1.29103354912438,7.42524844982815,0.526444295392452,3.72554433963494,0.071244897350482,0.817892847558834,0.807973351333194,0.0189949185827919,1.39012249716523e+37,2.47786504861397,0.771184849010176,377914353.162729,0.62620902671328,0.546721242364867,0.125206965470518,4.02736096015467,4127659254.99431,1619784673.04581,5478726497.45588,26828084.1809343,238300.382097534,26417049.9268482,1588913688.65606,13290138.5595955,1582163227.67229,1.79866747067885,4.49426859817228,0.594537736829078,28.4999647392769,0.610560460337272,17.3267288002569,0.200219333575555,0.632529693424807,0.875544661647982,0.00370115905654821,4.80744482994751e+38,1.50344659653057,4.11017734265444,288513427.724577,1.09045622146277,1.06530883927234,0.115751731641691,3.57613217113863,7408063121.68138,5700918388.31773,12413099310.2584,59356559.69443,10429878.3093428,63074638.5533862,2815525799.80953,614436839.744631,2997426262.67891,1.45642898270081,39590,53.1328468636368,-27.8018639848232,48.0621624493315
29.501572915096,-0.132089385199719,0.300000002995664,0.999999984202981,26.1126767247023,0.5771941579508,1.82540991548669,1.9344091121279,0.000189433486998846,2.954472305996e+37,41.2373545468998,0.362518493911604,1448213051.8934,21.6902699162053,15.2458736684602,-19.6810300636321,-0.0298223104219133,167636707185.567,63790135689.4037,231426842874.97,229030281.294176,124844324.937726,353874606.231902,1296504059321540,706723901967869,2003227961289410,-18.9165685046066,15.6429581047477,-0.268791352639926,0.54690068050304,0.886938800236631,7.80218644056193,0.208834284346485,1.72749604483774,2.0080174282414,0.000359010664074871,9.76751078065612e+37,44.2137636473958,1.8016984799923,1140147992.3403,8.47352992925847,6.95969963103663,-19.7940996971657,-1.87276531374126,61860682082.0708,15432579842.5337,78346161205.9249,1233.83796297256,491.359830738544,2479.1913254178,1093267546.6456,431304356.408389,2271887247.34127,-22.1676895883276,7.18764856215217,-0.69457174544723,0.389205906187794,0.479425917603815,2.17269122903792,0.0399215808427062,0.83115044437959,1.16046341332108,0.000127383866760826,8.69816034173468e+35,40.5659919855668,0.304851260475382,896555707.808822,4.37423016308565,4.16085377096811,-19.9126224667019,-10.1883762601693,32536723235.3263,2594323233.8935,35499798475.8127,23.412156422437,2.44695090699732,45.5275454604916,51702889.5629777,8117236.51662181,147774159.721876,-23.7832306846876,24.2872804619623,-0.201476992151099,8.8519192346597,1,24.8120669986796,0.415969121550803,2.68834394658104,2.91422902275006,0.00417868580100416,2.06777261793016e+41,45.5072155719699,7.0882135692399,1458072652.92228,15.227456532841,11.1093398832696,-19.6649756723016,2.52208029533583,116980344774.512,39502533833.6897,158339333923.444,1026219.73932882,585167.071216804,1998855.24868869,6210487306.1176,2440240814.06076,8034196193.17193,-20.7735708400412,8.45530954259552,0.425780392807304,0.157694774315246,0.407512882632816,5.62949521152401,0.168912703503779,0.896345600458146,0.847554014920327,0.000231626797314044,9.68052917723878e+37,3.64777166182904,1.49684721951692,243592284.531478,4.09929976617283,2.79884586006853,0.118522769536231,8.31561094642809,29323958846.7446,12838256608.6402,42846362730.1121,1210.42580655013,488.912879831546,2433.66377995731,1041564657.08262,423187119.891767,2124113087.6194,1.61554109635998,8.64432235721465,0.0673143604888277,8.30501855415666,0.113061199763369,17.0098805581177,0.207134837204318,0.960847901743303,0.906211594508659,0.00381967513692929,2.0667958668521e+41,1.29345192457404,5.2865150892476,317924660.581984,6.75392660358257,4.14964025223298,0.129124024864119,4.39484560907709,55119662692.441,24069953991.156,79993172717.5191,1024985.90136585,584675.711386065,1996376.05736327,5117219759.472,2008936457.65237,5762308945.83066,1.39411874828647,47215,53.1139368849843,-27.8061957265115,44.365122127139
9.37290060756295,0.180449471431583,0.300002311569254,0.261564936806779,1.11995949825234,0.00095723063023513,1.97906160217367,2.00475697623516,0.0501128152897197,4.67691906665163e+37,43.0334261335783,0.48250051740602,2736807361.38015,8.22132392507024,8.62132705238186,-20.0675330733657,-2.22832304828362,49437711179.9698,15.1377398506356,49437711195.1075,110361122.434659,0.0362996839198166,110361122.470958,5000291728.96932,1.64468252283249,5000291730.614,-19.2679026575743,9.73413495903114,-0.185387329522387,9.95187555473406,0.130485637321728,3.07679738726313,9.31816602457559e-05,1.81997806742611,1.79435376976684,0.0432546448074156,1.65324410104315e+37,45.6590419749885,1.20766603535002,3216796749.38853,8.90639358250529,8.65417407011033,-20.0651038188779,-1.28568912100876,57703486071.2193,55400371.1218009,57793528239.3176,42149780.2998908,1224.01963460825,42149780.2998951,3204477858.91389,115594.132242329,3205097666.248,-22.4607893640462,7.48194825998794,-0.770369454481873,2.45806847962504,-0.378038160626277,0.898652233486854,1.53726310097889e-05,0.902307813305211,1.11474588336688,0.0231957927383871,5.81028868380794e+35,43.621351762297,0.191836185780166,2885816840.17372,7.38997856958911,7.33749042102084,-20.1528695166778,-4.47271579354025,44696655177.4956,0.0960843331466094,44704909256.1069,1417791.31129506,5.06354687686128e-05,1529333.08251668,114568890.405489,0.00247613240813255,120658946.715376,-24.556287009382,15.6440413144731,0.283022788701475,50.0056990917058,0.752802511882524,21.6412338565527,0.00117302483964987,2.82046254025034,2.55540097877295,0.0501187233627272,2.29971088895985e+38,47.9104623847415,6.41043380244694,3708303116.76576,10.3202571022052,9.85074539398415,-19.9840027571633,2.1680055819575,67917356329.8796,116685755.923786,67983776815.0737,225993007.28183,138280.624353996,226184286.917052,11760733931.3052,10660388.4837265,11809859604.2293,-20.879465857937,2.2521866990432,0.584982124959486,7.49380707510902,0.508523797948005,2.17814515377627,7.78090292359669e-05,0.917670254120898,0.679607886399964,0.0200588520690285,1.59514121420507e+37,2.03769021269144,1.01582984956985,330979909.214805,1.51641501291618,1.31668364908949,0.0877656977999735,3.18702667253149,13006830893.7236,55400371.0257166,13088618983.2107,40731988.9885957,1224.01958397279,40620447.2173784,3089908968.5084,115594.129766197,3084438719.53263,2.09549764533585,5.90990635544196,0.468410118223862,40.0538235369717,0.622316874560796,18.5644364692896,0.00107984317940411,1.00048447282423,0.761047209006109,0.00686407855531161,2.13438647885554e+38,2.25142040975301,5.20276776709692,491506367.377234,1.41386351969994,1.19657132387382,0.0811010617145733,3.45369470296626,10213870258.6603,61285384.801985,10190248575.756,183843226.981939,137056.604719388,184034506.617157,8556256072.39131,10544794.3514842,8604761937.98134,1.58132350610916,39625,53.1307625844144,-27.8039162466462,50.9165919851893
22.9390778650454,3.49052865132258,0.844850386657699,0.561388029383163,20.4706712149277,1.40052709769817,2.00056709853154,1.99925616737051,0.0204050568082687,1.25338175230804e+45,41.6281288415112,4.18561751422193,33523462437.1787,10.4814341194923,10.5785250074667,-17.0033879572924,-15.8810290571945,69641759221.1874,149326609475.982,218968368697.169,165093610.999396,352721801.441646,517815412.441043,18370479581.6925,39248451906.6292,57618931488.3217,-11.0697927470828,18.3800661643151,2.75202988739301,13.657873772154,0.323470543278744,15.4185276405975,1.95597030658006,1.79324083718116,2.10897384022184,0.00256239928986323,1.07184683545421e+45,43.2358992803468,0.470294856393981,30861366850.0856,16.4555619235906,16.4931483238754,-16.6398743308538,-15.6308683337459,114371673689.736,340289504620.211,474828878811.742,472998.768438342,3129558.99864414,9407847.05163809,3258673797.80367,16520585024.2997,21850713432.2938,-14.4489049548824,13.7034668920032,1.27984331897175,0.870426227496954,-0.359100462613803,7.29602987274924,1.5422000302954,0.986535722174273,1.29585028415393,0.000318811272399484,6.16322416838206e+44,41.3334927979681,0.131685677698361,22451385409.4162,11.225340748108,11.2547459966538,-16.97146705823,-16.191201127746,76957227119.6597,186042178240.99,279243724275.122,1149.33788219127,3647.71852719736,9193.12935738285,235461025.88776,2180312590.45867,8106747905.9552,-16.0791241331879,26.6697850122943,3.54313419974589,55.0097512560084,0.818363771327017,31.1574241821616,2.25692622945427,2.99743064633688,3.11165625898786,0.0368339119726976,2.04975868104516e+45,46.2526848861036,2.76096567440642,40646234452.9051,25.225024179781,25.128198865201,-16.2496149334575,-14.9584984108715,179501268709.317,513497890662.75,655448300297.396,70970158.9844427,377292847.596601,469864578.339746,11284325773.5776,44947999574.268,48830419547.136,-13.0214151952081,4.6765992723119,1.47218656842126,12.7874475446571,0.682571005892546,8.12249776784826,0.413770276284661,0.806705115006883,0.813123556067908,0.00224358801746374,4.55524418616006e+44,1.90240648237876,0.338609178695619,8409981440.66943,5.2302211754826,5.23840232722156,0.331592727376222,0.560332794000129,37414446570.0761,154247326379.221,195585154536.62,471849.430556151,3125911.28011694,9398653.92228071,3023212771.91591,14340272433.841,13743965526.3386,1.63021917830556,8.2897188479792,0.791104312352879,41.3518774838544,0.494893228048274,15.7388965415641,0.300955922874209,1.20418980915573,1.00268241876602,0.0342715126828344,9.77911845590952e+44,3.01678560575677,2.29067081801244,9784867602.8195,8.76946225619037,8.63505054132563,0.390259397396243,0.672369922874402,65129595019.5807,173208386042.539,180619421485.654,70497160.2160044,374163288.597957,460456731.288108,8025651975.77393,28427414549.9684,26979706114.8422,1.42748975967424,6730,214.885837996692,52.8397399161541,27.6890012818606
3.36079590591268,0.691900006404896,1.98195856261241,-0.451613039042228,0.842122284464989,0.0497093513408548,1.99999825619356,2.00009978431963,0.00662727560078655,4.28216217229457e+42,44.8086081980416,7.2118207534705,3456767545.82678,3.0958546157066,3.13118376412767,-19.3748786073748,-14.5388091767041,19263692450.1015,1900681397.84556,21164373847.9471,45595417.3632734,4499996.70454896,50095414.0678224,15621193054.0485,1541718912.32568,17162911966.3742,-12.6893853822236,2.97914744240668,1.52440921146934,41.8264585754767,0.142316804285137,1.71710840812837,0.0239286158015207,2.30034911638127,2.57153781740576,0.00259807279831728,7.49625107640464e+41,38.820701448579,1.42087439010572,3772472203.66787,2.94392983808522,2.94416896236032,-19.4166679726507,-6.70774197731217,19732330984.796,841644931.886199,20521142654.5546,325236.487910177,3555.93717756331,406981.29145187,1152405721.88289,21404462.7173855,1317039629.82149,-15.2496301204279,2.65572318163169,0.0162130773738483,9.34370454824828,-0.409890460144812,0.702747830909719,0.00026389100520309,1.1705961485897,1.45282764135777,0.00102489649198987,2.41797008329269e+38,36.6079166994082,0.251131307622128,3328837858.17998,2.63407896971428,2.6341591769857,-19.5064677733641,-15.1098327936737,16713436604.5227,852941.834521252,17183557781.8333,11357.3538765584,18.2975236092409,16718.2018647247,67586334.6137823,45128.2839296539,156822177.753284,-16.7393114223355,3.8266673002946,2.42097173724768,96.2045619213022,0.768203656110309,12.6475451941813,0.0988487841269864,3.16589587440528,3.40230735680257,0.00928265780874377,3.05840740179983e+43,41.234560622641,6.56018815139333,4371776697.29185,3.70229523243506,3.69693171528125,-19.3032333732713,2.91067252337632,25222551697.7141,4971596271.09163,29239837186.6279,7095236.792963,361948.470019536,8149042.23572342,2311497349.90126,273119201.43502,2416269537.19963,-14.2016573094836,0.323424260774985,1.50819613409549,32.4827540272284,0.552207264429949,1.01436057721865,0.0236647247963176,1.12975296779157,1.11871017604799,0.00157317630632741,7.49383310632134e+41,2.21278474917075,1.16974308248359,443634345.487887,0.309850868370937,0.310009785374627,0.0897998007133793,8.40209081636152,3018894380.27333,840791990.051678,3337584872.72126,313879.134033619,3537.63965395406,390263.089587146,1084819387.26911,21359334.4334559,1160217452.0682,1.48968130190756,0.847519857887925,0.896562525778335,54.3781033458255,0.625886851825172,10.930436786053,0.0749201683254657,0.865546758024009,0.830769539396812,0.00668458501042649,2.98344489103578e+43,2.41385917406205,5.13931376128761,599304493.623985,0.758365394349845,0.752762752920928,0.113434599379449,9.61841450068849,5490220712.91806,4129951339.20543,8718694532.07333,6770000.30505282,358392.532841972,7742060.94427156,1159091628.01837,251714738.717634,1099229907.37815,1.04797281094429,43857,53.1503521513221,-27.7555865179943,27.6000213321397
158.826261705882,-1.52459314116489,0.306721677013542,-0.267582402295821,0.513372016611428,1.07795969670629e-05,1.99775526010689,2.00115577885067,0.000142871282127413,2.06257672926428e+44,53.4360186020382,0.105571323734088,485787138.52245,2.93169748275348,2.45988463789415,-20.3827667615011,-19.6769949067591,18060484666.3346,1552209.45375824,18062036875.7883,42484271.2571434,3685.63867537227,42487956.8958188,576628047870464,50024222415.6888,576678072092880,-12.0109211871695,15.5875813620338,-1.49629096582906,0.306721677013542,-0.437954000007749,0.301272314025817,0.00172586826875184,2.04513321674144,1.88996124170926,0.00132442751860997,1.07129325348483e+44,58.3015587856582,0.807152973332114,1647012848.02573,3.94704843032825,3.65573118882439,-20.3535848179079,-18.9591846195021,18076110431.6258,190560666.254501,19246508095.5983,22724.5160251548,102.677042640129,30779.3638543515,546888373.009616,3227950.83385078,585095344.969674,-14.6062262871453,11.0163264191,-1.84459892274806,0.3,-0.5,0.0285099849660889,5.06462941845374e-05,1.28237738177739,1.22833538524859,0.000247250726421823,3.40543784678137e+43,54.1438455221082,0.147620437218415,594941770.953994,2.48052082049486,2.21917215675442,-20.4710751427671,-19.646828894503,6173285336.4275,1421251.37060013,6465063976.82134,103.632441464161,0.55436920904329,182.940880545716,60156082.9813688,28777.5650131571,129793872.937873,-16.1477976533204,65.5345382161327,-1.08881163653191,0.744113882340017,-0.32072931708964,2.45599440439788,0.0196641051907761,3.22275182696116,2.67214900149931,0.0131471603715251,2.03610505153516e+44,61.2346444001332,5.43882133229608,2238865247.53356,5.24630888490393,4.97515651449639,-20.2255353058666,-17.6829235909354,29798404012.984,1734373254.80625,31252676932.2264,6065772.77772817,10457.04998688,6240940.25560107,1895383400.00741,79568934.0513934,1952282155.28731,-13.4488517895835,4.57125494293377,0.348307956919002,0.00672167701354237,0.0620459999922515,0.272762329059728,0.0016752219745673,0.762755834964054,0.661625856460668,0.00107717679218815,7.30749468806695e+43,4.15771326355,0.659532536113698,1052071077.07173,1.4665276098334,1.43655903206998,0.117490324859237,0.68764427500092,11902825095.1983,189139414.883901,12781444118.7769,22620.8835836906,102.122673431085,30596.4229738058,486732290.028247,3199173.26883763,455301472.031801,1.54157136617502,49.9469568540989,0.407479329297151,0.437392205326475,0.117224682918108,2.15472209037206,0.0179382369220243,1.17761861021972,0.782187759790051,0.0118227328529151,9.64811798050324e+43,2.93308561447503,4.63166835896397,591852399.507828,1.29926045457568,1.31942532567199,0.128049512041326,1.27626102856662,11722293581.3582,1543812588.55175,12006168836.6281,6043048.26170302,10354.3729442398,6210160.89174672,1348495026.99779,76340983.2175427,1367186810.31764,1.15737449756186,46858,53.1492861071381,-27.7486793714999,30.1580244583941
19.0222176249692,0.284100349520522,0.397381976169106,0.665222554929704,0.970184135149649,0.00168671337582718,1.99982188465232,2.00031500832635,0.0215661442813361,1.07931208942562e+40,44.6237329139503,0.26054084135278,7060780146.25339,17.0895475302895,17.4243491715647,-21.1055171454369,-8.57931287279359,102313320304.937,8907.08027127385,102313329212.017,242048962.569546,21.1006154921839,242048983.670162,25483481191.6928,2221.52217600896,25483483413.215,-12.6893854295809,19.1498611820219,-0.0771722596499181,0.929303301583835,0.0141876739080374,2.98278256486699,0.000545198079421138,2.02211958532256,2.06104488115179,0.0083458325016384,1.97761660717984e+37,48.3004638942398,0.719501163343437,8616976792.26813,16.7874519924008,16.365433842502,-21.1307997183668,-1.59507766339804,108428632740.158,153160453.225695,109579544349.142,9275864.55005859,4227.41565308943,11181689.4774491,5149754912.58788,5991169.40771019,5464861407.98235,-16.3554833818677,14.4002568879609,-0.514661608358722,0.308994273619609,-0.5,0.666621870125619,1.93920893712641e-05,1.13746783653372,1.15468706555341,0.00224136389838838,7.09118884549504e+35,42.4705327066754,0.161349284700459,7286267457.71982,13.8633821098952,13.9461558022873,-21.2065888458889,-5.76819292008719,84196437611.8485,0.547583848107315,85559488265.1179,573024.259066031,2.63717851172714e-05,764030.238494203,415390902.219538,0.0143261744031963,732126652.697469,-17.6392423054974,28.2881140759481,0.490334772110512,16.8316626212048,0.835668776384503,19.5316152029159,0.0383758978466697,2.68548738510839,3.02904168777596,0.0261119668286359,1.18494860310898e+39,50.5437565406673,3.60933975234534,10438687723.1874,20.6476484131384,19.7777945110792,-21.0453388514974,1.81015738883777,139450662943.715,7383013387.22659,148842037341.521,79140386.7225772,1889111.35471485,84385856.5867706,15316922990.7551,341056952.414627,15913813102.1665,-14.689604758708,4.74960429406105,0.437489348708804,0.620309027964225,0.514187673908038,2.31616069474137,0.000525805990049874,0.884651748788842,0.90635781559838,0.00610446860325002,1.90670471872489e+37,5.82993118756433,0.558151878642978,1330709334.54832,2.92406988250563,2.41927804021472,0.0757891275220679,4.17311525668916,24232195128.3095,153160452.678111,24020056084.0237,8702840.29099256,4227.41562671765,10417659.2389549,4734364010.36835,5991169.39338402,4732734755.28488,1.28375892362972,9.13825289392619,0.56750703176043,15.902359319621,0.821481102476465,16.5488326380489,0.0378306997672485,0.663367799785828,0.967996806624175,0.0177661343269975,1.16517243703719e+39,2.24329264642754,2.8898385890019,1821710930.91925,3.86019642073754,3.41236066857718,0.0854608668693402,3.4052350522358,31022030203.5575,7229852934.00089,39262492992.3796,69864522.1725187,1884883.93906177,73204167.1093215,10167168078.1672,335065783.006916,10448951694.1841,1.66587862315968,19645,53.1784999739007,-27.7841056219551,32.2265227094587
104.471094662814,-1.43415953302011,0.977100060095396,0.483470247069183,0.9582717119922,0.272039253730184,1.96528701548424,1.97661703109877,0.00214576619212138,2.42711145243879e+44,37.7409968719403,9.99826918609272,229866817.817824,2.4212618977151,1.77389732066187,-18.2429904232314,-4.43850154453681,15872774374.9286,5485628689.67387,21358403064.6025,34057202.2218938,12160716.7164192,46217918.9383131,104063982818.767,37157855985.8279,141221838804.595,-14.8784766566569,42.5958136706369,-1.48245494105033,1.00815360659525,0.396642714405613,2.9635449207063,0.1287864260563,1.82147008687835,1.96972992031172,0.00250046149464015,3.04886606316104e+38,38.8056725148911,1.08093186899567,225854794.088686,1.82989992802348,1.46164325454454,-18.308935324161,-0.424873156178457,12791533503.3298,2057296763.27452,14715133787.4705,50833.9258934148,4248.83072504845,80176.6173783188,376908198.277403,36315023.8900077,484390611.377815,-17.2008679742765,32.5957856774697,-1.51883280337351,0.97721290161514,0.347514342534685,0.789116683813123,0.0109426411123498,0.810558309221438,1.07512543743809,0.000543661671810793,1.62876721969698e+36,36.7639420839927,0.152949965379469,170831060.392558,1.47354605665828,1.16376548593741,-18.3960854489542,-6.40163070797682,9705291822.19599,85383349.8252506,10126150867.2017,1215.94985343626,7.9774732375089,2543.6645851027,13634240.3675029,372664.304006975,35105355.7843986,-18.5961160004025,79.7690876754114,-1.43268050883669,1.04380849904382,0.460515727212833,15.9603566157135,0.32682628212369,2.6935496355682,2.70084570740494,0.00783685233482678,1.04539497350172e+42,41.6562220430662,6.85795347033388,308934394.682152,2.88660477783312,2.19088342196249,-18.1971371760627,3.75149584719598,21037613013.9183,6883166633.22736,27664625442.6081,1066719.59105383,65042.5838613729,1236631.78084158,1198315382.85476,273566665.231611,1394194992.92894,-16.241978945351,10.0000279931671,0.0363778623231839,0.0309407049801081,0.0491283718709288,2.17442823689318,0.117843784943951,1.01091177765691,0.89460448287363,0.00195679982282935,3.03257839096407e+38,2.04173043089848,0.927981903616199,55023733.6961277,0.3563538713652,0.297877768607134,0.0871501247931548,5.97675755179836,3086241681.13382,1971913413.44927,4588982920.26875,49617.9760399785,4240.85325181094,77632.9527932161,363273957.9099,35942359.5860007,449285255.593417,1.39524802612598,37.1732740047746,0.0497744322136409,0.0356548924485673,0.0638730128072201,12.9968116950072,0.198039856067389,0.872079548689852,0.731115787093217,0.00533639084018664,1.0450900868954e+42,2.85054952817502,5.77702160133822,83079600.5934659,1.05670484980964,0.729240167417947,0.111798148098337,4.17636900337444,8246079510.58851,4825869869.95284,12949491655.1376,1015885.66516042,60793.7531363245,1156455.16346326,821407184.577361,237251641.341603,909804381.551128,0.958889028925483,22373,53.1707977607414,-27.793355297063,32.3346795200766
3.90759067823508,0.551453854873052,0.3,0.732837832597795,0.551517660695225,2.13067258043128e-05,2.1109379830857,1.96107522729451,0.0501187233627272,3.17588982529507e+39,41.3329580618812,0.515375301322026,1748199418.49619,3.11796740029074,3.16167937987831,-19.1899892459216,-6.3758139946988,15296386255.9286,16.0787928225473,15296386272.0074,47814666.00088,0.0340779740293217,47814666.034958,2166153167.6531,1.54383827316616,2166153169.19694,-15.843415755463,2.97356706604884,0.671746864369187,11.2436170020075,0.240067991075252,4.75171763900001,7.02183325713845e-05,1.33976229187538,1.72326226388925,0.00693662047058879,1.61176499079674e+37,38.8259861076491,1.25635490685885,1801583095.85776,2.89564006669805,2.9081801920941,-19.3243341799711,2.87055269889701,19770738103.7223,15323115.2860506,19823719911.5348,387050.973411568,130.223677484033,389536.6094629,157258770.104275,127415.084653811,157381941.32586,-19.0517601138886,2.69478969186953,0.310835423336411,2.08839018663585,-0.308833775111673,0.813143804656803,1.41666069762795e-05,0.701646726756104,0.974643937159881,0.00223158349343476,2.5999505751851e+35,33.8674809175474,0.175351359328054,1578272571.641,2.62232740861749,2.6419929787136,-19.4069625354717,-4.53564425875412,16935111616.359,0.0691210609198607,16948041897.5477,16686.5135241413,6.30080733931303e-06,17099.5917456866,19661742.0216183,0.00119785947702158,20537793.450064,-20.5304005498839,3.56688880140674,1.08771369541012,58.5842954231245,0.71394137616306,21.9567843335564,0.00173021495650304,2.035584762971,2.52921346130954,0.0247049462482169,1.13828130235146e+39,40.7407710392256,7.33019884948863,1994510408.16145,3.3896198510467,3.41946314865461,-19.2137226084693,10.4561302819717,23022647445.4794,57023180.6088332,23202821040.205,6840354.17406903,8798.95012614425,6854897.84612587,1095278227.19179,2951834.24836866,1096203455.3269,-17.7748021589242,0.278777374179311,0.360911441032775,9.15522681537163,0.548901766186925,3.93857383434321,5.60517255951049e-05,0.638115565119275,0.748618326729371,0.00470503697715403,1.58576548504489e+37,4.95850519010166,1.0810035475308,223310524.216763,0.273312658080564,0.266187213380501,0.0826283555006349,7.40619695765112,2835626487.36327,15323115.2169295,2875678013.98704,370364.459887427,130.223671183225,372437.017717213,137597028.082656,127415.083455952,136844147.875795,1.47864043599523,0.593321735357894,0.415966831040937,47.3406784211171,0.473873385087808,17.2050666945564,0.00165999662393165,0.695822471095617,0.80595119742029,0.0177683257776281,1.12216365244349e+39,1.91478493157656,6.07384394262978,192927312.303692,0.493979784348645,0.511282956560516,0.110611571501771,7.58557758307472,3251909341.75705,41700065.3227826,3379101128.67024,6453303.20065746,8668.72644866022,6465361.23666297,938019457.087512,2824419.16371485,938821514.001037,1.27695795496441,37536,53.1315691215306,-27.8099034631679,36.6184874033073
102.774237001094,-0.125736946768548,0.300008156820376,0.99952187657074,12.6220407457028,1.59294267630707,1.68013771959217,1.81027846086482,0.000100109846520699,1.06215123456521e+42,44.6798023196031,4.67451465819224,5529472888.96726,78.9875208404214,57.2536347353459,-18.3749476422861,-8.82748913509624,610081476217.528,316778392608.675,926859868826.203,477240392.042703,410000702.269107,887241094.311809,19509944689773800,16761135807890600,36271080497664300,-12.7677869395095,57.5397666318596,-0.096440925787568,0.3,0.898186423650131,14.0766831077223,1.45612856800608,1.66300064579968,1.65091816406876,0.00028163873683804,5.91338168532608e+37,51.716317662897,1.29313390626662,5026848004.32912,50.4575745100867,42.2508307074192,-18.3724140420429,0.521960840331953,377011153811.381,232856111558.611,609795075394.693,3830.88186619675,1251.5819695465,6664.60152684705,6578060399.00202,3104604702.4173,17095684732.7248,-15.4579125912433,39.2018570474754,-0.113282025017534,0.3,0.651912715618881,6.0720206576345,1.35362425286718,1.02161160937292,1.0553856833815,0.000103697289233986,1.80965775586114e+36,45.9113165709999,0.211459630578013,4258506153.98238,35.9519723893525,33.0968966584182,-18.4515138062933,-8.25630097771693,274663005197.088,185734702558.143,460506004742.156,123.097864035017,54.4624627504717,434.612976480117,680394808.135518,379509711.130682,3889413594.56843,-17.1903916061385,72.5026923736807,-0.061962231669471,0.345194550003666,1,30.02935555617,1.55824729759492,3.15871426939801,2.43069633568701,0.00280857276740925,4.1420471305967e+41,54.515310527822,5.41900913678016,5791170018.66333,61.6393244891119,51.2876805621442,-18.2889347344131,4.34566130332753,470230686797.782,283382962091.654,755336852802.292,1745230.52272761,2310555.89978702,8430169.34112469,26066264435.0405,15422913272.8582,34477728492.5232,-14.1935027774521,18.3379095843842,0.0168410992299662,0,0.24627370803125,8.0046624500878,0.102504315138902,0.641389036426759,0.595532480687259,0.000177941447604054,5.73241590973996e+37,5.80500109189713,1.0816742756886,768341850.346738,14.5056021207342,9.15393404900098,0.0790997642503584,8.77826181804888,102348148614.293,47121409000.4681,149289070652.536,3707.78400216173,1197.11950679603,6229.98855036693,5897665590.8665,2725094991.28662,13206271138.1564,1.73247901489522,14.962925741821,0.034478694118097,0.045194550003666,0.10181357634987,15.9526724484477,0.102118729588834,1.49571362359833,0.779778171618247,0.00252693403057121,4.14145579242816e+41,2.79899286492494,4.12587523051354,764322014.334212,11.1817499790252,9.03684985472508,0.0834793076298439,3.82370046299558,93219532986.4004,50526850533.043,145541777407.599,1741399.64086141,2309304.31781747,8423504.73959784,19488204036.0385,12318308570.4409,17382043759.7984,1.26440981379121,33832,53.1618126482993,-27.7707202326345,29.9071967908057
4.82063664840792,0.225461784499695,0.300000053043678,0.126329226211175,28.7696580961586,1.00001052461764e-05,1.98210159416364,1.99999317147939,0.0501187176519831,5.60727829397719e+38,44.7267865045585,2.57975633997036,1588443210.64742,3.83281994100086,4.13115089779956,-19.1277405460963,-4.94831802350556,25443250686.7729,42211064.7428555,25485461751.5158,57289560.4692572,99908.3750374167,57389468.8442946,2595395668.38993,4526160.81680596,2599921829.20673,-20.2967361248807,4.10831397167689,0.0548767905085751,6.26348221955914,0.215401585617107,5.06010862925383,0.000107787093912112,1.95214891920039,2.00372339884778,0.0341395411790974,3.5435816453113e+37,51.7826309152846,0.944734981780471,1534838606.1077,3.80903155802721,3.76133009743198,-19.1551432380039,-2.69676516113394,24940490569.6509,37915097.4482669,25421649058.0262,16104876.6357992,33616.5485027771,16763595.3697242,1711707686.88549,2390591.03279598,1767310189.37845,-23.1477001360699,3.31123251369653,-0.698711026995838,0.77029922230145,-0.307027857894889,1.48820986829855,1.59073966784745e-05,1.26267013962038,1.06096965859401,0.014428999191635,9.14735797818026e+35,45.7847032937141,0.209922781736565,1270962688.16576,3.09249149058316,3.09238601849814,-19.240145765243,-6.90840137093743,20492358650.9767,28.5449021715453,20518672998.1732,1779988.83278264,0.00221591676337449,1922010.62544591,178282938.151606,0.295991377419967,197189002.813354,-24.8729304317542,6.14900403922711,0.410990243564593,29.4598927960176,0.823106502351875,21.2895076543191,0.00868296306426435,2.57580885538352,3.02240634721107,0.0501187233627272,2.70467718234529e+39,54.2324466459435,4.79500564311618,1891888672.98301,4.40040404533846,4.24425744257342,-19.0647620476043,1.23181991848976,29101167150.8666,327223338.232772,29338197711.9963,73311123.3179923,493216.846977058,73338725.3343558,4315519909.15451,31939598.0982619,4375447634.91206,-21.8589079012661,0.797081457980351,0.753587817504413,5.49318299725769,0.522429443511996,3.57189876095528,9.18796972336371e-05,0.689478779580011,0.942753740253773,0.0197105419874625,3.4521080655295e+37,5.99792762157048,0.734812200043906,263875917.94194,0.71654006744405,0.668944078933844,0.0850025272390873,4.21163620980349,4448131918.67418,37915068.9033647,4902976059.85297,14324887.8030166,33616.5462868603,14841584.7442783,1533424748.73389,2390590.7368046,1570121186.56509,1.72523029568422,2.04069006755022,0.356113453056018,23.1964105764584,0.607704916734768,16.2293990250653,0.00857517597035223,0.623659936183134,1.01868294836329,0.0159791821836298,2.66924136589218e+39,2.44981573065889,3.85027066133571,357050066.875307,0.591372487311258,0.482927345141438,0.0903811903995972,3.9285850796237,4160676581.21577,289308240.784505,3916548653.97017,57206246.6821931,459600.298474281,56575129.9646317,2603812222.26902,29549007.0654659,2608137445.53361,1.28879223480384,1646,53.1123669735433,-27.7595927632192,45.9975735588562
18.7910980689226,-1.85824891094496,1.16973885648802,-0.116289417951954,5.99039203333668,0.523781991382045,2.00402676849372,1.99872347455964,0.00106641440351029,2.20617149886909e+44,47.8137997327947,7.98900551706632,913360902.211452,3.24385217173222,2.97296887170438,-18.7956063954531,-18.0653326298099,22917291017.6382,40547435711.0588,63464726728.697,54845294.5161378,95636009.4086621,150481303.9248,1464082928253.31,2552981982078.63,4017064910331.94,-12.6893942840691,29.851801385153,-1.80237074853277,1.76094237911694,0.226874814928952,6.06119414001896,0.28303869021534,1.87059207247184,1.4786533902582,0.0405897615069985,6.46317994507819e+39,47.8649463110877,1.5865243208734,1716951073.45433,6.47377440994348,5.88999916966932,-18.9136056779985,-7.5678318753503,42667350742.1301,11618064838.4327,55322857335.1683,33625404.9086994,2724910.89768153,45841552.2652022,2412885420.79883,193136022.658736,3181913545.38718,-15.1175603720852,24.37385874492,-1.99351887806544,1.3504841874958,-0.186497204452305,1.51901447943735,0.189864559801486,1.03138841238812,0.713573330577415,0.0196438933544531,3.88382550900173e+36,45.2734197026727,0.273644464597933,1443229817.3265,5.481624706884,5.07813291190925,-19.0169361926677,-13.5191343400976,36067360346.6502,6961934444.57382,43749835605.5876,1758370.25350188,195480.92504849,4929799.95482064,134299516.714499,16166350.7066272,460619930.533558,-16.7041299274015,38.0307363865504,-1.53724816735248,1.96372414445887,0.57753357406066,23.2640053838193,0.367752901424818,2.62013436944071,2.21620628781659,0.0501187233627272,1.72554829366934e+42,49.4325497794593,6.99577009127478,1928549464.68064,7.36755420271697,6.6638363923628,-18.8205448397039,0.570371179366944,49078371810.5949,16289603364.4503,64978891294.9609,149944021.367465,18605705.4566016,160300386.695472,8434886713.37828,1149246078.8997,8945952280.38559,-13.9843531578823,5.47794264023304,0.191148129532665,0.410458191621142,0.413372019381258,4.54217966058162,0.0931741304138545,0.839203660083718,0.765080059680786,0.0209458681525454,6.45929611956919e+39,2.591526608415,1.31287985627547,273721256.127831,0.992149703059485,0.81186625776007,0.103330514669171,5.95130246474734,6599990395.47995,4656130393.85885,11573021729.5807,31867034.6551975,2529429.97263304,40911752.3103816,2278585904.08433,176969671.952109,2721293614.85362,1.58656955531634,8.17893500139738,0.265122581180293,0.202781765341925,0.350658759131708,17.2028112438003,0.0847142112094779,0.749542296968863,0.737552897558394,0.00952896185572875,1.71908511372426e+42,1.56760346837164,5.40924577040138,211598391.22631,0.893779792773484,0.773837222693475,0.0930608382945657,8.13820305471725,6411021068.46475,4671538526.01762,9656033959.79256,116318616.458766,15880794.5589201,114458834.43027,6022001292.57945,956110056.240965,5764038734.99841,1.13320721420284,4573,214.896908650368,52.9367115644261,29.7728009931157
