"ID","HST_ACSWFC_F606W_fit_Q50","HST_ACSWFC_F814W_fit_Q50","JWST_NIRCAM_F115W_fit_Q50","JWST_NIRCAM_F150W_fit_Q50","JWST_NIRCAM_F200W_fit_Q50","JWST_NIRCAM_F277W_fit_Q50","JWST_NIRCAM_F356W_fit_Q50","JWST_NIRCAM_F444W_fit_Q50","HST_ACSWFC_F606W_fit_AGN_Q50","HST_ACSWFC_F814W_fit_AGN_Q50","JWST_NIRCAM_F115W_fit_AGN_Q50","JWST_NIRCAM_F150W_fit_AGN_Q50","JWST_NIRCAM_F200W_fit_AGN_Q50","JWST_NIRCAM_F277W_fit_AGN_Q50","JWST_NIRCAM_F356W_fit_AGN_Q50","JWST_NIRCAM_F444W_fit_AGN_Q50","HST_ACSWFC_F606W_rest_fit_Q50","HST_ACSWFC_F814W_rest_fit_Q50","JWST_NIRCAM_F115W_rest_fit_Q50","JWST_NIRCAM_F150W_rest_fit_Q50","JWST_NIRCAM_F200W_rest_fit_Q50","JWST_NIRCAM_F277W_rest_fit_Q50","JWST_NIRCAM_F356W_rest_fit_Q50","JWST_NIRCAM_F444W_rest_fit_Q50","HST_ACSWFC_F606W_rest_fit_AGN_Q50","HST_ACSWFC_F814W_rest_fit_AGN_Q50","JWST_NIRCAM_F115W_rest_fit_AGN_Q50","JWST_NIRCAM_F150W_rest_fit_AGN_Q50","JWST_NIRCAM_F200W_rest_fit_AGN_Q50","JWST_NIRCAM_F277W_rest_fit_AGN_Q50","JWST_NIRCAM_F356W_rest_fit_AGN_Q50","JWST_NIRCAM_F444W_rest_fit_AGN_Q50","AGN_Dale_frac_Q50","HST_ACSWFC_F606W_fit_Q16","HST_ACSWFC_F814W_fit_Q16","JWST_NIRCAM_F115W_fit_Q16","JWST_NIRCAM_F150W_fit_Q16","JWST_NIRCAM_F200W_fit_Q16","JWST_NIRCAM_F277W_fit_Q16","JWST_NIRCAM_F356W_fit_Q16","JWST_NIRCAM_F444W_fit_Q16","HST_ACSWFC_F606W_fit_AGN_Q16","HST_ACSWFC_F814W_fit_AGN_Q16","JWST_NIRCAM_F115W_fit_AGN_Q16","JWST_NIRCAM_F150W_fit_AGN_Q16","JWST_NIRCAM_F200W_fit_AGN_Q16","JWST_NIRCAM_F277W_fit_AGN_Q16","JWST_NIRCAM_F356W_fit_AGN_Q16","JWST_NIRCAM_F444W_fit_AGN_Q16","HST_ACSWFC_F606W_rest_fit_Q16","HST_ACSWFC_F814W_rest_fit_Q16","JWST_NIRCAM_F115W_rest_fit_Q16","JWST_NIRCAM_F150W_rest_fit_Q16","JWST_NIRCAM_F200W_rest_fit_Q16","JWST_NIRCAM_F277W_rest_fit_Q16","JWST_NIRCAM_F356W_rest_fit_Q16","JWST_NIRCAM_F444W_rest_fit_Q16","HST_ACSWFC_F606W_rest_fit_AGN_Q16","HST_ACSWFC_F814W_rest_fit_AGN_Q16","JWST_NIRCAM_F115W_rest_fit_AGN_Q16","JWST_NIRCAM_F150W_rest_fit_AGN_Q16","JWST_NIRCAM_F200W_rest_fit_AGN_Q16","JWST_NIRCAM_F277W_rest_fit_AGN_Q16","JWST_NIRCAM_F356W_rest_fit_AGN_Q16","JWST_NIRCAM_F444W_rest_fit_AGN_Q16","AGN_Dale_frac_Q16","HST_ACSWFC_F606W_fit_Q84","HST_ACSWFC_F814W_fit_Q84","JWST_NIRCAM_F115W_fit_Q84","JWST_NIRCAM_F150W_fit_Q84","JWST_NIRCAM_F200W_fit_Q84","JWST_NIRCAM_F277W_fit_Q84","JWST_NIRCAM_F356W_fit_Q84","JWST_NIRCAM_F444W_fit_Q84","HST_ACSWFC_F606W_fit_AGN_Q84","HST_ACSWFC_F814W_fit_AGN_Q84","JWST_NIRCAM_F115W_fit_AGN_Q84","JWST_NIRCAM_F150W_fit_AGN_Q84","JWST_NIRCAM_F200W_fit_AGN_Q84","JWST_NIRCAM_F277W_fit_AGN_Q84","JWST_NIRCAM_F356W_fit_AGN_Q84","JWST_NIRCAM_F444W_fit_AGN_Q84","HST_ACSWFC_F606W_rest_fit_Q84","HST_ACSWFC_F814W_rest_fit_Q84","JWST_NIRCAM_F115W_rest_fit_Q84","JWST_NIRCAM_F150W_rest_fit_Q84","JWST_NIRCAM_F200W_rest_fit_Q84","JWST_NIRCAM_F277W_rest_fit_Q84","JWST_NIRCAM_F356W_rest_fit_Q84","JWST_NIRCAM_F444W_rest_fit_Q84","HST_ACSWFC_F606W_rest_fit_AGN_Q84","HST_ACSWFC_F814W_rest_fit_AGN_Q84","JWST_NIRCAM_F115W_rest_fit_AGN_Q84","JWST_NIRCAM_F150W_rest_fit_AGN_Q84","JWST_NIRCAM_F200W_rest_fit_AGN_Q84","JWST_NIRCAM_F277W_rest_fit_AGN_Q84","JWST_NIRCAM_F356W_rest_fit_AGN_Q84","JWST_NIRCAM_F444W_rest_fit_AGN_Q84","AGN_Dale_frac_Q84","HST_ACSWFC_F606W_fit_Q05","HST_ACSWFC_F814W_fit_Q05","JWST_NIRCAM_F115W_fit_Q05","JWST_NIRCAM_F150W_fit_Q05","JWST_NIRCAM_F200W_fit_Q05","JWST_NIRCAM_F277W_fit_Q05","JWST_NIRCAM_F356W_fit_Q05","JWST_NIRCAM_F444W_fit_Q05","HST_ACSWFC_F606W_fit_AGN_Q05","HST_ACSWFC_F814W_fit_AGN_Q05","JWST_NIRCAM_F115W_fit_AGN_Q05","JWST_NIRCAM_F150W_fit_AGN_Q05","JWST_NIRCAM_F200W_fit_AGN_Q05","JWST_NIRCAM_F277W_fit_AGN_Q05","JWST_NIRCAM_F356W_fit_AGN_Q05","JWST_NIRCAM_F444W_fit_AGN_Q05","HST_ACSWFC_F606W_rest_fit_Q05","HST_ACSWFC_F814W_rest_fit_Q05","JWST_NIRCAM_F115W_rest_fit_Q05","JWST_NIRCAM_F150W_rest_fit_Q05","JWST_NIRCAM_F200W_rest_fit_Q05","JWST_NIRCAM_F277W_rest_fit_Q05","JWST_NIRCAM_F356W_rest_fit_Q05","JWST_NIRCAM_F444W_rest_fit_Q05","HST_ACSWFC_F606W_rest_fit_AGN_Q05","HST_ACSWFC_F814W_rest_fit_AGN_Q05","JWST_NIRCAM_F115W_rest_fit_AGN_Q05","JWST_NIRCAM_F150W_rest_fit_AGN_Q05","JWST_NIRCAM_F200W_rest_fit_AGN_Q05","JWST_NIRCAM_F277W_rest_fit_AGN_Q05","JWST_NIRCAM_F356W_rest_fit_AGN_Q05","JWST_NIRCAM_F444W_rest_fit_AGN_Q05","AGN_Dale_frac_Q05","HST_ACSWFC_F606W_fit_Q95","HST_ACSWFC_F814W_fit_Q95","JWST_NIRCAM_F115W_fit_Q95","JWST_NIRCAM_F150W_fit_Q95","JWST_NIRCAM_F200W_fit_Q95","JWST_NIRCAM_F277W_fit_Q95","JWST_NIRCAM_F356W_fit_Q95","JWST_NIRCAM_F444W_fit_Q95","HST_ACSWFC_F606W_fit_AGN_Q95","HST_ACSWFC_F814W_fit_AGN_Q95","JWST_NIRCAM_F115W_fit_AGN_Q95","JWST_NIRCAM_F150W_fit_AGN_Q95","JWST_NIRCAM_F200W_fit_AGN_Q95","JWST_NIRCAM_F277W_fit_AGN_Q95","JWST_NIRCAM_F356W_fit_AGN_Q95","JWST_NIRCAM_F444W_fit_AGN_Q95","HST_ACSWFC_F606W_rest_fit_Q95","HST_ACSWFC_F814W_rest_fit_Q95","JWST_NIRCAM_F115W_rest_fit_Q95","JWST_NIRCAM_F150W_rest_fit_Q95","JWST_NIRCAM_F200W_rest_fit_Q95","JWST_NIRCAM_F277W_rest_fit_Q95","JWST_NIRCAM_F356W_rest_fit_Q95","JWST_NIRCAM_F444W_rest_fit_Q95","HST_ACSWFC_F606W_rest_fit_AGN_Q95","HST_ACSWFC_F814W_rest_fit_AGN_Q95","JWST_NIRCAM_F115W_rest_fit_AGN_Q95","JWST_NIRCAM_F150W_rest_fit_AGN_Q95","JWST_NIRCAM_F200W_rest_fit_AGN_Q95","JWST_NIRCAM_F277W_rest_fit_AGN_Q95","JWST_NIRCAM_F356W_rest_fit_AGN_Q95","JWST_NIRCAM_F444W_rest_fit_AGN_Q95","AGN_Dale_frac_Q95"
1,2.40646016210297e-08,2.83158517198508e-08,3.2114359908374e-08,4.00680426107888e-08,5.63838811998329e-08,1.01855546083169e-07,1.73881902263113e-07,2.8494916665339e-07,2.14752955398931e-08,2.54638157809286e-08,3.03509137294134e-08,3.92424682887585e-08,5.42631978673285e-08,9.76913667722106e-08,1.72950708775384e-07,2.8089794736271e-07,2.40646016210297e-08,2.83158517198508e-08,3.2114359908374e-08,4.00680426107888e-08,5.63838811998329e-08,1.01855546083169e-07,1.73881902263113e-07,2.8494916665339e-07,2.14752955398931e-08,2.54638157809286e-08,3.03509137294134e-08,3.92424682887585e-08,5.42631978673285e-08,9.76913667722106e-08,1.72950708775384e-07,2.8089794736271e-07,0.999216728659898,2.14164075228075e-08,2.56452517701952e-08,2.87209159183751e-08,3.75044103230115e-08,5.33510501423382e-08,9.48194186395633e-08,1.62900413448264e-07,2.6868102326131e-07,9.15051289090786e-09,1.22895975022139e-08,1.33919254203198e-08,2.701383280435e-08,4.74209264768953e-08,9.10339169318041e-08,1.61104835898484e-07,2.64672515761349e-07,2.14164075228075e-08,2.56452517701952e-08,2.87209159183751e-08,3.75044103230115e-08,5.33510501423382e-08,9.48194186395633e-08,1.62900413448264e-07,2.6868102326131e-07,9.15051289090786e-09,1.22895975022139e-08,1.33919254203198e-08,2.701383280435e-08,4.74209264768953e-08,9.10339169318041e-08,1.61104835898484e-07,2.64672515761349e-07,0.732130142854321,3.41315644204698e-08,3.34842686303444e-08,3.47871814572379e-08,4.33129120441423e-08,6.29412007345786e-08,1.16549706697301e-07,1.89632052951422e-07,2.97653070965443e-07,2.4037259919436e-08,2.83843023735194e-08,3.36380204955148e-08,4.29704535907756e-08,5.97754286455523e-08,1.08903266681846e-07,1.87618457981848e-07,2.93691659720891e-07,3.41315644204698e-08,3.34842686303444e-08,3.47871814572379e-08,4.33129120441423e-08,6.29412007345786e-08,1.16549706697301e-07,1.89632052951422e-07,2.97653070965443e-07,2.4037259919436e-08,2.83843023735194e-08,3.36380204955148e-08,4.29704535907756e-08,5.97754286455523e-08,1.08903266681846e-07,1.87618457981848e-07,2.93691659720891e-07,0.999732817202606,1.9863551657011e-08,2.40884547679819e-08,2.61150474565643e-08,3.55006107062014e-08,5.1693553467641e-08,9.16334504996185e-08,1.56366054977717e-07,2.54415659183931e-07,4.24673898295672e-09,7.03324243040104e-09,6.793003748236e-09,2.32300167201308e-08,4.25228165818872e-08,8.49678759949045e-08,1.53152078626725e-07,2.49624238123101e-07,1.9863551657011e-08,2.40884547679819e-08,2.61150474565643e-08,3.55006107062014e-08,5.1693553467641e-08,9.16334504996185e-08,1.56366054977717e-07,2.54415659183931e-07,4.24673898295672e-09,7.03324243040104e-09,6.793003748236e-09,2.32300167201308e-08,4.25228165818872e-08,8.49678759949045e-08,1.53152078626725e-07,2.49624238123101e-07,0.568162257714867,3.95229767833141e-08,3.67338601683687e-08,3.69124433225518e-08,4.84681632602504e-08,6.95750930345288e-08,1.23565732735342e-07,1.99551586102707e-07,3.14194725066153e-07,2.5560284751753e-08,3.03994185083339e-08,3.58593780238742e-08,4.86968278394718e-08,6.87214391477284e-08,1.20638505005165e-07,1.97715420145588e-07,3.09525362992341e-07,3.95229767833141e-08,3.67338601683687e-08,3.69124433225518e-08,4.84681632602504e-08,6.95750930345288e-08,1.23565732735342e-07,1.99551586102707e-07,3.14194725066153e-07,2.5560284751753e-08,3.03994185083339e-08,3.58593780238742e-08,4.86968278394718e-08,6.87214391477284e-08,1.20638505005165e-07,1.97715420145588e-07,3.09525362992341e-07,0.999736297067502
2,4.22798004300404e-09,6.81975064266897e-08,3.08013798510776e-07,5.45298057774993e-07,1.7680666130728e-06,5.61678846016354e-06,7.18477846079644e-06,8.22465619301811e-06,4.02262693973405e-15,1.5331870227921e-14,1.49153854842676e-14,2.44473024696843e-14,3.65356680778444e-14,7.51537564503577e-14,1.26015678204213e-13,1.92900596504767e-13,9.70062181585299e-09,6.81975064266897e-08,3.08013798510776e-07,5.45298057774993e-07,1.7680666130728e-06,5.61678846016354e-06,7.18477846079644e-06,8.22465619301811e-06,9.229462355952e-15,1.5331870227921e-14,1.49153854842676e-14,2.44473024696843e-14,3.65356680778444e-14,7.51537564503577e-14,1.26015678204213e-13,1.92900596504767e-13,5.03504255658976e-06,3.09486594260159e-09,6.42756996079812e-08,2.96554392612422e-07,5.18719318688296e-07,1.69950373325306e-06,5.40754356416703e-06,6.90162546905035e-06,7.87703222636538e-06,2.9963120291818e-17,3.07848981412333e-16,1.48847640565152e-16,5.28218921865772e-16,8.58703353773286e-16,1.48723563870842e-15,2.14401373822824e-15,2.86885012727422e-15,7.10081972350331e-09,6.42756996079812e-08,2.96554392612422e-07,5.18719318688296e-07,1.69950373325306e-06,5.40754356416703e-06,6.90162546905035e-06,7.87703222636538e-06,6.87469892046412e-17,3.07848981412333e-16,1.48847640565152e-16,5.28218921865772e-16,8.58703353773286e-16,1.48723563870842e-15,2.14401373822824e-15,2.86885012727422e-15,3.57282312057389e-08,4.98299470123866e-09,7.16428922654252e-08,3.19112434472383e-07,5.66581905363027e-07,1.82331782065571e-06,5.78932082938792e-06,7.42015468006857e-06,8.48313135270375e-06,2.18736997936209e-11,7.6925928536636e-11,8.13119241273573e-11,1.16709096264316e-10,1.71978267508525e-10,2.26340799753859e-10,2.85469089362972e-10,3.50830061867494e-10,1.14329175198213e-08,7.16428922654252e-08,3.19112434472383e-07,5.66581905363027e-07,1.82331782065571e-06,5.78932082938792e-06,7.42015468006857e-06,8.48313135270375e-06,5.01867291834839e-11,7.6925928536636e-11,8.13119241273573e-11,1.16709096264316e-10,1.71978267508525e-10,2.26340799753859e-10,2.85469089362972e-10,3.50830061867494e-10,0.00393487748533844,2.4044308915872e-09,6.07655452283171e-08,2.88049405747824e-07,5.02639174917677e-07,1.65398627163721e-06,5.26246595305819e-06,6.70733389107419e-06,7.65663042755763e-06,3.27198121046918e-20,1.20004124567733e-18,1.99519962894305e-19,2.80458751398533e-18,1.25109125360982e-17,5.51962106647508e-17,1.69543240331579e-16,4.81209306375745e-16,5.51669462116698e-09,6.07655452283171e-08,2.88049405747824e-07,5.02639174917677e-07,1.65398627163721e-06,5.26246595305819e-06,6.70733389107419e-06,7.65663042755763e-06,7.50719066516373e-20,1.20004124567733e-18,1.99519962894305e-19,2.80458751398533e-18,1.25109125360982e-17,5.51962106647508e-17,1.69543240331579e-16,4.81209306375745e-16,1.11074338954972e-08,5.37383086583897e-09,7.36982244109726e-08,3.26988253026092e-07,5.79008569255642e-07,1.85790647143741e-06,5.9079219745368e-06,7.57813837518783e-06,8.69607874989776e-06,4.3912061839587e-10,1.31908422300949e-09,1.55846528408872e-09,1.93989322226373e-09,2.35435056465535e-09,3.09983442980683e-09,3.82300368808205e-09,4.80957356238895e-09,1.23296468766733e-08,7.36982244109726e-08,3.26988253026092e-07,5.79008569255642e-07,1.85790647143741e-06,5.9079219745368e-06,7.57813837518783e-06,8.69607874989776e-06,1.00751257273562e-09,1.31908422300949e-09,1.55846528408872e-09,1.93989322226373e-09,2.35435056465535e-09,3.09983442980683e-09,3.82300368808205e-09,4.80957356238895e-09,0.0727031312047535
3,4.07736354535794e-10,2.36166029282902e-09,6.25119271397201e-09,1.3878785654872e-08,4.6563204610574e-08,1.33194915695005e-07,2.04600330795199e-07,2.69299386230538e-07,3.98947710477563e-10,1.98103620666362e-09,3.79901506609845e-09,6.30146707611983e-09,9.55715698769222e-09,1.47187846648921e-08,1.99969392102022e-08,2.56902126765282e-08,9.35504930414951e-10,2.36166029282902e-09,6.25119271397201e-09,1.3878785654872e-08,4.6563204610574e-08,1.33194915695005e-07,2.04600330795199e-07,2.69299386230538e-07,9.15340381051927e-10,1.98103620666362e-09,3.79901506609845e-09,6.30146707611983e-09,9.55715698769222e-09,1.47187846648921e-08,1.99969392102022e-08,2.56902126765282e-08,0.507024550557458,1.03498148121461e-10,1.15543299625745e-09,4.05056230361492e-09,1.07530259535613e-08,4.3404779541524e-08,1.2785285944772e-07,1.9674144646087e-07,2.57821362022585e-07,7.01432859454841e-11,3.57243821109051e-10,6.92546184472813e-10,1.12564495263357e-09,1.80775946535947e-09,2.94371593379114e-09,3.96728145528402e-09,5.22236015804924e-09,2.37464790125659e-10,1.15543299625745e-09,4.05056230361492e-09,1.07530259535613e-08,4.3404779541524e-08,1.2785285944772e-07,1.9674144646087e-07,2.57821362022585e-07,1.60935832940905e-10,3.57243821109051e-10,6.92546184472813e-10,1.12564495263357e-09,1.80775946535947e-09,2.94371593379114e-09,3.96728145528402e-09,5.22236015804924e-09,0.156917287360243,6.94512734573559e-10,3.62338835508176e-09,8.5208537964983e-09,1.70387977708874e-08,5.08844680214015e-08,1.38823185996495e-07,2.12898591644045e-07,2.82615216026388e-07,6.94905441698974e-10,3.39030720549967e-09,6.36739599996947e-09,1.03992769913201e-08,1.59955041221652e-08,2.52341281290515e-08,3.47283273771119e-08,4.55615977432971e-08,1.59348088587597e-09,3.62338835508176e-09,8.5208537964983e-09,1.70387977708874e-08,5.08844680214015e-08,1.38823185996495e-07,2.12898591644045e-07,2.82615216026388e-07,1.59438190794071e-09,3.39030720549967e-09,6.36739599996947e-09,1.03992769913201e-08,1.59955041221652e-08,2.52341281290515e-08,3.47283273771119e-08,4.55615977432971e-08,0.655025584650057,3.50988791729106e-11,6.45653632374858e-10,3.00277634100779e-09,9.09813739664471e-09,4.1806470742868e-08,1.2334287983741e-07,1.90449877733519e-07,2.47133637854312e-07,5.93147248930563e-12,3.21257663815218e-11,7.27292684943838e-11,1.27570918000838e-10,2.07781079634605e-10,3.53558669177769e-10,5.02742144685139e-10,6.74539459981699e-10,8.05304068499832e-11,6.45653632374858e-10,3.00277634100779e-09,9.09813739664471e-09,4.1806470742868e-08,1.2334287983741e-07,1.90449877733519e-07,2.47133637854312e-07,1.36090924849796e-11,3.21257663815218e-11,7.27292684943838e-11,1.27570918000838e-10,2.07781079634605e-10,3.53558669177769e-10,5.02742144685139e-10,6.74539459981699e-10,0.019995744474946,8.90066770369921e-10,4.49920019099721e-09,1.01376287254807e-08,1.93548457452417e-08,5.46310736758874e-08,1.44056266142849e-07,2.19744496216223e-07,2.92297809706283e-07,8.96528547141698e-10,4.32802873877523e-09,8.47803683742894e-09,1.43410048452735e-08,2.2777846482152e-08,3.65872821872341e-08,5.00937924968676e-08,6.62594852865876e-08,2.04215749421598e-09,4.49920019099721e-09,1.01376287254807e-08,1.93548457452417e-08,5.46310736758874e-08,1.44056266142849e-07,2.19744496216223e-07,2.92297809706283e-07,2.05698330987355e-09,4.32802873877523e-09,8.47803683742894e-09,1.43410048452735e-08,2.2777846482152e-08,3.65872821872341e-08,5.00937924968676e-08,6.62594852865876e-08,0.753770137046047
4,1.48005093435544e-08,1.11059673172517e-08,1.03841809790348e-08,1.63938225081607e-08,3.56215410248177e-08,9.66054844462349e-08,2.02453971210214e-07,3.7553043420207e-07,1.4817972155802e-09,2.30678252669086e-09,3.40001612505472e-09,1.07879625470827e-08,2.81421219512091e-08,9.01923010326752e-08,1.93152048377679e-07,3.71697977799636e-07,1.48005093435544e-08,1.11059673172517e-08,1.03841809790348e-08,1.63938225081607e-08,3.56215410248177e-08,9.66054844462349e-08,2.02453971210214e-07,3.7553043420207e-07,1.4817972155802e-09,2.30678252669086e-09,3.40001612505472e-09,1.07879625470827e-08,2.81421219512091e-08,9.01923010326752e-08,1.93152048377679e-07,3.71697977799636e-07,0.983854885148501,8.29702057066378e-09,6.96624373988051e-09,7.17610691741145e-09,1.44498592979853e-08,3.35287393046928e-08,9.1609195304045e-08,1.9547167484599e-07,3.61008212476453e-07,9.45724506957843e-10,1.55149615109217e-09,2.44083595876599e-09,8.52958796703043e-09,2.42345113899997e-08,8.40442857443143e-08,1.85543217622968e-07,3.57471880549107e-07,8.29702057066378e-09,6.96624373988051e-09,7.17610691741145e-09,1.44498592979853e-08,3.35287393046928e-08,9.1609195304045e-08,1.9547167484599e-07,3.61008212476453e-07,9.45724506957843e-10,1.55149615109217e-09,2.44083595876599e-09,8.52958796703043e-09,2.42345113899997e-08,8.40442857443143e-08,1.85543217622968e-07,3.57471880549107e-07,0.928466159782556,1.85820834019649e-08,1.52897699472094e-08,1.33378937376305e-08,1.81377539944695e-08,3.83948208733106e-08,1.02155208117573e-07,2.09334127059205e-07,3.91447910148815e-07,2.02494860177657e-09,3.08667163580278e-09,4.61835930857728e-09,1.33686670219548e-08,3.25891733072956e-08,9.79139374278549e-08,2.0097119972951e-07,3.87284377787843e-07,1.85820834019649e-08,1.52897699472094e-08,1.33378937376305e-08,1.81377539944695e-08,3.83948208733106e-08,1.02155208117573e-07,2.09334127059205e-07,3.91447910148815e-07,2.02494860177657e-09,3.08667163580278e-09,4.61835930857728e-09,1.33686670219548e-08,3.25891733072956e-08,9.79139374278549e-08,2.0097119972951e-07,3.87284377787843e-07,0.997004736254021,1.95061160233332e-09,3.02422962886502e-09,4.52711098763269e-09,1.34318090866953e-08,3.15044046179537e-08,8.77177398257436e-08,1.89516588771291e-07,3.51304803122155e-07,5.79316779542076e-10,9.53132548234401e-10,1.54854597466682e-09,6.5585891535497e-09,2.16463100054354e-08,8.01307083371127e-08,1.78782369556997e-07,3.47890142695723e-07,1.95061160233332e-09,3.02422962886502e-09,4.52711098763269e-09,1.34318090866953e-08,3.15044046179537e-08,8.77177398257436e-08,1.89516588771291e-07,3.51304803122155e-07,5.79316779542076e-10,9.53132548234401e-10,1.54854597466682e-09,6.5585891535497e-09,2.16463100054354e-08,8.01307083371127e-08,1.78782369556997e-07,3.47890142695723e-07,0.900644665785903,2.11219147034023e-08,1.69943793061621e-08,1.46520813377695e-08,1.96470856647333e-08,4.07279175952427e-08,1.06174462829668e-07,2.14883920504167e-07,4.04241993781562e-07,4.5048469096592e-09,5.60446850558958e-09,7.18744826397614e-09,1.55137496906015e-08,3.55402906715985e-08,1.02586072760527e-07,2.06312799583287e-07,4.00826635347544e-07,2.11219147034023e-08,1.69943793061621e-08,1.46520813377695e-08,1.96470856647333e-08,4.07279175952427e-08,1.06174462829668e-07,2.14883920504167e-07,4.04241993781562e-07,4.5048469096592e-09,5.60446850558958e-09,7.18744826397614e-09,1.55137496906015e-08,3.55402906715985e-08,1.02586072760527e-07,2.06312799583287e-07,4.00826635347544e-07,0.999739698340474
5,5.29429532302062e-08,5.40011607580526e-08,5.24030571375812e-08,6.34443308040624e-08,7.29621282584888e-08,6.5026646414862e-08,6.00783183783913e-08,5.34870235831709e-08,1.14650937230874e-14,1.44102691421258e-14,2.52353294113825e-14,3.8296491239744e-14,5.86953642771616e-14,1.03879345282011e-13,1.70094842246211e-13,2.6615687415287e-13,5.29429532302062e-08,5.40011607580526e-08,5.24030571375812e-08,6.34443308040624e-08,7.29621282584888e-08,6.5026646414862e-08,6.00783183783913e-08,5.34870235831709e-08,1.14650937230874e-14,1.44102691421258e-14,2.52353294113825e-14,3.8296491239744e-14,5.86953642771616e-14,1.03879345282011e-13,1.70094842246211e-13,2.6615687415287e-13,2.21965123900939e-06,5.11443113085392e-08,5.23604943935731e-08,5.08459173067819e-08,6.13068676061377e-08,6.9717706172663e-08,6.13046898961738e-08,5.68422076244143e-08,5.08000678094847e-08,6.67795938716483e-17,6.57891606717393e-17,1.86034273588948e-16,3.42274964021684e-16,7.47662281821458e-16,1.54845336207049e-15,2.83929111267867e-15,4.67008147703376e-15,5.11443113085392e-08,5.23604943935731e-08,5.08459173067819e-08,6.13068676061377e-08,6.9717706172663e-08,6.13046898961738e-08,5.68422076244143e-08,5.08000678094847e-08,6.67795938716483e-17,6.57891606717393e-17,1.86034273588948e-16,3.42274964021684e-16,7.47662281821458e-16,1.54845336207049e-15,2.83929111267867e-15,4.67008147703376e-15,1.02066092355216e-07,5.52915409302859e-08,5.56212702449494e-08,5.38365098189128e-08,6.55282972608899e-08,7.63960023282905e-08,6.97489290403901e-08,6.39290103986442e-08,5.72808676278673e-08,5.22575141991679e-13,6.36145774054856e-13,1.17557215115763e-12,1.68957167360943e-12,2.62940641670129e-12,4.5726748649898e-12,6.84330684183843e-12,9.60056562955842e-12,5.52915409302859e-08,5.56212702449494e-08,5.38365098189128e-08,6.55282972608899e-08,7.63960023282905e-08,6.97489290403901e-08,6.39290103986442e-08,5.72808676278673e-08,5.22575141991679e-13,6.36145774054856e-13,1.17557215115763e-12,1.68957167360943e-12,2.62940641670129e-12,4.5726748649898e-12,6.84330684183843e-12,9.60056562955842e-12,7.24257091383724e-05,4.98702394212272e-08,5.13061985558195e-08,4.9775652155389e-08,5.98190632473197e-08,6.73660432081272e-08,5.84188149318683e-08,5.43699008006847e-08,4.81800313362557e-08,5.71465600890377e-19,3.15335842643338e-19,3.03026767074543e-18,1.40420236135051e-17,5.53003229914564e-17,1.27848418429667e-16,3.1274022031129e-16,6.42199065137202e-16,4.98702394212272e-08,5.13061985558195e-08,4.9775652155389e-08,5.98190632473197e-08,6.73660432081272e-08,5.84188149318683e-08,5.43699008006847e-08,4.81800313362557e-08,5.71465600890377e-19,3.15335842643338e-19,3.03026767074543e-18,1.40420236135051e-17,5.53003229914564e-17,1.27848418429667e-16,3.1274022031129e-16,6.42199065137202e-16,6.66680191682284e-09,5.7383880505688e-08,5.6818020587419e-08,5.4678586923986e-08,6.71512258217937e-08,7.91233853614588e-08,7.29660662571726e-08,6.7526672368563e-08,6.04193425715332e-08,8.22943009072e-12,1.13895422746368e-11,1.67722427754741e-11,2.1564560322138e-11,3.80537396917917e-11,6.8542735235958e-11,1.23438086092891e-10,2.08397673020018e-10,5.7383880505688e-08,5.6818020587419e-08,5.4678586923986e-08,6.71512258217937e-08,7.91233853614588e-08,7.29660662571726e-08,6.7526672368563e-08,6.04193425715332e-08,8.22943009072e-12,1.13895422746368e-11,1.67722427754741e-11,2.1564560322138e-11,3.80537396917917e-11,6.8542735235958e-11,1.23438086092891e-10,2.08397673020018e-10,0.00149821125129122
6,6.56409864912248e-08,7.39752123521891e-08,8.30408160308874e-08,9.35171877494657e-08,1.33965484533014e-07,1.48040470866375e-07,1.58998913850809e-07,1.73847210807287e-07,3.81788060967775e-08,4.50174456070574e-08,5.32208162870697e-08,6.25753978605416e-08,7.26071420159375e-08,8.65408159090173e-08,1.00754834955807e-07,1.14034686308429e-07,6.56409864912248e-08,7.39752123521891e-08,8.30408160308874e-08,9.35171877494657e-08,1.33965484533014e-07,1.48040470866375e-07,1.58998913850809e-07,1.73847210807287e-07,3.81788060967775e-08,4.50174456070574e-08,5.32208162870697e-08,6.25753978605416e-08,7.26071420159375e-08,8.65408159090173e-08,1.00754834955807e-07,1.14034686308429e-07,0.660139257134201,6.18058122080299e-08,7.13675375870325e-08,7.92804306246558e-08,8.70552134715147e-08,1.16589541200036e-07,1.37166538577578e-07,1.5329534651123e-07,1.67873715283338e-07,1.93778046144945e-08,2.33354817942744e-08,2.74578263208503e-08,3.37494676886811e-08,3.99505117519142e-08,4.85884727646163e-08,5.62944963480774e-08,6.3939616800758e-08,6.18058122080299e-08,7.13675375870325e-08,7.92804306246558e-08,8.70552134715147e-08,1.16589541200036e-07,1.37166538577578e-07,1.5329534651123e-07,1.67873715283338e-07,1.93778046144945e-08,2.33354817942744e-08,2.74578263208503e-08,3.37494676886811e-08,3.99505117519142e-08,4.85884727646163e-08,5.62944963480774e-08,6.3939616800758e-08,0.451106062915899,7.01091143807199e-08,7.68581167130364e-08,8.64499697968484e-08,9.81931219680479e-08,1.43771583068093e-07,1.5593629913287e-07,1.65528665540073e-07,1.80544308924269e-07,5.70849439170556e-08,6.71156215925423e-08,8.08166995089261e-08,9.4820682016939e-08,1.09685007420047e-07,1.29811981973351e-07,1.49310358106583e-07,1.68420437402537e-07,7.01091143807199e-08,7.68581167130364e-08,8.64499697968484e-08,9.81931219680479e-08,1.43771583068093e-07,1.5593629913287e-07,1.65528665540073e-07,1.80544308924269e-07,5.70849439170556e-08,6.71156215925423e-08,8.08166995089261e-08,9.4820682016939e-08,1.09685007420047e-07,1.29811981973351e-07,1.49310358106583e-07,1.68420437402537e-07,0.99715537119783,5.97263576116625e-08,6.9766444224663e-08,7.65850110895419e-08,8.22848160151807e-08,1.12366262469079e-07,1.33012799135693e-07,1.49986598080095e-07,1.63525369216785e-07,9.29250592703159e-09,1.08968104504841e-08,1.28619889952506e-08,1.52644377782424e-08,1.79211113813065e-08,2.16549959007933e-08,2.52776989427872e-08,2.85588491280568e-08,5.97263576116625e-08,6.9766444224663e-08,7.65850110895419e-08,8.22848160151807e-08,1.12366262469079e-07,1.33012799135693e-07,1.49986598080095e-07,1.63525369216785e-07,9.29250592703159e-09,1.08968104504841e-08,1.28619889952506e-08,1.52644377782424e-08,1.79211113813065e-08,2.16549959007933e-08,2.52776989427872e-08,2.85588491280568e-08,0.152513464869762,7.38588350342382e-08,7.89303629253e-08,8.84163924677188e-08,1.01186159930801e-07,1.49354213345773e-07,1.60673658450371e-07,1.70570131651504e-07,1.86576241194982e-07,6.25767280276248e-08,7.30892064339984e-08,8.72189695075233e-08,1.01694078901865e-07,1.1698230961255e-07,1.38030942404226e-07,1.58333274057765e-07,1.79950453678172e-07,7.38588350342382e-08,7.89303629253e-08,8.84163924677188e-08,1.01186159930801e-07,1.49354213345773e-07,1.60673658450371e-07,1.70570131651504e-07,1.86576241194982e-07,6.25767280276248e-08,7.30892064339984e-08,8.72189695075233e-08,1.01694078901865e-07,1.1698230961255e-07,1.38030942404226e-07,1.58333274057765e-07,1.79950453678172e-07,0.999673066238342
7,8.40114370979834e-08,8.21640369903636e-08,1.2411670237167e-07,1.54288718446185e-07,1.53818022054813e-07,1.55720862137912e-07,1.47176168168509e-07,1.43625550380294e-07,1.07756561127147e-13,1.27343316777064e-13,1.57973555887562e-13,1.80578130546938e-13,2.1238453073581e-13,2.62773506633288e-13,3.16448868421518e-13,3.94489672244891e-13,8.40114370979834e-08,8.21640369903636e-08,1.2411670237167e-07,1.54288718446185e-07,1.53818022054813e-07,1.55720862137912e-07,1.47176168168509e-07,1.43625550380294e-07,1.07756561127147e-13,1.27343316777064e-13,1.57973555887562e-13,1.80578130546938e-13,2.1238453073581e-13,2.62773506633288e-13,3.16448868421518e-13,3.94489672244891e-13,2.84713408725149e-06,8.0891688831182e-08,7.94548362264818e-08,1.20512504904767e-07,1.46593159973663e-07,1.49183623634369e-07,1.51468756224622e-07,1.42766246379678e-07,1.3760658082726e-07,1.44184459493558e-15,1.67180011635891e-15,2.01393747994408e-15,2.26811548576938e-15,2.64036248900493e-15,3.21519900524091e-15,3.84181115954305e-15,4.73024553132241e-15,8.0891688831182e-08,7.94548362264818e-08,1.20512504904767e-07,1.46593159973663e-07,1.49183623634369e-07,1.51468756224622e-07,1.42766246379678e-07,1.3760658082726e-07,1.44184459493558e-15,1.67180011635891e-15,2.01393747994408e-15,2.26811548576938e-15,2.64036248900493e-15,3.21519900524091e-15,3.84181115954305e-15,4.73024553132241e-15,3.14300566355348e-08,8.7755610637456e-08,8.53426710982034e-08,1.2733254623531e-07,1.58920443276468e-07,1.58458019269166e-07,1.60050255169991e-07,1.51761267515878e-07,1.4955543046521e-07,4.16728159146984e-12,4.84020057350314e-12,5.91053618927815e-12,6.68485082926079e-12,7.79680264223277e-12,9.45382011467824e-12,1.15229924701995e-11,1.46222346873766e-11,8.7755610637456e-08,8.53426710982034e-08,1.2733254623531e-07,1.58920443276468e-07,1.58458019269166e-07,1.60050255169991e-07,1.51761267515878e-07,1.4955543046521e-07,4.16728159146984e-12,4.84020057350314e-12,5.91053618927815e-12,6.68485082926079e-12,7.79680264223277e-12,9.45382011467824e-12,1.15229924701995e-11,1.46222346873766e-11,6.72783755217778e-05,7.92343761196654e-08,7.73281809741352e-08,1.17727011711378e-07,1.3916089665902e-07,1.45938106734132e-07,1.48468661192152e-07,1.39166468572924e-07,1.33319592320161e-07,2.39907132384092e-16,2.78007039094402e-16,3.40211007024029e-16,3.84364940072395e-16,4.51896199001057e-16,5.47419932088373e-16,6.52266305036993e-16,8.19806151163322e-16,7.92343761196654e-08,7.73281809741352e-08,1.17727011711378e-07,1.3916089665902e-07,1.45938106734132e-07,1.48468661192152e-07,1.39166468572924e-07,1.33319592320161e-07,2.39907132384092e-16,2.78007039094402e-16,3.40211007024029e-16,3.84364940072395e-16,4.51896199001057e-16,5.47419932088373e-16,6.52266305036993e-16,8.19806151163322e-16,9.90526577177769e-09,9.02691436054883e-08,8.69046397931336e-08,1.29527879323857e-07,1.61843211672491e-07,1.62322969870094e-07,1.63127081701549e-07,1.54729475828676e-07,1.53821051590766e-07,2.09538831031637e-10,2.45038261863339e-10,3.01749884341641e-10,3.44212248819253e-10,4.07438183858475e-10,5.0278100158955e-10,5.97744668936455e-10,7.51140787307373e-10,9.02691436054883e-08,8.69046397931336e-08,1.29527879323857e-07,1.61843211672491e-07,1.62322969870094e-07,1.63127081701549e-07,1.54729475828676e-07,1.53821051590766e-07,2.09538831031637e-10,2.45038261863339e-10,3.01749884341641e-10,3.44212248819253e-10,4.07438183858475e-10,5.0278100158955e-10,5.97744668936455e-10,7.51140787307373e-10,0.00268133582636024
8,7.14967623652477e-09,6.55350705046848e-09,2.18748268938085e-08,4.12108867976939e-08,7.81143060011711e-08,1.56556652289998e-07,2.57325447528825e-07,3.87965011019986e-07,6.25104389749657e-09,5.58243051542077e-09,2.12336689220955e-08,4.12580029248549e-08,7.82257721504228e-08,1.56052018262001e-07,2.6051172220375e-07,3.83348590317329e-07,7.14967623652477e-09,6.55350705046848e-09,2.18748268938085e-08,4.12108867976939e-08,7.81143060011711e-08,1.56556652289998e-07,2.57325447528825e-07,3.87965011019986e-07,6.25104389749657e-09,5.58243051542077e-09,2.12336689220955e-08,4.12580029248549e-08,7.82257721504228e-08,1.56052018262001e-07,2.6051172220375e-07,3.83348590317329e-07,0.999035896348594,5.64397100618346e-09,4.78201531910487e-09,1.99692477197206e-08,3.87366277771998e-08,7.31611926703016e-08,1.41331720328173e-07,2.24766750157163e-07,3.28412589458226e-07,4.92710022411077e-09,4.08318830975273e-09,1.87655964555428e-08,3.78211292870916e-08,7.13716432190611e-08,1.38944222321129e-07,2.24807098069678e-07,3.24058975633625e-07,5.64397100618346e-09,4.78201531910487e-09,1.99692477197206e-08,3.87366277771998e-08,7.31611926703016e-08,1.41331720328173e-07,2.24766750157163e-07,3.28412589458226e-07,4.92710022411077e-09,4.08318830975273e-09,1.87655964555428e-08,3.78211292870916e-08,7.13716432190611e-08,1.38944222321129e-07,2.24807098069678e-07,3.24058975633625e-07,0.993771055948966,9.12920282230908e-09,8.84558860951745e-09,2.39756993151034e-08,4.4222741159543e-08,8.23038471029795e-08,1.64678664767026e-07,2.75507238809408e-07,4.25090401871802e-07,8.09147485497544e-09,7.77967646904119e-09,2.35430346054648e-08,4.42973307466202e-08,8.2811929927141e-08,1.64917012348217e-07,2.79524850217372e-07,4.19759087407869e-07,9.12920282230908e-09,8.84558860951745e-09,2.39756993151034e-08,4.4222741159543e-08,8.23038471029795e-08,1.64678664767026e-07,2.75507238809408e-07,4.25090401871802e-07,8.09147485497544e-09,7.77967646904119e-09,2.35430346054648e-08,4.42973307466202e-08,8.2811929927141e-08,1.64917012348217e-07,2.79524850217372e-07,4.19759087407869e-07,0.99965195265438,5.05603233504325e-09,4.22776727017883e-09,1.884990264546e-08,3.74450991066286e-08,6.85398707350854e-08,1.25537335813776e-07,1.93516322936546e-07,2.77065640969978e-07,4.3943678182786e-09,3.70140859511515e-09,1.68233157823539e-08,3.48131792410396e-08,6.62518822042081e-08,1.24420629451986e-07,1.95329045908464e-07,2.73715899807007e-07,5.05603233504325e-09,4.22776727017883e-09,1.884990264546e-08,3.74450991066286e-08,6.85398707350854e-08,1.25537335813776e-07,1.93516322936546e-07,2.77065640969978e-07,4.3943678182786e-09,3.70140859511515e-09,1.68233157823539e-08,3.48131792410396e-08,6.62518822042081e-08,1.24420629451986e-07,1.95329045908464e-07,2.73715899807007e-07,0.981205664835866,1.0300007382579e-08,1.01562642326727e-08,2.56000864078073e-08,4.62538144455742e-08,8.5319216134232e-08,1.71135529335653e-07,2.8984663594986e-07,4.59081318083659e-07,9.33925341347975e-09,9.51094416425627e-09,2.51357995546688e-08,4.61170203841308e-08,8.59375898418285e-08,1.71433710526011e-07,2.9232738331371e-07,4.49414049388888e-07,1.0300007382579e-08,1.01562642326727e-08,2.56000864078073e-08,4.62538144455742e-08,8.5319216134232e-08,1.71135529335653e-07,2.8984663594986e-07,4.59081318083659e-07,9.33925341347975e-09,9.51094416425627e-09,2.51357995546688e-08,4.61170203841308e-08,8.59375898418285e-08,1.71433710526011e-07,2.9232738331371e-07,4.49414049388888e-07,0.999744338483597
9,1.93513639086866e-08,2.50290696844749e-08,2.86624202729669e-08,3.67124020780004e-08,8.25416577234946e-08,9.63322880281912e-08,1.06158006930269e-07,1.1649151534661e-07,1.02531563546525e-13,1.31966134667805e-13,1.63000719949449e-13,1.98394775979251e-13,2.36938767132731e-13,2.9024917699209e-13,3.41728108953467e-13,3.98124645498878e-13,1.93513639086866e-08,2.50290696844749e-08,2.86624202729669e-08,3.67124020780004e-08,8.25416577234946e-08,9.63322880281912e-08,1.06158006930269e-07,1.1649151534661e-07,1.02531563546525e-13,1.31966134667805e-13,1.63000719949449e-13,1.98394775979251e-13,2.36938767132731e-13,2.9024917699209e-13,3.41728108953467e-13,3.98124645498878e-13,7.58104954813085e-06,1.55749696622517e-08,2.22564285118659e-08,2.68716688264288e-08,3.47665627460371e-08,7.58290552514553e-08,8.42247275142822e-08,9.08649009594683e-08,9.62009743195644e-08,1.0220329050949e-15,1.22104852027181e-15,1.45346320204382e-15,1.73041985378849e-15,2.05532715429983e-15,2.48054968553549e-15,2.93047110710159e-15,3.38779140296827e-15,1.55749696622517e-08,2.22564285118659e-08,2.68716688264288e-08,3.47665627460371e-08,7.58290552514553e-08,8.42247275142822e-08,9.08649009594683e-08,9.62009743195644e-08,1.0220329050949e-15,1.22104852027181e-15,1.45346320204382e-15,1.73041985378849e-15,2.05532715429983e-15,2.48054968553549e-15,2.93047110710159e-15,3.38779140296827e-15,5.8685154366906e-08,2.41048174799865e-08,2.79629902950326e-08,3.05536329930385e-08,3.89623249425159e-08,9.15149856953795e-08,1.13661668442225e-07,1.32546072876205e-07,1.53032619147504e-07,2.79298882460949e-11,3.53650165168928e-11,4.48686709430809e-11,5.60556636008307e-11,6.75959376385413e-11,8.48584409802041e-11,1.01330351861782e-10,1.22463618959179e-10,2.41048174799865e-08,2.79629902950326e-08,3.05536329930385e-08,3.89623249425159e-08,9.15149856953795e-08,1.13661668442225e-07,1.32546072876205e-07,1.53032619147504e-07,2.79298882460949e-11,3.53650165168928e-11,4.48686709430809e-11,5.60556636008307e-11,6.75959376385413e-11,8.48584409802041e-11,1.01330351861782e-10,1.22463618959179e-10,0.00196037999215431,1.32364670261724e-08,2.00988658079671e-08,2.56491332547397e-08,3.31998120231485e-08,7.19832899662114e-08,7.77175424755184e-08,8.12775443053063e-08,8.33358542673546e-08,9.93129504739946e-17,1.19277497434471e-16,1.39804158710744e-16,1.68939381483571e-16,1.99552274283311e-16,2.45089725884379e-16,2.86465734711948e-16,3.30075272211874e-16,1.32364670261724e-08,2.00988658079671e-08,2.56491332547397e-08,3.31998120231485e-08,7.19832899662114e-08,7.77175424755184e-08,8.12775443053063e-08,8.33358542673546e-08,9.93129504739946e-17,1.19277497434471e-16,1.39804158710744e-16,1.68939381483571e-16,1.99552274283311e-16,2.45089725884379e-16,2.86465734711948e-16,3.30075272211874e-16,6.73031144670418e-09,2.67232733818537e-08,2.98655690499132e-08,3.15822265017108e-08,4.13897893495431e-08,1.00514814514333e-07,1.30757622593148e-07,1.54895703316114e-07,1.78249472255994e-07,8.00223432150533e-10,1.07915092311072e-09,1.40935582339602e-09,1.72780813029528e-09,2.09955459352952e-09,2.70231198676139e-09,3.43062614465905e-09,4.23052137600177e-09,2.67232733818537e-08,2.98655690499132e-08,3.15822265017108e-08,4.13897893495431e-08,1.00514814514333e-07,1.30757622593148e-07,1.54895703316114e-07,1.78249472255994e-07,8.00223432150533e-10,1.07915092311072e-09,1.40935582339602e-09,1.72780813029528e-09,2.09955459352952e-09,2.70231198676139e-09,3.43062614465905e-09,4.23052137600177e-09,0.0575746206961487
10,5.88370947943083e-10,1.99265446985275e-08,2.32005089540474e-08,2.35570689450653e-08,2.44654164474892e-08,4.78113421235244e-08,4.94464799366634e-08,5.07949729636852e-08,4.17227585654587e-16,6.10824262936327e-15,7.99878936428233e-15,8.46397202294852e-15,1.30152747107861e-14,1.80841100736747e-14,2.25623007225952e-14,2.89631177762726e-14,5.56640763777068e-09,1.99265446985275e-08,2.32005089540474e-08,2.35570689450653e-08,2.44654164474892e-08,4.78113421235244e-08,4.94464799366634e-08,5.07949729636852e-08,3.94726970730883e-15,6.10824262936327e-15,7.99878936428233e-15,8.46397202294852e-15,1.30152747107861e-14,1.80841100736747e-14,2.25623007225952e-14,2.89631177762726e-14,1.26294195899564e-06,4.43625910702432e-10,1.65481116966811e-08,2.06377964951518e-08,2.17523294646026e-08,2.17333842940632e-08,3.62987360915475e-08,3.42548660768257e-08,3.24626727487266e-08,5.37003396082876e-18,7.71362410009811e-17,9.59802989409002e-17,1.06833366438153e-16,1.54335405128742e-16,2.09649189890861e-16,2.47865450661956e-16,3.3689265794304e-16,4.19701663768393e-09,1.65481116966811e-08,2.06377964951518e-08,2.17523294646026e-08,2.17333842940632e-08,3.62987360915475e-08,3.42548660768257e-08,3.24626727487266e-08,5.08043406275335e-17,7.71362410009811e-17,9.59802989409002e-17,1.06833366438153e-16,1.54335405128742e-16,2.09649189890861e-16,2.47865450661956e-16,3.3689265794304e-16,1.22416093364943e-08,9.2704962415095e-10,2.61371717065649e-08,2.56891860892858e-08,2.54599814902176e-08,2.67773315025835e-08,5.45749163048504e-08,5.81932798418673e-08,6.03088973696261e-08,5.37481804931334e-14,7.44534994447019e-13,9.19608587815028e-13,1.05334080349431e-12,1.34667734519653e-12,1.76916193791525e-12,2.12752126205334e-12,2.54295813828889e-12,8.77054879495083e-09,2.61371717065649e-08,2.56891860892858e-08,2.54599814902176e-08,2.67773315025835e-08,5.45749163048504e-08,5.81932798418673e-08,6.03088973696261e-08,5.08496015072105e-13,7.44534994447019e-13,9.19608587815028e-13,1.05334080349431e-12,1.34667734519653e-12,1.76916193791525e-12,2.12752126205334e-12,2.54295813828889e-12,9.4220857263745e-05,3.78281066198339e-10,1.46235427008112e-08,1.90836397570358e-08,2.02659273574262e-08,2.046324477614e-08,3.41600837293569e-08,3.12963134026118e-08,2.90288014848891e-08,1.82488951131489e-18,2.6453158396232e-17,3.31911539578587e-17,3.7114112809089e-17,4.46376156480364e-17,5.38227879977595e-17,6.43484971941659e-17,7.42641560718411e-17,3.57880793311053e-09,1.46235427008112e-08,1.90836397570358e-08,2.02659273574262e-08,2.046324477614e-08,3.41600837293569e-08,3.12963134026118e-08,2.90288014848891e-08,1.72647527030064e-17,2.6453158396232e-17,3.31911539578587e-17,3.7114112809089e-17,4.46376156480364e-17,5.38227879977595e-17,6.43484971941659e-17,7.42641560718411e-17,1.58436210440962e-09,1.04570856203833e-09,2.88300887149119e-08,2.715149283397e-08,2.70625728682278e-08,2.84592813032379e-08,5.70720176191662e-08,6.12167041224239e-08,6.46448649092206e-08,2.82580297099062e-13,3.99129684582549e-12,5.01225459299478e-12,5.85243983984262e-12,7.78801435857882e-12,1.01556028217176e-11,1.24767916248799e-11,1.50150199832523e-11,9.89314674179909e-09,2.88300887149119e-08,2.715149283397e-08,2.70625728682278e-08,2.84592813032379e-08,5.70720176191662e-08,6.12167041224239e-08,6.46448649092206e-08,2.67341059165941e-12,3.99129684582549e-12,5.01225459299478e-12,5.85243983984262e-12,7.78801435857882e-12,1.01556028217176e-11,1.24767916248799e-11,1.50150199832523e-11,0.000663843518548174
11,3.10728465326096e-10,5.67412021713622e-09,1.2426119922073e-08,1.70237797921656e-08,3.94647184969257e-08,1.20068861164161e-07,1.45251168823772e-07,1.61276088902739e-07,9.90429668266129e-16,2.97661461342779e-15,3.53807491192751e-15,4.11773160897772e-15,4.96527248370314e-15,6.07490658835151e-15,7.04814043952029e-15,8.09321854924107e-15,7.1293130499433e-10,5.67412021713622e-09,1.2426119922073e-08,1.70237797921656e-08,3.94647184969257e-08,1.20068861164161e-07,1.45251168823772e-07,1.61276088902739e-07,2.27242880745104e-15,2.97661461342779e-15,3.53807491192751e-15,4.11773160897772e-15,4.96527248370314e-15,6.07490658835151e-15,7.04814043952029e-15,8.09321854924107e-15,3.04606937010555e-06,1.02397362092434e-10,3.47860479197832e-09,9.89647782013573e-09,1.42980129421415e-08,3.67340518035587e-08,1.15556374866079e-07,1.39860144898563e-07,1.54179130344794e-07,2.89610480703853e-17,8.8410418824046e-17,1.04589825690519e-16,1.24222401392854e-16,1.49522302929536e-16,1.84204663738677e-16,2.15835447113946e-16,2.50072922130034e-16,2.34939161135184e-10,3.47860479197832e-09,9.89647782013573e-09,1.42980129421415e-08,3.67340518035587e-08,1.15556374866079e-07,1.39860144898563e-07,1.54179130344794e-07,6.64478478762958e-17,8.8410418824046e-17,1.04589825690519e-16,1.24222401392854e-16,1.49522302929536e-16,1.84204663738677e-16,2.15835447113946e-16,2.50072922130034e-16,5.10252165083286e-08,1.39448614267837e-09,1.0581728355556e-08,1.76410281738707e-08,2.14284936417022e-08,4.34042160414415e-08,1.24985628853524e-07,1.50776473206164e-07,1.68215064596726e-07,2.84782480866328e-14,8.3292628441072e-14,1.00640242970038e-13,1.16598747703726e-13,1.38758630893761e-13,1.68964009548579e-13,1.95995592568383e-13,2.26025594234062e-13,3.19949066929821e-09,1.0581728355556e-08,1.76410281738707e-08,2.14284936417022e-08,4.34042160414415e-08,1.24985628853524e-07,1.50776473206164e-07,1.68215064596726e-07,6.53401179420374e-14,8.3292628441072e-14,1.00640242970038e-13,1.16598747703726e-13,1.38758630893761e-13,1.68964009548579e-13,1.95995592568383e-13,2.26025594234062e-13,5.10738028824912e-05,6.98616442635342e-11,2.46413977043472e-09,8.62232991342738e-09,1.26515923547112e-08,3.44709947596907e-08,1.11981582543098e-07,1.34544982837176e-07,1.48092707855321e-07,8.15869259256327e-18,2.53668944951634e-17,3.08939897279121e-17,3.62185151416132e-17,4.39392242080949e-17,5.37704432002676e-17,6.30971756178098e-17,7.39875050215665e-17,1.60289637969219e-10,2.46413977043472e-09,8.62232991342738e-09,1.26515923547112e-08,3.44709947596907e-08,1.11981582543098e-07,1.34544982837176e-07,1.48092707855321e-07,1.87191970035943e-17,2.53668944951634e-17,3.08939897279121e-17,3.62185151416132e-17,4.39392242080949e-17,5.37704432002676e-17,6.30971756178098e-17,7.39875050215665e-17,6.08358991918756e-09,2.33422409316714e-09,1.4189814384026e-08,2.10068997423529e-08,2.46238290787101e-08,4.62264898427211e-08,1.29002942643593e-07,1.54207833612383e-07,1.72774171374936e-07,1.15267353283202e-13,3.32139868312468e-13,3.95688254118612e-13,4.49526586330192e-13,5.2518149513747e-13,6.36371513317205e-13,7.4245181452199e-13,8.38599427748984e-13,5.35561306603955e-09,1.4189814384026e-08,2.10068997423529e-08,2.46238290787101e-08,4.62264898427211e-08,1.29002942643593e-07,1.54207833612383e-07,1.72774171374936e-07,2.64467899692401e-13,3.32139868312468e-13,3.95688254118612e-13,4.49526586330192e-13,5.2518149513747e-13,6.36371513317205e-13,7.4245181452199e-13,8.38599427748984e-13,0.000151355419384054
12,1.54588829958846e-09,4.56669601115207e-09,1.17720801583205e-08,2.4429181217939e-08,9.05597494560197e-08,1.63540655918943e-07,2.28221244216102e-07,2.84551077466898e-07,6.13718566288597e-16,1.92654126225119e-15,3.76135970780707e-15,2.06619708998914e-14,5.97760104482559e-14,1.65693236507428e-13,3.96484477601868e-13,8.34316111304432e-13,1.54588829958846e-09,4.56669601115207e-09,1.17720801583205e-08,2.4429181217939e-08,9.05597494560197e-08,1.63540655918943e-07,2.28221244216102e-07,2.84551077466898e-07,6.13718566288597e-16,1.92654126225119e-15,3.76135970780707e-15,2.06619708998914e-14,5.97760104482559e-14,1.65693236507428e-13,3.96484477601868e-13,8.34316111304432e-13,8.45880882071487e-06,4.91441814295687e-10,1.97162159778076e-09,6.7054557901047e-09,1.7203334027905e-08,6.80222979106998e-08,1.3395921936375e-07,2.04796869905423e-07,2.70211953822586e-07,7.81320105596518e-19,3.07236926806062e-18,7.43945960357783e-18,1.40721725380872e-16,9.1228503966705e-16,2.94445915316433e-15,7.42949189302829e-15,1.36526765242699e-14,4.91441814295687e-10,1.97162159778076e-09,6.7054557901047e-09,1.7203334027905e-08,6.80222979106998e-08,1.3395921936375e-07,2.04796869905423e-07,2.70211953822586e-07,7.81320105596518e-19,3.07236926806062e-18,7.43945960357783e-18,1.40721725380872e-16,9.1228503966705e-16,2.94445915316433e-15,7.42949189302829e-15,1.36526765242699e-14,1.89666496614017e-07,4.60031835753413e-09,1.08996016880317e-08,2.25615805260198e-08,3.93890379985064e-08,1.22443849979914e-07,1.85278504139046e-07,2.41743637443071e-07,3.01657904854853e-07,8.18611503423817e-14,2.8631179281123e-13,6.2285130105211e-13,3.24751758250497e-12,1.35667128873489e-11,5.61918264642931e-11,1.5977008684423e-10,4.00702501030782e-10,4.60031835753413e-09,1.08996016880317e-08,2.25615805260198e-08,3.93890379985064e-08,1.22443849979914e-07,1.85278504139046e-07,2.41743637443071e-07,3.01657904854853e-07,8.18611503423817e-14,2.8631179281123e-13,6.2285130105211e-13,3.24751758250497e-12,1.35667128873489e-11,5.61918264642931e-11,1.5977008684423e-10,4.00702501030782e-10,0.0640018770056915,2.95830412671306e-10,1.32424675994442e-09,5.17327350545537e-09,1.35511008835369e-08,5.72355380612133e-08,1.17955558672898e-07,1.8689844635418e-07,2.54323101185027e-07,1.38370172100759e-21,6.11949541613616e-21,9.53405328731648e-21,1.2806488290709e-18,2.28066203943864e-17,1.54135364070812e-16,6.07479874577758e-16,1.80752692584112e-15,2.95830412671306e-10,1.32424675994442e-09,5.17327350545537e-09,1.35511008835369e-08,5.72355380612133e-08,1.17955558672898e-07,1.8689844635418e-07,2.54323101185027e-07,1.38370172100759e-21,6.11949541613616e-21,9.53405328731648e-21,1.2806488290709e-18,2.28066203943864e-17,1.54135364070812e-16,6.07479874577758e-16,1.80752692584112e-15,4.27280652178656e-08,5.8231745574725e-09,1.2856759662062e-08,2.49136425106536e-08,4.26177744011443e-08,1.30893546434126e-07,1.94031520561856e-07,2.48867713504418e-07,3.17159491417799e-07,4.21973737467727e-12,1.2050043605675e-11,2.03911615967857e-11,1.4210125343616e-10,4.88220530023462e-10,1.9144975223879e-09,4.63234843480541e-09,9.99844403349288e-09,5.8231745574725e-09,1.2856759662062e-08,2.49136425106536e-08,4.26177744011443e-08,1.30893546434126e-07,1.94031520561856e-07,2.48867713504418e-07,3.17159491417799e-07,4.21973737467727e-12,1.2050043605675e-11,2.03911615967857e-11,1.4210125343616e-10,4.88220530023462e-10,1.9144975223879e-09,4.63234843480541e-09,9.99844403349288e-09,0.284422288062197
13,1.15445970340285e-08,6.21482762080385e-08,7.99740810192928e-08,9.66448367924071e-08,1.5817271589357e-07,4.05347737515137e-07,5.26253691918588e-07,7.4991112016146e-07,3.37142625345045e-11,9.11407429145424e-10,4.49555638835461e-10,1.80907466080706e-09,1.0636020853394e-08,5.37855573933493e-08,1.53246107605878e-07,3.68869306436596e-07,2.64877716319489e-08,6.21482762080385e-08,7.99740810192928e-08,9.66448367924071e-08,1.5817271589357e-07,4.05347737515137e-07,5.26253691918588e-07,7.4991112016146e-07,7.73535606415106e-11,9.11407429145424e-10,4.49555638835461e-10,1.80907466080706e-09,1.0636020853394e-08,5.37855573933493e-08,1.53246107605878e-07,3.68869306436596e-07,0.984176489042561,1.04504636187697e-08,5.92453454682259e-08,7.67186416727749e-08,9.28059279856101e-08,1.50975216810436e-07,3.84566431082236e-07,4.98011494657651e-07,6.73803876932588e-07,6.18837014871241e-12,2.6454185030657e-10,9.97341647343114e-11,4.5754636634149e-10,4.15276611931489e-09,3.16808880217068e-08,1.06221979830229e-07,2.79818636387052e-07,2.39774063110256e-08,5.92453454682259e-08,7.67186416727749e-08,9.28059279856101e-08,1.50975216810436e-07,3.84566431082236e-07,4.98011494657651e-07,6.73803876932588e-07,1.4198515096708e-11,2.6454185030657e-10,9.97341647343114e-11,4.5754636634149e-10,4.15276611931489e-09,3.16808880217068e-08,1.06221979830229e-07,2.79818636387052e-07,0.936209092666507,1.25769610860193e-08,6.49202400834199e-08,8.30137109183359e-08,1.00653891761627e-07,1.7044121601744e-07,4.31196407667498e-07,5.5840232794244e-07,7.90468667132939e-07,2.5656524096061e-10,3.17238350382515e-09,2.31854709826724e-09,5.97180876485548e-09,2.14464422066359e-08,8.15319257408931e-08,1.9960773612521e-07,4.4587536562299e-07,2.88564141380116e-08,6.49202400834199e-08,8.30137109183359e-08,1.00653891761627e-07,1.7044121601744e-07,4.31196407667498e-07,5.5840232794244e-07,7.90468667132939e-07,5.88659915216562e-10,3.17238350382515e-09,2.31854709826724e-09,5.97180876485548e-09,2.14464422066359e-08,8.15319257408931e-08,1.9960773612521e-07,4.4587536562299e-07,0.994866488929827,9.43827255307384e-09,5.69385893648933e-08,7.4053419548133e-08,8.9313588929996e-08,1.46569013476238e-07,3.7309957155669e-07,4.6701480333314e-07,5.63239299254468e-07,3.59379259900038e-12,1.48324316228975e-10,5.94214622669062e-11,2.76225143027652e-10,2.38025305410226e-09,1.53973692240156e-08,4.94075954397618e-08,1.15130038891117e-07,2.16550484394581e-08,5.69385893648933e-08,7.4053419548133e-08,8.9313588929996e-08,1.46569013476238e-07,3.7309957155669e-07,4.6701480333314e-07,5.63239299254468e-07,8.24555048342758e-12,1.48324316228975e-10,5.94214622669062e-11,2.76225143027652e-10,2.38025305410226e-09,1.53973692240156e-08,4.94075954397618e-08,1.15130038891117e-07,0.813973449934841,1.34396762130365e-08,6.68174839147797e-08,8.5048184101171e-08,1.03738890104042e-07,1.7732440673316e-07,4.55039010931831e-07,5.83367456429575e-07,8.34426067622402e-07,7.58148971825384e-10,7.66778821506256e-09,5.93811596858998e-09,1.38070103083396e-08,4.02542533137561e-08,1.10717811657794e-07,2.26658063509237e-07,4.89875730678285e-07,3.0835816381373e-08,6.68174839147797e-08,8.5048184101171e-08,1.03738890104042e-07,1.7732440673316e-07,4.55039010931831e-07,5.83367456429575e-07,8.34426067622402e-07,1.73948703185703e-09,7.66778821506256e-09,5.93811596858998e-09,1.38070103083396e-08,4.02542533137561e-08,1.10717811657794e-07,2.26658063509237e-07,4.89875730678285e-07,0.996266727732791
14,8.57297843618164e-08,7.62247630918245e-08,6.62523979744183e-08,7.48724494837432e-08,7.90393820960497e-08,7.06909852583958e-08,5.95642705723134e-08,5.305508409759e-08,4.83888576646465e-16,5.1917958388828e-16,1.00356630736235e-15,1.51811301074669e-15,2.10880838132061e-15,3.22676265765269e-15,4.75106453034145e-15,7.24751115353802e-15,8.57297843618164e-08,7.62247630918245e-08,6.62523979744183e-08,7.48724494837432e-08,7.90393820960497e-08,7.06909852583958e-08,5.95642705723134e-08,5.305508409759e-08,4.83888576646465e-16,5.1917958388828e-16,1.00356630736235e-15,1.51811301074669e-15,2.10880838132061e-15,3.22676265765269e-15,4.75106453034145e-15,7.24751115353802e-15,4.93888835366614e-08,8.23043684729356e-08,7.376283238026e-08,6.47377497539116e-08,7.24918972006398e-08,7.50460709480649e-08,6.47408598135666e-08,5.60855429924107e-08,4.96373548232898e-08,2.8349595642239e-17,3.04874615426344e-17,5.12621153383858e-17,7.80225640895172e-17,1.28499101982383e-16,1.98858116917169e-16,2.83513309124365e-16,4.27662941262019e-16,8.23043684729356e-08,7.376283238026e-08,6.47377497539116e-08,7.24918972006398e-08,7.50460709480649e-08,6.47408598135666e-08,5.60855429924107e-08,4.96373548232898e-08,2.8349595642239e-17,3.04874615426344e-17,5.12621153383858e-17,7.80225640895172e-17,1.28499101982383e-16,1.98858116917169e-16,2.83513309124365e-16,4.27662941262019e-16,2.18448000657321e-09,8.97759178012716e-08,7.85739804034125e-08,6.82829360467614e-08,7.80025641571717e-08,8.234834989643e-08,7.46554327311596e-08,6.26457919143655e-08,5.55388606216743e-08,4.42672443807015e-14,4.5819297102679e-14,7.38624321044722e-14,1.02908899397038e-13,1.6532870534225e-13,3.3685318994267e-13,5.91632934239943e-13,8.69225216728175e-13,8.97759178012716e-08,7.85739804034125e-08,6.82829360467614e-08,7.80025641571717e-08,8.234834989643e-08,7.46554327311596e-08,6.26457919143655e-08,5.55388606216743e-08,4.42672443807015e-14,4.5819297102679e-14,7.38624321044722e-14,1.02908899397038e-13,1.6532870534225e-13,3.3685318994267e-13,5.91632934239943e-13,8.69225216728175e-13,5.72908424100974e-06,7.9817060385846e-08,7.21576522329685e-08,6.34779384546313e-08,7.09589278854395e-08,7.19715980383192e-08,6.0443202273579e-08,5.31374751503747e-08,4.63652848342381e-08,1.55676725859515e-18,5.51713191824312e-19,6.74485185869413e-18,1.72905566506758e-17,3.27850013598061e-17,6.17313422925062e-17,9.77595960300891e-17,1.45120507945756e-16,7.9817060385846e-08,7.21576522329685e-08,6.34779384546313e-08,7.09589278854395e-08,7.19715980383192e-08,6.0443202273579e-08,5.31374751503747e-08,4.63652848342381e-08,1.55676725859515e-18,5.51713191824312e-19,6.74485185869413e-18,1.72905566506758e-17,3.27850013598061e-17,6.17313422925062e-17,9.77595960300891e-17,1.45120507945756e-16,8.49571915160869e-10,9.29375164829682e-08,8.03459732302423e-08,6.95639825838598e-08,8.04877078354282e-08,8.4878255749063e-08,7.68762117246143e-08,6.49706957454312e-08,5.73342525619157e-08,7.43751004409049e-13,8.0927596022355e-13,1.2210806422264e-12,1.68363173379435e-12,2.44083991393686e-12,3.68052138332971e-12,5.64525321248921e-12,7.3711980354672e-12,9.29375164829682e-08,8.03459732302423e-08,6.95639825838598e-08,8.04877078354282e-08,8.4878255749063e-08,7.68762117246143e-08,6.49706957454312e-08,5.73342525619157e-08,7.43751004409049e-13,8.0927596022355e-13,1.2210806422264e-12,1.68363173379435e-12,2.44083991393686e-12,3.68052138332971e-12,5.64525321248921e-12,7.3711980354672e-12,7.83330370359167e-05
15,8.69725617234333e-10,2.16606958580637e-08,3.72041327292967e-08,4.84113390441533e-08,5.9409813833634e-08,1.22766495564484e-07,1.36405485239057e-07,1.52499454441362e-07,2.43798272030332e-21,2.03082238194391e-19,4.05522146534366e-19,4.65341474564997e-19,2.6589979444295e-18,1.02735183542431e-17,2.39560245364631e-17,4.74904349503729e-17,5.1160234819068e-09,2.16606958580637e-08,3.72041327292967e-08,4.84113390441533e-08,5.9409813833634e-08,1.22766495564484e-07,1.36405485239057e-07,1.52499454441362e-07,1.43410480252581e-20,2.03082238194391e-19,4.05522146534366e-19,4.65341474564997e-19,2.6589979444295e-18,1.02735183542431e-17,2.39560245364631e-17,4.74904349503729e-17,5.64931086518495e-09,7.01906395395148e-10,1.82541325803602e-08,3.34697096183178e-08,4.51599034393242e-08,5.70524074395042e-08,1.18241824041902e-07,1.2924480616272e-07,1.41988528036568e-07,2.11269228249622e-25,1.07366944697e-22,2.10639958606141e-22,1.91896374067432e-22,4.11042836767987e-21,4.17769760308886e-20,1.17666690646892e-19,2.65536429664302e-19,4.12885343352444e-09,1.82541325803602e-08,3.34697096183178e-08,4.51599034393242e-08,5.70524074395042e-08,1.18241824041902e-07,1.2924480616272e-07,1.41988528036568e-07,1.24275784375128e-24,1.07366944697e-22,2.10639958606141e-22,1.91896374067432e-22,4.11042836767987e-21,4.17769760308886e-20,1.17666690646892e-19,2.65536429664302e-19,2.58649673911873e-10,1.0962178665801e-09,2.50924631319187e-08,4.00734142519191e-08,5.08689156892081e-08,6.20694361040536e-08,1.27554735496168e-07,1.42530228944732e-07,1.61479574965811e-07,5.64884694387804e-19,2.84992742537915e-17,5.48722716317122e-17,6.52778755952909e-17,3.39865370897044e-16,1.20133725272112e-15,2.9660146481312e-15,6.47440357385415e-15,6.44832834123424e-09,2.50924631319187e-08,4.00734142519191e-08,5.08689156892081e-08,6.20694361040536e-08,1.27554735496168e-07,1.42530228944732e-07,1.61479574965811e-07,3.32284493383975e-18,2.84992742537915e-17,5.48722716317122e-17,6.52778755952909e-17,3.39865370897044e-16,1.20133725272112e-15,2.9660146481312e-15,6.47440357385415e-15,1.15909230956097e-06,6.18701812835821e-10,1.64364155113572e-08,3.11864134180009e-08,4.30611958286367e-08,5.53577788715423e-08,1.15845616839814e-07,1.24522824176588e-07,1.34183916286272e-07,3.17774985072883e-27,3.37054282724638e-24,6.59675172861922e-24,6.6768577269727e-24,1.66726906946279e-22,3.51832684212367e-21,1.28969556163634e-20,3.75474327331402e-20,3.63941562723169e-09,1.64364155113572e-08,3.11864134180009e-08,4.30611958286367e-08,5.53577788715423e-08,1.15845616839814e-07,1.24522824176588e-07,1.34183916286272e-07,1.86926112486511e-26,3.37054282724638e-24,6.59675172861922e-24,6.6768577269727e-24,1.66726906946279e-22,3.51832684212367e-21,1.28969556163634e-20,3.75474327331402e-20,7.68596097777284e-11,1.22366763876886e-09,2.70834753494371e-08,4.23265490095433e-08,5.2629224342062e-08,6.35739811755758e-08,1.31256397339674e-07,1.47858165278174e-07,1.67446017272498e-07,3.26187044292007e-17,1.2000138142685e-15,2.57423992979679e-15,3.62151307170656e-15,1.36358043649687e-14,3.85693699331153e-14,8.334039361736e-14,1.50152392071036e-13,7.19803148250168e-09,2.70834753494371e-08,4.23265490095433e-08,5.2629224342062e-08,6.35739811755758e-08,1.31256397339674e-07,1.47858165278174e-07,1.67446017272498e-07,1.91874373368269e-16,1.2000138142685e-15,2.57423992979679e-15,3.62151307170656e-15,1.36358043649687e-14,3.85693699331153e-14,8.334039361736e-14,1.50152392071036e-13,7.17171107168787e-06
16,7.25049537942624e-09,3.06528775381984e-08,3.16551870252965e-08,3.18707382263263e-08,3.89072838987875e-08,7.6316110346175e-08,7.60311305711424e-08,7.53725122304183e-08,3.49570298278308e-16,1.02956973533403e-15,1.24375961818504e-15,1.42636506252632e-15,1.67258829336177e-15,2.00826032235845e-15,2.29330626063692e-15,2.60250011302364e-15,1.66354412598954e-08,3.06528775381984e-08,3.16551870252965e-08,3.18707382263263e-08,3.89072838987875e-08,7.6316110346175e-08,7.60311305711424e-08,7.53725122304183e-08,8.02049495778464e-16,1.02956973533403e-15,1.24375961818504e-15,1.42636506252632e-15,1.67258829336177e-15,2.00826032235845e-15,2.29330626063692e-15,2.60250011302364e-15,9.78588448087089e-08,5.87136232178108e-09,2.69811474831241e-08,2.96679531668603e-08,3.01283815982806e-08,3.59101312370341e-08,6.34810761933805e-08,5.96837469265297e-08,5.72422462974244e-08,3.44901011688042e-17,9.90114907653342e-17,1.19576490992543e-16,1.37643162720636e-16,1.60371053110024e-16,1.94207996337264e-16,2.2078858768782e-16,2.50069961714425e-16,1.34711765070156e-08,2.69811474831241e-08,2.96679531668603e-08,3.01283815982806e-08,3.59101312370341e-08,6.34810761933805e-08,5.96837469265297e-08,5.72422462974244e-08,7.91336346023429e-17,9.90114907653342e-17,1.19576490992543e-16,1.37643162720636e-16,1.60371053110024e-16,1.94207996337264e-16,2.2078858768782e-16,2.50069961714425e-16,8.44441239986736e-09,8.58407451679893e-09,3.38057983294128e-08,3.39117540691832e-08,3.38337964847712e-08,4.25697056275412e-08,8.61753782176624e-08,8.37241767426614e-08,8.32832588516413e-08,4.56313842047786e-14,1.35159178102932e-13,1.63298789973199e-13,1.87098539405926e-13,2.17867550504417e-13,2.60978550789913e-13,2.97060133863204e-13,3.35456884376948e-13,1.96951876971024e-08,3.38057983294128e-08,3.39117540691832e-08,3.38337964847712e-08,4.25697056275412e-08,8.61753782176624e-08,8.37241767426614e-08,8.32832588516413e-08,1.04696047900438e-13,1.35159178102932e-13,1.63298789973199e-13,1.87098539405926e-13,2.17867550504417e-13,2.60978550789913e-13,2.97060133863204e-13,3.35456884376948e-13,9.01156380955849e-06,5.04781295096199e-09,2.48205030441259e-08,2.84408983530745e-08,2.91383643225085e-08,3.46366934599244e-08,5.97656561289316e-08,5.5913802137339e-08,5.3139435937714e-08,1.35400450223663e-17,3.85366977153573e-17,4.59672227273695e-17,5.218450067563e-17,6.02962967414271e-17,7.29596667069381e-17,8.26966450605817e-17,9.31710318995603e-17,1.15816356596744e-08,2.48205030441259e-08,2.84408983530745e-08,2.91383643225085e-08,3.46366934599244e-08,5.97656561289316e-08,5.5913802137339e-08,5.3139435937714e-08,3.10661012577236e-17,3.85366977153573e-17,4.59672227273695e-17,5.218450067563e-17,6.02962967414271e-17,7.29596667069381e-17,8.26966450605817e-17,9.31710318995603e-17,3.3741192708069e-09,9.49076144018994e-09,3.5700940555101e-08,3.52645503515911e-08,3.52476237933916e-08,4.41378120943991e-08,9.08515408281664e-08,8.73902132455713e-08,8.70712846641444e-08,5.39256239077669e-13,1.53328169843595e-12,1.82856077547056e-12,2.07203848578079e-12,2.39043212973754e-12,2.84068886790018e-12,3.22362383882255e-12,3.64560189742121e-12,2.17754782518672e-08,3.5700940555101e-08,3.52645503515911e-08,3.52476237933916e-08,4.41378120943991e-08,9.08515408281664e-08,8.73902132455713e-08,8.70712846641444e-08,1.23726242411847e-12,1.53328169843595e-12,1.82856077547056e-12,2.07203848578079e-12,2.39043212973754e-12,2.84068886790018e-12,3.22362383882255e-12,3.64560189742121e-12,6.51639293939147e-05
17,5.77354771428632e-08,7.83041511506211e-08,9.62696322444474e-08,1.0452293257917e-07,1.73529332331259e-07,1.93756198261646e-07,2.11308905677498e-07,2.2653220593558e-07,2.14742625215293e-14,3.05354644433061e-14,4.37285121889998e-14,5.912343955866e-14,8.05618857254789e-14,1.0999963179526e-13,1.51752649736743e-13,2.01276006340053e-13,5.77354771428632e-08,7.83041511506211e-08,9.62696322444474e-08,1.0452293257917e-07,1.73529332331259e-07,1.93756198261646e-07,2.11308905677498e-07,2.2653220593558e-07,2.14742625215293e-14,3.05354644433061e-14,4.37285121889998e-14,5.912343955866e-14,8.05618857254789e-14,1.0999963179526e-13,1.51752649736743e-13,2.01276006340053e-13,8.59842748337169e-07,5.18365214542682e-08,7.34344260009408e-08,9.17012362411433e-08,1.0033091989935e-07,1.67283337067215e-07,1.84852026992403e-07,2.01785149770824e-07,2.14057549291764e-07,1.78378856832591e-16,2.90586917942993e-16,4.49552305865066e-16,6.85465185009771e-16,9.62984586286986e-16,1.39105192320926e-15,1.80024923372244e-15,2.29720067699503e-15,5.18365214542682e-08,7.34344260009408e-08,9.17012362411433e-08,1.0033091989935e-07,1.67283337067215e-07,1.84852026992403e-07,2.01785149770824e-07,2.14057549291764e-07,1.78378856832591e-16,2.90586917942993e-16,4.49552305865066e-16,6.85465185009771e-16,9.62984586286986e-16,1.39105192320926e-15,1.80024923372244e-15,2.29720067699503e-15,7.56773625675618e-09,6.57700094363402e-08,8.61795303198107e-08,1.02371378054862e-07,1.09190816435688e-07,1.79801569597985e-07,2.00766563521418e-07,2.2007708176e-07,2.41623188188475e-07,1.85521197117867e-11,2.44100174392565e-11,3.26724988698851e-11,4.24200683775646e-11,5.58688078734741e-11,7.08913452765935e-11,1.02150830338548e-10,1.26030776911599e-10,6.57700094363402e-08,8.61795303198107e-08,1.02371378054862e-07,1.09190816435688e-07,1.79801569597985e-07,2.00766563521418e-07,2.2007708176e-07,2.41623188188475e-07,1.85521197117867e-11,2.44100174392565e-11,3.26724988698851e-11,4.24200683775646e-11,5.58688078734741e-11,7.08913452765935e-11,1.02150830338548e-10,1.26030776911599e-10,0.000693863917592775,4.64525273950056e-08,6.84617187514302e-08,8.80208033951751e-08,9.73019126809731e-08,1.63066531078857e-07,1.79033423619929e-07,1.95487777658511e-07,2.07265827878973e-07,2.83080061190488e-17,5.28309789127091e-17,8.06123414758703e-17,1.29141743229859e-16,2.06510156856954e-16,3.4084619250691e-16,4.48235198837087e-16,5.81607760220753e-16,4.64525273950056e-08,6.84617187514302e-08,8.80208033951751e-08,9.73019126809731e-08,1.63066531078857e-07,1.79033423619929e-07,1.95487777658511e-07,2.07265827878973e-07,2.83080061190488e-17,5.28309789127091e-17,8.06123414758703e-17,1.29141743229859e-16,2.06510156856954e-16,3.4084619250691e-16,4.48235198837087e-16,5.81607760220753e-16,1.56153521627489e-09,7.40201991133103e-08,9.40932018806431e-08,1.07197728232844e-07,1.12457785943614e-07,1.84279992772346e-07,2.04927846524912e-07,2.26411536181986e-07,2.52278520446813e-07,3.29253169870247e-10,4.79563802988516e-10,6.85146074267448e-10,9.66295861375492e-10,1.35852479959263e-09,1.88835574655524e-09,2.47878024212458e-09,3.14000348477783e-09,7.40201991133103e-08,9.40932018806431e-08,1.07197728232844e-07,1.12457785943614e-07,1.84279992772346e-07,2.04927846524912e-07,2.26411536181986e-07,2.52278520446813e-07,3.29253169870247e-10,4.79563802988516e-10,6.85146074267448e-10,9.66295861375492e-10,1.35852479959263e-09,1.88835574655524e-09,2.47878024212458e-09,3.14000348477783e-09,0.0153277232901161
18,2.3711545680994e-09,3.80374870660832e-09,1.02499362105238e-08,2.60625638772732e-08,6.27159235932352e-08,1.01613961889098e-07,1.31918464694571e-07,1.60994130884736e-07,1.41046504875259e-09,1.37822742518205e-09,3.22589335564007e-09,5.60842350584556e-09,1.01417241027769e-08,2.06452292093082e-08,3.38254856639295e-08,5.24288981890343e-08,2.3711545680994e-09,3.80374870660832e-09,1.02499362105238e-08,2.60625638772732e-08,6.27159235932352e-08,1.01613961889098e-07,1.31918464694571e-07,1.60994130884736e-07,1.41046504875259e-09,1.37822742518205e-09,3.22589335564007e-09,5.60842350584556e-09,1.01417241027769e-08,2.06452292093082e-08,3.38254856639295e-08,5.24288981890343e-08,0.973206849492698,8.02694641777043e-10,2.27492515770651e-09,7.70876336067511e-09,2.33012924607555e-08,5.94544525092979e-08,9.65018454989228e-08,1.25926209425187e-07,1.51236694952194e-07,3.60788225318064e-11,2.51088880198016e-11,1.31683549521079e-10,3.50157181830359e-10,1.04539661364097e-09,3.32828214012512e-09,9.19412742234711e-09,1.7343396317876e-08,8.02694641777043e-10,2.27492515770651e-09,7.70876336067511e-09,2.33012924607555e-08,5.94544525092979e-08,9.65018454989228e-08,1.25926209425187e-07,1.51236694952194e-07,3.60788225318064e-11,2.51088880198016e-11,1.31683549521079e-10,3.50157181830359e-10,1.04539661364097e-09,3.32828214012512e-09,9.19412742234711e-09,1.7343396317876e-08,0.803790939185621,5.26632325527658e-09,7.00735411354635e-09,1.470350307218e-08,3.06782552633945e-08,6.64279839889196e-08,1.07023023112108e-07,1.38278539015623e-07,1.69129596822072e-07,4.54899284345092e-09,5.12506145746497e-09,8.50558234172574e-09,1.23854413841628e-08,1.94472816581932e-08,3.52226475046588e-08,5.48593820061531e-08,8.65500833269557e-08,5.26632325527658e-09,7.00735411354635e-09,1.470350307218e-08,3.06782552633945e-08,6.64279839889196e-08,1.07023023112108e-07,1.38278539015623e-07,1.69129596822072e-07,4.54899284345092e-09,5.12506145746497e-09,8.50558234172574e-09,1.23854413841628e-08,1.94472816581932e-08,3.52226475046588e-08,5.48593820061531e-08,8.65500833269557e-08,0.992089914544631,5.15990932339499e-10,1.66002185801261e-09,6.37343610610335e-09,2.17840368028688e-08,5.75171226399925e-08,9.29433165623468e-08,1.22017172846151e-07,1.41836601061806e-07,2.41847727231958e-12,1.25367543393083e-12,7.97083634182564e-12,3.12642871582256e-11,1.23852322587435e-10,4.15177366233226e-10,8.98791717511954e-10,1.74869777918867e-09,5.15990932339499e-10,1.66002185801261e-09,6.37343610610335e-09,2.17840368028688e-08,5.75171226399925e-08,9.29433165623468e-08,1.22017172846151e-07,1.41836601061806e-07,2.41847727231958e-12,1.25367543393083e-12,7.97083634182564e-12,3.12642871582256e-11,1.23852322587435e-10,4.15177366233226e-10,8.98791717511954e-10,1.74869777918867e-09,0.443911389742414,8.33864709085128e-09,1.04199027820174e-08,1.87433935632225e-08,3.3944999719427e-08,7.02304645726869e-08,1.11245766324927e-07,1.43154069923392e-07,1.74236904657826e-07,7.28152368064658e-09,8.09443272306052e-09,1.28736124890546e-08,1.74262418303552e-08,2.63268273003751e-08,4.36626429531899e-08,6.4587634794906e-08,9.8875922794296e-08,8.33864709085128e-09,1.04199027820174e-08,1.87433935632225e-08,3.3944999719427e-08,7.02304645726869e-08,1.11245766324927e-07,1.43154069923392e-07,1.74236904657826e-07,7.28152368064658e-09,8.09443272306052e-09,1.28736124890546e-08,1.74262418303552e-08,2.63268273003751e-08,4.36626429531899e-08,6.4587634794906e-08,9.8875922794296e-08,0.996808256402567
19,5.72782446464139e-09,8.23731673518806e-09,1.24149633595318e-08,2.16104353897052e-08,6.56362842967714e-08,1.18324820042928e-07,1.51502753388288e-07,1.78934633548379e-07,3.60727355279029e-15,4.42507802714455e-15,5.57647344557427e-15,6.37952026588077e-15,7.48182750755287e-15,8.90991188419013e-15,1.02444883225752e-14,1.17967023248189e-14,5.72782446464139e-09,8.23731673518806e-09,1.24149633595318e-08,2.16104353897052e-08,6.56362842967714e-08,1.18324820042928e-07,1.51502753388288e-07,1.78934633548379e-07,3.60727355279029e-15,4.42507802714455e-15,5.57647344557427e-15,6.37952026588077e-15,7.48182750755287e-15,8.90991188419013e-15,1.02444883225752e-14,1.17967023248189e-14,7.66552653164612e-07,3.49615738777951e-09,6.31737450771884e-09,1.07294911805126e-08,2.02253352641904e-08,6.25748122033097e-08,1.11036891203512e-07,1.39781262733218e-07,1.63859419190532e-07,1.96778472392364e-16,2.45028040608352e-16,3.04497954830076e-16,3.46840866328117e-16,4.13892749407991e-16,4.9401975527659e-16,5.72348650024351e-16,6.60394519951577e-16,3.49615738777951e-09,6.31737450771884e-09,1.07294911805126e-08,2.02253352641904e-08,6.25748122033097e-08,1.11036891203512e-07,1.39781262733218e-07,1.63859419190532e-07,1.96778472392364e-16,2.45028040608352e-16,3.04497954830076e-16,3.46840866328117e-16,4.13892749407991e-16,4.9401975527659e-16,5.72348650024351e-16,6.60394519951577e-16,3.57180457227313e-08,1.30410794877073e-08,1.17915310006117e-08,1.53300644314834e-08,2.36776950051551e-08,6.87894170891829e-08,1.24211958964441e-07,1.59060924174337e-07,1.89393398883084e-07,4.18605181175546e-13,4.90319073097018e-13,6.05158000268251e-13,6.86928937442696e-13,8.08462305544192e-13,9.68562718682249e-13,1.14536333489832e-12,1.32043802803928e-12,1.30410794877073e-08,1.17915310006117e-08,1.53300644314834e-08,2.36776950051551e-08,6.87894170891829e-08,1.24211958964441e-07,1.59060924174337e-07,1.89393398883084e-07,4.18605181175546e-13,4.90319073097018e-13,6.05158000268251e-13,6.86928937442696e-13,8.08462305544192e-13,9.68562718682249e-13,1.14536333489832e-12,1.32043802803928e-12,0.000176725929535505,3.10960676864941e-09,5.64666835098315e-09,9.85955791097129e-09,1.93218711533723e-08,6.08109639966279e-08,1.06304659051016e-07,1.33990188477953e-07,1.55395093357161e-07,7.08491551617007e-17,8.45664401777699e-17,1.05215711406895e-16,1.22782558128869e-16,1.46069128239481e-16,1.76232085225615e-16,2.0541533684598e-16,2.37782216864355e-16,3.10960676864941e-09,5.64666835098315e-09,9.85955791097129e-09,1.93218711533723e-08,6.08109639966279e-08,1.06304659051016e-07,1.33990188477953e-07,1.55395093357161e-07,7.08491551617007e-17,8.45664401777699e-17,1.05215711406895e-16,1.22782558128869e-16,1.46069128239481e-16,1.76232085225615e-16,2.0541533684598e-16,2.37782216864355e-16,1.09893132789021e-08,1.9310399184363e-08,1.68242356014709e-08,2.01745160775766e-08,2.66986212980543e-08,7.12109272323147e-08,1.28323142081536e-07,1.65262710250005e-07,1.96648413089254e-07,4.81859729866135e-12,5.61385340177248e-12,6.84763946767121e-12,7.75269522194584e-12,8.97749735119762e-12,1.07226378099371e-11,1.22310907473538e-11,1.40741857426984e-11,1.9310399184363e-08,1.68242356014709e-08,2.01745160775766e-08,2.66986212980543e-08,7.12109272323147e-08,1.28323142081536e-07,1.65262710250005e-07,1.96648413089254e-07,4.81859729866135e-12,5.61385340177248e-12,6.84763946767121e-12,7.75269522194584e-12,8.97749735119762e-12,1.07226378099371e-11,1.22310907473538e-11,1.40741857426984e-11,0.00148795028665962
20,5.89349765112455e-08,5.00785742762363e-08,4.22256974990574e-08,6.31424514938757e-08,6.41199789033511e-08,5.63999072469073e-08,5.47111593510165e-08,4.863926143098e-08,5.43398557378309e-10,5.70182056998256e-10,9.52564393835924e-10,1.36712422864545e-09,2.01671528054928e-09,3.10695658553882e-09,4.63376124896501e-09,6.70139426958311e-09,5.89349765112455e-08,5.00785742762363e-08,4.22256974990574e-08,6.31424514938757e-08,6.41199789033511e-08,5.63999072469073e-08,5.47111593510165e-08,4.863926143098e-08,5.43398557378309e-10,5.70182056998256e-10,9.52564393835924e-10,1.36712422864545e-09,2.01671528054928e-09,3.10695658553882e-09,4.63376124896501e-09,6.70139426958311e-09,0.212285179762373,5.02888500753876e-08,4.42188769061145e-08,3.86084645998408e-08,5.96601510359452e-08,6.1084111277643e-08,5.4461360577908e-08,5.29985244602322e-08,4.60695979027288e-08,3.31566491200438e-11,2.7828564399781e-11,7.01715869905545e-11,1.45727375273001e-10,2.85240504912768e-10,6.69020570678263e-10,9.78414312823845e-10,1.47222437667397e-09,5.02888500753876e-08,4.42188769061145e-08,3.86084645998408e-08,5.96601510359452e-08,6.1084111277643e-08,5.4461360577908e-08,5.29985244602322e-08,4.60695979027288e-08,3.31566491200438e-11,2.7828564399781e-11,7.01715869905545e-11,1.45727375273001e-10,2.85240504912768e-10,6.69020570678263e-10,9.78414312823845e-10,1.47222437667397e-09,0.0635606828787407,6.41943133960151e-08,5.38557381682852e-08,4.48202487157803e-08,6.65328330855503e-08,6.69296723037664e-08,5.84868479155571e-08,5.64813820808864e-08,5.11060349123388e-08,2.0914147243377e-09,2.33954518018528e-09,3.17947640654468e-09,3.94170974331138e-09,4.92817113869421e-09,6.85333568685664e-09,9.07688562012537e-09,1.21596584280189e-08,6.41943133960151e-08,5.38557381682852e-08,4.48202487157803e-08,6.65328330855503e-08,6.69296723037664e-08,5.84868479155571e-08,5.64813820808864e-08,5.11060349123388e-08,2.0914147243377e-09,2.33954518018528e-09,3.17947640654468e-09,3.94170974331138e-09,4.92817113869421e-09,6.85333568685664e-09,9.07688562012537e-09,1.21596584280189e-08,0.457291308064002,4.39534784754887e-08,4.05490844465421e-08,3.68203512847129e-08,5.78580160552357e-08,5.95421456831498e-08,5.30366531003868e-08,5.18325579830916e-08,4.43539018548084e-08,2.13150958604021e-13,4.5625537193756e-14,1.28102171443324e-12,6.81826719068871e-12,2.53735289406466e-11,7.25320711810047e-11,1.67424590396434e-10,3.15206654722254e-10,4.39534784754887e-08,4.05490844465421e-08,3.68203512847129e-08,5.78580160552357e-08,5.95421456831498e-08,5.30366531003868e-08,5.18325579830916e-08,4.43539018548084e-08,2.13150958604021e-13,4.5625537193756e-14,1.28102171443324e-12,6.81826719068871e-12,2.53735289406466e-11,7.25320711810047e-11,1.67424590396434e-10,3.15206654722254e-10,0.0187608642453943,6.71348783277748e-08,5.6182766519467e-08,4.64404533057305e-08,6.8838100289422e-08,6.90732652778569e-08,5.9946738544445e-08,5.77938369371765e-08,5.27001697689044e-08,3.24899635659885e-09,3.71713112041059e-09,4.90259002598513e-09,6.01902804636537e-09,7.48225062803134e-09,9.52970852223624e-09,1.21735709438226e-08,1.55004536122573e-08,6.71348783277748e-08,5.6182766519467e-08,4.64404533057305e-08,6.8838100289422e-08,6.90732652778569e-08,5.9946738544445e-08,5.77938369371765e-08,5.27001697689044e-08,3.24899635659885e-09,3.71713112041059e-09,4.90259002598513e-09,6.01902804636537e-09,7.48225062803134e-09,9.52970852223624e-09,1.21735709438226e-08,1.55004536122573e-08,0.573999868919817
21,6.05171066406072e-09,2.17816910236405e-08,2.35776946192252e-08,2.39709799700068e-08,3.37880240845193e-08,7.12431456237634e-08,7.51324537433189e-08,7.65690746416016e-08,1.26237058165005e-17,9.7195331030348e-17,8.08741352880843e-17,1.44382920396846e-16,3.25470028455048e-16,9.70819871541398e-16,1.77249924655972e-15,3.35618400212942e-15,1.38849653720945e-08,2.17816910236405e-08,2.35776946192252e-08,2.39709799700068e-08,3.37880240845193e-08,7.12431456237634e-08,7.51324537433189e-08,7.65690746416016e-08,2.89636646329691e-17,9.7195331030348e-17,8.08741352880843e-17,1.44382920396846e-16,3.25470028455048e-16,9.70819871541398e-16,1.77249924655972e-15,3.35618400212942e-15,2.85470969427476e-06,4.64533834114959e-09,2.02816150606849e-08,2.19120843193316e-08,2.22343203740193e-08,3.13320697123495e-08,6.51086835408565e-08,6.83260424145984e-08,6.93345193531037e-08,3.06247664933314e-22,1.26087527396278e-20,4.34086330312946e-21,1.89360849229304e-20,1.53251773757215e-19,1.03000544248619e-18,3.6385564091079e-18,1.03417474963611e-17,1.06582032071647e-08,2.02816150606849e-08,2.19120843193316e-08,2.22343203740193e-08,3.13320697123495e-08,6.51086835408565e-08,6.83260424145984e-08,6.93345193531037e-08,7.02650615492346e-22,1.26087527396278e-20,4.34086330312946e-21,1.89360849229304e-20,1.53251773757215e-19,1.03000544248619e-18,3.6385564091079e-18,1.03417474963611e-17,5.53640905610734e-08,7.37370466670122e-09,2.34043266413182e-08,2.55445503741268e-08,2.60567762043061e-08,3.59078526089195e-08,7.6786928030978e-08,8.37325071507223e-08,8.75415462936739e-08,8.17580744646993e-15,4.65770138480147e-14,3.93551560566556e-14,7.14022858967685e-14,1.61149695292625e-13,3.66806660538312e-13,6.0510593434433e-13,9.84723135961271e-13,1.69181310285079e-08,2.34043266413182e-08,2.55445503741268e-08,2.60567762043061e-08,3.59078526089195e-08,7.6786928030978e-08,8.37325071507223e-08,8.75415462936739e-08,1.875846509935e-14,4.65770138480147e-14,3.93551560566556e-14,7.14022858967685e-14,1.61149695292625e-13,3.66806660538312e-13,6.0510593434433e-13,9.84723135961271e-13,0.00018189376263143,3.97483156476549e-09,1.89923127289079e-08,2.1013262402464e-08,2.13203714238115e-08,3.01188608032227e-08,6.14140754861489e-08,6.42327908343541e-08,6.54241639084669e-08,9.82123954001009e-24,4.17114918481026e-22,1.4261132810287e-22,5.94308257093603e-22,4.56765936962011e-21,3.51548244970349e-20,1.42161125823839e-19,5.95012846727615e-19,9.11980127609802e-09,1.89923127289079e-08,2.1013262402464e-08,2.13203714238115e-08,3.01188608032227e-08,6.14140754861489e-08,6.42327908343541e-08,6.54241639084669e-08,2.25337228585516e-23,4.17114918481026e-22,1.4261132810287e-22,5.94308257093603e-22,4.56765936962011e-21,3.51548244970349e-20,1.42161125823839e-19,5.95012846727615e-19,1.56843053169313e-08,8.02369733923119e-09,2.46839941046786e-08,2.67804847782065e-08,2.73210334898441e-08,3.7360083091425e-08,7.90572671220528e-08,8.62430038073516e-08,9.09722064005279e-08,1.50488474080899e-13,1.10268452535706e-12,8.64132112047311e-13,1.70283651419884e-12,3.73168209660241e-12,1.09834500020267e-11,1.58904489452395e-11,2.6132419590196e-11,1.8409465669437e-08,2.46839941046786e-08,2.67804847782065e-08,2.73210334898441e-08,3.7360083091425e-08,7.90572671220528e-08,8.62430038073516e-08,9.09722064005279e-08,3.45278776118908e-13,1.10268452535706e-12,8.64132112047311e-13,1.70283651419884e-12,3.73168209660241e-12,1.09834500020267e-11,1.58904489452395e-11,2.6132419590196e-11,0.0107187466831683
22,4.53729627606362e-08,4.34107602277924e-08,4.45120554213941e-08,4.95977509434525e-08,9.71967808901278e-08,1.08449964964169e-07,1.15814415776793e-07,1.27322367057048e-07,1.87146040099423e-15,2.21072078972701e-15,2.64213464692155e-15,3.06911861192426e-15,3.55649937458684e-15,4.32461211159837e-15,5.05570729561157e-15,5.95990623230742e-15,4.53729627606362e-08,4.34107602277924e-08,4.45120554213941e-08,4.95977509434525e-08,9.71967808901278e-08,1.08449964964169e-07,1.15814415776793e-07,1.27322367057048e-07,1.87146040099423e-15,2.21072078972701e-15,2.64213464692155e-15,3.06911861192426e-15,3.55649937458684e-15,4.32461211159837e-15,5.05570729561157e-15,5.95990623230742e-15,1.48056931789475e-07,4.17333885520215e-08,4.12798052291396e-08,4.25978571237819e-08,4.67510805968459e-08,8.78084963895206e-08,9.7364779581213e-08,9.93544549473273e-08,1.04203376991882e-07,1.18829410667252e-16,1.3979848455431e-16,1.66196207599577e-16,1.96400482725637e-16,2.2942265492548e-16,2.74375237166943e-16,3.19379915377771e-16,3.78447524664108e-16,4.17333885520215e-08,4.12798052291396e-08,4.25978571237819e-08,4.67510805968459e-08,8.78084963895206e-08,9.7364779581213e-08,9.93544549473273e-08,1.04203376991882e-07,1.18829410667252e-16,1.3979848455431e-16,1.66196207599577e-16,1.96400482725637e-16,2.2942265492548e-16,2.74375237166943e-16,3.19379915377771e-16,3.78447524664108e-16,8.05485528319671e-09,4.86710968526187e-08,4.56938190691326e-08,4.67397088527222e-08,5.2642015910608e-08,1.07193611526318e-07,1.19429870219803e-07,1.25504476622405e-07,1.40521004594064e-07,7.00844230230223e-14,8.27464400905974e-14,9.84544610502096e-14,1.13655335632492e-13,1.33219731955818e-13,1.61979645759416e-13,1.85961757022277e-13,2.14394358127472e-13,4.86710968526187e-08,4.56938190691326e-08,4.67397088527222e-08,5.2642015910608e-08,1.07193611526318e-07,1.19429870219803e-07,1.25504476622405e-07,1.40521004594064e-07,7.00844230230223e-14,8.27464400905974e-14,9.84544610502096e-14,1.13655335632492e-13,1.33219731955818e-13,1.61979645759416e-13,1.85961757022277e-13,2.14394358127472e-13,3.75485050607025e-06,3.64343500698568e-08,3.97747026922351e-08,4.10327522729034e-08,4.51874668551579e-08,8.33219100405959e-08,8.81229928764512e-08,8.85117369775725e-08,9.26453960774653e-08,5.42325197270164e-17,6.41654638907776e-17,7.62774562828511e-17,8.85417268543353e-17,1.02812655507214e-16,1.23461689396441e-16,1.41362150288119e-16,1.61751148298325e-16,3.64343500698568e-08,3.97747026922351e-08,4.10327522729034e-08,4.51874668551579e-08,8.33219100405959e-08,8.81229928764512e-08,8.85117369775725e-08,9.26453960774653e-08,5.42325197270164e-17,6.41654638907776e-17,7.62774562828511e-17,8.85417268543353e-17,1.02812655507214e-16,1.23461689396441e-16,1.41362150288119e-16,1.61751148298325e-16,2.86332879506713e-09,5.15026376902643e-08,4.74068912531347e-08,4.92749519233264e-08,5.65923770206654e-08,1.12180382417085e-07,1.27204032572516e-07,1.33558709092548e-07,1.48585885468853e-07,2.82896456386389e-13,3.33947478391954e-13,3.976144610724e-13,4.56468528246517e-13,5.30904371039594e-13,6.48567556302764e-13,7.46304571653233e-13,8.96746383829843e-13,5.15026376902643e-08,4.74068912531347e-08,4.92749519233264e-08,5.65923770206654e-08,1.12180382417085e-07,1.27204032572516e-07,1.33558709092548e-07,1.48585885468853e-07,2.82896456386389e-13,3.33947478391954e-13,3.976144610724e-13,4.56468528246517e-13,5.30904371039594e-13,6.48567556302764e-13,7.46304571653233e-13,8.96746383829843e-13,1.37306976589438e-05
23,1.68137273607929e-08,1.97325069822665e-08,2.22314852669013e-08,2.67437624720065e-08,5.82327412546403e-08,7.12094043268882e-08,7.79534853967871e-08,8.53833582676704e-08,6.97321186660944e-12,8.20278788333995e-12,9.75645940904431e-12,1.16917966992295e-11,1.3950583501519e-11,1.74739166095472e-11,2.14774187293594e-11,2.67149119490155e-11,1.68137273607929e-08,1.97325069822665e-08,2.22314852669013e-08,2.67437624720065e-08,5.82327412546403e-08,7.12094043268882e-08,7.79534853967871e-08,8.53833582676704e-08,6.97321186660944e-12,8.20278788333995e-12,9.75645940904431e-12,1.16917966992295e-11,1.3950583501519e-11,1.74739166095472e-11,2.14774187293594e-11,2.67149119490155e-11,0.00186688897133323,1.0542419810621e-08,1.37533305833746e-08,1.66905590788468e-08,2.21451988587538e-08,5.02087084183563e-08,6.56224729864925e-08,7.42656095872327e-08,7.91000641188729e-08,1.70365650840442e-16,2.34428074920332e-16,2.38312293322149e-16,3.59520189315668e-16,4.71168106383003e-16,6.56820635922338e-16,8.41607087420971e-16,1.02246421859023e-15,1.0542419810621e-08,1.37533305833746e-08,1.66905590788468e-08,2.21451988587538e-08,5.02087084183563e-08,6.56224729864925e-08,7.42656095872327e-08,7.91000641188729e-08,1.70365650840442e-16,2.34428074920332e-16,2.38312293322149e-16,3.59520189315668e-16,4.71168106383003e-16,6.56820635922338e-16,8.41607087420971e-16,1.02246421859023e-15,5.02454635790022e-08,2.10321421117931e-08,2.33259486445061e-08,2.52074924019377e-08,2.93373652439766e-08,6.23500452329652e-08,7.46161537754837e-08,8.2325879829968e-08,9.38477958592322e-08,1.46617017028459e-09,1.70990687836962e-09,2.031886372422e-09,2.39635781082114e-09,2.92322128796889e-09,3.74447187115221e-09,4.49233510238809e-09,5.11060848276092e-09,2.10321421117931e-08,2.33259486445061e-08,2.52074924019377e-08,2.93373652439766e-08,6.23500452329652e-08,7.46161537754837e-08,8.2325879829968e-08,9.38477958592322e-08,1.46617017028459e-09,1.70990687836962e-09,2.031886372422e-09,2.39635781082114e-09,2.92322128796889e-09,3.74447187115221e-09,4.49233510238809e-09,5.11060848276092e-09,0.194201396021369,6.96282777016185e-09,8.85771987054481e-09,1.16831450046585e-08,1.80366902025185e-08,3.87072444807536e-08,6.03651250442429e-08,7.17089017166802e-08,7.53695080944252e-08,1.77763980258627e-17,2.2633973642295e-17,2.55502021183687e-17,3.49627905163324e-17,4.44155676411287e-17,5.88012727186598e-17,8.40940434234204e-17,1.20952873447414e-16,6.96282777016185e-09,8.85771987054481e-09,1.16831450046585e-08,1.80366902025185e-08,3.87072444807536e-08,6.03651250442429e-08,7.17089017166802e-08,7.53695080944252e-08,1.77763980258627e-17,2.2633973642295e-17,2.55502021183687e-17,3.49627905163324e-17,4.44155676411287e-17,5.88012727186598e-17,8.40940434234204e-17,1.20952873447414e-16,6.80090876617054e-09,2.43457338366499e-08,2.52137471341397e-08,2.735847427359e-08,3.13305657008762e-08,6.43974734921218e-08,7.65764456788911e-08,8.51544220091153e-08,9.67868927081482e-08,7.47575235818083e-09,8.87878853076774e-09,1.03668501277648e-08,1.34108009139668e-08,1.71100195403544e-08,2.42585110543406e-08,3.24817237821603e-08,4.28895184273591e-08,2.43457338366499e-08,2.52137471341397e-08,2.735847427359e-08,3.13305657008762e-08,6.43974734921218e-08,7.65764456788911e-08,8.51544220091153e-08,9.67868927081482e-08,7.47575235818083e-09,8.87878853076774e-09,1.03668501277648e-08,1.34108009139668e-08,1.71100195403544e-08,2.42585110543406e-08,3.24817237821603e-08,4.28895184273591e-08,0.98226341606768
24,6.29035876494348e-11,1.58889712090962e-09,6.01176870979395e-08,6.57285076282668e-08,6.7151236535283e-08,1.08521059095152e-07,1.15415902099043e-07,1.17815737926464e-07,2.25561228317583e-16,1.53050585374479e-15,5.49709318881081e-14,6.37128493228053e-14,7.47484044643831e-14,8.96913229849069e-14,1.02362057575872e-13,1.14707230526748e-13,9.27988574711465e-09,4.60766656432166e-08,6.01176870979395e-08,6.57285076282668e-08,6.7151236535283e-08,1.08521059095152e-07,1.15415902099043e-07,1.17815737926464e-07,3.3276042050756e-14,4.4383368539061e-14,5.49709318881081e-14,6.37128493228053e-14,7.47484044643831e-14,8.96913229849069e-14,1.02362057575872e-13,1.14707230526748e-13,6.25556541843629e-07,5.57685097225621e-11,1.44462775716137e-09,5.67800995529729e-08,6.32774397489537e-08,6.48475350117688e-08,1.04381712665823e-07,1.10087231890657e-07,1.11802994667108e-07,6.64663409561118e-19,4.78635513916972e-18,1.8223381203422e-16,2.13096642806145e-16,2.55648813408089e-16,3.14021620412182e-16,3.67195981427231e-16,4.14430062051207e-16,8.2272795217409e-09,4.18929767507715e-08,5.67800995529729e-08,6.32774397489537e-08,6.48475350117688e-08,1.04381712665823e-07,1.10087231890657e-07,1.11802994667108e-07,9.80548285320299e-17,1.38800229728505e-16,1.8223381203422e-16,2.13096642806145e-16,2.55648813408089e-16,3.14021620412182e-16,3.67195981427231e-16,4.14430062051207e-16,3.28645717359118e-09,7.5422392876545e-11,1.79718076322346e-09,6.30658812715335e-08,6.78069111230459e-08,6.93649138594399e-08,1.13978867765855e-07,1.2249617779756e-07,1.26847724941081e-07,5.65153559819818e-14,3.82459071347303e-13,1.33761299828401e-11,1.52131646727603e-11,1.75276343917353e-11,2.08973766889031e-11,2.37166617124008e-11,2.651751927681e-11,1.11267292506268e-08,5.2116714189816e-08,6.30658812715335e-08,6.78069111230459e-08,6.93649138594399e-08,1.13978867765855e-07,1.2249617779756e-07,1.26847724941081e-07,8.33745841959169e-12,1.10909879065022e-11,1.33761299828401e-11,1.52131646727603e-11,1.75276343917353e-11,2.08973766889031e-11,2.37166617124008e-11,2.651751927681e-11,0.000165867904993048,4.84175501072839e-11,1.29610834767358e-09,5.32414192911819e-08,6.07285835655057e-08,6.28023028677736e-08,1.01260590489342e-07,1.05859315612134e-07,1.06577808680498e-07,2.82830645390614e-19,2.02592112626474e-18,7.54348185729851e-17,8.75887888248967e-17,1.05061491267385e-16,1.28694461994678e-16,1.50640150361517e-16,1.68703586105331e-16,7.1428252336706e-09,3.75860401452225e-08,5.32414192911819e-08,6.07285835655057e-08,6.28023028677736e-08,1.01260590489342e-07,1.05859315612134e-07,1.06577808680498e-07,4.17247437401319e-17,5.87499902454284e-17,7.54348185729851e-17,8.75887888248967e-17,1.05061491267385e-16,1.28694461994678e-16,1.50640150361517e-16,1.68703586105331e-16,1.39872256805414e-09,9.31462912127623e-11,2.17593879679763e-09,6.6074595029279e-08,6.9495745456506e-08,7.10364358354066e-08,1.18188162247756e-07,1.28449473492257e-07,1.34241956505443e-07,6.48062911187156e-13,4.38367376072671e-12,1.53230276925793e-10,1.7426017025938e-10,2.00703439425028e-10,2.39221209831833e-10,2.71884731282609e-10,3.04540097995344e-10,1.37414569267365e-08,6.31003751474799e-08,6.6074595029279e-08,6.9495745456506e-08,7.10364358354066e-08,1.18188162247756e-07,1.28449473492257e-07,1.34241956505443e-07,9.56058310421878e-11,1.27122812109014e-10,1.53230276925793e-10,1.7426017025938e-10,2.00703439425028e-10,2.39221209831833e-10,2.71884731282609e-10,3.04540097995344e-10,0.00231143128947189
25,2.73828421087742e-10,3.76336372884942e-08,4.75713454807796e-08,5.10451755556547e-08,5.8332764462668e-08,1.35497913461612e-07,1.5381012887215e-07,1.60703083913809e-07,7.26620339370187e-18,3.09989471153987e-16,4.04711188567036e-16,4.76429410190204e-16,5.79446375800753e-16,7.25349109549311e-16,8.63479688761568e-16,9.82505110790419e-16,7.8101741422559e-09,3.76336372884942e-08,4.75713454807796e-08,5.10451755556547e-08,5.8332764462668e-08,1.35497913461612e-07,1.5381012887215e-07,1.60703083913809e-07,2.07247712390228e-16,3.09989471153987e-16,4.04711188567036e-16,4.76429410190204e-16,5.79446375800753e-16,7.25349109549311e-16,8.63479688761568e-16,9.82505110790419e-16,1.22338234279813e-08,2.25982771589645e-10,3.33695920769146e-08,4.42729788040656e-08,4.80654519629803e-08,5.35412803547055e-08,1.08577888824159e-07,1.15893881291193e-07,1.19916543388998e-07,1.040109105933e-18,4.36358128161033e-17,5.62636803990965e-17,6.7813745056177e-17,8.17879637222365e-17,1.00841467834056e-16,1.19648100980477e-16,1.37883122315372e-16,6.44551355280695e-09,3.33695920769146e-08,4.42729788040656e-08,4.80654519629803e-08,5.35412803547055e-08,1.08577888824159e-07,1.15893881291193e-07,1.19916543388998e-07,2.96661435362104e-17,4.36358128161033e-17,5.62636803990965e-17,6.7813745056177e-17,8.17879637222365e-17,1.00841467834056e-16,1.19648100980477e-16,1.37883122315372e-16,1.73754040912863e-09,3.04246213114623e-10,4.00807066172384e-08,5.07891467498877e-08,5.53425401336599e-08,6.31493802723765e-08,1.43342188872003e-07,1.62370534673867e-07,1.70695296710575e-07,9.49253582854131e-16,3.73911486002965e-14,4.50817432750584e-14,5.20618017364667e-14,6.03754669741653e-14,7.31471395081203e-14,8.41612466962809e-14,9.69788052992903e-14,8.67775484045065e-09,4.00807066172384e-08,5.07891467498877e-08,5.53425401336599e-08,6.31493802723765e-08,1.43342188872003e-07,1.62370534673867e-07,1.70695296710575e-07,2.70747490629379e-14,3.73911486002965e-14,4.50817432750584e-14,5.20618017364667e-14,6.03754669741653e-14,7.31471395081203e-14,8.41612466962809e-14,9.69788052992903e-14,1.55983856791754e-06,1.55704210343873e-10,2.60184328522179e-08,4.0694641957406e-08,4.6203774101143e-08,4.96041849740126e-08,9.30541744382622e-08,9.75619675186804e-08,9.88036872360908e-08,5.12144925069228e-19,2.30518303414297e-17,2.90792692817798e-17,3.4314825504486e-17,3.95105290390801e-17,4.83509777042717e-17,5.61973724164436e-17,6.44055093939563e-17,4.44101818444342e-09,2.60184328522179e-08,4.0694641957406e-08,4.6203774101143e-08,4.96041849740126e-08,9.30541744382622e-08,9.75619675186804e-08,9.88036872360908e-08,1.46074722082321e-17,2.30518303414297e-17,2.90792692817798e-17,3.4314825504486e-17,3.95105290390801e-17,4.83509777042717e-17,5.61973724164436e-17,6.44055093939563e-17,7.97795335019837e-10,3.34033279551314e-10,4.20010657924951e-08,5.26492271559068e-08,5.82274608071223e-08,6.6133151052572e-08,1.47386591966065e-07,1.66567625687071e-07,1.75798592374907e-07,7.69222996535701e-15,2.96502751578587e-13,3.54638147060395e-13,4.07587477732969e-13,4.92291287926285e-13,5.91732772836902e-13,6.84768451409878e-13,7.75991367506636e-13,9.52734589142106e-09,4.20010657924951e-08,5.26492271559068e-08,5.82274608071223e-08,6.6133151052572e-08,1.47386591966065e-07,1.66567625687071e-07,1.75798592374907e-07,2.19398904368904e-13,2.96502751578587e-13,3.54638147060395e-13,4.07587477732969e-13,4.92291287926285e-13,5.91732772836902e-13,6.84768451409878e-13,7.75991367506636e-13,1.95041008065212e-05
26,3.50490381123111e-25,6.73722392502889e-10,4.69491492792417e-08,5.19122867070544e-08,5.35089282908856e-08,7.55640703568911e-08,1.30527980082728e-07,1.31539999445044e-07,3.26432222500095e-25,2.26652691475961e-17,8.33251066286619e-16,9.50642395208336e-16,1.13248140832842e-15,1.43178771720102e-15,1.71199420791359e-15,1.95254291201042e-15,4.00612498580351e-16,1.9537376591086e-08,4.69491492792417e-08,5.19122867070544e-08,5.35089282908856e-08,7.55640703568911e-08,1.30527980082728e-07,1.31539999445044e-07,3.73113886474864e-16,6.57273535513381e-16,8.33251066286619e-16,9.50642395208336e-16,1.13248140832842e-15,1.43178771720102e-15,1.71199420791359e-15,1.95254291201042e-15,2.81784225674181e-08,9.81364645983254e-27,5.26523271772917e-10,4.30856431435985e-08,4.97603978261016e-08,5.17785993827998e-08,7.2428313039763e-08,1.21718917951547e-07,1.20775839223279e-07,9.11858149493027e-27,6.81225266275491e-19,2.78074168894114e-17,3.30796191098112e-17,4.26341607896934e-17,5.7695922544571e-17,7.27342680777541e-17,8.58361282891316e-17,1.12170537058955e-17,1.52687272370186e-08,4.30856431435985e-08,4.97603978261016e-08,5.17785993827998e-08,7.2428313039763e-08,1.21718917951547e-07,1.20775839223279e-07,1.04225904987374e-17,1.97549535516293e-17,2.78074168894114e-17,3.30796191098112e-17,4.26341607896934e-17,5.7695922544571e-17,7.27342680777541e-17,8.58361282891316e-17,1.69521639112875e-09,1.11774122397583e-23,8.3890355994311e-10,4.99226024944731e-08,5.38194230424413e-08,5.54426385721435e-08,7.95223782707182e-08,1.39268391242623e-07,1.41568977871961e-07,1.04474619594513e-23,7.14753111733184e-16,2.59533732127802e-14,2.95137075379259e-14,3.44470204743369e-14,4.17177393173171e-14,4.83233094101787e-14,5.42276943036482e-14,1.27758457469887e-14,2.43274900116088e-08,4.99226024944731e-08,5.38194230424413e-08,5.54426385721435e-08,7.95223782707182e-08,1.39268391242623e-07,1.41568977871961e-07,1.19415084259582e-14,2.07272325648905e-14,2.59533732127802e-14,2.95137075379259e-14,3.44470204743369e-14,4.17177393173171e-14,4.83233094101787e-14,5.42276943036482e-14,8.14913469625135e-07,2.19480959836524e-27,4.64830305430062e-10,4.06826982532302e-08,4.84176679566671e-08,5.05759430459597e-08,7.03392778593573e-08,1.1589228045417e-07,1.13568090922676e-07,1.99619417709993e-27,1.83322327451853e-19,8.6738560583207e-18,1.03153469430693e-17,1.33544261319687e-17,1.73700388869941e-17,2.24459703236212e-17,2.75788578051128e-17,2.50867985104672e-18,1.34796836637692e-08,4.06826982532302e-08,4.84176679566671e-08,5.05759430459597e-08,7.03392778593573e-08,1.1589228045417e-07,1.13568090922676e-07,2.28166129517447e-18,5.31619163744194e-18,8.6738560583207e-18,1.03153469430693e-17,1.33544261319687e-17,1.73700388869941e-17,2.24459703236212e-17,2.75788578051128e-17,5.32523934351672e-10,2.13668639954711e-22,9.13722497265781e-10,5.14136092482667e-08,5.50494788367661e-08,5.6599977753813e-08,8.25317430299472e-08,1.45872176024631e-07,1.48864011431547e-07,1.99473147230213e-22,1.34175288907489e-14,4.80275627789221e-13,5.45965669738847e-13,6.37643464855354e-13,7.58965529162262e-13,8.7151094041138e-13,9.78041441359154e-13,2.44224470429777e-13,2.64971755837143e-08,5.14136092482667e-08,5.50494788367661e-08,5.6599977753813e-08,8.25317430299472e-08,1.45872176024631e-07,1.48864011431547e-07,2.27998941527336e-13,3.89096930393649e-13,4.80275627789221e-13,5.45965669738847e-13,6.37643464855354e-13,7.58965529162262e-13,8.7151094041138e-13,9.78041441359154e-13,1.15274552311597e-05
27,6.45120119193723e-09,2.68295547989766e-08,3.19972325882902e-08,3.7094809547336e-08,6.65072154412674e-08,1.38419136338622e-07,2.59175755394673e-07,4.95444144146163e-07,6.7731458081359e-11,8.27138685225116e-10,2.25892208989424e-10,3.1638781087275e-09,1.42008703075811e-08,6.55378918987765e-08,1.88737657956524e-07,4.06503124221454e-07,1.48015511862489e-08,2.68295547989766e-08,3.19972325882902e-08,3.7094809547336e-08,6.65072154412674e-08,1.38419136338622e-07,2.59175755394673e-07,4.95444144146163e-07,1.55402166803212e-10,8.27138685225116e-10,2.25892208989424e-10,3.1638781087275e-09,1.42008703075811e-08,6.55378918987765e-08,1.88737657956524e-07,4.06503124221454e-07,0.975211149152097,5.85383042709858e-09,2.5246170899767e-08,3.03702117217284e-08,3.57940749883179e-08,6.33692626424183e-08,1.2515030305793e-07,2.37403780456861e-07,4.66723654910977e-07,3.10632287980597e-11,4.19592928124874e-10,9.48652877008845e-11,1.66786464421374e-09,8.56970438256087e-09,4.85873269705236e-08,1.64037912623762e-07,3.74861011915819e-07,1.34309515583875e-08,2.5246170899767e-08,3.03702117217284e-08,3.57940749883179e-08,6.33692626424183e-08,1.2515030305793e-07,2.37403780456861e-07,4.66723654910977e-07,7.12710636957477e-11,4.19592928124874e-10,9.48652877008845e-11,1.66786464421374e-09,8.56970438256087e-09,4.85873269705236e-08,1.64037912623762e-07,3.74861011915819e-07,0.956453045992486,7.41987432971972e-09,2.86702414084326e-08,3.33585634681393e-08,3.82556531812498e-08,6.98666628709643e-08,1.50630185143993e-07,2.85677597939672e-07,5.41292482265891e-07,1.00754054133923e-10,1.18125434669429e-09,3.35709809959504e-10,4.35828345102711e-09,1.8591896476996e-08,8.24720770902106e-08,2.22458277324751e-07,4.55698047954236e-07,1.70240620962406e-08,2.86702414084326e-08,3.33585634681393e-08,3.82556531812498e-08,6.98666628709643e-08,1.50630185143993e-07,2.85677597939672e-07,5.41292482265891e-07,2.31168776963461e-10,1.18125434669429e-09,3.35709809959504e-10,4.35828345102711e-09,1.8591896476996e-08,8.24720770902106e-08,2.22458277324751e-07,4.55698047954236e-07,0.988508525695342,5.46695047156873e-09,2.41731630752686e-08,2.89110331632018e-08,3.45155982617995e-08,6.08687184395903e-08,1.17195335522969e-07,2.26359397051554e-07,4.40266841786863e-07,1.58878010170316e-11,2.48543239103227e-10,3.63936367396203e-11,9.60049149856494e-10,6.08197640571907e-09,4.21055282171122e-08,1.52422867403237e-07,3.47645255333314e-07,1.25432992756056e-08,2.41731630752686e-08,2.89110331632018e-08,3.45155982617995e-08,6.08687184395903e-08,1.17195335522969e-07,2.26359397051554e-07,4.40266841786863e-07,3.64527617406261e-11,2.48543239103227e-10,3.63936367396203e-11,9.60049149856494e-10,6.08197640571907e-09,4.21055282171122e-08,1.52422867403237e-07,3.47645255333314e-07,0.94082564409689,8.20287397407439e-09,2.98979912742759e-08,3.42439499445726e-08,3.92492682528651e-08,7.31087893328666e-08,1.95369264751068e-07,5.02756819043859e-07,1.16262957180805e-06,1.35247022479728e-10,1.56156030121409e-09,4.64472652209343e-10,5.78809640080414e-09,2.37375544769815e-08,1.27628844297373e-07,4.53802014148308e-07,1.08067446261655e-06,1.88205661843808e-08,2.98979912742759e-08,3.42439499445726e-08,3.92492682528651e-08,7.31087893328666e-08,1.95369264751068e-07,5.02756819043859e-07,1.16262957180805e-06,3.10308989979013e-10,1.56156030121409e-09,4.64472652209343e-10,5.78809640080414e-09,2.37375544769815e-08,1.27628844297373e-07,4.53802014148308e-07,1.08067446261655e-06,0.995578289174454
28,1.35277638839302e-07,3.1686262815019e-07,6.95741935345959e-07,1.35728295716722e-06,3.69125951270014e-06,5.24568503106331e-06,6.66823618000116e-06,7.44103676705436e-06,4.08872586401238e-18,9.3917059165753e-18,3.33032635213814e-17,1.03618519819998e-16,3.26066370306582e-16,1.24870169213772e-15,3.51368491956691e-15,8.06761973116188e-15,1.35277638839302e-07,3.1686262815019e-07,6.95741935345959e-07,1.35728295716722e-06,3.69125951270014e-06,5.24568503106331e-06,6.66823618000116e-06,7.44103676705436e-06,4.08872586401238e-18,9.3917059165753e-18,3.33032635213814e-17,1.03618519819998e-16,3.26066370306582e-16,1.24870169213772e-15,3.51368491956691e-15,8.06761973116188e-15,3.14878075256461e-09,1.22335650807955e-07,2.98065679256994e-07,6.5925280250669e-07,1.29739913371991e-06,3.53432087455448e-06,5.02192336853675e-06,6.37870394531625e-06,7.11965905045676e-06,1.04773847851977e-20,1.67169052538682e-20,1.30757959459135e-19,1.54182059124229e-18,1.05885172816867e-17,5.19773284305356e-17,1.20185988531108e-16,2.39530656734061e-16,1.22335650807955e-07,2.98065679256994e-07,6.5925280250669e-07,1.29739913371991e-06,3.53432087455448e-06,5.02192336853675e-06,6.37870394531625e-06,7.11965905045676e-06,1.04773847851977e-20,1.67169052538682e-20,1.30757959459135e-19,1.54182059124229e-18,1.05885172816867e-17,5.19773284305356e-17,1.20185988531108e-16,2.39530656734061e-16,5.74760085839715e-11,1.50144838151366e-07,3.40439071884497e-07,7.32059887209143e-07,1.4148266696712e-06,3.86200122270624e-06,5.51790727397547e-06,7.03815003205885e-06,7.87955607609329e-06,1.46001058014987e-15,3.55753231499652e-15,1.38589696878945e-14,3.44127113872139e-14,1.08138998166398e-13,4.46453571350328e-13,1.06857492114413e-12,2.73420632091637e-12,1.50144838151366e-07,3.40439071884497e-07,7.32059887209143e-07,1.4148266696712e-06,3.86200122270624e-06,5.51790727397547e-06,7.03815003205885e-06,7.87955607609329e-06,1.46001058014987e-15,3.55753231499652e-15,1.38589696878945e-14,3.44127113872139e-14,1.08138998166398e-13,4.46453571350328e-13,1.06857492114413e-12,2.73420632091637e-12,1.37497863106424e-06,1.15295010563673e-07,2.87023860255327e-07,6.31699713966029e-07,1.25348279852116e-06,3.40312421662413e-06,4.8391407882526e-06,6.19605662878464e-06,6.91175178348026e-06,8.3176234732174e-23,1.1387636187129e-22,9.7213426806191e-22,2.03681302513189e-20,1.74859124176246e-19,1.21783989742623e-18,5.03435997462153e-18,2.04636337974737e-17,1.15295010563673e-07,2.87023860255327e-07,6.31699713966029e-07,1.25348279852116e-06,3.40312421662413e-06,4.8391407882526e-06,6.19605662878464e-06,6.91175178348026e-06,8.3176234732174e-23,1.1387636187129e-22,9.7213426806191e-22,2.03681302513189e-20,1.74859124176246e-19,1.21783989742623e-18,5.03435997462153e-18,2.04636337974737e-17,1.78508194081245e-11,1.62606015513395e-07,3.58347253800057e-07,7.53361741254412e-07,1.45375328378665e-06,3.99605582522898e-06,5.74568257732123e-06,7.37165712725657e-06,8.31456189936815e-06,4.4273628936542e-14,8.20622794132455e-14,3.99226977244473e-13,1.09331903817971e-12,3.46557286535669e-12,1.07405289966219e-11,2.25052482967608e-11,4.50388575494955e-11,1.62606015513395e-07,3.58347253800057e-07,7.53361741254412e-07,1.45375328378665e-06,3.99605582522898e-06,5.74568257732123e-06,7.37165712725657e-06,8.31456189936815e-06,4.4273628936542e-14,8.20622794132455e-14,3.99226977244473e-13,1.09331903817971e-12,3.46557286535669e-12,1.07405289966219e-11,2.25052482967608e-11,4.50388575494955e-11,2.40519990579392e-05
29,6.8533402401547e-10,2.8157033467265e-09,2.65860251106132e-09,4.14697639353175e-09,9.41329018106414e-09,2.42618360289619e-08,4.87122440101842e-08,8.47638174734411e-08,1.96295510897262e-10,1.83679168788689e-09,1.25727239737736e-09,3.07298123708314e-09,8.42714030583397e-09,2.30091400158445e-08,4.60505163641092e-08,8.33881809513069e-08,1.57242137306476e-09,2.8157033467265e-09,2.65860251106132e-09,4.14697639353175e-09,9.41329018106414e-09,2.42618360289619e-08,4.87122440101842e-08,8.47638174734411e-08,4.50377839061661e-10,1.83679168788689e-09,1.25727239737736e-09,3.07298123708314e-09,8.42714030583397e-09,2.30091400158445e-08,4.60505163641092e-08,8.33881809513069e-08,0.999056724704678,2.70345305693457e-10,1.92917637323303e-09,1.52999762421548e-09,3.29465169521179e-09,8.09776501301094e-09,2.25439057395423e-08,4.55781343888827e-08,8.01454548595572e-08,9.08240960161609e-11,9.67093725909499e-10,6.47313443617116e-10,1.76025285271662e-09,5.81091273082656e-09,1.9546416188804e-08,4.18377421451539e-08,7.77385026879039e-08,6.2027671454193e-10,1.92917637323303e-09,1.52999762421548e-09,3.29465169521179e-09,8.09776501301094e-09,2.25439057395423e-08,4.55781343888827e-08,8.01454548595572e-08,2.08385611629685e-10,9.67093725909499e-10,6.47313443617116e-10,1.76025285271662e-09,5.81091273082656e-09,1.9546416188804e-08,4.18377421451539e-08,7.77385026879039e-08,0.993507170556863,1.43305014549761e-09,4.32185708539958e-09,4.41472099318536e-09,5.51765951762953e-09,1.07295155460335e-08,2.64115266976085e-08,5.31366740571777e-08,9.82893295557158e-08,9.34827755388331e-10,3.28488927506152e-09,3.75786418059749e-09,5.00429423589959e-09,9.97058606791978e-09,2.52337505960212e-08,5.0608735464782e-08,9.6583900361837e-08,3.28797141027852e-09,4.32185708539958e-09,4.41472099318536e-09,5.51765951762953e-09,1.07295155460335e-08,2.64115266976085e-08,5.31366740571777e-08,9.82893295557158e-08,2.14485650966831e-09,3.28488927506152e-09,3.75786418059749e-09,5.00429423589959e-09,9.97058606791978e-09,2.52337505960212e-08,5.0608735464782e-08,9.6583900361837e-08,0.999732529874507,2.01558589990638e-10,1.57789302371634e-09,1.28075438863293e-09,2.88057337882055e-09,7.28006855899100e-09,2.1371052147969e-08,4.37546375513382e-08,7.60099901655043e-08,1.21886309493912e-11,2.93411594419062e-10,1.22094085919784e-10,5.9195328791602e-10,3.27173453731924e-09,1.5222339753182e-08,3.74759101172412e-08,7.27867508766079e-08,4.62453378527899e-10,1.57789302371634e-09,1.28075438863293e-09,2.88057337882055e-09,7.28006855899100e-09,2.1371052147969e-08,4.37546375513382e-08,7.60099901655043e-08,2.79654345787868e-11,2.93411594419062e-10,1.22094085919784e-10,5.9195328791602e-10,3.27173453731924e-09,1.5222339753182e-08,3.74759101172412e-08,7.27867508766079e-08,0.97942591048096,1.85850216123098e-09,5.28703676341496e-09,5.60511762319385e-09,6.87745126987739e-09,1.17165393866664e-08,2.79900251056901e-08,5.89169625227328e-08,1.15232535604107e-07,1.48122338405355e-09,4.5897143239352e-09,5.25322760745002e-09,6.5051578176605e-09,1.09406924550722e-08,2.70183147356675e-08,5.58780810712324e-08,1.13751609579554e-07,4.26412292079734e-09,5.28703676341496e-09,5.60511762319385e-09,6.87745126987739e-09,1.17165393866664e-08,2.79900251056901e-08,5.89169625227328e-08,1.15232535604107e-07,3.39849945537876e-09,4.5897143239352e-09,5.25322760745002e-09,6.5051578176605e-09,1.09406924550722e-08,2.70183147356675e-08,5.58780810712324e-08,1.13751609579554e-07,0.99976056339712
30,2.88281008182031e-13,4.52549880026168e-10,2.03326404822029e-08,2.37599855249599e-08,2.75720277733877e-08,6.46208366813317e-08,8.69743174295777e-08,9.18203821996588e-08,6.43421705796865e-18,1.15595614946689e-15,4.33768859281039e-14,4.86423809061071e-14,5.91312635797703e-14,7.22765719173823e-14,9.19119772327165e-14,1.03876946941425e-13,9.77683646718642e-10,1.31235617677412e-08,2.03326404822029e-08,2.37599855249599e-08,2.75720277733877e-08,6.46208366813317e-08,8.69743174295777e-08,9.18203821996588e-08,2.18211696867729e-14,3.35217455531131e-14,4.33768859281039e-14,4.86423809061071e-14,5.91312635797703e-14,7.22765719173823e-14,9.19119772327165e-14,1.03876946941425e-13,9.8570383400793e-06,2.26748305440265e-13,4.06833037569935e-10,1.87781006383213e-08,2.23661842066584e-08,2.63621595704236e-08,6.21020523483502e-08,8.3655876647175e-08,8.7904094259799e-08,9.24920383326569e-20,1.66941270400529e-17,6.1559595863972e-16,6.87983243570823e-16,8.61500222748673e-16,1.11507594937778e-15,1.33530672207172e-15,1.52061328486147e-15,7.69000051540434e-10,1.17978122044759e-08,1.87781006383213e-08,2.23661842066584e-08,2.63621595704236e-08,6.21020523483502e-08,8.3655876647175e-08,8.7904094259799e-08,3.13679884428644e-16,4.84115490995124e-16,6.1559595863972e-16,6.87983243570823e-16,8.61500222748673e-16,1.11507594937778e-15,1.33530672207172e-15,1.52061328486147e-15,8.89414798431757e-08,4.20947005720565e-13,5.19289440790187e-10,2.16189686864792e-08,2.4958541760181e-08,2.88044809839797e-08,6.88682542689579e-08,9.36253819595042e-08,9.90220035811246e-08,3.56336600605421e-14,6.23857478630677e-12,2.31188605488929e-10,2.49693602692554e-10,3.22453446436551e-10,4.28616719991419e-10,5.22934813425448e-10,5.91873431281574e-10,1.42761053259639e-09,1.50589522886444e-08,2.16189686864792e-08,2.4958541760181e-08,2.88044809839797e-08,6.88682542689579e-08,9.36253819595042e-08,9.90220035811246e-08,1.2084891382066e-10,1.80913364834028e-10,2.31188605488929e-10,2.49693602692554e-10,3.22453446436551e-10,4.28616719991419e-10,5.22934813425448e-10,5.91873431281574e-10,0.0453191130358685,1.92777960265323e-13,3.67131910251502e-10,1.77869063010978e-08,2.12494722825002e-08,2.5555948887509e-08,6.0411217486735e-08,8.07011309524299e-08,8.44401185474776e-08,1.81242397179322e-20,3.66122994948242e-18,1.43833777743863e-16,1.52966079004693e-16,2.02880830791648e-16,2.7336335145716e-16,3.35666202702237e-16,3.94894126420867e-16,6.53792146724323e-10,1.06465132657107e-08,1.77869063010978e-08,2.12494722825002e-08,2.5555948887509e-08,6.0411217486735e-08,8.07011309524299e-08,8.44401185474776e-08,6.14670140540159e-17,1.06172555796851e-16,1.43833777743863e-16,1.52966079004693e-16,2.02880830791648e-16,2.7336335145716e-16,3.35666202702237e-16,3.94894126420867e-16,2.65890559750562e-08,5.40378117811946e-13,6.10979686701214e-10,2.25140066388901e-08,2.56942175507456e-08,2.98777515086023e-08,7.34791717457666e-08,1.00539769053616e-07,1.06619504802193e-07,2.45533001560278e-13,4.22244373374386e-11,1.55109300783419e-09,1.69265423491364e-09,2.16312356664531e-09,2.67232717322134e-09,3.3073137281729e-09,3.85281507463574e-09,1.83265228660411e-09,1.77178914660079e-08,2.25140066388901e-08,2.56942175507456e-08,2.98777515086023e-08,7.34791717457666e-08,1.00539769053616e-07,1.06619504802193e-07,8.32706954471479e-10,1.22447278402538e-09,1.55109300783419e-09,1.69265423491364e-09,2.16312356664531e-09,2.67232717322134e-09,3.3073137281729e-09,3.85281507463574e-09,0.219469620493495
31,2.93419361556821e-08,9.72245698328284e-08,1.16506355742461e-07,1.21617014277779e-07,1.50950410572255e-07,1.56133246816251e-07,1.65214006761503e-07,1.54496281998464e-07,7.45414000009553e-15,3.18119616792464e-14,6.09137666441799e-14,8.63936850732342e-14,1.27809845127139e-13,2.01956490882124e-13,2.69908132268343e-13,3.46815988178199e-13,6.73217524908038e-08,9.72245698328284e-08,1.16506355742461e-07,1.21617014277779e-07,1.50950410572255e-07,1.56133246816251e-07,1.65214006761503e-07,1.54496281998464e-07,1.71026807997826e-14,3.18119616792464e-14,6.09137666441799e-14,8.63936850732342e-14,1.27809845127139e-13,2.01956490882124e-13,2.69908132268343e-13,3.46815988178199e-13,3.03931788765589e-07,2.57653160372021e-08,9.06067821882709e-08,1.12878315620549e-07,1.17814790566729e-07,1.44107554992995e-07,1.37477170580057e-07,1.24586235593624e-07,1.16623865710815e-07,6.82480946654965e-17,3.0555454346087e-16,5.74421789846461e-16,8.38585625604632e-16,1.27121466606482e-15,1.98960519141921e-15,2.66062088409801e-15,3.44131170715875e-15,5.91156023208767e-08,9.06067821882709e-08,1.12878315620549e-07,1.17814790566729e-07,1.44107554992995e-07,1.37477170580057e-07,1.24586235593624e-07,1.16623865710815e-07,1.56587530988467e-16,3.0555454346087e-16,5.74421789846461e-16,8.38585625604632e-16,1.27121466606482e-15,1.98960519141921e-15,2.66062088409801e-15,3.44131170715875e-15,3.39699113274274e-09,3.17864592439195e-08,1.02009119586786e-07,1.2018308939367e-07,1.25073722680212e-07,1.56806405631238e-07,1.67129621377089e-07,1.84686544446254e-07,1.73340114114217e-07,7.40672492462613e-12,3.09454458545015e-11,5.51969568701117e-11,7.69038496417937e-11,1.12796552245379e-10,1.69132247820772e-10,2.19584592812679e-10,2.82681450565442e-10,7.29304341207822e-08,1.02009119586786e-07,1.2018308939367e-07,1.25073722680212e-07,1.56806405631238e-07,1.67129621377089e-07,1.84686544446254e-07,1.73340114114217e-07,1.69938922740988e-11,3.09454458545015e-11,5.51969568701117e-11,7.69038496417937e-11,1.12796552245379e-10,1.69132247820772e-10,2.19584592812679e-10,2.82681450565442e-10,0.000293272987035435,2.33804920615828e-08,8.54371107451462e-08,1.10501223556308e-07,1.15257663985053e-07,1.38211044036518e-07,1.27776932418585e-07,1.14632939387165e-07,1.05499216573327e-07,1.85112815112376e-17,8.24339949759305e-17,1.49149878281563e-16,2.24823104646323e-16,3.53294043388633e-16,5.54157044991972e-16,7.45500752206316e-16,9.41385627184337e-16,5.364389354989e-08,8.54371107451462e-08,1.10501223556308e-07,1.15257663985053e-07,1.38211044036518e-07,1.27776932418585e-07,1.14632939387165e-07,1.05499216573327e-07,4.24720408897012e-17,8.24339949759305e-17,1.49149878281563e-16,2.24823104646323e-16,3.53294043388633e-16,5.54157044991972e-16,7.45500752206316e-16,9.41385627184337e-16,8.97341064913499e-10,3.32385412715662e-08,1.0457621613398e-07,1.22644632314888e-07,1.27917220481186e-07,1.60082283905509e-07,1.71424120879016e-07,1.90342285624897e-07,1.81387601560902e-07,4.26155123486032e-10,1.79477062230865e-09,3.32670174034213e-09,4.6624879070072e-09,6.71470025975828e-09,9.91430290386778e-09,1.28593684051545e-08,1.61594154012559e-08,7.62620720312083e-08,1.0457621613398e-07,1.22644632314888e-07,1.27917220481186e-07,1.60082283905509e-07,1.71424120879016e-07,1.90342285624897e-07,1.81387601560902e-07,9.77764711701167e-10,1.79477062230865e-09,3.32670174034213e-09,4.6624879070072e-09,6.71470025975828e-09,9.91430290386778e-09,1.28593684051545e-08,1.61594154012559e-08,0.016030039394565
32,1.08024025898512e-17,3.89780864060172e-10,1.85417754732821e-08,1.97795375102071e-08,2.45676795537158e-08,3.55351137487276e-08,4.48251835727047e-08,5.36123428527536e-08,1.0206042377695e-17,3.75663396542346e-10,1.79754670983551e-08,1.96243697190599e-08,2.46283464534988e-08,3.52289751504393e-08,4.43115205321089e-08,5.29650688635893e-08,6.13096147250414e-09,1.13033136702664e-08,1.85417754732821e-08,1.97795375102071e-08,2.45676795537158e-08,3.55351137487276e-08,4.48251835727047e-08,5.36123428527536e-08,5.79249403861134e-09,1.08939191147678e-08,1.79754670983551e-08,1.96243697190599e-08,2.46283464534988e-08,3.52289751504393e-08,4.43115205321089e-08,5.29650688635893e-08,0.998807811872254,9.65761636815988e-18,3.58157347114356e-10,1.74337067424805e-08,1.8795917910635e-08,2.33919510427082e-08,3.40785728515148e-08,4.29130178802141e-08,5.10861625604064e-08,9.0628815926703e-18,3.43034276388548e-10,1.67290192382219e-08,1.84661866934697e-08,2.32250542511142e-08,3.35661463592859e-08,4.19737338052705e-08,4.99004605034778e-08,5.48123191826247e-09,1.03862585648101e-08,1.74337067424805e-08,1.8795917910635e-08,2.33919510427082e-08,3.40785728515148e-08,4.29130178802141e-08,5.10861625604064e-08,5.14368700965939e-09,9.94770237123298e-09,1.67290192382219e-08,1.84661866934697e-08,2.32250542511142e-08,3.35661463592859e-08,4.19737338052705e-08,4.99004605034778e-08,0.993079140493067,1.20515257166708e-17,4.2721058950956e-10,1.94954536173017e-08,2.07935090056242e-08,2.55839256995918e-08,3.68612081501047e-08,4.68970826804031e-08,5.65755900974947e-08,1.13732512561587e-17,4.09506964777709e-10,1.88779695918789e-08,2.05616707221982e-08,2.57759827357923e-08,3.66778834281025e-08,4.65835297452614e-08,5.63563046192325e-08,6.83990799632097e-09,1.23887438859505e-08,1.94954536173017e-08,2.07935090056242e-08,2.55839256995918e-08,3.68612081501047e-08,4.68970826804031e-08,5.65755900974947e-08,6.45494969185173e-09,1.18753538201573e-08,1.88779695918789e-08,2.05616707221982e-08,2.57759827357923e-08,3.66778834281025e-08,4.65835297452614e-08,5.63563046192325e-08,0.999739565485874,8.42701734176115e-18,3.33343967716214e-10,1.65967887172906e-08,1.81959257870304e-08,2.27187131161306e-08,3.32323099583558e-08,4.17165087122487e-08,4.94644149773995e-08,7.92498724290081e-18,3.13876639409684e-10,1.56819800816873e-08,1.74205226099998e-08,2.17975528128328e-08,3.14395389599557e-08,3.97126666371723e-08,4.7519062578684e-08,4.78279884689741e-09,9.66669165833103e-09,1.65967887172906e-08,1.81959257870304e-08,2.27187131161306e-08,3.32323099583558e-08,4.17165087122487e-08,4.94644149773995e-08,4.49786897425575e-09,9.1021556883538e-09,1.56819800816873e-08,1.74205226099998e-08,2.17975528128328e-08,3.14395389599557e-08,3.97126666371723e-08,4.7519062578684e-08,0.97639945768743,1.27573474538801e-17,4.59583678874093e-10,2.01093172624444e-08,2.150060351982e-08,2.63526573829388e-08,3.77851323068148e-08,4.83891878175791e-08,5.89728654865976e-08,1.20235860417612e-17,4.30474907788868e-10,1.94785213017379e-08,2.13588353365853e-08,2.6561606772246e-08,3.76827617896899e-08,4.82441815250205e-08,5.8722201527412e-08,7.24050090528658e-09,1.33275359542712e-08,2.01093172624444e-08,2.150060351982e-08,2.63526573829388e-08,3.77851323068148e-08,4.83891878175791e-08,5.89728654865976e-08,6.82405068411654e-09,1.24834063407623e-08,1.94785213017379e-08,2.13588353365853e-08,2.6561606772246e-08,3.76827617896899e-08,4.82441815250205e-08,5.8722201527412e-08,0.999815925767326
33,3.99705410544937e-09,2.61138731632502e-08,2.34811191395838e-08,2.12932568095896e-08,1.9818109030455e-08,2.9358900239876e-08,2.59450784665256e-08,2.37839957312881e-08,1.16521743117551e-16,6.02021549537812e-16,7.20859327164521e-16,8.61712754966571e-16,1.16520079958935e-15,1.62735294302072e-15,2.13581909523248e-15,2.69541831219661e-15,1.43693547919875e-08,2.61138731632502e-08,2.34811191395838e-08,2.12932568095896e-08,1.9818109030455e-08,2.9358900239876e-08,2.59450784665256e-08,2.37839957312881e-08,4.18894071399786e-16,6.02021549537812e-16,7.20859327164521e-16,8.61712754966571e-16,1.16520079958935e-15,1.62735294302072e-15,2.13581909523248e-15,2.69541831219661e-15,1.27516007841916e-07,3.70012235927762e-09,2.49751813302462e-08,2.26970571105032e-08,2.06485779976433e-08,1.91823727029002e-08,2.78124753761412e-08,2.44498786891555e-08,2.21937648939727e-08,4.55528901269702e-18,2.56341448996146e-17,3.05477446693095e-17,3.60885836262565e-17,4.71846903976912e-17,6.67889209576822e-17,8.85191859585583e-17,1.09708272304663e-16,1.33018892293049e-08,2.49751813302462e-08,2.26970571105032e-08,2.06485779976433e-08,1.91823727029002e-08,2.78124753761412e-08,2.44498786891555e-08,2.21937648939727e-08,1.63762016416655e-17,2.56341448996146e-17,3.05477446693095e-17,3.60885836262565e-17,4.71846903976912e-17,6.67889209576822e-17,8.85191859585583e-17,1.09708272304663e-16,4.15778738817058e-09,4.22463271698759e-09,2.72663781762634e-08,2.41980154554618e-08,2.19860958869301e-08,2.04936755591853e-08,3.11194435499554e-08,2.74811356057603e-08,2.55684569942242e-08,1.32402088526232e-14,6.26309832605909e-14,7.45715848064403e-14,8.64599173720752e-14,1.07573974251867e-13,1.39019362852078e-13,1.73860505474458e-13,2.12117693635806e-13,1.51874967850624e-08,2.72663781762634e-08,2.41980154554618e-08,2.19860958869301e-08,2.04936755591853e-08,3.11194435499554e-08,2.74811356057603e-08,2.55684569942242e-08,4.75983695752268e-14,6.26309832605909e-14,7.45715848064403e-14,8.64599173720752e-14,1.07573974251867e-13,1.39019362852078e-13,1.73860505474458e-13,2.12117693635806e-13,1.06009906101461e-05,3.43047400783815e-09,2.40969937844821e-08,2.21125953715737e-08,2.0190377701864e-08,1.87965309961767e-08,2.69600356959687e-08,2.36125041693737e-08,2.14413303612377e-08,1.42126770193548e-19,2.55736660637972e-18,2.6695433739831e-18,3.43021741818505e-18,9.27630883881363e-18,1.81731109760545e-17,2.90461295977825e-17,4.12315856613011e-17,1.23325070971927e-08,2.40969937844821e-08,2.21125953715737e-08,2.0190377701864e-08,1.87965309961767e-08,2.69600356959687e-08,2.36125041693737e-08,2.14413303612377e-08,5.10943793221625e-19,2.55736660637972e-18,2.6695433739831e-18,3.43021741818505e-18,9.27630883881363e-18,1.81731109760545e-17,2.90461295977825e-17,4.12315856613011e-17,1.64971537340079e-09,4.35791334333571e-09,2.8367034312724e-08,2.47279302490133e-08,2.25155697498735e-08,2.10234059637535e-08,3.26066900607603e-08,2.9039101199447e-08,2.70923455871207e-08,6.03448050459744e-14,2.86329834387185e-13,3.4015687312706e-13,3.94847112154139e-13,4.9163616182817e-13,6.72894979647538e-13,8.69383745849856e-13,1.13451106995482e-12,1.56666388122577e-08,2.8367034312724e-08,2.47279302490133e-08,2.25155697498735e-08,2.10234059637535e-08,3.26066900607603e-08,2.9039101199447e-08,2.70923455871207e-08,2.16938748058663e-13,2.86329834387185e-13,3.4015687312706e-13,3.94847112154139e-13,4.9163616182817e-13,6.72894979647538e-13,8.69383745849856e-13,1.13451106995482e-12,6.03932629970037e-05
34,2.22351188726855e-08,1.41867243143348e-07,1.72810766596088e-07,1.73763517522218e-07,2.16327041351445e-07,3.88425374162249e-07,3.90977527098964e-07,4.22459809120586e-07,1.41960157286853e-15,4.17369433150573e-15,5.06307940549122e-15,5.82571660592457e-15,6.82182027744519e-15,8.21567801159735e-15,9.32823550682888e-15,1.05803917553934e-14,5.10159643660957e-08,1.41867243143348e-07,1.72810766596088e-07,1.73763517522218e-07,2.16327041351445e-07,3.88425374162249e-07,3.90977527098964e-07,4.22459809120586e-07,3.25711518207716e-15,4.17369433150573e-15,5.06307940549122e-15,5.82571660592457e-15,6.82182027744519e-15,8.21567801159735e-15,9.32823550682888e-15,1.05803917553934e-14,2.33399251008434e-08,2.0510360097616e-08,1.34893864610384e-07,1.67269497743849e-07,1.68338519715042e-07,2.07059421730823e-07,3.64001036305917e-07,3.65066709709408e-07,3.88408171921006e-07,8.90977291418938e-17,2.54861453773186e-16,3.13835280907451e-16,3.61705234549555e-16,4.20319759703085e-16,5.01873289655177e-16,5.69811747495666e-16,6.44102770030787e-16,4.70587005118805e-08,1.34893864610384e-07,1.67269497743849e-07,1.68338519715042e-07,2.07059421730823e-07,3.64001036305917e-07,3.65066709709408e-07,3.88408171921006e-07,2.04424658173816e-16,2.54861453773186e-16,3.13835280907451e-16,3.61705234549555e-16,4.20319759703085e-16,5.01873289655177e-16,5.69811747495666e-16,6.44102770030787e-16,1.51538998509423e-09,2.65491289122858e-08,1.49963129112075e-07,1.78424264703943e-07,1.79295340115305e-07,2.25877224699014e-07,4.11430315801849e-07,4.16857135273763e-07,4.51666377425729e-07,1.08529373472707e-12,3.14243979512284e-12,3.82165489170935e-12,4.37955170846960e-12,5.13471034095309e-12,6.24448183840053e-12,7.12056343718175e-12,8.12936544692986e-12,6.09139722749081e-08,1.49963129112075e-07,1.78424264703943e-07,1.79295340115305e-07,2.25877224699014e-07,4.11430315801849e-07,4.16857135273763e-07,4.51666377425729e-07,2.49008367414659e-12,3.14243979512284e-12,3.82165489170935e-12,4.37955170846960e-12,5.13471034095309e-12,6.24448183840053e-12,7.12056343718175e-12,8.12936544692986e-12,1.96247777352886e-05,1.93123592924888e-08,1.30147629701736e-07,1.62986760560353e-07,1.64075910066584e-07,2.00061568236991e-07,3.442092437943e-07,3.43116999616564e-07,3.62447565444821e-07,2.4710189482815e-17,7.10703284390348e-17,8.59111031291706e-17,9.85535867759573e-17,1.1469454245642e-16,1.36963487593845e-16,1.55631240873921e-16,1.76073346357178e-16,4.43100232174227e-08,1.30147629701736e-07,1.62986760560353e-07,1.64075910066584e-07,2.00061568236991e-07,3.442092437943e-07,3.43116999616564e-07,3.62447565444821e-07,5.66947338286261e-17,7.10703284390348e-17,8.59111031291706e-17,9.85535867759573e-17,1.1469454245642e-16,1.36963487593845e-16,1.55631240873921e-16,1.76073346357178e-16,5.08976548546149e-10,3.17482617517828e-08,1.59393719764872e-07,1.81719444783085e-07,1.82998014710958e-07,2.3206925972855e-07,4.28554349807169e-07,4.3438735182706e-07,4.73083256186201e-07,9.26138309675398e-12,2.64730459389331e-11,3.18104159209023e-11,3.60885399176624e-11,4.17309325559975e-11,4.96491432640779e-11,5.62300517993151e-11,6.33878203968513e-11,7.28427942970924e-08,1.59393719764872e-07,1.81719444783085e-07,1.82998014710958e-07,2.3206925972855e-07,4.28554349807169e-07,4.3438735182706e-07,4.73083256186201e-07,2.12491955968436e-11,2.64730459389331e-11,3.18104159209023e-11,3.60885399176624e-11,4.17309325559975e-11,4.96491432640779e-11,5.62300517993151e-11,6.33878203968513e-11,0.000135400227929387
35,1.0736466906627e-07,9.39346672125336e-08,7.30304098467417e-08,8.66316912586671e-08,9.80658174339394e-08,9.36632740661733e-08,7.23154267604238e-08,6.88976785395678e-08,1.63892871231167e-12,1.8891185745558e-12,2.39769649086412e-12,2.88816769376597e-12,3.50474899635644e-12,4.65726020473736e-12,5.84430883885396e-12,7.66516830273262e-12,1.0736466906627e-07,9.39346672125336e-08,7.30304098467417e-08,8.66316912586671e-08,9.80658174339394e-08,9.36632740661733e-08,7.23154267604238e-08,6.88976785395678e-08,1.63892871231167e-12,1.8891185745558e-12,2.39769649086412e-12,2.88816769376597e-12,3.50474899635644e-12,4.65726020473736e-12,5.84430883885396e-12,7.66516830273262e-12,2.17405748702119e-05,1.0370447690324e-07,9.11599216830833e-08,7.1122939650595e-08,8.42843869571155e-08,9.53118362781143e-08,9.15215587409688e-08,7.05249120868502e-08,6.6568135117e-08,9.74369288794828e-15,1.11393467364292e-14,1.43743344288228e-14,1.71689605765894e-14,2.03463843961168e-14,2.59608454890422e-14,3.12857198089292e-14,3.82718947091099e-14,1.0370447690324e-07,9.11599216830833e-08,7.1122939650595e-08,8.42843869571155e-08,9.53118362781143e-08,9.15215587409688e-08,7.05249120868502e-08,6.6568135117e-08,9.74369288794828e-15,1.11393467364292e-14,1.43743344288228e-14,1.71689605765894e-14,2.03463843961168e-14,2.59608454890422e-14,3.12857198089292e-14,3.82718947091099e-14,1.00908370839462e-07,1.12011833897786e-07,9.7236749359148e-08,7.49362024566878e-08,8.90381138251513e-08,1.00632340631005e-07,9.59075998442912e-08,7.44106800206842e-08,7.13785831043589e-08,2.98347143157783e-10,3.52414942207304e-10,4.29746573816724e-10,5.00227014093555e-10,5.98165022224252e-10,7.79407475243923e-10,9.98268281921519e-10,1.28057145039454e-09,1.12011833897786e-07,9.7236749359148e-08,7.49362024566878e-08,8.90381138251513e-08,1.00632340631005e-07,9.59075998442912e-08,7.44106800206842e-08,7.13785831043589e-08,2.98347143157783e-10,3.52414942207304e-10,4.29746573816724e-10,5.00227014093555e-10,5.98165022224252e-10,7.79407475243923e-10,9.98268281921519e-10,1.28057145039454e-09,0.00289768093316993,1.01408129068221e-07,8.90943766564392e-08,6.99736349254323e-08,8.26064758019285e-08,9.33151839114604e-08,8.99387339049655e-08,6.90104647281861e-08,6.49841656978118e-08,1.64167745781505e-16,1.93952219259148e-16,2.35114541923e-16,2.80044924389439e-16,3.27184820680994e-16,4.22885329960468e-16,5.34106601029809e-16,6.8080374335801e-16,1.01408129068221e-07,8.90943766564392e-08,6.99736349254323e-08,8.26064758019285e-08,9.33151839114604e-08,8.99387339049655e-08,6.90104647281861e-08,6.49841656978118e-08,1.64167745781505e-16,1.93952219259148e-16,2.35114541923e-16,2.80044924389439e-16,3.27184820680994e-16,4.22885329960468e-16,5.34106601029809e-16,6.8080374335801e-16,1.88532342301504e-09,1.15059663720615e-07,9.93673350027504e-08,7.59468809019751e-08,9.02790055328973e-08,1.02157562605487e-07,9.72361983039349e-08,7.56356441111645e-08,7.30431364273962e-08,2.13513991045595e-09,2.51660638859994e-09,3.03545888205012e-09,3.50142586405489e-09,4.0420963520765e-09,4.91004528336665e-09,5.97449200007995e-09,7.02973133480775e-09,1.15059663720615e-07,9.93673350027504e-08,7.59468809019751e-08,9.02790055328973e-08,1.02157562605487e-07,9.72361983039349e-08,7.56356441111645e-08,7.30431364273962e-08,2.13513991045595e-09,2.51660638859994e-09,3.03545888205012e-09,3.50142586405489e-09,4.0420963520765e-09,4.91004528336665e-09,5.97449200007995e-09,7.02973133480775e-09,0.0149247529511706
36,2.45992680643877e-08,3.75904070535105e-08,4.95953460000187e-08,7.66089484328643e-08,1.94329838452359e-07,2.51607619160498e-07,3.07485268906384e-07,3.64769774360529e-07,7.46079757815527e-15,9.49255647362402e-15,1.2462773566831e-14,1.55496788969208e-14,1.87456374179802e-14,2.35564480296849e-14,2.90527552593735e-14,3.45291562826648e-14,2.45992680643877e-08,3.75904070535105e-08,4.95953460000187e-08,7.66089484328643e-08,1.94329838452359e-07,2.51607619160498e-07,3.07485268906384e-07,3.64769774360529e-07,7.46079757815527e-15,9.49255647362402e-15,1.2462773566831e-14,1.55496788969208e-14,1.87456374179802e-14,2.35564480296849e-14,2.90527552593735e-14,3.45291562826648e-14,2.68687015313231e-07,2.16823443885383e-08,3.50744231792065e-08,4.71403550074027e-08,7.39220444306786e-08,1.87754902775587e-07,2.42304197985932e-07,2.94598485546532e-07,3.4477634055363e-07,2.39150142513521e-16,3.15209179364926e-16,4.38873953425886e-16,5.48089354360611e-16,6.83900023189009e-16,8.83726101506625e-16,1.06420190995595e-15,1.25431223087807e-15,2.16823443885383e-08,3.50744231792065e-08,4.71403550074027e-08,7.39220444306786e-08,1.87754902775587e-07,2.42304197985932e-07,2.94598485546532e-07,3.4477634055363e-07,2.39150142513521e-16,3.15209179364926e-16,4.38873953425886e-16,5.48089354360611e-16,6.83900023189009e-16,8.83726101506625e-16,1.06420190995595e-15,1.25431223087807e-15,7.01448769330422e-09,2.74057001000415e-08,4.04703441554044e-08,5.18419007562549e-08,7.92594497596016e-08,2.00384854884399e-07,2.62619791592933e-07,3.21689649761431e-07,3.85583772451174e-07,6.45847661054087e-13,8.294584187393e-13,1.1179661079871e-12,1.41164945269712e-12,1.78344875159839e-12,2.38008589307287e-12,2.89394639045202e-12,3.47679732289384e-12,2.74057001000415e-08,4.04703441554044e-08,5.18419007562549e-08,7.92594497596016e-08,2.00384854884399e-07,2.62619791592933e-07,3.21689649761431e-07,3.85583772451174e-07,6.45847661054087e-13,8.294584187393e-13,1.1179661079871e-12,1.41164945269712e-12,1.78344875159839e-12,2.38008589307287e-12,2.89394639045202e-12,3.47679732289384e-12,4.0319352569806e-05,2.02383929743834e-08,3.37323788512095e-08,4.55911090181872e-08,7.17456789220201e-08,1.82206230211102e-07,2.35611021288962e-07,2.85152651352745e-07,3.27544209520697e-07,4.82713337285498e-17,6.28485671573727e-17,8.24379568747457e-17,9.94737434761375e-17,1.18722573774308e-16,1.46359979365207e-16,1.73466777789918e-16,2.00331920496471e-16,2.02383929743834e-08,3.37323788512095e-08,4.55911090181872e-08,7.17456789220201e-08,1.82206230211102e-07,2.35611021288962e-07,2.85152651352745e-07,3.27544209520697e-07,4.82713337285498e-17,6.28485671573727e-17,8.24379568747457e-17,9.94737434761375e-17,1.18722573774308e-16,1.46359979365207e-16,1.73466777789918e-16,2.00331920496471e-16,1.19114494316457e-09,2.87482983794541e-08,4.18680516143906e-08,5.33098754701282e-08,8.10859747392512e-08,2.05239885131257e-07,2.71730942560489e-07,3.33308194584618e-07,4.00563917763791e-07,4.34884989597241e-12,5.49061013246771e-12,7.13018476751104e-12,8.82765788476012e-12,1.05941126993707e-11,1.30338732031113e-11,1.57641954203201e-11,1.89956081304066e-11,2.87482983794541e-08,4.18680516143906e-08,5.33098754701282e-08,8.10859747392512e-08,2.05239885131257e-07,2.71730942560489e-07,3.33308194584618e-07,4.00563917763791e-07,4.34884989597241e-12,5.49061013246771e-12,7.13018476751104e-12,8.82765788476012e-12,1.05941126993707e-11,1.30338732031113e-11,1.57641954203201e-11,1.89956081304066e-11,0.000183270380449694
37,1.93462939663509e-09,3.39026497112474e-08,6.18281899867469e-08,7.57985178759914e-08,1.50699374379078e-07,6.25700576455508e-07,1.45954639621989e-06,3.51346248395985e-06,1.3085488578226e-11,1.81250955915979e-09,2.0767306247144e-09,2.0923720785011e-09,3.52384946812347e-08,2.68305582598658e-07,1.02474789520573e-06,3.14308199157729e-06,6.95496619706953e-09,3.39026497112474e-08,6.18281899867469e-08,7.57985178759914e-08,1.50699374379078e-07,6.25700576455508e-07,1.45954639621989e-06,3.51346248395985e-06,4.70421523067898e-11,1.81250955915979e-09,2.0767306247144e-09,2.0923720785011e-09,3.52384946812347e-08,2.68305582598658e-07,1.02474789520573e-06,3.14308199157729e-06,0.999678009460887,1.49419029573038e-09,3.11118220802345e-08,5.93488566230672e-08,7.1991464762199e-08,1.40117342969216e-07,5.78173054908122e-07,1.36641427828812e-06,3.31175748680144e-06,1.16448139923078e-11,1.63144048818599e-09,1.87494146578875e-09,1.89647667408438e-09,3.13045044853428e-08,2.34032053808651e-07,9.07952773479676e-07,2.88146364154092e-06,5.37159365864543e-09,3.11118220802345e-08,5.93488566230672e-08,7.1991464762199e-08,1.40117342969216e-07,5.78173054908122e-07,1.36641427828812e-06,3.31175748680144e-06,4.18629468923237e-11,1.63144048818599e-09,1.87494146578875e-09,1.89647667408438e-09,3.13045044853428e-08,2.34032053808651e-07,9.07952773479676e-07,2.88146364154092e-06,0.999434410108981,2.32298677834644e-09,3.60685787777596e-08,6.40590601961289e-08,7.93268875510347e-08,1.59303917118591e-07,6.62431454030431e-07,1.61068829083761e-06,3.99794871517668e-06,1.66325534810666e-11,2.2327908541938e-09,2.57637067386528e-09,2.6220838845791e-09,4.2991362743533e-08,3.15755947878117e-07,1.19325611288456e-06,3.64109730507172e-06,8.35110566795873e-09,3.60685787777596e-08,6.40590601961289e-08,7.93268875510347e-08,1.59303917118591e-07,6.62431454030431e-07,1.61068829083761e-06,3.99794871517668e-06,5.97938020754621e-11,2.2327908541938e-09,2.57637067386528e-09,2.6220838845791e-09,4.2991362743533e-08,3.15755947878117e-07,1.19325611288456e-06,3.64109730507172e-06,0.9997564891547,1.28906462735801e-09,2.87570044011415e-08,5.70343965757047e-08,6.92274515799748e-08,1.35389283402988e-07,5.53468084718677e-07,1.28789557832566e-06,3.17400619109023e-06,1.06160770256195e-11,1.51551673756406e-09,1.76525058654496e-09,1.78800570635116e-09,2.90461958005447e-08,2.13135711582624e-07,8.37775203070689e-07,2.74171950515611e-06,4.6341696888854e-09,2.87570044011415e-08,5.70343965757047e-08,6.92274515799748e-08,1.35389283402988e-07,5.53468084718677e-07,1.28789557832566e-06,3.17400619109023e-06,3.81646515798274e-11,1.51551673756406e-09,1.76525058654496e-09,1.78800570635116e-09,2.90461958005447e-08,2.13135711582624e-07,8.37775203070689e-07,2.74171950515611e-06,0.99917413752038,2.51198498840472e-09,3.76755765845276e-08,6.58398843695669e-08,8.21936944263834e-08,1.64590106386452e-07,6.84519591130281e-07,1.76064543048763e-06,4.51782825858035e-06,2.31151169784326e-11,2.64881189878701e-09,3.08987388895743e-09,3.26041557622754e-09,4.83293073899641e-08,3.53342490853809e-07,1.34453852237832e-06,4.18586198716631e-06,9.03055164585418e-09,3.76755765845276e-08,6.58398843695669e-08,8.21936944263834e-08,1.64590106386452e-07,6.84519591130281e-07,1.76064543048763e-06,4.51782825858035e-06,8.30985291063631e-11,2.64881189878701e-09,3.08987388895743e-09,3.26041557622754e-09,4.83293073899641e-08,3.53342490853809e-07,1.34453852237832e-06,4.18586198716631e-06,0.999782383268898
38,2.15803643745325e-08,6.33191685829414e-08,6.48541547324554e-08,6.39008975440752e-08,9.42509746436301e-08,1.16216339557993e-07,1.20098578801736e-07,1.24187565996996e-07,6.78866323535439e-14,1.8636732103109e-13,2.19453827131814e-13,2.53981007219634e-13,2.94539872684962e-13,3.50055322479509e-13,4.00121379732511e-13,4.52902955726423e-13,4.95137042550717e-08,6.33191685829414e-08,6.48541547324554e-08,6.39008975440752e-08,9.42509746436301e-08,1.16216339557993e-07,1.20098578801736e-07,1.24187565996996e-07,1.55758196612886e-13,1.8636732103109e-13,2.19453827131814e-13,2.53981007219634e-13,2.94539872684962e-13,3.50055322479509e-13,4.00121379732511e-13,4.52902955726423e-13,5.10188394088059e-06,1.54272826822621e-08,5.14503902373528e-08,5.42729788445465e-08,5.52679318442683e-08,8.51986991597905e-08,1.06787750847368e-07,1.08043876575352e-07,1.09865164979511e-07,2.67707447729161e-15,7.36500185390174e-15,8.65484084887965e-15,1.00170374753366e-14,1.15426832728266e-14,1.36518346861091e-14,1.55811602215379e-14,1.74886225003768e-14,3.5396154528807e-08,5.14503902373528e-08,5.42729788445465e-08,5.52679318442683e-08,8.51986991597905e-08,1.06787750847368e-07,1.08043876575352e-07,1.09865164979511e-07,6.14224447914534e-15,7.36500185390174e-15,8.65484084887965e-15,1.00170374753366e-14,1.15426832728266e-14,1.36518346861091e-14,1.55811602215379e-14,1.74886225003768e-14,1.66300457645312e-07,2.67510127588445e-08,6.84479363684265e-08,7.46259123542981e-08,7.39990161898221e-08,1.03061642961539e-07,1.28742158534302e-07,1.30144763678123e-07,1.36697269569984e-07,9.18484032720516e-12,2.55790836022809e-11,2.9836381273192e-11,3.48829673317512e-11,4.04092112155466e-11,4.80309722008823e-11,5.51285945174337e-11,6.22022063131238e-11,6.13771719178289e-08,6.84479363684265e-08,7.46259123542981e-08,7.39990161898221e-08,1.03061642961539e-07,1.28742158534302e-07,1.30144763678123e-07,1.36697269569984e-07,2.10735768728716e-11,2.55790836022809e-11,2.9836381273192e-11,3.48829673317512e-11,4.04092112155466e-11,4.80309722008823e-11,5.51285945174337e-11,6.22022063131238e-11,0.000724757667361366,1.45063851721146e-08,4.87084619762714e-08,5.1630886563951e-08,5.26249608225245e-08,8.18260304394123e-08,9.90349306407813e-08,9.72264513964329e-08,9.54759869381415e-08,5.92527288464704e-16,1.64861411767556e-15,1.92475506916612e-15,2.24789059283891e-15,2.5898209228639e-15,3.0640481159476e-15,3.49871797397663e-15,3.93757919654311e-15,3.32832593906469e-08,4.87084619762714e-08,5.1630886563951e-08,5.26249608225245e-08,8.18260304394123e-08,9.90349306407813e-08,9.72264513964329e-08,9.54759869381415e-08,1.35948681935712e-15,1.64861411767556e-15,1.92475506916612e-15,2.24789059283891e-15,2.5898209228639e-15,3.0640481159476e-15,3.49871797397663e-15,3.93757919654311e-15,3.065917402646e-08,3.13433516924931e-08,7.32701579030064e-08,7.6830752783649e-08,7.72736388684674e-08,1.22773155748591e-07,1.65634391716489e-07,1.74821553888727e-07,1.84973953303032e-07,6.4911969587731e-10,1.81356799576848e-09,2.10771694195047e-09,2.50671050564804e-09,2.96294687256292e-09,3.51994354194149e-09,4.04244403771042e-09,4.64492902893412e-09,7.19137739813264e-08,7.32701579030064e-08,7.6830752783649e-08,7.72736388684674e-08,1.22773155748591e-07,1.65634391716489e-07,1.74821553888727e-07,1.84973953303032e-07,1.48933169477623e-09,1.81356799576848e-09,2.10771694195047e-09,2.50671050564804e-09,2.96294687256292e-09,3.51994354194149e-09,4.04244403771042e-09,4.64492902893412e-09,0.066004614702434
39,4.05632306297249e-09,3.25915499062049e-08,1.04205869025818e-07,2.16515351148146e-07,4.33163043920998e-07,8.41608710350402e-07,1.29029316514191e-06,1.80109266647589e-06,3.60449347866905e-09,2.70771359317888e-08,9.85254249988003e-08,1.9721736814611e-07,3.75128526656265e-07,7.32622311825255e-07,1.17353520332452e-06,1.65527101223285e-06,9.30677429803116e-09,3.25915499062049e-08,1.04205869025818e-07,2.16515351148146e-07,4.33163043920998e-07,8.41608710350402e-07,1.29029316514191e-06,1.80109266647589e-06,8.27010244103072e-09,2.70771359317888e-08,9.85254249988003e-08,1.9721736814611e-07,3.75128526656265e-07,7.32622311825255e-07,1.17353520332452e-06,1.65527101223285e-06,0.916120573490979,3.56485471557148e-09,2.97412276852566e-08,9.96330643424341e-08,2.0996200583952e-07,4.15057261523438e-07,8.17351453355055e-07,1.2444969416031e-06,1.71155421930174e-06,1.93194728120467e-09,1.69049655069729e-08,7.10384932753111e-08,1.46508848457365e-07,2.85563140092335e-07,5.9742989696383e-07,9.66531785274702e-07,1.39755672352161e-06,8.17915578420011e-09,2.97412276852566e-08,9.96330643424341e-08,2.0996200583952e-07,4.15057261523438e-07,8.17351453355055e-07,1.2444969416031e-06,1.71155421930174e-06,4.43263443831588e-09,1.69049655069729e-08,7.10384932753111e-08,1.46508848457365e-07,2.85563140092335e-07,5.9742989696383e-07,9.66531785274702e-07,1.39755672352161e-06,0.543704261470701,4.56846547902338e-09,3.50752724400617e-08,1.08332537321029e-07,2.23407301360799e-07,4.51106777161259e-07,8.69729017710882e-07,1.33811310463883e-06,1.89350763750563e-06,4.11983008094255e-09,3.05725226894523e-08,1.09575533525166e-07,2.18646640267631e-07,4.19834008349201e-07,8.29438460630348e-07,1.32144474202881e-06,1.87515354393418e-06,1.04818271231237e-08,3.50752724400617e-08,1.08332537321029e-07,2.23407301360799e-07,4.51106777161259e-07,8.69729017710882e-07,1.33811310463883e-06,1.89350763750563e-06,9.45248396499125e-09,3.05725226894523e-08,1.09575533525166e-07,2.18646640267631e-07,4.19834008349201e-07,8.29438460630348e-07,1.32144474202881e-06,1.87515354393418e-06,0.999777793400533,3.29149742600039e-09,2.7945225851584e-08,9.66381476479385e-08,2.06135875603624e-07,4.0545172512274e-07,7.91445748295537e-07,1.2045318303018e-06,1.66023577216091e-06,1.41634805273844e-09,1.28076256516228e-08,5.63728168719265e-08,1.25143920002675e-07,2.64110314410405e-07,5.55568392938962e-07,9.11299516881765e-07,1.28846320420819e-06,7.55196841345471e-09,2.7945225851584e-08,9.66381476479385e-08,2.06135875603624e-07,4.0545172512274e-07,7.91445748295537e-07,1.2045318303018e-06,1.66023577216091e-06,3.24965034827206e-09,1.28076256516228e-08,5.63728168719265e-08,1.25143920002675e-07,2.64110314410405e-07,5.55568392938962e-07,9.11299516881765e-07,1.28846320420819e-06,0.408010860618353,4.87222207104859e-09,3.67222786949195e-08,1.1160706322176e-07,2.29164317017554e-07,4.62179222060387e-07,8.86642827030969e-07,1.37520283691067e-06,1.96053102957032e-06,4.46640185927143e-09,3.252026449867e-08,1.13997613201547e-07,2.24757546060132e-07,4.30225015927543e-07,8.5402444240861e-07,1.36234055461287e-06,1.93441020893976e-06,1.11787622536915e-08,3.67222786949195e-08,1.1160706322176e-07,2.29164317017554e-07,4.62179222060387e-07,8.86642827030969e-07,1.37520283691067e-06,1.96053102957032e-06,1.02476536960261e-08,3.252026449867e-08,1.13997613201547e-07,2.24757546060132e-07,4.30225015927543e-07,8.5402444240861e-07,1.36234055461287e-06,1.93441020893976e-06,1.00012673177365
40,7.80751181878796e-08,2.12247747489163e-07,2.49015107252877e-07,2.95115307856139e-07,3.53677613661015e-07,4.29076655102159e-07,4.95777834916613e-07,5.63380825196918e-07,7.3365682112222e-08,2.01646631668842e-07,2.40817401526122e-07,2.90406833901591e-07,3.44641785099591e-07,4.14037244501387e-07,4.81999859182854e-07,5.47385236014956e-07,1.7913452454012e-07,2.12247747489163e-07,2.49015107252877e-07,2.95115307856139e-07,3.53677613661015e-07,4.29076655102159e-07,4.95777834916613e-07,5.63380825196918e-07,1.68329256333738e-07,2.01646631668842e-07,2.40817401526122e-07,2.90406833901591e-07,3.44641785099591e-07,4.14037244501387e-07,4.81999859182854e-07,5.47385236014956e-07,0.997527648640631,7.32601368406827e-08,2.03313407146873e-07,2.38660486349128e-07,2.85875452211423e-07,3.4328043791405e-07,4.14752716968657e-07,4.77178550817143e-07,5.37650703737859e-07,6.49803108056832e-08,1.80184045046376e-07,2.12795283879091e-07,2.60638245134527e-07,3.12467006568097e-07,3.79974515747583e-07,4.44512303271636e-07,5.0371700372856e-07,1.68087094650561e-07,2.03313407146873e-07,2.38660486349128e-07,2.85875452211423e-07,3.4328043791405e-07,4.14752716968657e-07,4.77178550817143e-07,5.37650703737859e-07,1.49089970669456e-07,1.80184045046376e-07,2.12795283879091e-07,2.60638245134527e-07,3.12467006568097e-07,3.79974515747583e-07,4.44512303271636e-07,5.0371700372856e-07,0.95999140626848,8.46030073793167e-08,2.22516591446115e-07,2.60719296232684e-07,3.03930184437396e-07,3.66193666603482e-07,4.47226758923541e-07,5.2318246680731e-07,6.04415344086033e-07,7.95183274609379e-08,2.13685829710004e-07,2.57683479163718e-07,3.02742683727331e-07,3.5872301052085e-07,4.37814636183042e-07,5.18095815359902e-07,5.98825883718243e-07,1.94112027664031e-07,2.22516591446115e-07,2.60719296232684e-07,3.03930184437396e-07,3.66193666603482e-07,4.47226758923541e-07,5.2318246680731e-07,6.04415344086033e-07,1.82445804919089e-07,2.13685829710004e-07,2.57683479163718e-07,3.02742683727331e-07,3.5872301052085e-07,4.37814636183042e-07,5.18095815359902e-07,5.98825883718243e-07,0.999760081768329,6.98665413689358e-08,1.9681979288406e-07,2.32362217094031e-07,2.79556874172966e-07,3.35248393458523e-07,4.04986900851835e-07,4.64163923420879e-07,5.21872609296178e-07,5.78359523725561e-08,1.60106970507868e-07,1.88771946442534e-07,2.30682033154023e-07,2.77361972075135e-07,3.40703145362561e-07,3.94806107536193e-07,4.46727132109166e-07,1.60300873823459e-07,1.9681979288406e-07,2.32362217094031e-07,2.79556874172966e-07,3.35248393458523e-07,4.04986900851835e-07,4.64163923420879e-07,5.21872609296178e-07,1.32698048623527e-07,1.60106970507868e-07,1.88771946442534e-07,2.30682033154023e-07,2.77361972075135e-07,3.40703145362561e-07,3.94806107536193e-07,4.46727132109166e-07,0.894084344100147,1.00230407208718e-07,2.32424325207464e-07,2.66972228323024e-07,3.10272876117956e-07,3.75963040611211e-07,4.66520843904685e-07,5.54268811248773e-07,6.45587199677296e-07,8.21987728407858e-08,2.18959584714267e-07,2.65260734391905e-07,3.09039824226325e-07,3.68048309193821e-07,4.59657911844639e-07,5.52392279101147e-07,6.40975383803224e-07,2.29967328343843e-07,2.32424325207464e-07,2.66972228323024e-07,3.10272876117956e-07,3.75963040611211e-07,4.66520843904685e-07,5.54268811248773e-07,6.45587199677296e-07,1.88595783552735e-07,2.18959584714267e-07,2.65260734391905e-07,3.09039824226325e-07,3.68048309193821e-07,4.59657911844639e-07,5.52392279101147e-07,6.40975383803224e-07,0.999806573122819
41,2.72477670840414e-08,1.41367328264269e-07,1.77631091338433e-07,1.91476472442664e-07,2.89580390738619e-07,4.63559507676482e-07,4.82209163300066e-07,5.29674302021327e-07,1.88314489540748e-14,8.70686338765968e-14,8.70815760292259e-14,1.35231531231572e-13,2.30576894115259e-13,3.91780744421875e-13,6.20385181126653e-13,8.75604048452961e-13,6.25169185096083e-08,1.41367328264269e-07,1.77631091338433e-07,1.91476472442664e-07,2.89580390738619e-07,4.63559507676482e-07,4.82209163300066e-07,5.29674302021327e-07,4.32066288605812e-14,8.70686338765968e-14,8.70815760292259e-14,1.35231531231572e-13,2.30576894115259e-13,3.91780744421875e-13,6.20385181126653e-13,8.75604048452961e-13,9.89780133416069e-06,2.52204270804866e-08,1.3202409343913e-07,1.71432349926268e-07,1.85395933691222e-07,2.8185873720179e-07,4.45965159590951e-07,4.61673743959708e-07,5.05040978032072e-07,4.04206686107192e-17,1.87772242909399e-16,1.63342387011926e-16,3.2992486917041e-16,5.85884523366696e-16,1.07139991153326e-15,1.87776343442453e-15,2.85548184801184e-15,5.78654162634761e-08,1.3202409343913e-07,1.71432349926268e-07,1.85395933691222e-07,2.8185873720179e-07,4.45965159590951e-07,4.61673743959708e-07,5.05040978032072e-07,9.274065055849e-17,1.87772242909399e-16,1.63342387011926e-16,3.2992486917041e-16,5.85884523366696e-16,1.07139991153326e-15,1.87776343442453e-15,2.85548184801184e-15,1.69359876041656e-08,3.60314663140233e-08,1.57189407069562e-07,1.85714770708769e-07,1.97825763103641e-07,2.9845410982597e-07,4.86004375096989e-07,5.12826980620601e-07,5.63367859575096e-07,1.18352783853377e-11,4.08717354845283e-11,4.76197269859279e-11,6.27896257925275e-11,8.1566980382838e-11,1.25269383462888e-10,1.59633366724462e-10,1.99648579125155e-10,8.26701225237201e-08,1.57189407069562e-07,1.85714770708769e-07,1.97825763103641e-07,2.9845410982597e-07,4.86004375096989e-07,5.12826980620601e-07,5.63367859575096e-07,2.71547071021476e-11,4.08717354845283e-11,4.76197269859279e-11,6.27896257925275e-11,8.1566980382838e-11,1.25269383462888e-10,1.59633366724462e-10,1.99648579125155e-10,0.000878025851771523,2.42961503341184e-08,1.25595683455762e-07,1.6672216389788e-07,1.80651117320607e-07,2.75325116232432e-07,4.35468657680697e-07,4.50670332570368e-07,4.88903477884177e-07,7.65346470950559e-19,2.44541308473782e-17,4.38580552458872e-18,3.72064644450484e-17,6.24768168877196e-17,1.13249597429453e-16,1.68441438873199e-16,2.28714173498441e-16,5.57447678501655e-08,1.25595683455762e-07,1.6672216389788e-07,1.80651117320607e-07,2.75325116232432e-07,4.35468657680697e-07,4.50670332570368e-07,4.88903477884177e-07,1.75600087920803e-18,2.44541308473782e-17,4.38580552458872e-18,3.72064644450484e-17,6.24768168877196e-17,1.13249597429453e-16,1.68441438873199e-16,2.28714173498441e-16,8.5191637746007e-10,4.69542321037493e-08,1.79410453157674e-07,1.93225396696974e-07,2.02391285939416e-07,3.05465926962449e-07,5.01547561269661e-07,5.32281451068044e-07,5.88433116555927e-07,5.59533455865016e-11,1.88040232370505e-10,2.1462619788613e-10,2.89529076388813e-10,3.82637423673269e-10,5.38772111361477e-10,6.82593868806368e-10,8.55406464299848e-10,1.07731172725363e-07,1.79410453157674e-07,1.93225396696974e-07,2.02391285939416e-07,3.05465926962449e-07,5.01547561269661e-07,5.32281451068044e-07,5.88433116555927e-07,1.28378620368493e-10,1.88040232370505e-10,2.1462619788613e-10,2.89529076388813e-10,3.82637423673269e-10,5.38772111361477e-10,6.82593868806368e-10,8.55406464299848e-10,0.00509937900134571
42,1.72682883549787e-10,2.28712954580452e-09,1.03092531317096e-08,3.06926006205823e-08,1.32720842039711e-07,3.84285544343702e-07,6.54843840600431e-07,9.4565276232267e-07,3.75034461175851e-12,4.26398481555825e-11,2.12803954735268e-10,5.33489729978189e-10,1.11841456734532e-09,2.22234888901064e-09,3.72983887647098e-09,5.78949545361396e-09,3.96201337364229e-10,2.28712954580452e-09,1.03092531317096e-08,3.06926006205823e-08,1.32720842039711e-07,3.84285544343702e-07,6.54843840600431e-07,9.4565276232267e-07,8.60474136295648e-12,4.26398481555825e-11,2.12803954735268e-10,5.33489729978189e-10,1.11841456734532e-09,2.22234888901064e-09,3.72983887647098e-09,5.78949545361396e-09,0.0246516555393014,8.89961359290408e-11,1.62263497810002e-09,7.50870049120874e-09,2.62765962993083e-08,1.13886995746021e-07,3.6197253178583e-07,6.24849953803635e-07,9.00356007074989e-07,3.32706758535704e-14,3.02591305712558e-13,1.09642105244939e-12,2.50595598558632e-12,5.2733462086101e-12,1.13347674141622e-11,1.95400645379774e-11,2.95581007331901e-11,2.04191564042122e-10,1.62263497810002e-09,7.50870049120874e-09,2.62765962993083e-08,1.13886995746021e-07,3.6197253178583e-07,6.24849953803635e-07,9.00356007074989e-07,7.63358011936129e-14,3.02591305712558e-13,1.09642105244939e-12,2.50595598558632e-12,5.2733462086101e-12,1.13347674141622e-11,1.95400645379774e-11,2.95581007331901e-11,0.000129384727900687,2.4993787270072e-10,2.78823184758761e-09,1.20865621366949e-08,3.4155193566234e-08,1.45572939494376e-07,4.04432803655925e-07,6.81853621508032e-07,1.00106137273123e-06,2.16494940554141e-10,1.86231030791834e-09,7.27110690108768e-09,1.5581973759154e-08,2.97591826832504e-08,5.92995938800155e-08,9.82011719032665e-08,1.42464358227332e-07,5.73454168626071e-10,2.78823184758761e-09,1.20865621366949e-08,3.4155193566234e-08,1.45572939494376e-07,4.04432803655925e-07,6.81853621508032e-07,1.00106137273123e-06,4.9672314485882e-10,1.86231030791834e-09,7.27110690108768e-09,1.5581973759154e-08,2.97591826832504e-08,5.92995938800155e-08,9.82011719032665e-08,1.42464358227332e-07,0.561798682654938,3.60979547531149e-11,8.18819864293237e-10,5.0853482589656e-09,2.18098664707461e-08,1.0473111546048e-07,3.46861448642181e-07,6.02573745144945e-07,8.62685977760668e-07,2.0111789103487e-15,2.52333058197898e-14,1.57448393034557e-13,4.13351566551611e-13,1.05662079899396e-12,2.52901266138349e-12,4.60314430101319e-12,7.24980931039572e-12,8.2822672724098e-11,8.18819864293237e-10,5.0853482589656e-09,2.18098664707461e-08,1.0473111546048e-07,3.46861448642181e-07,6.02573745144945e-07,8.62685977760668e-07,4.61442244638652e-15,2.52333058197898e-14,1.57448393034557e-13,4.13351566551611e-13,1.05662079899396e-12,2.52901266138349e-12,4.60314430101319e-12,7.24980931039572e-12,1.62897711151677e-05,3.64937153776896e-10,3.16520610232052e-09,1.28958077261998e-08,3.59097748396161e-08,1.52738615974135e-07,4.21785874492617e-07,6.98587759846299e-07,1.03977884090042e-06,3.64069913927862e-10,2.73478686986963e-09,9.72312546117037e-09,2.07298660665041e-08,4.17860298149576e-08,8.71371079432468e-08,1.45708536839439e-07,2.0972906873908e-07,8.37307006971621e-10,3.16520610232052e-09,1.28958077261998e-08,3.59097748396161e-08,1.52738615974135e-07,4.21785874492617e-07,6.98587759846299e-07,1.03977884090042e-06,8.35317223265561e-10,2.73478686986963e-09,9.72312546117037e-09,2.07298660665041e-08,4.17860298149576e-08,8.71371079432468e-08,1.45708536839439e-07,2.0972906873908e-07,0.683971382522126
43,3.23735677402379e-08,1.24482978616877e-07,1.63222423856048e-07,1.971626684069e-07,3.86622901689862e-07,5.41681346628297e-07,6.02688071557384e-07,6.75762373031559e-07,4.48641528525115e-11,1.28978520488552e-10,1.61823392585827e-10,1.86876395075532e-10,2.1964689194449e-10,2.73475616785053e-10,3.17720367779941e-10,3.62584005321784e-10,7.4277488134692e-08,1.24482978616877e-07,1.63222423856048e-07,1.971626684069e-07,3.86622901689862e-07,5.41681346628297e-07,6.02688071557384e-07,6.75762373031559e-07,1.02935722374322e-10,1.28978520488552e-10,1.61823392585827e-10,1.86876395075532e-10,2.1964689194449e-10,2.73475616785053e-10,3.17720367779941e-10,3.62584005321784e-10,0.000999458753112699,2.64487318678352e-08,1.0643731349691e-07,1.4967223756659e-07,1.85317092659025e-07,3.58091165499539e-07,4.87774479840726e-07,5.40193455919954e-07,5.82446994413828e-07,1.66057370705854e-12,5.21044051538146e-12,7.21022204061443e-12,8.33783417858682e-12,9.89258464058028e-12,1.26233370523015e-11,1.51186653874732e-11,1.75936357849264e-11,6.06836226162677e-08,1.0643731349691e-07,1.4967223756659e-07,1.85317092659025e-07,3.58091165499539e-07,4.87774479840726e-07,5.40193455919954e-07,5.82446994413828e-07,3.80999847815709e-12,5.21044051538146e-12,7.21022204061443e-12,8.33783417858682e-12,9.89258464058028e-12,1.26233370523015e-11,1.51186653874732e-11,1.75936357849264e-11,5.31252776008341e-05,5.31194264420375e-08,1.62772089082709e-07,1.74629102274881e-07,2.05139789080379e-07,4.05721564180402e-07,5.66427187146963e-07,6.33489321677166e-07,7.26136521837641e-07,2.57372969528851e-09,8.76787156607775e-09,1.29161047673216e-08,1.64684862069228e-08,2.16196733628839e-08,2.8816603545322e-08,3.57631976901771e-08,4.26349034739025e-08,1.21876513547378e-07,1.62772089082709e-07,1.74629102274881e-07,2.05139789080379e-07,4.05721564180402e-07,5.66427187146963e-07,6.33489321677166e-07,7.26136521837641e-07,5.90513157022501e-09,8.76787156607775e-09,1.29161047673216e-08,1.64684862069228e-08,2.16196733628839e-08,2.8816603545322e-08,3.57631976901771e-08,4.26349034739025e-08,0.0759572326206117,2.50477022642921e-08,9.83236535498197e-08,1.34024372220204e-07,1.66886211435098e-07,3.27102373392964e-07,4.40433319169364e-07,4.64492396670614e-07,4.84466633940296e-07,1.7940385492615e-13,5.75223122390407e-13,7.89857598761072e-13,9.9985165551469e-13,1.26913257129984e-12,1.66730878065607e-12,2.03322431169953e-12,2.40375408976214e-12,5.74691187164031e-08,9.83236535498197e-08,1.34024372220204e-07,1.66886211435098e-07,3.27102373392964e-07,4.40433319169364e-07,4.64492396670614e-07,4.84466633940296e-07,4.11621845714346e-13,5.75223122390407e-13,7.89857598761072e-13,9.9985165551469e-13,1.26913257129984e-12,1.66730878065607e-12,2.03322431169953e-12,2.40375408976214e-12,4.26232421290864e-06,6.31165273212828e-08,1.79127891812203e-07,1.83554508348828e-07,2.09532498008626e-07,4.15534041240983e-07,5.81444313598085e-07,6.53080791549928e-07,7.50637068792843e-07,1.01523788012099e-08,3.55644141557374e-08,5.2236192150968e-08,6.54074720892306e-08,8.52852317613008e-08,1.15160117058652e-07,1.42793261971203e-07,1.7161364702789e-07,1.44813730350225e-07,1.79127891812203e-07,1.83554508348828e-07,2.09532498008626e-07,4.15534041240983e-07,5.81444313598085e-07,6.53080791549928e-07,7.50637068792843e-07,2.32934844252115e-08,3.55644141557374e-08,5.2236192150968e-08,6.54074720892306e-08,8.52852317613008e-08,1.15160117058652e-07,1.42793261971203e-07,1.7161364702789e-07,0.350892646597519
44,2.27400553033629e-09,9.59906708012818e-09,5.619130619988e-08,2.14685749039625e-07,5.24460856716815e-07,1.2835871688077e-06,2.24396691865305e-06,3.37450367337387e-06,8.62369182481471e-10,4.06865700853588e-09,2.77925233206193e-08,9.17027868315759e-08,2.46485085792408e-07,6.64836668579406e-07,1.29491683993615e-06,2.07946298914573e-06,2.27400553033629e-09,9.59906708012818e-09,5.619130619988e-08,2.14685749039625e-07,5.24460856716815e-07,1.2835871688077e-06,2.24396691865305e-06,3.37450367337387e-06,8.62369182481471e-10,4.06865700853588e-09,2.77925233206193e-08,9.17027868315759e-08,2.46485085792408e-07,6.64836668579406e-07,1.29491683993615e-06,2.07946298914573e-06,0.677494886858088,2.01149127172753e-09,8.92407274186305e-09,5.3333448289295e-08,2.04617958231042e-07,5.05148468578505e-07,1.24459355581803e-06,2.17298716465254e-06,3.23441374574745e-06,5.9489645157774e-10,2.7050412233259e-09,1.85217808637668e-08,6.02260859885588e-08,1.60725548458794e-07,4.32581053318882e-07,8.51903619404763e-07,1.37984908155104e-06,2.01149127172753e-09,8.92407274186305e-09,5.3333448289295e-08,2.04617958231042e-07,5.05148468578505e-07,1.24459355581803e-06,2.17298716465254e-06,3.23441374574745e-06,5.9489645157774e-10,2.7050412233259e-09,1.85217808637668e-08,6.02260859885588e-08,1.60725548458794e-07,4.32581053318882e-07,8.51903619404763e-07,1.37984908155104e-06,0.539010063097104,2.55697241688509e-09,1.05485005100383e-08,6.00256167645756e-08,2.24579927244668e-07,5.43692222178592e-07,1.32114837660124e-06,2.30964821510842e-06,3.51075223164996e-06,1.20719370609987e-09,5.47632200072777e-09,3.67014489914784e-08,1.18633551822815e-07,3.17366234377442e-07,8.55493400240623e-07,1.64284354837416e-06,2.61642251298492e-06,2.55697241688509e-09,1.05485005100383e-08,6.00256167645756e-08,2.24579927244668e-07,5.43692222178592e-07,1.32114837660124e-06,2.30964821510842e-06,3.51075223164996e-06,1.20719370609987e-09,5.47632200072777e-09,3.67014489914784e-08,1.18633551822815e-07,3.17366234377442e-07,8.55493400240623e-07,1.64284354837416e-06,2.61642251298492e-06,0.784041359600678,1.88574223357728e-09,8.51691383040543e-09,5.15954104638147e-08,1.98607233352893e-07,4.92634925123461e-07,1.21850975432358e-06,2.12456173134188e-06,3.14476439613893e-06,3.97554545713478e-10,1.73364865329001e-09,1.17742821627202e-08,3.98168700069054e-08,1.06864449352177e-07,2.84630984476608e-07,5.48906101320483e-07,8.9484289482222e-07,1.88574223357728e-09,8.51691383040543e-09,5.15954104638147e-08,1.98607233352893e-07,4.92634925123461e-07,1.21850975432358e-06,2.12456173134188e-06,3.14476439613893e-06,3.97554545713478e-10,1.73364865329001e-09,1.17742821627202e-08,3.98168700069054e-08,1.06864449352177e-07,2.84630984476608e-07,5.48906101320483e-07,8.9484289482222e-07,0.401659755840546,2.76334184666099e-09,1.13664848074345e-08,6.35614318578725e-08,2.32504522860383e-07,5.56631818674105e-07,1.34737391805771e-06,2.3573551819941e-06,3.62197741015926e-06,1.56857731897065e-09,6.92163491719074e-09,4.3731337469253e-08,1.38082482513316e-07,3.55536155994646e-07,9.24147144929658e-07,1.78443236723297e-06,2.83157402632635e-06,2.76334184666099e-09,1.13664848074345e-08,6.35614318578725e-08,2.32504522860383e-07,5.56631818674105e-07,1.34737391805771e-06,2.3573551819941e-06,3.62197741015926e-06,1.56857731897065e-09,6.92163491719074e-09,4.3731337469253e-08,1.38082482513316e-07,3.55536155994646e-07,9.24147144929658e-07,1.78443236723297e-06,2.83157402632635e-06,0.831306663569543
45,3.22131965624311e-07,5.3640453118759e-07,5.48637265840888e-07,5.57787289095035e-07,4.89621407700842e-07,4.52627709455016e-07,3.45863647759033e-07,2.64113880122386e-07,2.2631770993135e-10,3.4375994759937e-10,5.65409022602231e-10,9.45784067192703e-10,1.54796142332678e-09,3.22530335994493e-09,5.74169527523034e-09,7.51365971542562e-09,3.22131965624311e-07,5.3640453118759e-07,5.48637265840888e-07,5.57787289095035e-07,4.89621407700842e-07,4.52627709455016e-07,3.45863647759033e-07,2.64113880122386e-07,2.2631770993135e-10,3.4375994759937e-10,5.65409022602231e-10,9.45784067192703e-10,1.54796142332678e-09,3.22530335994493e-09,5.74169527523034e-09,7.51365971542562e-09,0.0220626291113262,3.0285218899948e-07,5.00776635092882e-07,5.09145110301714e-07,5.2319545295013e-07,4.69768980190757e-07,4.34104762655396e-07,3.33082362330908e-07,2.49235481146301e-07,6.40370860557623e-12,1.86855742368201e-11,5.02724117565248e-11,1.07765857176953e-10,2.47680563223122e-10,5.07926528462364e-10,7.02928231194944e-10,8.8658771113922e-10,3.0285218899948e-07,5.00776635092882e-07,5.09145110301714e-07,5.2319545295013e-07,4.69768980190757e-07,4.34104762655396e-07,3.33082362330908e-07,2.49235481146301e-07,6.40370860557623e-12,1.86855742368201e-11,5.02724117565248e-11,1.07765857176953e-10,2.47680563223122e-10,5.07926528462364e-10,7.02928231194944e-10,8.8658771113922e-10,0.00122707027401436,3.42770554731882e-07,5.6424439547365e-07,5.79037091421493e-07,5.90716483982741e-07,5.11589767055288e-07,4.70546288245096e-07,3.56709106886795e-07,2.78289507431791e-07,2.06603637177582e-09,2.99161176757838e-09,4.39575342497574e-09,6.42204984843373e-09,9.91908616683335e-09,1.77233700649316e-08,2.75196748461101e-08,3.56652419558223e-08,3.42770554731882e-07,5.6424439547365e-07,5.79037091421493e-07,5.90716483982741e-07,5.11589767055288e-07,4.70546288245096e-07,3.56709106886795e-07,2.78289507431791e-07,2.06603637177582e-09,2.99161176757838e-09,4.39575342497574e-09,6.42204984843373e-09,9.91908616683335e-09,1.77233700649316e-08,2.75196748461101e-08,3.56652419558223e-08,0.255972648258969,2.85765605050694e-07,4.69079155879092e-07,4.72155972991869e-07,4.93281862754966e-07,4.57758929039849e-07,4.19424897496731e-07,3.19815203186213e-07,2.37339056716668e-07,1.04812918946196e-13,5.76120071185562e-13,3.60032154936966e-12,1.57494764141048e-11,6.47989779701373e-11,1.295690526462e-10,2.09473536909227e-10,2.88400898242833e-10,2.85765605050694e-07,4.69079155879092e-07,4.72155972991869e-07,4.93281862754966e-07,4.57758929039849e-07,4.19424897496731e-07,3.19815203186213e-07,2.37339056716668e-07,1.04812918946196e-13,5.76120071185562e-13,3.60032154936966e-12,1.57494764141048e-11,6.47989779701373e-11,1.295690526462e-10,2.09473536909227e-10,2.88400898242833e-10,0.000428548062892919,3.60044235972848e-07,5.81684895592491e-07,5.96003965710398e-07,6.08555140661114e-07,5.25570999693779e-07,4.80441168649961e-07,3.64680373390542e-07,2.8727324821459e-07,4.41450765102842e-09,5.82015312091876e-09,8.2599660771206e-09,1.12477218725785e-08,1.69597244734742e-08,2.91067427982814e-08,4.49418886651183e-08,5.76439327228095e-08,3.60044235972848e-07,5.81684895592491e-07,5.96003965710398e-07,6.08555140661114e-07,5.25570999693779e-07,4.80441168649961e-07,3.64680373390542e-07,2.8727324821459e-07,4.41450765102842e-09,5.82015312091876e-09,8.2599660771206e-09,1.12477218725785e-08,1.69597244734742e-08,2.91067427982814e-08,4.49418886651183e-08,5.76439327228095e-08,0.476488247641165
46,7.37134649919356e-07,7.77860740293816e-07,1.21241969871514e-06,1.31636841508639e-06,1.43340227481818e-06,1.55165510540646e-06,1.62071542430912e-06,1.80330851548071e-06,3.59649100291074e-07,4.23138979460863e-07,5.12097424401636e-07,5.75025310136085e-07,6.6541307914576e-07,8.08110118742923e-07,9.56206696392223e-07,1.158055352783e-06,7.37134649919356e-07,7.77860740293816e-07,1.21241969871514e-06,1.31636841508639e-06,1.43340227481818e-06,1.55165510540646e-06,1.62071542430912e-06,1.80330851548071e-06,3.59649100291074e-07,4.23138979460863e-07,5.12097424401636e-07,5.75025310136085e-07,6.6541307914576e-07,8.08110118742923e-07,9.56206696392223e-07,1.158055352783e-06,0.787566796330339,7.03165358501125e-07,7.36519489709348e-07,1.15570139982953e-06,1.26771849040634e-06,1.38678721785734e-06,1.50609989997966e-06,1.55616944109959e-06,1.71095623652668e-06,1.36234736824285e-07,1.62214211098732e-07,1.99316111973784e-07,2.26952565177728e-07,2.67422281942654e-07,3.46292545472407e-07,4.38654696840876e-07,5.92637846232083e-07,7.03165358501125e-07,7.36519489709348e-07,1.15570139982953e-06,1.26771849040634e-06,1.38678721785734e-06,1.50609989997966e-06,1.55616944109959e-06,1.71095623652668e-06,1.36234736824285e-07,1.62214211098732e-07,1.99316111973784e-07,2.26952565177728e-07,2.67422281942654e-07,3.46292545472407e-07,4.38654696840876e-07,5.92637846232083e-07,0.681177304758066,7.70612327961952e-07,8.19382444351329e-07,1.27204273360697e-06,1.36740271036955e-06,1.48439327863754e-06,1.59800237367672e-06,1.69117484907983e-06,1.91543703688586e-06,4.74727998958526e-07,5.57852008435478e-07,6.71850872457139e-07,7.53713157717673e-07,8.71676718434341e-07,1.05501185677099e-06,1.24276632943616e-06,1.48672934338144e-06,7.70612327961952e-07,8.19382444351329e-07,1.27204273360697e-06,1.36740271036955e-06,1.48439327863754e-06,1.59800237367672e-06,1.69117484907983e-06,1.91543703688586e-06,4.74727998958526e-07,5.57852008435478e-07,6.71850872457139e-07,7.53713157717673e-07,8.71676718434341e-07,1.05501185677099e-06,1.24276632943616e-06,1.48672934338144e-06,0.874590813503645,6.78746489056966e-07,7.02848606308982e-07,1.12738314675019e-06,1.24038340340862e-06,1.35398471851903e-06,1.476430058041e-06,1.51563910087847e-06,1.6406651767125e-06,1.02505252908058e-07,1.2050082203701e-07,1.46348061566536e-07,1.67062381801846e-07,1.96888951840195e-07,2.54357765505969e-07,3.3537310416933e-07,4.69764297598472e-07,6.78746489056966e-07,7.02848606308982e-07,1.12738314675019e-06,1.24038340340862e-06,1.35398471851903e-06,1.476430058041e-06,1.51563910087847e-06,1.6406651767125e-06,1.02505252908058e-07,1.2050082203701e-07,1.46348061566536e-07,1.67062381801846e-07,1.96888951840195e-07,2.54357765505969e-07,3.3537310416933e-07,4.69764297598472e-07,0.627955791789803,7.87378243028581e-07,8.44765246631106e-07,1.3141443392465e-06,1.41594167747508e-06,1.52101533923259e-06,1.63464393839941e-06,1.78680225394131e-06,2.05954636844225e-06,5.45523878250401e-07,6.40296445531566e-07,7.71114648997061e-07,8.65075460719697e-07,1.00046810529744e-06,1.20951790475169e-06,1.42120866618359e-06,1.71308303128221e-06,7.87378243028581e-07,8.44765246631106e-07,1.3141443392465e-06,1.41594167747508e-06,1.52101533923259e-06,1.63464393839941e-06,1.78680225394131e-06,2.05954636844225e-06,5.45523878250401e-07,6.40296445531566e-07,7.71114648997061e-07,8.65075460719697e-07,1.00046810529744e-06,1.20951790475169e-06,1.42120866618359e-06,1.71308303128221e-06,0.932405629940707
47,1.15197558442178e-08,4.3385327127018e-08,1.71232457111511e-07,6.06296415389446e-07,1.16369029648499e-06,2.34132124972054e-06,3.59682517602704e-06,4.69335952828173e-06,2.02112755726713e-19,9.88408755715791e-19,5.14481851151211e-17,3.60238147978808e-16,1.43972118992621e-15,8.13818687073772e-15,3.21884826913383e-14,9.84440767624292e-14,1.15197558442178e-08,4.3385327127018e-08,1.71232457111511e-07,6.06296415389446e-07,1.16369029648499e-06,2.34132124972054e-06,3.59682517602704e-06,4.69335952828173e-06,2.02112755726713e-19,9.88408755715791e-19,5.14481851151211e-17,3.60238147978808e-16,1.43972118992621e-15,8.13818687073772e-15,3.21884826913383e-14,9.84440767624292e-14,3.74342304794672e-08,1.07463791753421e-08,4.14450729877682e-08,1.6648535477717e-07,5.88951738692314e-07,1.13272701703965e-06,2.29057561431404e-06,3.48753021908448e-06,4.51343938181688e-06,1.19839190914471e-21,6.39701954525484e-21,1.4373806575493e-18,6.49464213820304e-18,1.99753231978569e-17,6.69650971411047e-17,1.46381540126438e-16,2.79023147199986e-16,1.07463791753421e-08,4.14450729877682e-08,1.6648535477717e-07,5.88951738692314e-07,1.13272701703965e-06,2.29057561431404e-06,3.48753021908448e-06,4.51343938181688e-06,1.19839190914471e-21,6.39701954525484e-21,1.4373806575493e-18,6.49464213820304e-18,1.99753231978569e-17,6.69650971411047e-17,1.46381540126438e-16,2.79023147199986e-16,2.56003770137805e-11,1.21975040106541e-08,4.50860056048063e-08,1.76046013990109e-07,6.22247815642294e-07,1.19517808142559e-06,2.40001131958315e-06,3.70445358996415e-06,4.86415854848294e-06,1.46879063289942e-16,8.04280054896436e-16,2.06460406204207e-14,1.46151259590646e-13,5.66549023300307e-13,2.42169189582371e-12,8.03810298963504e-12,1.85451076412222e-11,1.21975040106541e-08,4.50860056048063e-08,1.76046013990109e-07,6.22247815642294e-07,1.19517808142559e-06,2.40001131958315e-06,3.70445358996415e-06,4.86415854848294e-06,1.46879063289942e-16,8.04280054896436e-16,2.06460406204207e-14,1.46151259590646e-13,5.66549023300307e-13,2.42169189582371e-12,8.03810298963504e-12,1.85451076412222e-11,2.5716001249696e-06,1.02780010546687e-08,3.99749056271059e-08,1.62439015128563e-07,5.77509741869495e-07,1.10706520779356e-06,2.25088565814928e-06,3.40371479452194e-06,4.36151533410749e-06,1.12722342909902e-23,6.50933473311224e-23,1.35461661290405e-20,1.27508632274856e-19,7.172989716055e-19,5.01191947923666e-18,1.99976365415399e-17,5.40591554038256e-17,1.02780010546687e-08,3.99749056271059e-08,1.62439015128563e-07,5.77509741869495e-07,1.10706520779356e-06,2.25088565814928e-06,3.40371479452194e-06,4.36151533410749e-06,1.12722342909902e-23,6.50933473311224e-23,1.35461661290405e-20,1.27508632274856e-19,7.172989716055e-19,5.01191947923666e-18,1.99976365415399e-17,5.40591554038256e-17,7.79932024608662e-12,1.27543307362856e-08,4.63163697599495e-08,1.79546103004788e-07,6.32944540358296e-07,1.21364910892202e-06,2.43617262856828e-06,3.77683642266349e-06,5.00180241396861e-06,5.00394207540448e-15,2.35896440186603e-14,2.50492760857526e-13,1.04332938889548e-12,3.42159066594676e-12,1.42382472372036e-11,4.28430358872593e-11,9.86399406387929e-11,1.27543307362856e-08,4.63163697599495e-08,1.79546103004788e-07,6.32944540358296e-07,1.21364910892202e-06,2.43617262856828e-06,3.77683642266349e-06,5.00180241396861e-06,5.00394207540448e-15,2.35896440186603e-14,2.50492760857526e-13,1.04332938889548e-12,3.42159066594676e-12,1.42382472372036e-11,4.28430358872593e-11,9.86399406387929e-11,1.95415727060507e-05
48,7.96586737626885e-08,8.511057157476e-08,8.67633453838629e-08,9.96605471955789e-08,1.29700619664003e-07,1.18443895795165e-07,1.10175103207957e-07,1.02415801394804e-07,1.38063783591183e-15,1.81508497580039e-15,3.31890411117171e-15,5.65782411642536e-15,9.15940938012722e-15,1.50427125155597e-14,1.96863061102928e-14,2.71928937117018e-14,7.96586737626885e-08,8.511057157476e-08,8.67633453838629e-08,9.96605471955789e-08,1.29700619664003e-07,1.18443895795165e-07,1.10175103207957e-07,1.02415801394804e-07,1.38063783591183e-15,1.81508497580039e-15,3.31890411117171e-15,5.65782411642536e-15,9.15940938012722e-15,1.50427125155597e-14,1.96863061102928e-14,2.71928937117018e-14,1.38013624164077e-07,7.50001625534423e-08,8.10756600442228e-08,8.20463289060885e-08,9.34912796988075e-08,1.21218778029686e-07,1.09812913998511e-07,1.0143090716423e-07,9.43644110988821e-08,3.85788891185763e-17,5.01708848096978e-17,1.15377150083838e-16,2.37134389739433e-16,4.08205743113346e-16,7.29757184859321e-16,1.15146507809144e-15,1.6913964870544e-15,7.50001625534423e-08,8.10756600442228e-08,8.20463289060885e-08,9.34912796988075e-08,1.21218778029686e-07,1.09812913998511e-07,1.0143090716423e-07,9.43644110988821e-08,3.85788891185763e-17,5.01708848096978e-17,1.15377150083838e-16,2.37134389739433e-16,4.08205743113346e-16,7.29757184859321e-16,1.15146507809144e-15,1.6913964870544e-15,6.83513010732813e-09,8.4727312280797e-08,8.83757086453786e-08,9.00542040487399e-08,1.04893849220397e-07,1.39023855584317e-07,1.30032628780727e-07,1.23237245949362e-07,1.16238130642868e-07,1.79710936652359e-12,2.41393841699862e-12,4.32702083345641e-12,6.02059842757427e-12,1.00825775196804e-11,2.80761800216692e-11,6.31177710754930e-11,1.07662354242094e-10,8.4727312280797e-08,8.83757086453786e-08,9.00542040487399e-08,1.04893849220397e-07,1.39023855584317e-07,1.30032628780727e-07,1.23237245949362e-07,1.16238130642868e-07,1.79710936652359e-12,2.41393841699862e-12,4.32702083345641e-12,6.02059842757427e-12,1.00825775196804e-11,2.80761800216692e-11,6.31177710754930e-11,1.07662354242094e-10,0.000432277010389804,7.16500119593135e-08,7.85221363255021e-08,7.78875220189953e-08,8.81054213139355e-08,1.12939059458181e-07,1.03947491671651e-07,9.60245477021659e-08,9.05515528363677e-08,5.13395765287911e-20,4.60265828301382e-20,2.62633423905329e-19,1.92589352158487e-18,1.04122656194987e-17,5.978975494585e-17,1.7616477626999e-16,4.25066618817968e-16,7.16500119593135e-08,7.85221363255021e-08,7.78875220189953e-08,8.81054213139355e-08,1.12939059458181e-07,1.03947491671651e-07,9.60245477021659e-08,9.05515528363677e-08,5.13395765287911e-20,4.60265828301382e-20,2.62633423905329e-19,1.92589352158487e-18,1.04122656194987e-17,5.978975494585e-17,1.7616477626999e-16,4.25066618817968e-16,1.99768654387143e-09,8.92313333471643e-08,9.14050157629217e-08,9.28346200442256e-08,1.07846678607627e-07,1.43333070901304e-07,1.35504389593037e-07,1.3073575131187e-07,1.26005032542123e-07,2.70539708535789e-11,3.9844601511296e-11,6.77318842205542e-11,1.07222485227117e-10,1.73143764708161e-10,2.7032344448914e-10,3.90105597870576e-10,5.71709247020248e-10,8.92313333471643e-08,9.14050157629217e-08,9.28346200442256e-08,1.07846678607627e-07,1.43333070901304e-07,1.35504389593037e-07,1.3073575131187e-07,1.26005032542123e-07,2.70539708535789e-11,3.9844601511296e-11,6.77318842205542e-11,1.07222485227117e-10,1.73143764708161e-10,2.7032344448914e-10,3.90105597870576e-10,5.71709247020248e-10,0.00423375717473201
49,5.99744369925549e-25,1.09279747656277e-09,8.63434830674243e-08,9.82907904558002e-08,1.01419075245606e-07,1.36420839435944e-07,2.17764845870235e-07,2.12651053198788e-07,5.59161205485195e-25,3.54317916446287e-17,1.30922835280962e-15,1.48121758483322e-15,1.740952343048e-15,2.09030128646965e-15,2.41667254466528e-15,2.70107926279121e-15,6.43121302725683e-16,3.16901977357148e-08,8.63434830674243e-08,9.82907904558002e-08,1.01419075245606e-07,1.36420839435944e-07,2.17764845870235e-07,2.12651053198788e-07,5.99602932412594e-16,1.02749183396786e-15,1.30922835280962e-15,1.48121758483322e-15,1.740952343048e-15,2.09030128646965e-15,2.41667254466528e-15,2.70107926279121e-15,1.52651314295689e-08,3.30758350093942e-26,1.00499345050768e-09,8.26493805779988e-08,9.53135951508464e-08,9.85089679821347e-08,1.31605966133106e-07,2.05361509175816e-07,1.9991206936483e-07,3.08318318967503e-26,1.95779748299403e-18,7.28636611911136e-17,8.1323727016624e-17,9.71244081379548e-17,1.18292386389503e-16,1.38221194967577e-16,1.59703350948099e-16,3.54680680080782e-17,2.91439556301512e-08,8.26493805779988e-08,9.53135951508464e-08,9.85089679821347e-08,1.31605966133106e-07,2.05361509175816e-07,1.9991206936483e-07,3.30617657941813e-17,5.67744625085632e-17,7.28636611911136e-17,8.1323727016624e-17,9.71244081379548e-17,1.18292386389503e-16,1.38221194967577e-16,1.59703350948099e-16,1.00920601065095e-09,1.18496466459277e-23,1.20710049684128e-09,9.04752128987281e-08,1.0159529562107e-07,1.04551110085254e-07,1.42087679009623e-07,2.29302316466081e-07,2.25196425394288e-07,1.10431008181985e-23,6.99975916509709e-16,2.52071398150691e-14,2.86745099456497e-14,3.355959252839e-14,4.05176880445791e-14,4.63733455907581e-14,5.14772720892218e-14,1.27066806624864e-14,3.50048881445987e-08,9.04752128987281e-08,1.0159529562107e-07,1.04551110085254e-07,1.42087679009623e-07,2.29302316466081e-07,2.25196425394288e-07,1.18418008412693e-14,2.02987064668214e-14,2.52071398150691e-14,2.86745099456497e-14,3.355959252839e-14,4.05176880445791e-14,4.63733455907581e-14,5.14772720892218e-14,2.7142727585837e-07,1.15771516836666e-26,9.50376428590601e-10,8.01063150067836e-08,9.33524726587837e-08,9.64774820483163e-08,1.28880378416164e-07,1.98867103622864e-07,1.92922202929752e-07,1.08117405560389e-26,6.99497776843974e-19,2.66080856234034e-17,2.9849424613246e-17,3.55644859573206e-17,4.3567629355099e-17,5.03218323554781e-17,5.57607240449589e-17,1.24144773106861e-17,2.75601084293578e-08,8.01063150067836e-08,9.33524726587837e-08,9.64774820483163e-08,1.28880378416164e-07,1.98867103622864e-07,1.92922202929752e-07,1.15937072856474e-17,2.02848408230242e-17,2.66080856234034e-17,2.9849424613246e-17,3.55644859573206e-17,4.3567629355099e-17,5.03218323554781e-17,5.57607240449589e-17,3.2704217022505e-10,2.95772640243042e-22,1.26694473133792e-09,9.27740129793112e-08,1.03595304844378e-07,1.07260699810855e-07,1.45555074319059e-07,2.38650986884191e-07,2.34442784414558e-07,2.75755755376368e-22,1.74006196408349e-14,6.22355014708658e-13,7.08019785120929e-13,8.26604947057518e-13,9.73199733572556e-13,1.10692613690861e-12,1.22337944208349e-12,3.17164604191838e-13,3.67403200660799e-08,9.27740129793112e-08,1.03595304844378e-07,1.07260699810855e-07,1.45555074319059e-07,2.38650986884191e-07,2.34442784414558e-07,2.95699984067829e-13,5.04603175765426e-13,6.22355014708658e-13,7.08019785120929e-13,8.26604947057518e-13,9.73199733572556e-13,1.10692613690861e-12,1.22337944208349e-12,4.93330650575135e-06
50,3.00343890750373e-07,4.48074750915309e-07,7.47754867636113e-07,1.21688833314066e-06,1.78100536858158e-06,2.76890274930226e-06,4.00658107083095e-06,5.70005407136737e-06,2.29639169478862e-07,3.72656353129913e-07,6.33459451885093e-07,8.92580184496042e-07,1.30016333005509e-06,2.18762644639192e-06,3.26567660451783e-06,4.88045312579286e-06,3.00343890750373e-07,4.48074750915309e-07,7.47754867636113e-07,1.21688833314066e-06,1.78100536858158e-06,2.76890274930226e-06,4.00658107083095e-06,5.70005407136737e-06,2.29639169478862e-07,3.72656353129913e-07,6.33459451885093e-07,8.92580184496042e-07,1.30016333005509e-06,2.18762644639192e-06,3.26567660451783e-06,4.88045312579286e-06,0.910028891063028,2.85379099734284e-07,4.23020132580161e-07,7.0444178831201e-07,1.15930108184397e-06,1.71376594740324e-06,2.65658893509229e-06,3.85386154465025e-06,5.39195305727025e-06,1.83383191840514e-07,2.82508330067072e-07,4.63305864809508e-07,6.4245421214234e-07,9.11916637692541e-07,1.54579848109542e-06,2.57474672090677e-06,4.28799674399221e-06,2.85379099734284e-07,4.23020132580161e-07,7.0444178831201e-07,1.15930108184397e-06,1.71376594740324e-06,2.65658893509229e-06,3.85386154465025e-06,5.39195305727025e-06,1.83383191840514e-07,2.82508330067072e-07,4.63305864809508e-07,6.4245421214234e-07,9.11916637692541e-07,1.54579848109542e-06,2.57474672090677e-06,4.28799674399221e-06,0.857225914718455,3.16524531653466e-07,4.68051882898442e-07,7.91079472180733e-07,1.27253780212832e-06,1.84815601984582e-06,2.86873522079706e-06,4.14831521064177e-06,5.97428349114586e-06,2.67286742194558e-07,4.2300762221283e-07,7.50327466961424e-07,1.06601531096526e-06,1.56851474717778e-06,2.58786313204707e-06,3.76977377993914e-06,5.42478534930526e-06,3.16524531653466e-07,4.68051882898442e-07,7.91079472180733e-07,1.27253780212832e-06,1.84815601984582e-06,2.86873522079706e-06,4.14831521064177e-06,5.97428349114586e-06,2.67286742194558e-07,4.2300762221283e-07,7.50327466961424e-07,1.06601531096526e-06,1.56851474717778e-06,2.58786313204707e-06,3.76977377993914e-06,5.42478534930526e-06,0.975350342046393,2.75014693029446e-07,4.06527733725594e-07,6.85369739939334e-07,1.12235194065381e-06,1.66453854666621e-06,2.58891831810088e-06,3.73451612934474e-06,5.25317343063956e-06,1.60850226005124e-07,2.32719391328329e-07,4.0882359205836e-07,5.568572787583e-07,7.59159419633054e-07,1.28016781721656e-06,2.16699375078343e-06,3.83695604095134e-06,2.75014693029446e-07,4.06527733725594e-07,6.85369739939334e-07,1.12235194065381e-06,1.66453854666621e-06,2.58891831810088e-06,3.73451612934474e-06,5.25317343063956e-06,1.60850226005124e-07,2.32719391328329e-07,4.0882359205836e-07,5.568572787583e-07,7.59159419633054e-07,1.28016781721656e-06,2.16699375078343e-06,3.83695604095134e-06,0.806486384150929,3.26541371986334e-07,4.79453408951387e-07,8.13929731201811e-07,1.30117068413927e-06,1.88455285933067e-06,2.92984237029674e-06,4.24908643825979e-06,6.16360787004178e-06,2.82747533005437e-07,4.50274032072925e-07,7.98278999816672e-07,1.13898950005793e-06,1.69027742225045e-06,2.77565430776359e-06,4.01430782198799e-06,5.90155091045839e-06,3.26541371986334e-07,4.79453408951387e-07,8.13929731201811e-07,1.30117068413927e-06,1.88455285933067e-06,2.92984237029674e-06,4.24908643825979e-06,6.16360787004178e-06,2.82747533005437e-07,4.50274032072925e-07,7.98278999816672e-07,1.13898950005793e-06,1.69027742225045e-06,2.77565430776359e-06,4.01430782198799e-06,5.90155091045839e-06,0.997369216006292
51,5.33941045779915e-09,6.4751214782707e-08,9.88318831764324e-08,1.10707030350135e-07,1.52664695049607e-07,3.36579482278856e-07,3.59955627542225e-07,4.00255171953413e-07,2.16326682785604e-11,1.20494889450982e-10,1.49887822103585e-10,1.94250758002398e-10,2.65161801509187e-10,3.80705931869465e-10,4.66748054301874e-10,5.59835904918962e-10,1.91951075026888e-08,6.4751214782707e-08,9.88318831764324e-08,1.10707030350135e-07,1.52664695049607e-07,3.36579482278856e-07,3.59955627542225e-07,4.00255171953413e-07,7.77691463240929e-11,1.20494889450982e-10,1.49887822103585e-10,1.94250758002398e-10,2.65161801509187e-10,3.80705931869465e-10,4.66748054301874e-10,5.59835904918962e-10,0.00384430293310327,4.15996108401792e-09,5.5142197167682e-08,9.18632900350087e-08,1.04790046489785e-07,1.45065065901182e-07,3.18877193852685e-07,3.39928454564442e-07,3.74558214721723e-07,4.60351998495683e-13,2.73763369859941e-12,3.71684831988111e-12,5.1958748432079e-12,7.07499569243216e-12,1.01175468123905e-11,1.27120703540354e-11,1.53810449882307e-11,1.49550031498496e-08,5.5142197167682e-08,9.18632900350087e-08,1.04790046489785e-07,1.45065065901182e-07,3.18877193852685e-07,3.39928454564442e-07,3.74558214721723e-07,1.65495913266885e-12,2.73763369859941e-12,3.71684831988111e-12,5.1958748432079e-12,7.07499569243216e-12,1.01175468123905e-11,1.27120703540354e-11,1.53810449882307e-11,9.58560272659109e-05,6.66179750824114e-09,7.38208097364072e-08,1.05252947309221e-07,1.15188538064312e-07,1.59316289477996e-07,3.56096368336868e-07,3.85703846782822e-07,4.32799513826275e-07,3.97948032176725e-10,2.18990988226213e-09,2.79284531997518e-09,3.60509126327042e-09,4.70343198506743e-09,6.18749266489094e-09,7.57556094745646e-09,8.776015320529e-09,2.39490708463986e-08,7.38208097364072e-08,1.05252947309221e-07,1.15188538064312e-07,1.59316289477996e-07,3.56096368336868e-07,3.85703846782822e-07,4.32799513826275e-07,1.43061772802241e-09,2.18990988226213e-09,2.79284531997518e-09,3.60509126327042e-09,4.70343198506743e-09,6.18749266489094e-09,7.57556094745646e-09,8.776015320529e-09,0.0356893942033098,3.78483314869669e-09,5.30080670669774e-08,8.86252239962515e-08,9.93259068110509e-08,1.39332425773593e-07,3.07667233676202e-07,3.28148239875602e-07,3.57777684548106e-07,5.84794935901655e-14,3.71744231728704e-13,5.22839985773166e-13,7.21345896274558e-13,1.09456472136666e-12,1.56303528774815e-12,2.04689706609826e-12,2.63881535538339e-12,1.36064233576302e-08,5.30080670669774e-08,8.86252239962515e-08,9.93259068110509e-08,1.39332425773593e-07,3.07667233676202e-07,3.28148239875602e-07,3.57777684548106e-07,2.10232978909945e-13,3.71744231728704e-13,5.22839985773166e-13,7.21345896274558e-13,1.09456472136666e-12,1.56303528774815e-12,2.04689706609826e-12,2.63881535538339e-12,1.38667218456412e-05,7.55895741411201e-09,7.98081074375852e-08,1.08934096583117e-07,1.17599170278858e-07,1.63043593666075e-07,3.69961850641989e-07,4.04678324924004e-07,4.58630452505076e-07,7.66496065479185e-10,4.32210389486117e-09,5.55609094765175e-09,7.11930507879983e-09,9.81047859052356e-09,1.3658767649807e-08,1.73067043955965e-08,2.04686523475991e-08,2.71743484264616e-08,7.98081074375852e-08,1.08934096583117e-07,1.17599170278858e-07,1.63043593666075e-07,3.69961850641989e-07,4.04678324924004e-07,4.58630452505076e-07,2.75554286255894e-09,4.32210389486117e-09,5.55609094765175e-09,7.11930507879983e-09,9.81047859052356e-09,1.3658767649807e-08,1.73067043955965e-08,2.04686523475991e-08,0.0751734996184419
52,2.01201011379042e-07,2.49186902755536e-07,3.12635837218312e-07,6.60109412673184e-07,8.45582104653853e-07,1.0094374621621e-06,1.17244116471931e-06,1.21536904362299e-06,6.83670675904021e-13,7.04303938306052e-13,1.22472878018842e-12,1.74825933941076e-12,2.51367670897123e-12,3.99746673015349e-12,5.7560677403361e-12,7.89621115418836e-12,2.01201011379042e-07,2.49186902755536e-07,3.12635837218312e-07,6.60109412673184e-07,8.45582104653853e-07,1.0094374621621e-06,1.17244116471931e-06,1.21536904362299e-06,6.83670675904021e-13,7.04303938306052e-13,1.22472878018842e-12,1.74825933941076e-12,2.51367670897123e-12,3.99746673015349e-12,5.7560677403361e-12,7.89621115418836e-12,2.5279534054314e-05,1.92646136792239e-07,2.40328202961354e-07,3.03607449149538e-07,6.44657659314729e-07,8.22037041231905e-07,9.78524293047158e-07,1.13873695236271e-06,1.1619672529561e-06,1.22500221081538e-15,1.01129540610813e-15,2.19432451691944e-15,4.11839036579915e-15,7.08684855793344e-15,1.4172319233778e-14,2.46537473040433e-14,4.10903324328348e-14,1.92646136792239e-07,2.40328202961354e-07,3.03607449149538e-07,6.44657659314729e-07,8.22037041231905e-07,9.78524293047158e-07,1.13873695236271e-06,1.1619672529561e-06,1.22500221081538e-15,1.01129540610813e-15,2.19432451691944e-15,4.11839036579915e-15,7.08684855793344e-15,1.4172319233778e-14,2.46537473040433e-14,4.10903324328348e-14,1.34837153812158e-07,2.12469844668657e-07,2.59394441941706e-07,3.2365650473728e-07,6.75838777567501e-07,8.71044768803836e-07,1.0403158238968e-06,1.2072612866428e-06,1.262285371087e-06,7.05552931100433e-11,7.91938589140478e-11,1.18945341006116e-10,1.63276369010933e-10,2.11545941543127e-10,2.84656538822375e-10,3.98998170409997e-10,5.07484211175549e-10,2.12469844668657e-07,2.59394441941706e-07,3.2365650473728e-07,6.75838777567501e-07,8.71044768803836e-07,1.0403158238968e-06,1.2072612866428e-06,1.262285371087e-06,7.05552931100433e-11,7.91938589140478e-11,1.18945341006116e-10,1.63276369010933e-10,2.11545941543127e-10,2.84656538822375e-10,3.98998170409997e-10,5.07484211175549e-10,0.000936080107016193,1.87444181036306e-07,2.33905379240374e-07,2.969785082098e-07,6.34840178713406e-07,8.04088702782155e-07,9.57334629994176e-07,1.11641345576886e-06,1.13194673889793e-06,5.2073142787611e-17,1.05596792524922e-17,1.24396648052484e-16,3.17394948696367e-16,6.67478518664408e-16,1.49700003891372e-15,2.43382446634755e-15,3.21524787386558e-15,1.87444181036306e-07,2.33905379240374e-07,2.969785082098e-07,6.34840178713406e-07,8.04088702782155e-07,9.57334629994176e-07,1.11641345576886e-06,1.13194673889793e-06,5.2073142787611e-17,1.05596792524922e-17,1.24396648052484e-16,3.17394948696367e-16,6.67478518664408e-16,1.49700003891372e-15,2.43382446634755e-15,3.21524787386558e-15,5.62498794170422e-09,2.20670067492209e-07,2.67915397050273e-07,3.32004062472092e-07,6.87513676122954e-07,8.93280708368317e-07,1.06361725630687e-06,1.23089687220274e-06,1.29393239327427e-06,3.11038727514459e-10,3.52061274934008e-10,5.15359230492506e-10,6.68024738458199e-10,8.87584558699157e-10,1.24448615309209e-09,1.63453525513636e-09,2.14034350578558e-09,2.20670067492209e-07,2.67915397050273e-07,3.32004062472092e-07,6.87513676122954e-07,8.93280708368317e-07,1.06361725630687e-06,1.23089687220274e-06,1.29393239327427e-06,3.11038727514459e-10,3.52061274934008e-10,5.15359230492506e-10,6.68024738458199e-10,8.87584558699157e-10,1.24448615309209e-09,1.63453525513636e-09,2.14034350578558e-09,0.00616300709139826
53,2.90503005881449e-07,3.82834282960088e-07,4.4923627707161e-07,5.69722287591545e-07,5.97912374633531e-07,5.62323160097909e-07,5.63243823180786e-07,5.56044866226619e-07,6.62043347568221e-16,1.2440594822845e-15,2.1785574685076e-15,3.31566252302951e-15,4.88313852821182e-15,7.1491282705773e-15,9.52181670260408e-15,1.23395199749937e-14,2.90503005881449e-07,3.82834282960088e-07,4.4923627707161e-07,5.69722287591545e-07,5.97912374633531e-07,5.62323160097909e-07,5.63243823180786e-07,5.56044866226619e-07,6.62043347568221e-16,1.2440594822845e-15,2.1785574685076e-15,3.31566252302951e-15,4.88313852821182e-15,7.1491282705773e-15,9.52181670260408e-15,1.23395199749937e-14,1.69707882749432e-09,2.75138067489341e-07,3.70703869667222e-07,4.36946119412468e-07,5.49107529674456e-07,5.67650507927205e-07,5.33512556633688e-07,5.34772282025774e-07,5.24001391542091e-07,2.51698952557773e-17,4.74404053919001e-17,8.31872000325693e-17,1.25187625217145e-16,1.83571005273426e-16,2.68931791343312e-16,3.55415342955392e-16,4.58105653657399e-16,2.75138067489341e-07,3.70703869667222e-07,4.36946119412468e-07,5.49107529674456e-07,5.67650507927205e-07,5.33512556633688e-07,5.34772282025774e-07,5.24001391542091e-07,2.51698952557773e-17,4.74404053919001e-17,8.31872000325693e-17,1.25187625217145e-16,1.83571005273426e-16,2.68931791343312e-16,3.55415342955392e-16,4.58105653657399e-16,6.46050191083718e-11,3.04830702851437e-07,3.93552810313079e-07,4.64109710872855e-07,6.03259254743937e-07,6.42105391229865e-07,6.01846682052094e-07,5.96353405245198e-07,5.87531811682094e-07,1.18630312548077e-13,2.27495054165975e-13,4.00831095403958e-13,6.09533147476342e-13,8.94476472438448e-13,1.3215551862758e-12,1.77426079242915e-12,2.31026517268872e-12,3.04830702851437e-07,3.93552810313079e-07,4.64109710872855e-07,6.03259254743937e-07,6.42105391229865e-07,6.01846682052094e-07,5.96353405245198e-07,5.87531811682094e-07,1.18630312548077e-13,2.27495054165975e-13,4.00831095403958e-13,6.09533147476342e-13,8.94476472438448e-13,1.3215551862758e-12,1.77426079242915e-12,2.31026517268872e-12,4.21181029297513e-07,2.67415307499326e-07,3.63485875076515e-07,4.28936946464971e-07,5.34890864217701e-07,5.50757983715903e-07,5.14375977623525e-07,5.19064835215971e-07,4.95830007439865e-07,1.00742527023817e-17,1.90296816311397e-17,3.21621947811989e-17,4.84680231334889e-17,7.13552530071956e-17,1.04829183791872e-16,1.40878695246225e-16,1.84051029673492e-16,2.67415307499326e-07,3.63485875076515e-07,4.28936946464971e-07,5.34890864217701e-07,5.50757983715903e-07,5.14375977623525e-07,5.19064835215971e-07,4.95830007439865e-07,1.00742527023817e-17,1.90296816311397e-17,3.21621947811989e-17,4.84680231334889e-17,7.13552530071956e-17,1.04829183791872e-16,1.40878695246225e-16,1.84051029673492e-16,2.47869771839527e-11,3.14310842790696e-07,4.01638390401272e-07,4.77318864499629e-07,6.28209436709472e-07,6.76357368144177e-07,6.32582084022264e-07,6.19076324050308e-07,6.07535990096365e-07,7.52045114705735e-13,1.48449672209948e-12,2.68174650685077e-12,4.17556656336736e-12,6.30779767556626e-12,9.36002180730608e-12,1.26351941228972e-11,1.67440298949633e-11,3.14310842790696e-07,4.01638390401272e-07,4.77318864499629e-07,6.28209436709472e-07,6.76357368144177e-07,6.32582084022264e-07,6.19076324050308e-07,6.07535990096365e-07,7.52045114705735e-13,1.48449672209948e-12,2.68174650685077e-12,4.17556656336736e-12,6.30779767556626e-12,9.36002180730608e-12,1.26351941228972e-11,1.67440298949633e-11,3.28389253406184e-06
54,9.26711642141478e-07,9.28534965929959e-07,1.36548373770593e-06,1.43711490577365e-06,1.46594895670198e-06,1.65729360725577e-06,1.71852626736633e-06,1.72945599252571e-06,3.6562127393785e-13,4.38900699122007e-13,5.44649482648769e-13,6.1242234344933e-13,7.17772575956199e-13,9.16284295414943e-13,1.17561889561551e-12,1.46673647844625e-12,9.26711642141478e-07,9.28534965929959e-07,1.36548373770593e-06,1.43711490577365e-06,1.46594895670198e-06,1.65729360725577e-06,1.71852626736633e-06,1.72945599252571e-06,3.6562127393785e-13,4.38900699122007e-13,5.44649482648769e-13,6.1242234344933e-13,7.17772575956199e-13,9.16284295414943e-13,1.17561889561551e-12,1.46673647844625e-12,2.80768582647495e-06,8.88160650052305e-07,8.98358581692249e-07,1.32493508228711e-06,1.36695342212095e-06,1.42187201821421e-06,1.60749872623746e-06,1.65453551774994e-06,1.63437948459801e-06,4.5144724499831e-15,5.34562760936528e-15,6.44428454063289e-15,7.25632880531355e-15,8.49488021886273e-15,1.10002041884462e-14,1.4116882606927e-14,1.75627697945145e-14,8.88160650052305e-07,8.98358581692249e-07,1.32493508228711e-06,1.36695342212095e-06,1.42187201821421e-06,1.60749872623746e-06,1.65453551774994e-06,1.63437948459801e-06,4.5144724499831e-15,5.34562760936528e-15,6.44428454063289e-15,7.25632880531355e-15,8.49488021886273e-15,1.10002041884462e-14,1.4116882606927e-14,1.75627697945145e-14,2.52693206067283e-08,9.74552618209633e-07,9.60960058623185e-07,1.40925580968024e-06,1.50391625069498e-06,1.52264794283166e-06,1.69974885624825e-06,1.77598690539213e-06,1.80825757873876e-06,1.17213200166359e-10,1.44239563871099e-10,1.77635813579445e-10,2.06030845351299e-10,2.50064859016873e-10,3.29905198723511e-10,4.38232264225916e-10,5.64369794499512e-10,9.74552618209633e-07,9.60960058623185e-07,1.40925580968024e-06,1.50391625069498e-06,1.52264794283166e-06,1.69974885624825e-06,1.77598690539213e-06,1.80825757873876e-06,1.17213200166359e-10,1.44239563871099e-10,1.77635813579445e-10,2.06030845351299e-10,2.50064859016873e-10,3.29905198723511e-10,4.38232264225916e-10,5.64369794499512e-10,0.0013660217299777,8.52965111727025e-07,8.76586815444074e-07,1.29962510545961e-06,1.3376583888171e-06,1.38995717708795e-06,1.56725738647386e-06,1.60222327853318e-06,1.56400331732419e-06,7.24710280235275e-16,8.57299312329498e-16,1.03210854537015e-15,1.1604495923482e-15,1.34481196354776e-15,1.7057966283428e-15,2.14526968113605e-15,2.62971778608016e-15,8.52965111727025e-07,8.76586815444074e-07,1.29962510545961e-06,1.3376583888171e-06,1.38995717708795e-06,1.56725738647386e-06,1.60222327853318e-06,1.56400331732419e-06,7.24710280235275e-16,8.57299312329498e-16,1.03210854537015e-15,1.1604495923482e-15,1.34481196354776e-15,1.7057966283428e-15,2.14526968113605e-15,2.62971778608016e-15,2.88524623882961e-09,9.94620119909263e-07,9.76922916978657e-07,1.45134753611119e-06,1.56610652896103e-06,1.56898767989052e-06,1.73122683897173e-06,1.80858225753077e-06,1.84444861879269e-06,7.65450565015667e-10,9.160030366533e-10,1.10378382781848e-09,1.2599075636857e-09,1.49127373310862e-09,2.0357488487455e-09,2.67547810174963e-09,3.37721912689888e-09,9.94620119909263e-07,9.76922916978657e-07,1.45134753611119e-06,1.56610652896103e-06,1.56898767989052e-06,1.73122683897173e-06,1.80858225753077e-06,1.84444861879269e-06,7.65450565015667e-10,9.160030366533e-10,1.10378382781848e-09,1.2599075636857e-09,1.49127373310862e-09,2.0357488487455e-09,2.67547810174963e-09,3.37721912689888e-09,0.00656469799193323
55,2.57531194818964e-09,8.74469872236953e-09,1.75752256832987e-08,4.05581013915536e-08,1.32868427205479e-07,2.55817899275164e-07,4.15387122612749e-07,6.78738510864208e-07,3.18495045701905e-10,6.22381496149061e-10,5.46092709918106e-10,4.45857276546334e-09,1.54365889620849e-08,6.49502327076674e-08,1.84742088236069e-07,4.23442413025711e-07,2.57531194818964e-09,8.74469872236953e-09,1.75752256832987e-08,4.05581013915536e-08,1.32868427205479e-07,2.55817899275164e-07,4.15387122612749e-07,6.78738510864208e-07,3.18495045701905e-10,6.22381496149061e-10,5.46092709918106e-10,4.45857276546334e-09,1.54365889620849e-08,6.49502327076674e-08,1.84742088236069e-07,4.23442413025711e-07,0.997963656722473,2.1506095912357e-09,7.87827576668712e-09,1.65290949596233e-08,3.92215705392789e-08,1.27661349693012e-07,2.45967250452871e-07,3.99704146765711e-07,6.36466179831052e-07,7.52031631627442e-11,1.55496216343724e-10,1.069262670479e-10,1.61907309883543e-09,8.51020159839332e-09,4.92457418206222e-08,1.55964834007542e-07,3.67908880049905e-07,2.1506095912357e-09,7.87827576668712e-09,1.65290949596233e-08,3.92215705392789e-08,1.27661349693012e-07,2.45967250452871e-07,3.99704146765711e-07,6.36466179831052e-07,7.52031631627442e-11,1.55496216343724e-10,1.069262670479e-10,1.61907309883543e-09,8.51020159839332e-09,4.92457418206222e-08,1.55964834007542e-07,3.67908880049905e-07,0.99697796529406,3.02834763493122e-09,9.61022527710844e-09,1.84203734706734e-08,4.20078126337398e-08,1.3823620429427e-07,2.66470517981137e-07,4.32060746004094e-07,7.11341589793772e-07,6.1963708817195e-10,1.1596613988359e-09,1.02236817888064e-09,7.20458299464824e-09,2.26110106530869e-08,8.43798559033028e-08,2.19809508630334e-07,4.82390638628954e-07,3.02834763493122e-09,9.61022527710844e-09,1.84203734706734e-08,4.20078126337398e-08,1.3823620429427e-07,2.66470517981137e-07,4.32060746004094e-07,7.11341589793772e-07,6.1963708817195e-10,1.1596613988359e-09,1.02236817888064e-09,7.20458299464824e-09,2.26110106530869e-08,8.43798559033028e-08,2.19809508630334e-07,4.82390638628954e-07,0.998470296992951,1.89991501426429e-09,7.2496609848771e-09,1.56385122993956e-08,3.81836265728113e-08,1.23989221251299e-07,2.39685502663671e-07,3.87930171468401e-07,6.02366116223745e-07,5.70211999242267e-11,1.17923760433445e-10,8.23627716758314e-11,1.25188502785243e-09,6.77274921881516e-09,4.26193825047485e-08,1.41236964542925e-07,3.37783788578101e-07,1.89991501426429e-09,7.2496609848771e-09,1.56385122993956e-08,3.81836265728113e-08,1.23989221251299e-07,2.39685502663671e-07,3.87930171468401e-07,6.02366116223745e-07,5.70211999242267e-11,1.17923760433445e-10,8.23627716758314e-11,1.25188502785243e-09,6.77274921881516e-09,4.26193825047485e-08,1.41236964542925e-07,3.37783788578101e-07,0.994491372458119,3.35634882397436e-09,1.02240954191162e-08,1.92072263528088e-08,4.31321466412698e-08,1.42322287216762e-07,2.76086943706473e-07,4.46128658278046e-07,7.35254862012517e-07,8.70127745365933e-10,1.57853787507117e-09,1.4480284453825e-09,9.1133695480006e-09,2.77683382239402e-08,9.75739238931966e-08,2.43312637130987e-07,5.16321484371827e-07,3.35634882397436e-09,1.02240954191162e-08,1.92072263528088e-08,4.31321466412698e-08,1.42322287216762e-07,2.76086943706473e-07,4.46128658278046e-07,7.35254862012517e-07,8.70127745365933e-10,1.57853787507117e-09,1.4480284453825e-09,9.1133695480006e-09,2.77683382239402e-08,9.75739238931966e-08,2.43312637130987e-07,5.16321484371827e-07,0.998726413827946
56,2.26117600904914e-07,2.37071353158296e-07,2.68623106707121e-07,4.42687383445423e-07,4.52975345095614e-07,4.75637559507348e-07,4.89882071417916e-07,4.94537719394015e-07,7.9440509983774e-08,9.31582489442736e-08,1.11835837046793e-07,1.27271370197793e-07,1.47209731630716e-07,1.77115818393568e-07,2.10398619927438e-07,2.5582435435586e-07,2.26117600904914e-07,2.37071353158296e-07,2.68623106707121e-07,4.42687383445423e-07,4.52975345095614e-07,4.75637559507348e-07,4.89882071417916e-07,4.94537719394015e-07,7.9440509983774e-08,9.31582489442736e-08,1.11835837046793e-07,1.27271370197793e-07,1.47209731630716e-07,1.77115818393568e-07,2.10398619927438e-07,2.5582435435586e-07,0.509055677313209,2.17210573028566e-07,2.28787758717983e-07,2.60291629094368e-07,4.25769085680263e-07,4.38029729459434e-07,4.61651565814927e-07,4.76140439795061e-07,4.74835571301787e-07,6.3279199342617e-08,7.37628273518726e-08,8.9132712172162e-08,1.01442706310619e-07,1.17616145393813e-07,1.41967782912372e-07,1.69189859526314e-07,2.07661799179708e-07,2.17210573028566e-07,2.28787758717983e-07,2.60291629094368e-07,4.25769085680263e-07,4.38029729459434e-07,4.61651565814927e-07,4.76140439795061e-07,4.74835571301787e-07,6.3279199342617e-08,7.37628273518726e-08,8.9132712172162e-08,1.01442706310619e-07,1.17616145393813e-07,1.41967782912372e-07,1.69189859526314e-07,2.07661799179708e-07,0.393970371530609,2.35349968820593e-07,2.45491509713718e-07,2.77236310715047e-07,4.57462430042263e-07,4.65444907605937e-07,4.89782438557932e-07,5.059730148363e-07,5.1790650296156e-07,9.45223021315089e-08,1.10371535210085e-07,1.32898222361598e-07,1.51236263649549e-07,1.75154784961286e-07,2.09833329004109e-07,2.45938821402105e-07,2.94805534889343e-07,2.35349968820593e-07,2.45491509713718e-07,2.77236310715047e-07,4.57462430042263e-07,4.65444907605937e-07,4.89782438557932e-07,5.059730148363e-07,5.1790650296156e-07,9.45223021315089e-08,1.10371535210085e-07,1.32898222361598e-07,1.51236263649549e-07,1.75154784961286e-07,2.09833329004109e-07,2.45938821402105e-07,2.94805534889343e-07,0.65501810688965,2.09165072835214e-07,2.21611107619265e-07,2.53204703141835e-07,4.07382395191455e-07,4.24406949449554e-07,4.52149346617002e-07,4.67344565346825e-07,4.63169132726468e-07,5.16886166703983e-08,6.02450250482187e-08,7.2067737801731e-08,8.21722222419085e-08,9.50378621618177e-08,1.14066090103553e-07,1.34659055258149e-07,1.63894396566752e-07,2.09165072835214e-07,2.21611107619265e-07,2.53204703141835e-07,4.07382395191455e-07,4.24406949449554e-07,4.52149346617002e-07,4.67344565346825e-07,4.63169132726468e-07,5.16886166703983e-08,6.02450250482187e-08,7.2067737801731e-08,8.21722222419085e-08,9.50378621618177e-08,1.14066090103553e-07,1.34659055258149e-07,1.63894396566752e-07,0.288093075536036,2.42134539927e-07,2.51160478923893e-07,2.83355607009242e-07,4.66288648991178e-07,4.73724093694752e-07,4.98927876671802e-07,5.18926803776378e-07,5.43464862770596e-07,1.11626857475264e-07,1.29661263337502e-07,1.56301154919161e-07,1.77333773665317e-07,2.05778260102113e-07,2.49303446168009e-07,2.87672563708361e-07,3.42623863573231e-07,2.42134539927e-07,2.51160478923893e-07,2.83355607009242e-07,4.66288648991178e-07,4.73724093694752e-07,4.98927876671802e-07,5.18926803776378e-07,5.43464862770596e-07,1.11626857475264e-07,1.29661263337502e-07,1.56301154919161e-07,1.77333773665317e-07,2.05778260102113e-07,2.49303446168009e-07,2.87672563708361e-07,3.42623863573231e-07,0.720674746893199
57,6.25493366400303e-07,1.09332226335588e-06,2.3151398155541e-06,4.96091157543761e-06,6.32779596027193e-06,9.25821548176102e-06,1.18877715229934e-05,1.35656782577066e-05,6.38888955207813e-15,1.40829093204398e-14,3.30348803413444e-14,5.70260030611232e-14,9.71586833525599e-14,1.66942041613389e-13,2.6257814655711e-13,3.85966431259778e-13,6.25493366400303e-07,1.09332226335588e-06,2.3151398155541e-06,4.96091157543761e-06,6.32779596027193e-06,9.25821548176102e-06,1.18877715229934e-05,1.35656782577066e-05,6.38888955207813e-15,1.40829093204398e-14,3.30348803413444e-14,5.70260030611232e-14,9.71586833525599e-14,1.66942041613389e-13,2.6257814655711e-13,3.85966431259778e-13,2.21674690263908e-08,6.00741636426697e-07,1.06078729458491e-06,2.2601875531644e-06,4.81696199773943e-06,6.07663927353011e-06,8.88558870835585e-06,1.06371314239053e-05,1.1632542729483e-05,2.57606068936471e-16,5.19344524024269e-16,1.28714478020013e-15,2.1277341215669e-15,3.35808760306994e-15,5.49003477259958e-15,8.15676657244879e-15,1.20329002111722e-14,6.00741636426697e-07,1.06078729458491e-06,2.2601875531644e-06,4.81696199773943e-06,6.07663927353011e-06,8.88558870835585e-06,1.06371314239053e-05,1.1632542729483e-05,2.57606068936471e-16,5.19344524024269e-16,1.28714478020013e-15,2.1277341215669e-15,3.35808760306994e-15,5.49003477259958e-15,8.15676657244879e-15,1.20329002111722e-14,7.64937054082563e-10,6.48499217666302e-07,1.1220040170953e-06,2.37007572275795e-06,5.13945365188412e-06,6.68809850558925e-06,9.62376409426439e-06,1.25244335399379e-05,1.45179168841994e-05,1.74106055712502e-11,3.50045020796462e-11,7.29961430280103e-11,1.1789390921228e-10,1.88311470338995e-10,3.10193890976317e-10,4.60524812757691e-10,6.9634466754312e-10,6.48499217666302e-07,1.1220040170953e-06,2.37007572275795e-06,5.13945365188412e-06,6.68809850558925e-06,9.62376409426439e-06,1.25244335399379e-05,1.45179168841994e-05,1.74106055712502e-11,3.50045020796462e-11,7.29961430280103e-11,1.1789390921228e-10,1.88311470338995e-10,3.10193890976317e-10,4.60524812757691e-10,6.9634466754312e-10,4.05042793578586e-05,5.84265226123758e-07,1.03861181061965e-06,2.22358687732277e-06,4.73833883794264e-06,5.94783346535282e-06,8.70449208259838e-06,1.00503505135873e-05,1.07818184050557e-05,4.61094290365015e-17,9.32085332617807e-17,2.77455304252619e-16,4.86526400996429e-16,8.41054343349101e-16,1.47775996154888e-15,2.30368895560524e-15,3.48250879476975e-15,5.84265226123758e-07,1.03861181061965e-06,2.22358687732277e-06,4.73833883794264e-06,5.94783346535282e-06,8.70449208259838e-06,1.00503505135873e-05,1.07818184050557e-05,4.61094290365015e-17,9.32085332617807e-17,2.77455304252619e-16,4.86526400996429e-16,8.41054343349101e-16,1.47775996154888e-15,2.30368895560524e-15,3.48250879476975e-15,2.00108855213125e-10,6.66287534678456e-07,1.14169994147989e-06,2.40468163009706e-06,5.28591423592695e-06,7.01354038250818e-06,9.87584646159516e-06,1.28837113778127e-05,1.49577689938563e-05,2.08100325789265e-10,4.22352187821368e-10,9.11857901613019e-10,1.58117927052574e-09,2.65933612492461e-09,4.57260372142929e-09,6.93670491189084e-09,1.08629499659364e-08,6.66287534678456e-07,1.14169994147989e-06,2.40468163009706e-06,5.28591423592695e-06,7.01354038250818e-06,9.87584646159516e-06,1.28837113778127e-05,1.49577689938563e-05,2.08100325789265e-10,4.22352187821368e-10,9.11857901613019e-10,1.58117927052574e-09,2.65933612492461e-09,4.57260372142929e-09,6.93670491189084e-09,1.08629499659364e-08,0.000717993530122622
58,1.85018509657671e-08,2.85408372418291e-08,9.06255133543655e-08,2.06598095409858e-07,3.9012861141969e-07,7.51504076406341e-07,1.19672577415606e-06,1.74365801707067e-06,1.01578008985017e-08,1.38761604513586e-08,6.36870631371355e-08,1.39918758616108e-07,2.83078038730901e-07,6.07088455470205e-07,1.01153278706929e-06,1.566224883415e-06,1.85018509657671e-08,2.85408372418291e-08,9.06255133543655e-08,2.06598095409858e-07,3.9012861141969e-07,7.51504076406341e-07,1.19672577415606e-06,1.74365801707067e-06,1.01578008985017e-08,1.38761604513586e-08,6.36870631371355e-08,1.39918758616108e-07,2.83078038730901e-07,6.07088455470205e-07,1.01153278706929e-06,1.566224883415e-06,0.892493405351337,1.72934479033544e-08,2.71609210398134e-08,8.61408081530265e-08,1.99334363791291e-07,3.77468629616435e-07,7.29521190791443e-07,1.15677285385835e-06,1.67322649458142e-06,7.29355431355533e-09,1.03102179408994e-08,5.01480198889819e-08,1.13456801905181e-07,2.38336256157069e-07,5.29253599864831e-07,8.9681162463216e-07,1.39500555547229e-06,1.72934479033544e-08,2.71609210398134e-08,8.61408081530265e-08,1.99334363791291e-07,3.77468629616435e-07,7.29521190791443e-07,1.15677285385835e-06,1.67322649458142e-06,7.29355431355533e-09,1.03102179408994e-08,5.01480198889819e-08,1.13456801905181e-07,2.38336256157069e-07,5.29253599864831e-07,8.9681162463216e-07,1.39500555547229e-06,0.821518844716026,1.94287094274672e-08,3.00376153956904e-08,9.56163881702118e-08,2.15047559630965e-07,4.02926650733501e-07,7.71204070339733e-07,1.23300156746355e-06,1.82466110205849e-06,1.40398540646932e-08,1.94853262126253e-08,7.93974519946366e-08,1.66160936240585e-07,3.24713499397765e-07,6.74085829125371e-07,1.10847032841914e-06,1.70710930719587e-06,1.94287094274672e-08,3.00376153956904e-08,9.56163881702118e-08,2.15047559630965e-07,4.02926650733501e-07,7.71204070339733e-07,1.23300156746355e-06,1.82466110205849e-06,1.40398540646932e-08,1.94853262126253e-08,7.93974519946366e-08,1.66160936240585e-07,3.24713499397765e-07,6.74085829125371e-07,1.10847032841914e-06,1.70710930719587e-06,0.95339202599934,1.65099157737674e-08,2.64057778751201e-08,8.33751289160923e-08,1.94305618142591e-07,3.6979185811904e-07,7.15729697981683e-07,1.12943660809177e-06,1.62082365773257e-06,5.5346702109134e-09,7.56474101034594e-09,3.95982383411319e-08,9.48743642061153e-08,2.0671610857574e-07,4.78238315977797e-07,8.2902105250036e-07,1.32043089918347e-06,1.65099157737674e-08,2.64057778751201e-08,8.33751289160923e-08,1.94305618142591e-07,3.6979185811904e-07,7.15729697981683e-07,1.12943660809177e-06,1.62082365773257e-06,5.5346702109134e-09,7.56474101034594e-09,3.95982383411319e-08,9.48743642061153e-08,2.0671610857574e-07,4.78238315977797e-07,8.2902105250036e-07,1.32043089918347e-06,0.765994223577847,2.02006035110773e-08,3.12513664901507e-08,1.00081124066862e-07,2.20412391769488e-07,4.12031483098161e-07,7.84499055840592e-07,1.25518089152769e-06,1.86975923295028e-06,1.61481254274216e-08,2.39147820029489e-08,9.21611657000529e-08,1.90755096951176e-07,3.63685146162781e-07,7.29429635564997e-07,1.17536502487663e-06,1.78995835196722e-06,2.02006035110773e-08,3.12513664901507e-08,1.00081124066862e-07,2.20412391769488e-07,4.12031483098161e-07,7.84499055840592e-07,1.25518089152769e-06,1.86975923295028e-06,1.61481254274216e-08,2.39147820029489e-08,9.21611657000529e-08,1.90755096951176e-07,3.63685146162781e-07,7.29429635564997e-07,1.17536502487663e-06,1.78995835196722e-06,0.981447216901192
59,1.16122624679988e-07,5.80734637310493e-07,2.00756227668298e-06,4.17600849987477e-06,8.56576005289244e-06,1.57979179231788e-05,2.40563902392183e-05,2.79851972231449e-05,1.26666939848672e-12,4.96030955769265e-12,1.75751585821299e-11,4.07668748104108e-11,8.8260751370938e-11,2.05518647253297e-10,3.74685004698488e-10,6.00612566593048e-10,1.16122624679988e-07,5.80734637310493e-07,2.00756227668298e-06,4.17600849987477e-06,8.56576005289244e-06,1.57979179231788e-05,2.40563902392183e-05,2.79851972231449e-05,1.26666939848672e-12,4.96030955769265e-12,1.75751585821299e-11,4.07668748104108e-11,8.8260751370938e-11,2.05518647253297e-10,3.74685004698488e-10,6.00612566593048e-10,7.8806601984976e-06,1.08044680152387e-07,5.56691148243364e-07,1.93481900357376e-06,4.05729982638327e-06,8.31226308303935e-06,1.53552267116466e-05,2.33466363878934e-05,2.68792826333365e-05,3.76634434692764e-14,1.44909555489001e-13,5.16348753657867e-13,1.17697158753283e-12,2.47822870547372e-12,5.58543860998356e-12,1.00175606656478e-11,1.60516811114103e-11,1.08044680152387e-07,5.56691148243364e-07,1.93481900357376e-06,4.05729982638327e-06,8.31226308303935e-06,1.53552267116466e-05,2.33466363878934e-05,2.68792826333365e-05,3.76634434692764e-14,1.44909555489001e-13,5.16348753657867e-13,1.17697158753283e-12,2.47822870547372e-12,5.58543860998356e-12,1.00175606656478e-11,1.60516811114103e-11,2.13325802170057e-07,1.25712688083231e-07,6.08786524282343e-07,2.08351890570806e-06,4.30747471587476e-06,8.81770269001226e-06,1.62101663347103e-05,2.47125950605932e-05,2.90251071903566e-05,3.77598861754646e-09,1.43316761158808e-08,5.07497716342341e-08,1.16453625658863e-07,2.49752079061144e-07,5.87459696672526e-07,1.09446527334998e-06,1.76988337556595e-06,1.25712688083231e-07,6.08786524282343e-07,2.08351890570806e-06,4.30747471587476e-06,8.81770269001226e-06,1.62101663347103e-05,2.47125950605932e-05,2.90251071903566e-05,3.77598861754646e-09,1.43316761158808e-08,5.07497716342341e-08,1.16453625658863e-07,2.49752079061144e-07,5.87459696672526e-07,1.09446527334998e-06,1.76988337556595e-06,0.0218927887063931,8.80182654304665e-08,5.12511892320669e-07,1.87977916993435e-06,3.96603179698838e-06,8.13118261371881e-06,1.5056563928512e-05,2.28664520499622e-05,2.61387585699493e-05,1.18746452347905e-14,4.59608296385337e-14,1.62548600646921e-13,3.73067763422039e-13,7.89274019797882e-13,1.73614703038543e-12,3.12694450322708e-12,5.00467012567568e-12,8.80182654304665e-08,5.12511892320669e-07,1.87977916993435e-06,3.96603179698838e-06,8.13118261371881e-06,1.5056563928512e-05,2.28664520499622e-05,2.61387585699493e-05,1.18746452347905e-14,4.59608296385337e-14,1.62548600646921e-13,3.73067763422039e-13,7.89274019797882e-13,1.73614703038543e-12,3.12694450322708e-12,5.00467012567568e-12,7.06095467077463e-08,1.30990596732675e-07,6.29007396077801e-07,2.14934843350906e-06,4.4337035237274e-06,8.94313430931847e-06,1.64772064357417e-05,2.5159226643778e-05,3.01038968753993e-05,1.97747972391082e-08,7.79287150647145e-08,2.77721315190309e-07,6.37453520600154e-07,1.36831725026026e-06,3.18718933819662e-06,5.75529397007727e-06,9.25089840517679e-06,1.30990596732675e-07,6.29007396077801e-07,2.14934843350906e-06,4.4337035237274e-06,8.94313430931847e-06,1.64772064357417e-05,2.5159226643778e-05,3.01038968753993e-05,1.97747972391082e-08,7.79287150647145e-08,2.77721315190309e-07,6.37453520600154e-07,1.36831725026026e-06,3.18718933819662e-06,5.75529397007727e-06,9.25089840517679e-06,0.142647283288952
60,8.87864503921629e-07,8.41154479357194e-07,1.02366309294667e-06,1.31153873919994e-06,1.25441013003031e-06,1.25561726992851e-06,1.19643571788977e-06,1.18128944762109e-06,7.07925082755867e-10,9.77294505809747e-10,2.01842002278376e-09,3.38301057625067e-09,8.36956486413138e-09,1.49150306704769e-08,2.34774721018318e-08,3.29970453820095e-08,8.87864503921629e-07,8.41154479357194e-07,1.02366309294667e-06,1.31153873919994e-06,1.25441013003031e-06,1.25561726992851e-06,1.19643571788977e-06,1.18128944762109e-06,7.07925082755867e-10,9.77294505809747e-10,2.01842002278376e-09,3.38301057625067e-09,8.36956486413138e-09,1.49150306704769e-08,2.34774721018318e-08,3.29970453820095e-08,0.0228833951101043,8.5026156334695e-07,8.17403725673266e-07,9.90620712186253e-07,1.27245013081299e-06,1.21830462602477e-06,1.2178188129372e-06,1.15123849779735e-06,1.11972974474864e-06,1.83431433749951e-12,4.99958724519349e-12,4.98667816958468e-11,1.87751413565752e-10,6.14900403910574e-10,1.61001266915794e-09,2.87563695096592e-09,4.20671780949829e-09,8.5026156334695e-07,8.17403725673266e-07,9.90620712186253e-07,1.27245013081299e-06,1.21830462602477e-06,1.2178188129372e-06,1.15123849779735e-06,1.11972974474864e-06,1.83431433749951e-12,4.99958724519349e-12,4.98667816958468e-11,1.87751413565752e-10,6.14900403910574e-10,1.61001266915794e-09,2.87563695096592e-09,4.20671780949829e-09,0.00216412485652922,9.2464846984694e-07,8.69178966701775e-07,1.06123247825111e-06,1.35744561186235e-06,1.29121574088783e-06,1.2930417303697e-06,1.24065326160689e-06,1.24110771645629e-06,1.2629455444777e-08,1.61425441733125e-08,2.54589449823384e-08,3.67369929320623e-08,4.91931587421171e-08,9.16772681750272e-08,1.83629554141441e-07,2.96041387283019e-07,9.2464846984694e-07,8.69178966701775e-07,1.06123247825111e-06,1.35744561186235e-06,1.29121574088783e-06,1.2930417303697e-06,1.24065326160689e-06,1.24110771645629e-06,1.2629455444777e-08,1.61425441733125e-08,2.54589449823384e-08,3.67369929320623e-08,4.91931587421171e-08,9.16772681750272e-08,1.83629554141441e-07,2.96041387283019e-07,0.115776342034447,8.28206665991693e-07,8.03056205606135e-07,9.75213428506119e-07,1.24837741124706e-06,1.19596169069117e-06,1.18428014528656e-06,1.11298836121133e-06,1.07376697795125e-06,1.35911815759734e-14,2.87805203561907e-14,3.17808544659246e-13,1.73654591264689e-12,8.41931942982534e-12,6.38904637703149e-11,2.74615958389088e-10,7.51982159256419e-10,8.28206665991693e-07,8.03056205606135e-07,9.75213428506119e-07,1.24837741124706e-06,1.19596169069117e-06,1.18428014528656e-06,1.11298836121133e-06,1.07376697795125e-06,1.35911815759734e-14,2.87805203561907e-14,3.17808544659246e-13,1.73654591264689e-12,8.41931942982534e-12,6.38904637703149e-11,2.74615958389088e-10,7.51982159256419e-10,0.000754366239421126,9.48696122283932e-07,8.90801736091216e-07,1.08733429481363e-06,1.39047269226777e-06,1.31868413875569e-06,1.31641655764743e-06,1.26735604505147e-06,1.28507102818087e-06,5.85678767333017e-08,7.16721123087852e-08,9.79173795553114e-08,1.2082583503478e-07,1.50464650399702e-07,1.94465578040436e-07,2.71260768611253e-07,4.46597611678493e-07,9.48696122283932e-07,8.90801736091216e-07,1.08733429481363e-06,1.39047269226777e-06,1.31868413875569e-06,1.31641655764743e-06,1.26735604505147e-06,1.28507102818087e-06,5.85678767333017e-08,7.16721123087852e-08,9.79173795553114e-08,1.2082583503478e-07,1.50464650399702e-07,1.94465578040436e-07,2.71260768611253e-07,4.46597611678493e-07,0.187889401866871
61,9.76120629818513e-08,9.85154302286986e-08,1.52161208566379e-07,2.21909170126591e-07,2.10237010268905e-07,2.03726658329462e-07,1.7477670056526e-07,1.56894512294817e-07,1.59653297445486e-14,2.53704293297616e-14,1.08621826098629e-13,2.77111448128718e-13,8.02375356725819e-13,2.67071652139219e-12,6.79265270562652e-12,1.24060606538853e-11,9.76120629818513e-08,9.85154302286986e-08,1.52161208566379e-07,2.21909170126591e-07,2.10237010268905e-07,2.03726658329462e-07,1.7477670056526e-07,1.56894512294817e-07,1.59653297445486e-14,2.53704293297616e-14,1.08621826098629e-13,2.77111448128718e-13,8.02375356725819e-13,2.67071652139219e-12,6.79265270562652e-12,1.24060606538853e-11,7.73073416662997e-05,9.40625849869011e-08,9.54106497301748e-08,1.46264927456639e-07,2.10953843553526e-07,2.00731982323863e-07,1.96380488097269e-07,1.69241042243258e-07,1.50678803831671e-07,2.6136012155529e-16,4.52478781764263e-16,1.39438860862489e-15,2.37034864041869e-15,3.74306857927095e-15,6.79645297465887e-15,1.14049706197278e-14,1.65350995775345e-14,9.40625849869011e-08,9.54106497301748e-08,1.46264927456639e-07,2.10953843553526e-07,2.00731982323863e-07,1.96380488097269e-07,1.69241042243258e-07,1.50678803831671e-07,2.6136012155529e-16,4.52478781764263e-16,1.39438860862489e-15,2.37034864041869e-15,3.74306857927095e-15,6.79645297465887e-15,1.14049706197278e-14,1.65350995775345e-14,1.37088358306137e-07,1.01627119804135e-07,1.01646655047923e-07,1.55908627172101e-07,2.28087422677974e-07,2.17205071952437e-07,2.09875121864915e-07,1.79847302526961e-07,1.63326637941387e-07,2.39306249688464e-11,3.46303706908145e-11,6.6900693741467e-11,1.38620297875044e-10,2.43751012281883e-10,5.9950112805845e-10,1.7616685063378e-09,3.39160299679728e-09,1.01627119804135e-07,1.01646655047923e-07,1.55908627172101e-07,2.28087422677974e-07,2.17205071952437e-07,2.09875121864915e-07,1.79847302526961e-07,1.63326637941387e-07,2.39306249688464e-11,3.46303706908145e-11,6.6900693741467e-11,1.38620297875044e-10,2.43751012281883e-10,5.9950112805845e-10,1.7616685063378e-09,3.39160299679728e-09,0.114193917352105,9.08781972107243e-08,9.30511108527778e-08,1.42151544954376e-07,2.01173822930121e-07,1.92802599843201e-07,1.9022387474721e-07,1.64929957096345e-07,1.46828572921528e-07,1.0984301624332e-18,2.46183141397455e-18,2.16683878936933e-17,1.0096234306625e-16,4.49264515892562e-16,1.84423510340097e-15,3.55197923395071e-15,5.09560260195162e-15,9.08781972107243e-08,9.30511108527778e-08,1.42151544954376e-07,2.01173822930121e-07,1.92802599843201e-07,1.9022387474721e-07,1.64929957096345e-07,1.46828572921528e-07,1.0984301624332e-18,2.46183141397455e-18,2.16683878936933e-17,1.0096234306625e-16,4.49264515892562e-16,1.84423510340097e-15,3.55197923395071e-15,5.09560260195162e-15,4.3266865482647e-08,1.04875368151397e-07,1.0426282088012e-07,1.58920474177508e-07,2.32321351398182e-07,2.21504585535008e-07,2.14403890836077e-07,1.84822811414693e-07,1.69104473136018e-07,3.25964451195483e-10,4.40297162196664e-10,7.28926376521791e-10,1.04830385567455e-09,1.66856605564527e-09,3.0394020436259e-09,6.87881728168897e-09,1.38919836432588e-08,1.04875368151397e-07,1.0426282088012e-07,1.58920474177508e-07,2.32321351398182e-07,2.21504585535008e-07,2.14403890836077e-07,1.84822811414693e-07,1.69104473136018e-07,3.25964451195483e-10,4.40297162196664e-10,7.28926376521791e-10,1.04830385567455e-09,1.66856605564527e-09,3.0394020436259e-09,6.87881728168897e-09,1.38919836432588e-08,0.580518601068845
62,2.42263484957956e-09,7.69963061594585e-09,3.40374082842897e-08,1.11359948794475e-07,2.75873421568192e-07,6.55076399111971e-07,1.16800931407195e-06,1.81241530364846e-06,1.42589728588578e-09,4.55561252000619e-09,2.13388066628076e-08,5.82429906911997e-08,1.3635441943565e-07,3.4753847216791e-07,6.90006912006099e-07,1.24299542366034e-06,2.42263484957956e-09,7.69963061594585e-09,3.40374082842897e-08,1.11359948794475e-07,2.75873421568192e-07,6.55076399111971e-07,1.16800931407195e-06,1.81241530364846e-06,1.42589728588578e-09,4.55561252000619e-09,2.13388066628076e-08,5.82429906911997e-08,1.3635441943565e-07,3.4753847216791e-07,6.90006912006099e-07,1.24299542366034e-06,0.814300570626734,2.11381179919296e-09,6.90455511685113e-09,3.20065009366919e-08,1.05750424018754e-07,2.65095265679809e-07,6.29605927757304e-07,1.11709896975777e-06,1.67622847075043e-06,7.35546253004534e-10,2.15529962519291e-09,1.1463342045038e-08,3.48916091654277e-08,9.28836490598761e-08,2.53730188992689e-07,5.15355172563353e-07,8.8929693614921e-07,2.11381179919296e-09,6.90455511685113e-09,3.20065009366919e-08,1.05750424018754e-07,2.65095265679809e-07,6.29605927757304e-07,1.11709896975777e-06,1.67622847075043e-06,7.35546253004534e-10,2.15529962519291e-09,1.1463342045038e-08,3.48916091654277e-08,9.28836490598761e-08,2.53730188992689e-07,5.15355172563353e-07,8.8929693614921e-07,0.673752640026692,2.81006746047696e-09,8.60632035315124e-09,3.64988276925902e-08,1.17140935270469e-07,2.88805608627176e-07,6.8078674451078e-07,1.2235845715479e-06,1.95786303221887e-06,1.91077795616354e-09,6.78766142989178e-09,2.77210096417654e-08,7.57052293780919e-08,1.8026252898929e-07,4.66625229507412e-07,9.0192847608107e-07,1.55590796954605e-06,2.81006746047696e-09,8.60632035315124e-09,3.64988276925902e-08,1.17140935270469e-07,2.88805608627176e-07,6.8078674451078e-07,1.2235845715479e-06,1.95786303221887e-06,1.91077795616354e-09,6.78766142989178e-09,2.77210096417654e-08,7.57052293780919e-08,1.8026252898929e-07,4.66625229507412e-07,9.0192847608107e-07,1.55590796954605e-06,0.918279015322892,1.93536497624065e-09,6.30943147535233e-09,3.06858949922158e-08,1.01807486291215e-07,2.58643799359576e-07,6.1537489340523e-07,1.08374575442473e-06,1.60777401666555e-06,3.63283000574696e-10,7.76415691242193e-10,8.22317408034699e-09,2.79313468856905e-08,7.21617358667551e-08,2.16665321598233e-07,4.29048662512844e-07,7.05818811398501e-07,1.93536497624065e-09,6.30943147535233e-09,3.06858949922158e-08,1.01807486291215e-07,2.58643799359576e-07,6.1537489340523e-07,1.08374575442473e-06,1.60777401666555e-06,3.63283000574696e-10,7.76415691242193e-10,8.22317408034699e-09,2.79313468856905e-08,7.21617358667551e-08,2.16665321598233e-07,4.29048662512844e-07,7.05818811398501e-07,0.621474224245905,3.05524350944166e-09,9.13938963540536e-09,3.81290557405883e-08,1.21226025676707e-07,2.96601585853296e-07,6.97752537431034e-07,1.26133620141011e-06,2.03776131201895e-06,2.09039800348330e-09,7.5397624173149e-09,3.04457914207121e-08,8.07511184571405e-08,1.95380076380792e-07,5.15167401221872e-07,1.00564149852929e-06,1.70701589576183e-06,3.05524350944166e-09,9.13938963540536e-09,3.81290557405883e-08,1.21226025676707e-07,2.96601585853296e-07,6.97752537431034e-07,1.26133620141011e-06,2.03776131201895e-06,2.09039800348330e-09,7.5397624173149e-09,3.04457914207121e-08,8.07511184571405e-08,1.95380076380792e-07,5.15167401221872e-07,1.00564149852929e-06,1.70701589576183e-06,0.943397330983794
63,6.84511067009675e-08,1.52888432478951e-07,4.47596762520365e-07,9.50654662667168e-07,2.04468905039229e-06,5.01145617405247e-06,9.4335777821944e-06,1.55053562488781e-05,6.306496418832e-08,1.3897751986972e-07,4.06151592267419e-07,8.45939332999e-07,1.91373346373392e-06,4.80904273224074e-06,9.18638606885799e-06,1.50704954817468e-05,6.84511067009675e-08,1.52888432478951e-07,4.47596762520365e-07,9.50654662667168e-07,2.04468905039229e-06,5.01145617405247e-06,9.4335777821944e-06,1.55053562488781e-05,6.306496418832e-08,1.3897751986972e-07,4.06151592267419e-07,8.45939332999e-07,1.91373346373392e-06,4.80904273224074e-06,9.18638606885799e-06,1.50704954817468e-05,0.996436442637902,5.85219521483676e-08,1.42565738340077e-07,4.29366239392537e-07,9.20060765849004e-07,1.99619519398553e-06,4.84860194550696e-06,9.04065517501274e-06,1.47619134752149e-05,2.66946235565965e-08,1.01801813171204e-07,3.22558671688284e-07,6.84510383439547e-07,1.6376515916876e-06,4.35788493529823e-06,8.53954088679698e-06,1.41727361494752e-05,5.85219521483676e-08,1.42565738340077e-07,4.29366239392537e-07,9.20060765849004e-07,1.99619519398553e-06,4.84860194550696e-06,9.04065517501274e-06,1.47619134752149e-05,2.66946235565965e-08,1.01801813171204e-07,3.22558671688284e-07,6.84510383439547e-07,1.6376515916876e-06,4.35788493529823e-06,8.53954088679698e-06,1.41727361494752e-05,0.966281598442683,7.27626380199374e-08,1.6260726511322e-07,4.67337210992521e-07,9.85766928508062e-07,2.10487370109362e-06,5.16725220742649e-06,9.78806853541075e-06,1.61662415797715e-05,7.16563210613794e-08,1.6054208514741e-07,4.53205521656578e-07,9.13860909647588e-07,2.00916105344311e-06,5.01859567256326e-06,9.61552194887584e-06,1.58935375974257e-05,7.27626380199374e-08,1.6260726511322e-07,4.67337210992521e-07,9.85766928508062e-07,2.10487370109362e-06,5.16725220742649e-06,9.78806853541075e-06,1.61662415797715e-05,7.16563210613794e-08,1.6054208514741e-07,4.53205521656578e-07,9.13860909647588e-07,2.00916105344311e-06,5.01859567256326e-06,9.61552194887584e-06,1.58935375974257e-05,0.999724791417934,4.59036073183177e-08,1.36280511501682e-07,4.19039468664026e-07,9.02549045447223e-07,1.95626550511732e-06,4.72104854051931e-06,8.75432656916613e-06,1.42749810897446e-05,2.2734597704968e-08,9.23372667942059e-08,2.43519040537467e-07,5.25691553219881e-07,1.32887857979769e-06,3.86002859388456e-06,7.93628379298798e-06,1.35965780701156e-05,4.59036073183177e-08,1.36280511501682e-07,4.19039468664026e-07,9.02549045447223e-07,1.95626550511732e-06,4.72104854051931e-06,8.75432656916613e-06,1.42749810897446e-05,2.2734597704968e-08,9.23372667942059e-08,2.43519040537467e-07,5.25691553219881e-07,1.32887857979769e-06,3.86002859388456e-06,7.93628379298798e-06,1.35965780701156e-05,0.936264115006373,7.56307935381111e-08,1.70297826417916e-07,4.85814252559705e-07,1.01072399212206e-06,2.14355854428938e-06,5.2836104771244e-06,1.0071825286078e-05,1.67475387570107e-05,7.50215471456384e-08,1.68767136820831e-07,4.67233759979221e-07,9.42648684393838e-07,2.05349280744432e-06,5.13052178881224e-06,9.91830577946766e-06,1.64678768566932e-05,7.56307935381111e-08,1.70297826417916e-07,4.85814252559705e-07,1.01072399212206e-06,2.14355854428938e-06,5.2836104771244e-06,1.0071825286078e-05,1.67475387570107e-05,7.50215471456384e-08,1.68767136820831e-07,4.67233759979221e-07,9.42648684393838e-07,2.05349280744432e-06,5.13052178881224e-06,9.91830577946766e-06,1.64678768566932e-05,0.99976851548719
64,6.9695981347464e-08,9.36283680108339e-08,1.22337652080925e-07,1.48155115862327e-07,2.21322344926987e-07,2.62498717199495e-07,3.07572593568567e-07,3.72107964172604e-07,5.01298195053899e-08,6.52976251984111e-08,8.384917541883e-08,1.04340697015538e-07,1.28181365599774e-07,1.66595833179838e-07,2.08346027160111e-07,2.65120243878234e-07,6.9695981347464e-08,9.36283680108339e-08,1.22337652080925e-07,1.48155115862327e-07,2.21322344926987e-07,2.62498717199495e-07,3.07572593568567e-07,3.72107964172604e-07,5.01298195053899e-08,6.52976251984111e-08,8.384917541883e-08,1.04340697015538e-07,1.28181365599774e-07,1.66595833179838e-07,2.08346027160111e-07,2.65120243878234e-07,0.885507502564081,6.33687221682974e-08,8.7832701268446e-08,1.1813256963888e-07,1.41648505340449e-07,1.8770208760975e-07,2.3997795192637e-07,2.88966395168026e-07,3.47795708202251e-07,1.76634065379583e-08,2.42013559695769e-08,3.33116707813887e-08,4.20104245552641e-08,5.41136909178508e-08,7.14756679544061e-08,9.3849453457391e-08,1.30016070740282e-07,6.33687221682974e-08,8.7832701268446e-08,1.1813256963888e-07,1.41648505340449e-07,1.8770208760975e-07,2.3997795192637e-07,2.88966395168026e-07,3.47795708202251e-07,1.76634065379583e-08,2.42013559695769e-08,3.33116707813887e-08,4.20104245552641e-08,5.41136909178508e-08,7.14756679544061e-08,9.3849453457391e-08,1.30016070740282e-07,0.614399500346557,8.62329591410682e-08,1.0625773782478e-07,1.28069992799522e-07,1.54336854949077e-07,2.48165413656627e-07,2.86353369868001e-07,3.29265470213517e-07,3.93583746868241e-07,6.61836892848339e-08,9.02006014607015e-08,1.21412731507507e-07,1.5047976688959e-07,1.85921338799724e-07,2.3919066002407e-07,2.90163554031597e-07,3.63761316085438e-07,8.62329591410682e-08,1.0625773782478e-07,1.28069992799522e-07,1.54336854949077e-07,2.48165413656627e-07,2.86353369868001e-07,3.29265470213517e-07,3.93583746868241e-07,6.61836892848339e-08,9.02006014607015e-08,1.21412731507507e-07,1.5047976688959e-07,1.85921338799724e-07,2.3919066002407e-07,2.90163554031597e-07,3.63761316085438e-07,0.999760395682189,6.10466061082609e-08,8.53090113172894e-08,1.14711674844065e-07,1.36463690573545e-07,1.8025499182898e-07,2.30115850869861e-07,2.7963660600575e-07,3.29676689615746e-07,8.28340680968693e-09,1.15022285138984e-08,1.54373431582236e-08,1.89961337481906e-08,2.34424365148795e-08,3.20543137237124e-08,4.38739252958002e-08,7.1582263646438e-08,6.10466061082609e-08,8.53090113172894e-08,1.14711674844065e-07,1.36463690573545e-07,1.8025499182898e-07,2.30115850869861e-07,2.7963660600575e-07,3.29676689615746e-07,8.28340680968693e-09,1.15022285138984e-08,1.54373431582236e-08,1.89961337481906e-08,2.34424365148795e-08,3.20543137237124e-08,4.38739252958002e-08,7.1582263646438e-08,0.527415048361032,1.03709957388617e-07,1.16947007326912e-07,1.32552341954043e-07,1.59655075805693e-07,2.57724678014396e-07,2.994014794849e-07,3.44012308534665e-07,4.09200685676456e-07,7.3026624740834e-08,9.56540353599402e-08,1.26229765374823e-07,1.56205857412247e-07,1.92207361405172e-07,2.47554238075742e-07,3.02454220625752e-07,3.8861019717217e-07,1.03709957388617e-07,1.16947007326912e-07,1.32552341954043e-07,1.59655075805693e-07,2.57724678014396e-07,2.994014794849e-07,3.44012308534665e-07,4.09200685676456e-07,7.3026624740834e-08,9.56540353599402e-08,1.26229765374823e-07,1.56205857412247e-07,1.92207361405172e-07,2.47554238075742e-07,3.02454220625752e-07,3.8861019717217e-07,0.999842602348458
65,4.89195873020272e-07,5.73689852795975e-07,6.85676165421277e-07,7.98596605023631e-07,9.65127027895478e-07,1.2732651947585e-06,1.69461407289562e-06,2.33731883452594e-06,4.82307653771103e-07,5.69885310282662e-07,6.67326597741448e-07,7.92035014195841e-07,9.42592031501312e-07,1.23449535459991e-06,1.66211113643843e-06,2.31562162420803e-06,4.89195873020272e-07,5.73689852795975e-07,6.85676165421277e-07,7.98596605023631e-07,9.65127027895478e-07,1.2732651947585e-06,1.69461407289562e-06,2.33731883452594e-06,4.82307653771103e-07,5.69885310282662e-07,6.67326597741448e-07,7.92035014195841e-07,9.42592031501312e-07,1.23449535459991e-06,1.66211113643843e-06,2.31562162420803e-06,0.999034266385662,4.72117933683018e-07,5.55650685487854e-07,6.64185502204403e-07,7.78378575816236e-07,9.35838930011557e-07,1.22511759457914e-06,1.62934215715571e-06,2.23181683185175e-06,4.62554897907454e-07,5.46175120359141e-07,6.39160096585938e-07,7.61025541024627e-07,9.03731623729654e-07,1.17148000348108e-06,1.56190255071574e-06,2.13301553471398e-06,4.72117933683018e-07,5.55650685487854e-07,6.64185502204403e-07,7.78378575816236e-07,9.35838930011557e-07,1.22511759457914e-06,1.62934215715571e-06,2.23181683185175e-06,4.62554897907454e-07,5.46175120359141e-07,6.39160096585938e-07,7.61025541024627e-07,9.03731623729654e-07,1.17148000348108e-06,1.56190255071574e-06,2.13301553471398e-06,0.995112268941706,5.06249199471302e-07,5.92190052512893e-07,7.06437014166822e-07,8.20704976068294e-07,1.00409217727519e-06,1.33348609425874e-06,1.76583390800442e-06,2.44648491637929e-06,5.01513285225898e-07,5.91302833008694e-07,6.92490939268196e-07,8.17116289988364e-07,9.76953082124825e-07,1.29858420647248e-06,1.75627927497952e-06,2.43209007129542e-06,5.06249199471302e-07,5.92190052512893e-07,7.06437014166822e-07,8.20704976068294e-07,1.00409217727519e-06,1.33348609425874e-06,1.76583390800442e-06,2.44648491637929e-06,5.01513285225898e-07,5.91302833008694e-07,6.92490939268196e-07,8.17116289988364e-07,9.76953082124825e-07,1.29858420647248e-06,1.75627927497952e-06,2.43209007129542e-06,0.999684420013762,4.6113014212955e-07,5.43679069764796e-07,6.48906618996885e-07,7.65295444704093e-07,9.19794447232255e-07,1.19938278744423e-06,1.58526157501301e-06,2.16321764414691e-06,4.44357110342552e-07,5.26424356908885e-07,6.14494917060945e-07,7.28437296848572e-07,8.65394440566252e-07,1.11945412292196e-06,1.46764348639841e-06,1.99297452374472e-06,4.6113014212955e-07,5.43679069764796e-07,6.48906618996885e-07,7.65295444704093e-07,9.19794447232255e-07,1.19938278744423e-06,1.58526157501301e-06,2.16321764414691e-06,4.44357110342552e-07,5.26424356908885e-07,6.14494917060945e-07,7.28437296848572e-07,8.65394440566252e-07,1.11945412292196e-06,1.46764348639841e-06,1.99297452374472e-06,0.983597835137293,5.24111703273361e-07,6.05976804311312e-07,7.2313701668518e-07,8.37589437261861e-07,1.03608294984097e-06,1.37121965472967e-06,1.81568733230619e-06,2.55066324306036e-06,5.1287618580973e-07,6.04536594022861e-07,7.08576878134513e-07,8.33598974511302e-07,1.00145060364008e-06,1.34116901485071e-06,1.80338817307919e-06,2.54272961921988e-06,5.24111703273361e-07,6.05976804311312e-07,7.2313701668518e-07,8.37589437261861e-07,1.03608294984097e-06,1.37121965472967e-06,1.81568733230619e-06,2.55066324306036e-06,5.1287618580973e-07,6.04536594022861e-07,7.08576878134513e-07,8.33598974511302e-07,1.00145060364008e-06,1.34116901485071e-06,1.80338817307919e-06,2.54272961921988e-06,0.999731321563903
66,8.32650064836591e-08,1.38758040875688e-07,3.50582681727136e-07,1.05998104785937e-06,2.01343964477406e-06,3.20009426050043e-06,4.24158908636444e-06,4.89257795254859e-06,5.49822005471473e-09,7.94980844890643e-09,1.46401509542777e-08,1.91060682417111e-08,2.79035365200056e-08,4.0749666892514e-08,5.31897531467121e-08,6.95955500232444e-08,8.32650064836591e-08,1.38758040875688e-07,3.50582681727136e-07,1.05998104785937e-06,2.01343964477406e-06,3.20009426050043e-06,4.24158908636444e-06,4.89257795254859e-06,5.49822005471473e-09,7.94980844890643e-09,1.46401509542777e-08,1.91060682417111e-08,2.79035365200056e-08,4.0749666892514e-08,5.31897531467121e-08,6.95955500232444e-08,0.0739564934062051,7.68030612666927e-08,1.31340478843023e-07,3.38783524194025e-07,1.02458267379169e-06,1.95946905655556e-06,3.06525741229944e-06,4.00953312815071e-06,4.55356892621595e-06,6.25360223535203e-11,8.11956369457547e-11,1.62105201807097e-10,2.31254407881568e-10,3.5672286160142e-10,5.78331629884119e-10,8.82708073292081e-10,1.28482285273983e-09,7.68030612666927e-08,1.31340478843023e-07,3.38783524194025e-07,1.02458267379169e-06,1.95946905655556e-06,3.06525741229944e-06,4.00953312815071e-06,4.55356892621595e-06,6.25360223535203e-11,8.11956369457547e-11,1.62105201807097e-10,2.31254407881568e-10,3.5672286160142e-10,5.78331629884119e-10,8.82708073292081e-10,1.28482285273983e-09,0.00176582306769809,9.13994253505316e-08,1.46988661510649e-07,3.65882287300175e-07,1.09472175448673e-06,2.0741236485224e-06,3.35049140619642e-06,4.52820262295117e-06,5.31896626368404e-06,4.43218560854752e-08,6.25801126309767e-08,1.1323757804029e-07,1.55122678141267e-07,2.13418467476941e-07,3.09544545122231e-07,3.99877389064538e-07,5.07772624224592e-07,9.13994253505316e-08,1.46988661510649e-07,3.65882287300175e-07,1.09472175448673e-06,2.0741236485224e-06,3.35049140619642e-06,4.52820262295117e-06,5.31896626368404e-06,4.43218560854752e-08,6.25801126309767e-08,1.1323757804029e-07,1.55122678141267e-07,2.13418467476941e-07,3.09544545122231e-07,3.99877389064538e-07,5.07772624224592e-07,0.485525642930389,7.29171208887394e-08,1.26186792373593e-07,3.32150910523286e-07,1.00149741627671e-06,1.92294338045113e-06,2.99242202141268e-06,3.86270886691932e-06,4.32376145164399e-06,4.40141236731403e-13,3.07462316749765e-13,2.44013489713352e-12,7.18568155768619e-12,2.43095221831001e-11,1.14277601950056e-10,2.24738120717224e-10,4.09519561005311e-10,7.29171208887394e-08,1.26186792373593e-07,3.32150910523286e-07,1.00149741627671e-06,1.92294338045113e-06,2.99242202141268e-06,3.86270886691932e-06,4.32376145164399e-06,4.40141236731403e-13,3.07462316749765e-13,2.44013489713352e-12,7.18568155768619e-12,2.43095221831001e-11,1.14277601950056e-10,2.24738120717224e-10,4.09519561005311e-10,0.00056153606832856,9.58555783192605e-08,1.52954383093013e-07,3.80231858892658e-07,1.1199409894855e-06,2.11328390761641e-06,3.44506896030282e-06,4.69979073348404e-06,5.5628963113951e-06,5.92342519611851e-08,8.17137586703012e-08,1.47790043551519e-07,2.00943243421787e-07,2.75821741645234e-07,3.90770687803769e-07,4.92557417391841e-07,6.11888948220883e-07,9.58555783192605e-08,1.52954383093013e-07,3.80231858892658e-07,1.1199409894855e-06,2.11328390761641e-06,3.44506896030282e-06,4.69979073348404e-06,5.5628963113951e-06,5.92342519611851e-08,8.17137586703012e-08,1.47790043551519e-07,2.00943243421787e-07,2.75821741645234e-07,3.90770687803769e-07,4.92557417391841e-07,6.11888948220883e-07,0.610216252245845
67,2.1417841741885e-10,1.71998381750178e-09,1.53147425091052e-08,1.05708465194728e-07,3.97416692699123e-07,1.09249734745401e-06,2.05807118946578e-06,3.12954561723089e-06,5.13170321933411e-19,2.96560735321214e-18,1.59194234607583e-17,4.60867823180305e-17,1.36755074676352e-16,3.6483881541794e-16,6.98596271194017e-16,1.28977042342825e-15,2.1417841741885e-10,1.71998381750178e-09,1.53147425091052e-08,1.05708465194728e-07,3.97416692699123e-07,1.09249734745401e-06,2.05807118946578e-06,3.12954561723089e-06,5.13170321933411e-19,2.96560735321214e-18,1.59194234607583e-17,4.60867823180305e-17,1.36755074676352e-16,3.6483881541794e-16,6.98596271194017e-16,1.28977042342825e-15,1.62872997306553e-09,1.66372224994079e-10,1.45574599970613e-09,1.43096272642639e-08,1.02301341672696e-07,3.84737392975131e-07,1.05830788526195e-06,1.9865682328577e-06,2.96003038760646e-06,2.1144623492634e-20,1.22347551593876e-19,7.13594491073879e-19,2.13226657592918e-18,6.21756070540003e-18,1.64953703684078e-17,3.27716860925077e-17,5.96678761782227e-17,1.66372224994079e-10,1.45574599970613e-09,1.43096272642639e-08,1.02301341672696e-07,3.84737392975131e-07,1.05830788526195e-06,1.9865682328577e-06,2.96003038760646e-06,2.1144623492634e-20,1.22347551593876e-19,7.13594491073879e-19,2.13226657592918e-18,6.21756070540003e-18,1.64953703684078e-17,3.27716860925077e-17,5.96678761782227e-17,6.28951919733457e-11,3.18811276351603e-10,2.29639039303156e-09,1.76011971847817e-08,1.10390057664258e-07,4.10684391858327e-07,1.13332241156451e-06,2.12631099660336e-06,3.24599357477863e-06,1.6961665688513e-17,9.8739562632903e-17,5.66757161682826e-16,1.70651937007897e-15,5.1661488523412e-15,1.38302415881119e-14,2.70612359288423e-14,4.8962384738933e-14,3.18811276351603e-10,2.29639039303156e-09,1.76011971847817e-08,1.10390057664258e-07,4.10684391858327e-07,1.13332241156451e-06,2.12631099660336e-06,3.24599357477863e-06,1.6961665688513e-17,9.8739562632903e-17,5.66757161682826e-16,1.70651937007897e-15,5.1661488523412e-15,1.38302415881119e-14,2.70612359288423e-14,4.8962384738933e-14,4.88070418335991e-08,1.35237467345569e-10,1.27231810723512e-09,1.34994126570331e-08,9.9513311806331e-08,3.76929524640143e-07,1.03841968320734e-06,1.94228958143677e-06,2.84605327960177e-06,8.76384920579844e-21,5.09291173391305e-20,2.95716701568437e-19,8.89352741754864e-19,2.60082640039807e-18,6.76754101103596e-18,1.29490652539761e-17,2.29838309657997e-17,1.35237467345569e-10,1.27231810723512e-09,1.34994126570331e-08,9.9513311806331e-08,3.76929524640143e-07,1.03841968320734e-06,1.94228958143677e-06,2.84605327960177e-06,8.76384920579844e-21,5.09291173391305e-20,2.95716701568437e-19,8.89352741754864e-19,2.60082640039807e-18,6.76754101103596e-18,1.29490652539761e-17,2.29838309657997e-17,2.53574849098516e-11,3.96842642370986e-10,2.71420227044558e-09,1.95390181633945e-08,1.14249334019642e-07,4.16369487352884e-07,1.15395660278465e-06,2.15995133658259e-06,3.32491273289024e-06,1.64714371478969e-16,8.61592153523763e-16,4.63481895426709e-15,1.35311140804337e-14,3.92443262057551e-14,1.03555157502468e-13,1.9358572141574e-13,3.39937515389316e-13,3.96842642370986e-10,2.71420227044558e-09,1.95390181633945e-08,1.14249334019642e-07,4.16369487352884e-07,1.15395660278465e-06,2.15995133658259e-06,3.32491273289024e-06,1.64714371478969e-16,8.61592153523763e-16,4.63481895426709e-15,1.35311140804337e-14,3.92443262057551e-14,1.03555157502468e-13,1.9358572141574e-13,3.39937515389316e-13,3.96072517326535e-07
68,1.66691164444076e-09,8.31300530407023e-09,4.36861356127977e-08,1.93168693587488e-07,5.44371579599666e-07,1.20263669107002e-06,1.95521835285829e-06,2.49537469380603e-06,1.05635626447257e-17,2.10093561722366e-17,6.69496874128906e-16,1.8539190781503e-14,7.10585212830194e-14,2.46843601468491e-13,7.3286598926106e-13,2.02542132218247e-12,1.66691164444076e-09,8.31300530407023e-09,4.36861356127977e-08,1.93168693587488e-07,5.44371579599666e-07,1.20263669107002e-06,1.95521835285829e-06,2.49537469380603e-06,1.05635626447257e-17,2.10093561722366e-17,6.69496874128906e-16,1.8539190781503e-14,7.10585212830194e-14,2.46843601468491e-13,7.3286598926106e-13,2.02542132218247e-12,2.74321505380503e-06,1.45036580443009e-09,7.58281651110179e-09,4.12891698324157e-08,1.84202519624352e-07,5.21614582077815e-07,1.15419583061144e-06,1.88270116409616e-06,2.39811479790126e-06,1.47816915627326e-21,2.2340700744325e-21,9.67880094616899e-20,1.59394135100461e-18,6.95742616327464e-18,2.75427847160095e-17,6.61210310602003e-17,1.34974456562357e-16,1.45036580443009e-09,7.58281651110179e-09,4.12891698324157e-08,1.84202519624352e-07,5.21614582077815e-07,1.15419583061144e-06,1.88270116409616e-06,2.39811479790126e-06,1.47816915627326e-21,2.2340700744325e-21,9.67880094616899e-20,1.59394135100461e-18,6.95742616327464e-18,2.75427847160095e-17,6.61210310602003e-17,1.34974456562357e-16,9.46848157982183e-11,1.93988645116762e-09,9.31575516370873e-09,4.64247404275481e-08,2.02482341178039e-07,5.68002847853319e-07,1.25586641813761e-06,2.05855265764651e-06,2.6654163290199e-06,6.09501463843405e-14,3.23020369022678e-13,2.1924862258995e-12,9.00410500381864e-12,3.34509548036388e-11,1.13366818843614e-10,2.53278055675814e-10,4.97916890633768e-10,1.93988645116762e-09,9.31575516370873e-09,4.64247404275481e-08,2.02482341178039e-07,5.68002847853319e-07,1.25586641813761e-06,2.05855265764651e-06,2.6654163290199e-06,6.09501463843405e-14,3.23020369022678e-13,2.1924862258995e-12,9.00410500381864e-12,3.34509548036388e-11,1.13366818843614e-10,2.53278055675814e-10,4.97916890633768e-10,0.000210775282032164,1.29784987799752e-09,6.90343666371917e-09,3.95916366429116e-08,1.73988491564887e-07,4.96827765722085e-07,1.1250839218142e-06,1.83641870097821e-06,2.34006410847824e-06,5.43032069657013e-25,3.77525664167756e-25,3.76422558697835e-23,1.30776414560361e-20,6.59432782818405e-20,2.95964871612752e-19,1.23900298590618e-18,5.76719321757418e-18,1.29784987799752e-09,6.90343666371917e-09,3.95916366429116e-08,1.73988491564887e-07,4.96827765722085e-07,1.1250839218142e-06,1.83641870097821e-06,2.34006410847824e-06,5.43032069657013e-25,3.77525664167756e-25,3.76422558697835e-23,1.30776414560361e-20,6.59432782818405e-20,2.95964871612752e-19,1.23900298590618e-18,5.76719321757418e-18,1.20797485914913e-11,2.14599640432568e-09,1.00813586933852e-08,4.91042403021816e-08,2.10356125701547e-07,5.84006799055842e-07,1.30108754085833e-06,2.16779380597032e-06,2.88383492348284e-06,1.22977861531854e-10,6.74479429589293e-10,4.69692067836153e-09,1.82151306826399e-08,5.86623883384392e-08,1.75855112203563e-07,3.49548402113042e-07,5.90863307018264e-07,2.14599640432568e-09,1.00813586933852e-08,4.91042403021816e-08,2.10356125701547e-07,5.84006799055842e-07,1.30108754085833e-06,2.16779380597032e-06,2.88383492348284e-06,1.22977861531854e-10,6.74479429589293e-10,4.69692067836153e-09,1.82151306826399e-08,5.86623883384392e-08,1.75855112203563e-07,3.49548402113042e-07,5.90863307018264e-07,0.128518606928146
69,2.44110334916774e-07,1.26691903105514e-06,3.97456755170511e-06,7.59433003713127e-06,1.25671085933854e-05,2.03903355381073e-05,2.19803591995705e-05,1.9812698022553e-05,6.6775929645417e-15,2.57998630807716e-14,8.9780209374808e-14,2.00500424509397e-13,4.88391628240483e-13,1.28965996834267e-12,2.63502502074042e-12,4.10745694920139e-12,2.44110334916774e-07,1.26691903105514e-06,3.97456755170511e-06,7.59433003713127e-06,1.25671085933854e-05,2.03903355381073e-05,2.19803591995705e-05,1.9812698022553e-05,6.6775929645417e-15,2.57998630807716e-14,8.9780209374808e-14,2.00500424509397e-13,4.88391628240483e-13,1.28965996834267e-12,2.63502502074042e-12,4.10745694920139e-12,9.75512281342566e-08,2.34055900104109e-07,1.2266792322965e-06,3.84297505969779e-06,7.34988968293205e-06,1.22232990604481e-05,1.97787848602979e-05,2.11503715888441e-05,1.90712140005278e-05,5.45244333648729e-17,2.32343253123583e-16,1.09824521524768e-15,3.33615476189241e-15,1.15122064061926e-14,4.44158915377453e-14,1.16087581010107e-13,2.07881132942505e-13,2.34055900104109e-07,1.2266792322965e-06,3.84297505969779e-06,7.34988968293205e-06,1.22232990604481e-05,1.97787848602979e-05,2.11503715888441e-05,1.90712140005278e-05,5.45244333648729e-17,2.32343253123583e-16,1.09824521524768e-15,3.33615476189241e-15,1.15122064061926e-14,4.44158915377453e-14,1.16087581010107e-13,2.07881132942505e-13,5.89763469600636e-09,2.56640761587012e-07,1.30589369214192e-06,4.09232674373182e-06,7.81974056784306e-06,1.28487645580405e-05,2.09651384591982e-05,2.26583819081145e-05,2.04411977737184e-05,1.67055036347804e-13,6.01079970768927e-13,2.1161162169928e-12,5.19325954432689e-12,1.30292986807573e-11,3.2621949778748e-11,6.7199305635077e-11,1.0277661334451e-10,2.56640761587012e-07,1.30589369214192e-06,4.09232674373182e-06,7.81974056784306e-06,1.28487645580405e-05,2.09651384591982e-05,2.26583819081145e-05,2.04411977737184e-05,1.67055036347804e-13,6.01079970768927e-13,2.1161162169928e-12,5.19325954432689e-12,1.30292986807573e-11,3.2621949778748e-11,6.7199305635077e-11,1.0277661334451e-10,2.22799186118672e-06,2.26602349635288e-07,1.19768262531488e-06,3.77003872247408e-06,7.20492752158146e-06,1.1977258078548e-05,1.93957091970868e-05,2.07357451870151e-05,1.87167793613428e-05,4.27091030706551e-18,3.00785181456031e-17,1.22000276237797e-16,4.33410032647458e-16,1.50842339889847e-15,5.82387029402324e-15,1.33346560349555e-14,2.11299269192607e-14,2.26602349635288e-07,1.19768262531488e-06,3.77003872247408e-06,7.20492752158146e-06,1.1977258078548e-05,1.93957091970868e-05,2.07357451870151e-05,1.87167793613428e-05,4.27091030706551e-18,3.00785181456031e-17,1.22000276237797e-16,4.33410032647458e-16,1.50842339889847e-15,5.82387029402324e-15,1.33346560349555e-14,2.11299269192607e-14,5.45816761592134e-10,2.63385777892398e-07,1.32839714644041e-06,4.15642048449065e-06,7.93922776496734e-06,1.30696991330411e-05,2.1380648036087e-05,2.31968420153926e-05,2.08635653546604e-05,2.35008478327981e-12,7.96114414467325e-12,2.76305679048635e-11,6.37600025012974e-11,1.79108690495904e-10,4.27476482906433e-10,7.65634131779979e-10,1.14421516210985e-09,2.63385777892398e-07,1.32839714644041e-06,4.15642048449065e-06,7.93922776496734e-06,1.30696991330411e-05,2.1380648036087e-05,2.31968420153926e-05,2.08635653546604e-05,2.35008478327981e-12,7.96114414467325e-12,2.76305679048635e-11,6.37600025012974e-11,1.79108690495904e-10,4.27476482906433e-10,7.65634131779979e-10,1.14421516210985e-09,2.40772906063929e-05
70,3.72013881478551e-08,1.77657392743768e-07,1.09952647317101e-06,2.3828807554116e-06,4.68346282150574e-06,8.36442436968098e-06,1.21668637490361e-05,1.40065160100346e-05,8.84332378334821e-17,2.8380115581286e-16,8.88731251039457e-16,1.90947706817612e-15,3.78166671383578e-15,7.90231885476088e-15,1.42933901694785e-14,2.30215979204417e-14,3.72013881478551e-08,1.77657392743768e-07,1.09952647317101e-06,2.3828807554116e-06,4.68346282150574e-06,8.36442436968098e-06,1.21668637490361e-05,1.40065160100346e-05,8.84332378334821e-17,2.8380115581286e-16,8.88731251039457e-16,1.90947706817612e-15,3.78166671383578e-15,7.90231885476088e-15,1.42933901694785e-14,2.30215979204417e-14,2.03595899341157e-09,3.50573856635705e-08,1.70119796457196e-07,1.06044739753305e-06,2.3044797161785e-06,4.57777926678362e-06,8.14568626440703e-06,1.17828500595984e-05,1.34258267134413e-05,5.78447306010946e-18,1.84234713133639e-17,5.8360205521542e-17,1.24477850982652e-16,2.49601090417228e-16,5.39191896235005e-16,9.99955514462176e-16,1.62548434159736e-15,3.50573856635705e-08,1.70119796457196e-07,1.06044739753305e-06,2.3044797161785e-06,4.57777926678362e-06,8.14568626440703e-06,1.17828500595984e-05,1.34258267134413e-05,5.78447306010946e-18,1.84234713133639e-17,5.8360205521542e-17,1.24477850982652e-16,2.49601090417228e-16,5.39191896235005e-16,9.99955514462176e-16,1.62548434159736e-15,1.49832363657744e-10,3.89635542550639e-08,1.83770637186565e-07,1.13242897789372e-06,2.44502522983867e-06,4.79218763877223e-06,8.61626834731306e-06,1.26505822356055e-05,1.47994164259275e-05,2.68274404975984e-14,8.37493165103874e-14,2.61292572569847e-13,5.85654963029437e-13,1.20091428243073e-12,2.62045515543444e-12,4.9379472721773e-12,8.109952379072e-12,3.89635542550639e-08,1.83770637186565e-07,1.13242897789372e-06,2.44502522983867e-06,4.79218763877223e-06,8.61626834731306e-06,1.26505822356055e-05,1.47994164259275e-05,2.68274404975984e-14,8.37493165103874e-14,2.61292572569847e-13,5.85654963029437e-13,1.20091428243073e-12,2.62045515543444e-12,4.9379472721773e-12,8.109952379072e-12,6.71414363385357e-07,3.38758184860655e-08,1.65595795748476e-07,1.0369508797698e-06,2.24492284649583e-06,4.49467108985988e-06,7.98022159767016e-06,1.14956365677755e-05,1.30400130889762e-05,1.84223529084812e-18,6.45324155997304e-18,2.10583465445207e-17,4.74949999468696e-17,9.400118136016e-17,1.96943924115954e-16,3.60912306967577e-16,5.97372312766689e-16,3.38758184860655e-08,1.65595795748476e-07,1.0369508797698e-06,2.24492284649583e-06,4.49467108985988e-06,7.98022159767016e-06,1.14956365677755e-05,1.30400130889762e-05,1.84223529084812e-18,6.45324155997304e-18,2.10583465445207e-17,4.74949999468696e-17,9.400118136016e-17,1.96943924115954e-16,3.60912306967577e-16,5.97372312766689e-16,5.47270053741143e-11,4.04606221101459e-08,1.86923929216228e-07,1.15311870169063e-06,2.49344016238489e-06,4.86984168995998e-06,8.84082180859964e-06,1.30545280272046e-05,1.53076233007363e-05,3.09101971422064e-12,8.98638057765099e-12,2.63980307647357e-11,5.82577836532235e-11,1.18546749401886e-10,2.43572073316296e-10,4.58781158597938e-10,7.78957909090837e-10,4.04606221101459e-08,1.86923929216228e-07,1.15311870169063e-06,2.49344016238489e-06,4.86984168995998e-06,8.84082180859964e-06,1.30545280272046e-05,1.53076233007363e-05,3.09101971422064e-12,8.98638057765099e-12,2.63980307647357e-11,5.82577836532235e-11,1.18546749401886e-10,2.43572073316296e-10,4.58781158597938e-10,7.78957909090837e-10,6.79179056860158e-05
71,2.10745148609195e-09,8.67710184657544e-09,3.21459288792351e-08,7.92692020757572e-08,3.18051167338442e-07,6.83740695042852e-07,1.09032583366384e-06,1.57968415232754e-06,9.07765156145342e-18,3.57329056798079e-17,1.32409738383573e-16,3.49623297475456e-16,9.41457586799031e-16,2.38743733369959e-15,4.8615826532016e-15,7.76702252107798e-15,2.10745148609195e-09,8.67710184657544e-09,3.21459288792351e-08,7.92692020757572e-08,3.18051167338442e-07,6.83740695042852e-07,1.09032583366384e-06,1.57968415232754e-06,9.07765156145342e-18,3.57329056798079e-17,1.32409738383573e-16,3.49623297475456e-16,9.41457586799031e-16,2.38743733369959e-15,4.8615826532016e-15,7.76702252107798e-15,1.27744222633807e-08,1.76341940866009e-09,7.71177111218086e-09,2.98366384741707e-08,7.55138263331129e-08,3.08603722632312e-07,6.58380865217061e-07,1.04728943489097e-06,1.49209242640709e-06,1.86561766164008e-19,6.73713062914784e-19,2.38743490591404e-18,6.0029173900737e-18,1.56741724624808e-17,3.57680080260972e-17,6.33075381629238e-17,1.00064686957992e-16,1.76341940866009e-09,7.71177111218086e-09,2.98366384741707e-08,7.55138263331129e-08,3.08603722632312e-07,6.58380865217061e-07,1.04728943489097e-06,1.49209242640709e-06,1.86561766164008e-19,6.73713062914784e-19,2.38743490591404e-18,6.0029173900737e-18,1.56741724624808e-17,3.57680080260972e-17,6.33075381629238e-17,1.00064686957992e-16,1.41456652765562e-10,2.55598523320497e-09,9.74209632835147e-09,3.39180705059576e-08,8.23486274990971e-08,3.28163406252983e-07,7.10699274089279e-07,1.13209177809987e-06,1.64747574435566e-06,1.26221989908083e-15,4.78784667217067e-15,1.85956983222341e-14,4.76680073910966e-14,1.14008306653241e-13,2.89370293186149e-13,5.40254225959254e-13,9.07429413276952e-13,2.55598523320497e-09,9.74209632835147e-09,3.39180705059576e-08,8.23486274990971e-08,3.28163406252983e-07,7.10699274089279e-07,1.13209177809987e-06,1.64747574435566e-06,1.26221989908083e-15,4.78784667217067e-15,1.85956983222341e-14,4.76680073910966e-14,1.14008306653241e-13,2.89370293186149e-13,5.40254225959254e-13,9.07429413276952e-13,1.23456030008021e-06,1.55089344071649e-09,7.09847212035032e-09,2.85198008744028e-08,7.32119011455955e-08,3.00665307548576e-07,6.42992912507722e-07,1.01855318219782e-06,1.40945750475907e-06,4.52609876685975e-20,1.6234343693136e-19,6.05457791715887e-19,1.59037603070309e-18,4.05916297405893e-18,9.11137888887383e-18,1.66276011110514e-17,2.81291047682402e-17,1.55089344071649e-09,7.09847212035032e-09,2.85198008744028e-08,7.32119011455955e-08,3.00665307548576e-07,6.42992912507722e-07,1.01855318219782e-06,1.40945750475907e-06,4.52609876685975e-20,1.6234343693136e-19,6.05457791715887e-19,1.59037603070309e-18,4.05916297405893e-18,9.11137888887383e-18,1.66276011110514e-17,2.81291047682402e-17,4.9289655336891e-11,2.92976525574041e-09,1.05773172571729e-08,3.51891760588584e-08,8.46456702903789e-08,3.35430704857826e-07,7.25866476822754e-07,1.15849046860246e-06,1.70312802786864e-06,1.22766742274404e-14,4.11991805111675e-14,1.43661870333494e-13,3.08020563095439e-13,6.46493363914031e-13,1.45156152902005e-12,2.59509550710265e-12,4.23632923855805e-12,2.92976525574041e-09,1.05773172571729e-08,3.51891760588584e-08,8.46456702903789e-08,3.35430704857826e-07,7.25866476822754e-07,1.15849046860246e-06,1.70312802786864e-06,1.22766742274404e-14,4.11991805111675e-14,1.43661870333494e-13,3.08020563095439e-13,6.46493363914031e-13,1.45156152902005e-12,2.59509550710265e-12,4.23632923855805e-12,7.90099241681205e-06
72,5.12992398283472e-11,6.93431309330996e-11,1.94452863552089e-10,2.90566404985794e-10,3.71537928621189e-10,5.04324144710717e-10,5.58061088090014e-10,6.2284789208325e-10,1.71250250917789e-14,8.57215763034648e-14,5.32413628904103e-13,1.44273561506236e-12,3.50214408019432e-12,9.35429784298881e-12,1.99200705942248e-11,4.43086579031524e-11,5.12992398283472e-11,6.93431309330996e-11,1.94452863552089e-10,2.90566404985794e-10,3.71537928621189e-10,5.04324144710717e-10,5.58061088090014e-10,6.2284789208325e-10,1.71250250917789e-14,8.57215763034648e-14,5.32413628904103e-13,1.44273561506236e-12,3.50214408019432e-12,9.35429784298881e-12,1.99200705942248e-11,4.43086579031524e-11,0.407852979998244,3.32259776547566e-12,1.23515561543905e-11,5.67912002980918e-11,1.03648796068777e-10,1.52679452844762e-10,1.87376244885451e-10,1.83891494984259e-10,1.88820736677332e-10,4.50875028357673e-18,3.69189236487242e-17,5.31576484790183e-16,2.10927506924983e-15,9.79558586689545e-15,5.20200868555443e-14,1.60760951387184e-13,3.77427528169922e-13,3.32259776547566e-12,1.23515561543905e-11,5.67912002980918e-11,1.03648796068777e-10,1.52679452844762e-10,1.87376244885451e-10,1.83891494984259e-10,1.88820736677332e-10,4.50875028357673e-18,3.69189236487242e-17,5.31576484790183e-16,2.10927506924983e-15,9.79558586689545e-15,5.20200868555443e-14,1.60760951387184e-13,3.77427528169922e-13,0.0113544273176597,1.49566095145569e-10,1.56634464094051e-10,3.36956938686142e-10,5.43420559960851e-10,7.85654605378323e-10,1.35010133775702e-09,5.27192440828708e-09,1.75329760012921e-08,1.9177088893707e-12,1.06253015566237e-11,4.13074684132596e-11,9.73710046198193e-11,2.24441434363885e-10,9.40582465652991e-10,4.68669340595242e-09,1.69825403954486e-08,1.49566095145569e-10,1.56634464094051e-10,3.36956938686142e-10,5.43420559960851e-10,7.85654605378323e-10,1.35010133775702e-09,5.27192440828708e-09,1.75329760012921e-08,1.9177088893707e-12,1.06253015566237e-11,4.13074684132596e-11,9.73710046198193e-11,2.24441434363885e-10,9.40582465652991e-10,4.68669340595242e-09,1.69825403954486e-08,0.999728259886867,9.48616280322686e-13,2.95335483851153e-12,1.57192723984723e-11,3.06130738072622e-11,4.63850458237398e-11,6.13844206944245e-11,6.15348052676409e-11,6.72209618356377e-11,1.83009369237022e-19,1.20222536191825e-18,1.20124737083253e-17,5.14584079592524e-17,2.62559829886886e-16,2.56957325147606e-15,1.17227491154844e-14,3.81718917179102e-14,9.48616280322686e-13,2.95335483851153e-12,1.57192723984723e-11,3.06130738072622e-11,4.63850458237398e-11,6.13844206944245e-11,6.15348052676409e-11,6.72209618356377e-11,1.83009369237022e-19,1.20222536191825e-18,1.20124737083253e-17,5.14584079592524e-17,2.62559829886886e-16,2.56957325147606e-15,1.17227491154844e-14,3.81718917179102e-14,0.000897281369272453,2.44168565109192e-10,2.36697147743189e-10,4.77168562912095e-10,8.1057499894799e-10,2.85274435841261e-09,2.81592243863113e-08,2.0767745296123e-07,8.9588526984196e-07,1.21677850260151e-11,2.28472304735209e-11,1.30055664777157e-10,5.10244963432345e-10,2.33153144957325e-09,2.66456768067033e-08,1.91990928396227e-07,8.74768728313778e-07,2.44168565109192e-10,2.36697147743189e-10,4.77168562912095e-10,8.1057499894799e-10,2.85274435841261e-09,2.81592243863113e-08,2.0767745296123e-07,8.9588526984196e-07,1.21677850260151e-11,2.28472304735209e-11,1.30055664777157e-10,5.10244963432345e-10,2.33153144957325e-09,2.66456768067033e-08,1.91990928396227e-07,8.74768728313778e-07,0.999824621741668
73,6.53664265005776e-08,1.55204473703232e-07,1.43915939555963e-07,1.31297431320321e-07,1.64712102676442e-07,1.47590516671904e-07,1.39784349132676e-07,1.17973727758167e-07,9.51090972799931e-17,4.19956613430386e-16,4.30787627548665e-16,1.06864765321456e-15,1.8763636075049e-15,4.6522683258513e-15,7.87439774562942e-15,1.23554140174908e-14,1.49975869442686e-07,1.55204473703232e-07,1.43915939555963e-07,1.31297431320321e-07,1.64712102676442e-07,1.47590516671904e-07,1.39784349132676e-07,1.17973727758167e-07,2.18217062184819e-16,4.19956613430386e-16,4.30787627548665e-16,1.06864765321456e-15,1.8763636075049e-15,4.6522683258513e-15,7.87439774562942e-15,1.23554140174908e-14,6.6744015235161e-08,5.40024365760916e-08,1.37747874402942e-07,1.35466746306805e-07,1.25473192436873e-07,1.55967998174678e-07,1.35195197665393e-07,1.22762359467835e-07,1.04125996158631e-07,1.223832707428e-18,9.46217613591754e-18,4.58484848907841e-18,2.32114364889581e-17,4.32127032745685e-17,7.86667173890616e-17,1.14465643437063e-16,1.49783895539842e-16,1.23902480388021e-07,1.37747874402942e-07,1.35466746306805e-07,1.25473192436873e-07,1.55967998174678e-07,1.35195197665393e-07,1.22762359467835e-07,1.04125996158631e-07,2.80794567142643e-18,9.46217613591754e-18,4.58484848907841e-18,2.32114364889581e-17,4.32127032745685e-17,7.86667173890616e-17,1.14465643437063e-16,1.49783895539842e-16,9.94818074572089e-10,9.86110865476889e-08,1.89943818611624e-07,1.56985818387804e-07,1.36192678341531e-07,1.79425049196314e-07,1.72836886002505e-07,1.66365233824464e-07,1.60539193577138e-07,4.03698771589693e-14,1.47936773740721e-13,1.46721626347309e-13,3.03074374583121e-13,5.50334218585824e-13,1.12424886459882e-12,1.8115840159186e-12,3.07535210799589e-12,2.26251980312047e-07,1.89943818611624e-07,1.56985818387804e-07,1.36192678341531e-07,1.79425049196314e-07,1.72836886002505e-07,1.66365233824464e-07,1.60539193577138e-07,9.26241153194652e-14,1.47936773740721e-13,1.46721626347309e-13,3.03074374583121e-13,5.50334218585824e-13,1.12424886459882e-12,1.8115840159186e-12,3.07535210799589e-12,6.61661791003495e-05,5.21869414471103e-08,1.32756438279753e-07,1.29827145019953e-07,1.20357167818027e-07,1.51779000887948e-07,1.3117817743537e-07,1.14609003956205e-07,1.00707739865367e-07,3.63975208126395e-22,4.63117017392392e-21,1.06778657018943e-21,1.83553082766235e-20,9.92190378379802e-20,6.74308012323525e-19,3.09879703077348e-18,1.11179880461993e-17,1.19737032236507e-07,1.32756438279753e-07,1.29827145019953e-07,1.20357167818027e-07,1.51779000887948e-07,1.3117817743537e-07,1.14609003956205e-07,1.00707739865367e-07,8.35099931519988e-22,4.63117017392392e-21,1.06778657018943e-21,1.83553082766235e-20,9.92190378379802e-20,6.74308012323525e-19,3.09879703077348e-18,1.11179880461993e-17,3.60035897234247e-10,1.13851418588977e-07,1.99197330030274e-07,1.63487309605242e-07,1.39188745360691e-07,1.87132659402159e-07,1.82289896163806e-07,1.77359150755958e-07,1.77822979168021e-07,1.53148727914623e-12,6.33920052665178e-12,6.81218864861474e-12,1.21659694586333e-11,1.88804042539969e-11,4.00471375762783e-11,5.92481906978024e-11,8.4603781808382e-11,2.61219197748466e-07,1.99197330030274e-07,1.63487309605242e-07,1.39188745360691e-07,1.87132659402159e-07,1.82289896163806e-07,1.77359150755958e-07,1.77822979168021e-07,3.51382427534629e-12,6.33920052665178e-12,6.81218864861474e-12,1.21659694586333e-11,1.88804042539969e-11,4.00471375762783e-11,5.92481906978024e-11,8.4603781808382e-11,0.00123092744148683
74,2.26976104310616e-07,2.6814240995823e-07,5.02441350888398e-07,1.07731055370443e-06,1.31558102002939e-06,1.53379531910182e-06,1.60262217232942e-06,1.98621159272302e-06,1.94481880676096e-11,1.57633691556492e-11,2.52625071856648e-10,8.92516215925658e-10,4.22349792523343e-09,2.33271068707072e-08,6.47118041688971e-08,2.0337687526513e-07,2.26976104310616e-07,2.6814240995823e-07,5.02441350888398e-07,1.07731055370443e-06,1.31558102002939e-06,1.53379531910182e-06,1.60262217232942e-06,1.98621159272302e-06,1.94481880676096e-11,1.57633691556492e-11,2.52625071856648e-10,8.92516215925658e-10,4.22349792523343e-09,2.33271068707072e-08,6.47118041688971e-08,2.0337687526513e-07,0.693688012568605,8.81278672757904e-08,1.24523539140679e-07,2.89390755774479e-07,6.88801158552558e-07,9.33736458658749e-07,1.23144593991691e-06,1.48742446488465e-06,1.66776817650405e-06,3.12427074458227e-14,3.08364117154441e-14,4.19349203518604e-13,1.22364628235494e-12,5.12853909080018e-12,2.54457243169024e-11,7.99434254333953e-11,2.2538471719118e-10,8.81278672757904e-08,1.24523539140679e-07,2.89390755774479e-07,6.88801158552558e-07,9.33736458658749e-07,1.23144593991691e-06,1.48742446488465e-06,1.66776817650405e-06,3.12427074458227e-14,3.08364117154441e-14,4.19349203518604e-13,1.22364628235494e-12,5.12853909080018e-12,2.54457243169024e-11,7.99434254333953e-11,2.2538471719118e-10,0.00152917614433496,2.65195179017035e-07,3.04346078752942e-07,5.94369721095005e-07,1.30695856541893e-06,1.61983977289608e-06,1.95265227325418e-06,2.00883832756295e-06,2.10443411670556e-06,3.66296522536335e-09,4.59507157187444e-09,1.13798218811696e-08,2.12121356563651e-08,5.67293375884716e-08,1.7960187063759e-07,4.60954958060141e-07,1.05370212206844e-06,2.65195179017035e-07,3.04346078752942e-07,5.94369721095005e-07,1.30695856541893e-06,1.61983977289608e-06,1.95265227325418e-06,2.00883832756295e-06,2.10443411670556e-06,3.66296522536335e-09,4.59507157187444e-09,1.13798218811696e-08,2.12121356563651e-08,5.67293375884716e-08,1.7960187063759e-07,4.60954958060141e-07,1.05370212206844e-06,0.959692432115196,8.22347836075416e-08,1.15826430288381e-07,2.71570146065233e-07,5.73262579712376e-07,8.18901607963579e-07,1.17678735017816e-06,1.41511427645388e-06,1.50910701263889e-06,5.16979918007812e-17,3.98123115766129e-17,7.14950227886638e-16,2.98435704671556e-15,1.61251587161306e-14,1.42528163105062e-13,6.77782720658531e-13,2.44914533389239e-12,8.22347836075416e-08,1.15826430288381e-07,2.71570146065233e-07,5.73262579712376e-07,8.18901607963579e-07,1.17678735017816e-06,1.41511427645388e-06,1.50910701263889e-06,5.16979918007812e-17,3.98123115766129e-17,7.14950227886638e-16,2.98435704671556e-15,1.61251587161306e-14,1.42528163105062e-13,6.77782720658531e-13,2.44914533389239e-12,4.37290588038164e-05,3.15366068463714e-07,3.63293918047169e-07,6.53274358195904e-07,1.37842640098857e-06,1.71588378431486e-06,2.05152622237133e-06,2.090402646844e-06,2.18836946326214e-06,3.04917854709001e-08,4.29772467269238e-08,1.15345875471179e-07,1.78793859345378e-07,2.95322562371181e-07,5.10783021360304e-07,7.50207190816429e-07,1.21695532182295e-06,3.15366068463714e-07,3.63293918047169e-07,6.53274358195904e-07,1.37842640098857e-06,1.71588378431486e-06,2.05152622237133e-06,2.090402646844e-06,2.18836946326214e-06,3.04917854709001e-08,4.29772467269238e-08,1.15345875471179e-07,1.78793859345378e-07,2.95322562371181e-07,5.10783021360304e-07,7.50207190816429e-07,1.21695532182295e-06,0.978252342263596
75,1.32144122604224e-08,6.99537824140993e-08,8.47594598934515e-08,8.84120141870437e-08,1.17807573172993e-07,2.0932577859886e-07,2.14673127400106e-07,2.2887534146535e-07,5.27699552190732e-16,1.65011173930841e-15,2.25261497789391e-15,2.6980089780226e-15,3.17236882826651e-15,3.78977648406276e-15,4.39592308812418e-15,5.07209250399022e-15,3.03189737305499e-08,6.99537824140993e-08,8.47594598934515e-08,8.84120141870437e-08,1.17807573172993e-07,2.0932577859886e-07,2.14673127400106e-07,2.2887534146535e-07,1.21074691368698e-15,1.65011173930841e-15,2.25261497789391e-15,2.6980089780226e-15,3.17236882826651e-15,3.78977648406276e-15,4.39592308812418e-15,5.07209250399022e-15,3.3588007082907e-08,1.09001389325754e-08,6.47230713017439e-08,8.06647704644745e-08,8.49507579525799e-08,1.11643825240668e-07,1.86637381261121e-07,1.86511272013299e-07,1.95690511962087e-07,2.29843769281745e-17,7.40878577002004e-17,1.05566498763048e-16,1.2771885373508e-16,1.54956209035949e-16,1.94897738499073e-16,2.30785109131988e-16,2.68471647709983e-16,2.5009135438123e-08,6.47230713017439e-08,8.06647704644745e-08,8.49507579525799e-08,1.11643825240668e-07,1.86637381261121e-07,1.86511272013299e-07,1.95690511962087e-07,5.27350521964194e-17,7.40878577002004e-17,1.05566498763048e-16,1.2771885373508e-16,1.54956209035949e-16,1.94897738499073e-16,2.30785109131988e-16,2.68471647709983e-16,1.64073076659455e-09,1.69683703570516e-08,7.77647269019296e-08,8.85891875280264e-08,9.13642987587329e-08,1.23083800429066e-07,2.26560158746869e-07,2.36560631981917e-07,2.54317501214088e-07,4.78529555723336e-14,1.39611617729968e-13,1.75334904313727e-13,2.00991892130257e-13,2.44350022434442e-13,3.11982354580366e-13,3.61523966615916e-13,4.09249337791637e-13,3.8932005825679e-08,7.77647269019296e-08,8.85891875280264e-08,9.13642987587329e-08,1.23083800429066e-07,2.26560158746869e-07,2.36560631981917e-07,2.54317501214088e-07,1.09793192034133e-13,1.39611617729968e-13,1.75334904313727e-13,2.00991892130257e-13,2.44350022434442e-13,3.11982354580366e-13,3.61523966615916e-13,4.09249337791637e-13,2.55998302942328e-06,1.038248425112e-08,6.12484042307e-08,7.73664300712961e-08,8.19281578398053e-08,1.07534080674841e-07,1.76940949535479e-07,1.76255832102554e-07,1.79599696524401e-07,8.97262963867682e-18,2.89705148561677e-17,4.19151590250669e-17,5.03052891678382e-17,6.15395342864325e-17,7.75544088544674e-17,9.22197871078698e-17,1.06236596089703e-16,2.38214353437686e-08,6.12484042307e-08,7.73664300712961e-08,8.19281578398053e-08,1.07534080674841e-07,1.76940949535479e-07,1.76255832102554e-07,1.79599696524401e-07,2.05866834595261e-17,2.89705148561677e-17,4.19151590250669e-17,5.03052891678382e-17,6.15395342864325e-17,7.75544088544674e-17,9.22197871078698e-17,1.06236596089703e-16,6.91221732677504e-10,1.93572930378117e-08,8.27759919322262e-08,9.19991465625261e-08,9.35755384233414e-08,1.26469400719805e-07,2.35993650418905e-07,2.49078560459679e-07,2.66986272237909e-07,3.06961330399157e-13,9.00796066727867e-13,1.21237687965509e-12,1.4094092638898e-12,1.6679085433992e-12,2.0773125981162e-12,2.45677339650721e-12,2.82684451267361e-12,4.44131186118459e-08,8.27759919322262e-08,9.19991465625261e-08,9.35755384233414e-08,1.26469400719805e-07,2.35993650418905e-07,2.49078560459679e-07,2.66986272237909e-07,7.04288040153003e-13,9.00796066727867e-13,1.21237687965509e-12,1.4094092638898e-12,1.6679085433992e-12,2.0773125981162e-12,2.45677339650721e-12,2.82684451267361e-12,2.33779682267466e-05
76,1.39351404631067e-07,1.58729081647063e-07,2.06498591147021e-07,2.45641562219427e-07,2.95339659733729e-07,3.66285694734307e-07,4.35583418066492e-07,5.12561520480779e-07,1.37471030768162e-07,1.57572350092353e-07,2.05654547796601e-07,2.42489447621478e-07,2.92569896173105e-07,3.62386427609251e-07,4.32024922554045e-07,5.11030800526449e-07,1.39351404631067e-07,1.58729081647063e-07,2.06498591147021e-07,2.45641562219427e-07,2.95339659733729e-07,3.66285694734307e-07,4.35583418066492e-07,5.12561520480779e-07,1.37471030768162e-07,1.57572350092353e-07,2.05654547796601e-07,2.42489447621478e-07,2.92569896173105e-07,3.62386427609251e-07,4.32024922554045e-07,5.11030800526449e-07,0.999103697112492,1.330241324321e-07,1.49808656756961e-07,1.99110155733954e-07,2.38829831335273e-07,2.8783037615377e-07,3.57018426014612e-07,4.21978131353124e-07,4.93285726858239e-07,1.30461034926186e-07,1.47846687618318e-07,1.97269137931022e-07,2.34205764258242e-07,2.83631998970897e-07,3.51818562402069e-07,4.17853482965607e-07,4.89726236997862e-07,1.330241324321e-07,1.49808656756961e-07,1.99110155733954e-07,2.38829831335273e-07,2.8783037615377e-07,3.57018426014612e-07,4.21978131353124e-07,4.93285726858239e-07,1.30461034926186e-07,1.47846687618318e-07,1.97269137931022e-07,2.34205764258242e-07,2.83631998970897e-07,3.51818562402069e-07,4.17853482965607e-07,4.89726236997862e-07,0.994769445664619,1.45943063800277e-07,1.67840178840825e-07,2.13648477353951e-07,2.52497996145279e-07,3.02740579255661e-07,3.7705217600535e-07,4.50002625694152e-07,5.36517536417005e-07,1.44138823122985e-07,1.67127856691707e-07,2.13453821847759e-07,2.50113516568834e-07,3.00578720375692e-07,3.72881314407479e-07,4.46721502371442e-07,5.34511283972119e-07,1.45943063800277e-07,1.67840178840825e-07,2.13648477353951e-07,2.52497996145279e-07,3.02740579255661e-07,3.7705217600535e-07,4.50002625694152e-07,5.36517536417005e-07,1.44138823122985e-07,1.67127856691707e-07,2.13453821847759e-07,2.50113516568834e-07,3.00578720375692e-07,3.72881314407479e-07,4.46721502371442e-07,5.34511283972119e-07,0.999707557143748,1.28976429072909e-07,1.44882351515353e-07,1.94213111601377e-07,2.3436540606201e-07,2.83038731117442e-07,3.49395546636389e-07,4.13232642045973e-07,4.80384134917428e-07,1.25222742310368e-07,1.41535002732962e-07,1.89952299886259e-07,2.26403487077551e-07,2.75418750057682e-07,3.40540136965173e-07,4.04924338521769e-07,4.75100254852597e-07,1.28976429072909e-07,1.44882351515353e-07,1.94213111601377e-07,2.3436540606201e-07,2.83038731117442e-07,3.49395546636389e-07,4.13232642045973e-07,4.80384134917428e-07,1.25222742310368e-07,1.41535002732962e-07,1.89952299886259e-07,2.26403487077551e-07,2.75418750057682e-07,3.40540136965173e-07,4.04924338521769e-07,4.75100254852597e-07,0.986076076020663,1.50283781411257e-07,1.73920467299599e-07,2.1919565278746e-07,2.58203589600084e-07,3.08942693968281e-07,3.83958346631599e-07,4.620487775554e-07,5.55907387377726e-07,1.48723974348779e-07,1.73600871511757e-07,2.19015082667273e-07,2.55282537773414e-07,3.0629744113414e-07,3.80614466675927e-07,4.56648573053641e-07,5.51147031266304e-07,1.50283781411257e-07,1.73920467299599e-07,2.1919565278746e-07,2.58203589600084e-07,3.08942693968281e-07,3.83958346631599e-07,4.620487775554e-07,5.55907387377726e-07,1.48723974348779e-07,1.73600871511757e-07,2.19015082667273e-07,2.55282537773414e-07,3.0629744113414e-07,3.80614466675927e-07,4.56648573053641e-07,5.51147031266304e-07,0.999800687134388
77,8.81632935374479e-08,1.05106623771544e-07,1.15640511667866e-07,1.21551169283803e-07,2.00982143073208e-07,1.83655474399596e-07,1.77326614514461e-07,1.73152834827227e-07,1.05379000593821e-15,1.55374384401013e-15,2.35265241848465e-15,3.17998706629725e-15,4.37074882755399e-15,6.29847442789347e-15,8.13891788657006e-15,1.02456995636846e-14,8.81632935374479e-08,1.05106623771544e-07,1.15640511667866e-07,1.21551169283803e-07,2.00982143073208e-07,1.83655474399596e-07,1.77326614514461e-07,1.73152834827227e-07,1.05379000593821e-15,1.55374384401013e-15,2.35265241848465e-15,3.17998706629725e-15,4.37074882755399e-15,6.29847442789347e-15,8.13891788657006e-15,1.02456995636846e-14,3.35230075789914e-08,8.28384168972957e-08,1.00558174153409e-07,1.11341477128591e-07,1.17126175250681e-07,1.93411172116826e-07,1.7594584448545e-07,1.68085734737724e-07,1.63920533863614e-07,2.57259052616338e-17,3.89771118986049e-17,6.05363362131806e-17,8.04475373725914e-17,1.07539710593568e-16,1.50364420734655e-16,1.90075753214325e-16,2.36240784196443e-16,8.28384168972957e-08,1.00558174153409e-07,1.11341477128591e-07,1.17126175250681e-07,1.93411172116826e-07,1.7594584448545e-07,1.68085734737724e-07,1.63920533863614e-07,2.57259052616338e-17,3.89771118986049e-17,6.05363362131806e-17,8.04475373725914e-17,1.07539710593568e-16,1.50364420734655e-16,1.90075753214325e-16,2.36240784196443e-16,7.32039461310307e-10,9.66193885654785e-08,1.10968739428193e-07,1.20223506949162e-07,1.25554818419307e-07,2.08625715556315e-07,1.92518941360488e-07,1.88229335946731e-07,1.84709074283795e-07,6.0445271568112e-13,9.45588961176356e-13,1.49593918595589e-12,1.99468619658272e-12,2.6906638150867e-12,3.78330019072882e-12,4.83370296043926e-12,6.02261089402358e-12,9.66193885654785e-08,1.10968739428193e-07,1.20223506949162e-07,1.25554818419307e-07,2.08625715556315e-07,1.92518941360488e-07,1.88229335946731e-07,1.84709074283795e-07,6.0445271568112e-13,9.45588961176356e-13,1.49593918595589e-12,1.99468619658272e-12,2.6906638150867e-12,3.78330019072882e-12,4.83370296043926e-12,6.02261089402358e-12,1.52757044571694e-05,8.01052073449178e-08,9.76060875473381e-08,1.09263171430128e-07,1.14699382390563e-07,1.88105273937055e-07,1.70363887145265e-07,1.62842536752228e-07,1.58205574270707e-07,1.0605831342125e-17,1.59548576715228e-17,2.41583757277914e-17,3.06631736404867e-17,4.02275173540135e-17,5.90923555372084e-17,7.58629812688533e-17,1.01193830990339e-16,8.01052073449178e-08,9.76060875473381e-08,1.09263171430128e-07,1.14699382390563e-07,1.88105273937055e-07,1.70363887145265e-07,1.62842536752228e-07,1.58205574270707e-07,1.0605831342125e-17,1.59548576715228e-17,2.41583757277914e-17,3.06631736404867e-17,4.02275173540135e-17,5.90923555372084e-17,7.58629812688533e-17,1.01193830990339e-16,3.37633019011815e-10,1.02732311263376e-07,1.15112316586125e-07,1.2344986561251e-07,1.29414052441402e-07,2.12839197798851e-07,1.97733490613267e-07,1.94938337634393e-07,1.92062829592891e-07,6.38541800693589e-12,1.05966031476829e-11,1.78583278394018e-11,2.46527156597762e-11,3.31877391879927e-11,4.66629654871135e-11,5.91472123538197e-11,7.25463216979088e-11,1.02732311263376e-07,1.15112316586125e-07,1.2344986561251e-07,1.29414052441402e-07,2.12839197798851e-07,1.97733490613267e-07,1.94938337634393e-07,1.92062829592891e-07,6.38541800693589e-12,1.05966031476829e-11,1.78583278394018e-11,2.46527156597762e-11,3.31877391879927e-11,4.66629654871135e-11,5.91472123538197e-11,7.25463216979088e-11,0.00014486386958923
78,7.26323990716335e-08,1.78676784212082e-07,1.72195944074055e-07,1.73703609759831e-07,2.87285629638981e-07,3.2922374647399e-07,3.40031646645759e-07,3.40478356614479e-07,1.36025802264738e-13,3.66523861597374e-13,4.46387545423602e-13,5.11429718326773e-13,5.85757729502574e-13,6.9058620852901e-13,7.90419718647287e-13,8.89786476062369e-13,1.66646821367543e-07,1.78676784212082e-07,1.72195944074055e-07,1.73703609759831e-07,2.87285629638981e-07,3.2922374647399e-07,3.40031646645759e-07,3.40478356614479e-07,3.12095812077361e-13,3.66523861597374e-13,4.46387545423602e-13,5.11429718326773e-13,5.85757729502574e-13,6.9058620852901e-13,7.90419718647287e-13,8.89786476062369e-13,2.36395292509534e-06,5.67110496372423e-08,1.59547965766746e-07,1.65085285399866e-07,1.6566151660308e-07,2.71347125583747e-07,2.98230471088652e-07,2.92597646528919e-07,2.84049233864564e-07,1.04433810307984e-15,2.83678834943235e-15,3.53407174267543e-15,4.12307935076283e-15,4.81988270277181e-15,5.75405858891611e-15,6.66986864326841e-15,7.562661525872e-15,1.30117086579264e-07,1.59547965766746e-07,1.65085285399866e-07,1.6566151660308e-07,2.71347125583747e-07,2.98230471088652e-07,2.92597646528919e-07,2.84049233864564e-07,2.39611561143151e-15,2.83678834943235e-15,3.53407174267543e-15,4.12307935076283e-15,4.81988270277181e-15,5.75405858891611e-15,6.66986864326841e-15,7.562661525872e-15,2.88983504379815e-08,9.26501250400687e-08,1.88371477618509e-07,1.80439662517259e-07,1.83018402667892e-07,3.11768840889704e-07,3.6991508192043e-07,3.78561002181056e-07,3.93374963321875e-07,1.61526594358029e-10,4.31216859083057e-10,5.24172140506195e-10,6.00864958750647e-10,6.88119460091171e-10,8.10752511721819e-10,9.26417957671695e-10,1.03965380178876e-09,2.12575228611206e-07,1.88371477618509e-07,1.80439662517259e-07,1.83018402667892e-07,3.11768840889704e-07,3.6991508192043e-07,3.78561002181056e-07,3.93374963321875e-07,3.70604494139624e-10,4.31216859083057e-10,5.24172140506195e-10,6.00864958750647e-10,6.88119460091171e-10,8.10752511721819e-10,9.26417957671695e-10,1.03965380178876e-09,0.00814728887397656,4.13227966927702e-08,1.40108171610856e-07,1.5800824861568e-07,1.62363745211026e-07,2.64031336709182e-07,2.87437067006624e-07,2.79448403077575e-07,2.69253390536203e-07,2.75684368009268e-16,7.63686342600565e-16,9.5871799075538e-16,1.12485638070996e-15,1.30975951754909e-15,1.55521885729738e-15,1.79113668817229e-15,2.02012596224716e-15,9.48104813676298e-08,1.40108171610856e-07,1.5800824861568e-07,1.62363745211026e-07,2.64031336709182e-07,2.87437067006624e-07,2.79448403077575e-07,2.69253390536203e-07,6.325265889146e-16,7.63686342600565e-16,9.5871799075538e-16,1.12485638070996e-15,1.30975951754909e-15,1.55521885729738e-15,1.79113668817229e-15,2.02012596224716e-15,6.00250878897279e-09,1.04516824727618e-07,1.94916853653545e-07,1.8639120104982e-07,1.89410457747663e-07,3.24892180040522e-07,3.86227707528277e-07,3.98135990009309e-07,4.24736406411102e-07,5.97085462848775e-09,1.59150743814833e-08,1.93113809357055e-08,2.2120061027468e-08,2.53255806777568e-08,2.98433137089071e-08,3.41775224354284e-08,3.86396355677557e-08,2.39802028335982e-07,1.94916853653545e-07,1.8639120104982e-07,1.89410457747663e-07,3.24892180040522e-07,3.86227707528277e-07,3.98135990009309e-07,4.24736406411102e-07,1.3699450347273e-08,1.59150743814833e-08,1.93113809357055e-08,2.2120061027468e-08,2.53255806777568e-08,2.98433137089071e-08,3.41775224354284e-08,3.86396355677557e-08,0.277319968860302
79,2.76371531976956e-08,9.3036125319817e-08,8.674824183145e-08,8.18211652931241e-08,9.38059601579406e-08,1.28727774562191e-07,1.17794119577514e-07,1.11028482045238e-07,2.12898832292038e-14,5.92193449222763e-14,7.26846207942987e-14,8.42204739877078e-14,1.0010771479271e-13,1.19690009273892e-13,1.37938639294223e-13,1.55068479909533e-13,6.34103208886367e-08,9.3036125319817e-08,8.674824183145e-08,8.18211652931241e-08,9.38059601579406e-08,1.28727774562191e-07,1.17794119577514e-07,1.11028482045238e-07,4.8847228134842e-14,5.92193449222763e-14,7.26846207942987e-14,8.42204739877078e-14,1.0010771479271e-13,1.19690009273892e-13,1.37938639294223e-13,1.55068479909533e-13,9.02672943961571e-07,2.57118305107722e-08,8.90952316617874e-08,8.4005634923719e-08,7.90240113392271e-08,9.04268015588603e-08,1.23001308161951e-07,1.1175827788463e-07,1.04034335137591e-07,1.53401097543285e-16,4.40765480267848e-16,5.40055179089962e-16,6.31988561022189e-16,7.48117926419769e-16,8.99162086326297e-16,1.04947024032881e-15,1.20296320291917e-15,5.89928858323312e-08,8.90952316617874e-08,8.4005634923719e-08,7.90240113392271e-08,9.04268015588603e-08,1.23001308161951e-07,1.1175827788463e-07,1.04034335137591e-07,3.51961461092157e-16,4.40765480267848e-16,5.40055179089962e-16,6.31988561022189e-16,7.48117926419769e-16,8.99162086326297e-16,1.04947024032881e-15,1.20296320291917e-15,8.33642023018987e-09,3.03719556229856e-08,9.75280522815114e-08,8.95692998188919e-08,8.47937170281314e-08,9.84644054092386e-08,1.39442800358175e-07,1.3038366108618e-07,1.26360597598773e-07,6.79878972185784e-12,2.15631222137913e-11,2.90801735763871e-11,3.56615090364236e-11,4.24076658326296e-11,5.27185044854051e-11,6.09681839462052e-11,6.96174516629995e-11,6.96850156125896e-08,9.75280522815114e-08,8.95692998188919e-08,8.47937170281314e-08,9.84644054092386e-08,1.39442800358175e-07,1.3038366108618e-07,1.26360597598773e-07,1.55990537387663e-11,2.15631222137913e-11,2.90801735763871e-11,3.56615090364236e-11,4.24076658326296e-11,5.27185044854051e-11,6.09681839462052e-11,6.96174516629995e-11,0.000353470446133967,2.49299544414739e-08,8.69380640559778e-08,8.17555152088938e-08,7.70340853275476e-08,8.82388638885984e-08,1.18987530505121e-07,1.07432339894812e-07,9.93866326264643e-08,6.04979631162168e-17,1.75291389638028e-16,2.13545059823153e-16,2.51273575827593e-16,2.96734945304495e-16,3.68550644833992e-16,4.42141497294825e-16,4.99584712534068e-16,5.7198959660026e-08,8.69380640559778e-08,8.17555152088938e-08,7.70340853275476e-08,8.82388638885984e-08,1.18987530505121e-07,1.07432339894812e-07,9.93866326264643e-08,1.38805731070307e-16,1.75291389638028e-16,2.13545059823153e-16,2.51273575827593e-16,2.96734945304495e-16,3.68550644833992e-16,4.42141497294825e-16,4.99584712534068e-16,3.42095436454073e-09,3.28110125820425e-08,1.00274542853717e-07,9.11502359584946e-08,8.68074949023348e-08,1.01794410425921e-07,1.52547479837391e-07,1.45470956436435e-07,1.44578394821324e-07,1.15605923817523e-10,3.5234068022757e-10,4.80875779714848e-10,5.83264070692332e-10,6.96589773217657e-10,8.4183019432097e-10,9.7700031492955e-10,1.1277605557466e-09,7.52811558276517e-08,1.00274542853717e-07,9.11502359584946e-08,8.68074949023348e-08,1.01794410425921e-07,1.52547479837391e-07,1.45470956436435e-07,1.44578394821324e-07,2.65244711474393e-10,3.5234068022757e-10,4.80875779714848e-10,5.83264070692332e-10,6.96589773217657e-10,8.4183019432097e-10,9.7700031492955e-10,1.1277605557466e-09,0.00736879694220914
80,1.21506815077631e-08,5.87299654856771e-08,8.57883799034987e-08,1.09284653432669e-07,2.04863001628134e-07,3.5416833596725e-07,4.01252783101543e-07,4.54147225731422e-07,3.27854820874806e-16,1.39452098482098e-15,2.21412518939124e-15,3.67360023429718e-15,5.32179058119708e-15,8.32999291669462e-15,1.1327254550573e-14,1.51812674125809e-14,2.78783638789223e-08,5.87299654856771e-08,8.57883799034987e-08,1.09284653432669e-07,2.04863001628134e-07,3.5416833596725e-07,4.01252783101543e-07,4.54147225731422e-07,7.5222578996636e-16,1.39452098482098e-15,2.21412518939124e-15,3.67360023429718e-15,5.32179058119708e-15,8.32999291669462e-15,1.1327254550573e-14,1.51812674125809e-14,7.8999005122578e-08,9.18867346572247e-09,5.23561144109321e-08,8.2505513918412e-08,1.05933639912391e-07,1.98820102857485e-07,3.41078073735128e-07,3.84241566205652e-07,4.30040939786416e-07,2.21573701370514e-18,9.80635377296776e-18,1.46733753243669e-17,2.51496781813871e-17,4.20564677288469e-17,7.69032965729468e-17,1.05063357784706e-16,1.35685238615301e-16,2.10823715754828e-08,5.23561144109321e-08,8.2505513918412e-08,1.05933639912391e-07,1.98820102857485e-07,3.41078073735128e-07,3.84241566205652e-07,4.30040939786416e-07,5.08375786893953e-18,9.80635377296776e-18,1.46733753243669e-17,2.51496781813871e-17,4.20564677288469e-17,7.69032965729468e-17,1.05063357784706e-16,1.35685238615301e-16,7.17549748805458e-10,1.38118068498282e-08,6.2350697155964e-08,8.92938604350046e-08,1.12888668903604e-07,2.11009526365073e-07,3.69313230278703e-07,4.15334964356706e-07,4.74038679915428e-07,4.24579632977199e-14,1.60559255207642e-13,2.64020570460386e-13,3.86289023959986e-13,5.40852866680574e-13,7.81519117295957e-13,1.01386429091603e-12,1.2768261648807e-12,3.16896280211849e-08,6.2350697155964e-08,8.92938604350046e-08,1.12888668903604e-07,2.11009526365073e-07,3.69313230278703e-07,4.15334964356706e-07,4.74038679915428e-07,9.74149926994238e-14,1.60559255207642e-13,2.64020570460386e-13,3.86289023959986e-13,5.40852866680574e-13,7.81519117295957e-13,1.01386429091603e-12,1.2768261648807e-12,5.11019574587049e-06,8.16829683431203e-09,4.89597046725267e-08,7.99591332236892e-08,1.03652546143716e-07,1.95411959847555e-07,3.32335230117486e-07,3.71756709835203e-07,4.08499412943679e-07,8.59258138449422e-20,1.06583731756283e-18,4.24937047197035e-19,4.16592833272457e-18,1.02871533560043e-17,1.70916680613786e-17,2.6453609336491e-17,3.69919906856755e-17,1.87412328495739e-08,4.89597046725267e-08,7.99591332236892e-08,1.03652546143716e-07,1.95411959847555e-07,3.32335230117486e-07,3.71756709835203e-07,4.08499412943679e-07,1.97147057424834e-19,1.06583731756283e-18,4.24937047197035e-19,4.16592833272457e-18,1.02871533560043e-17,1.70916680613786e-17,2.6453609336491e-17,3.69919906856755e-17,2.16927065636059e-10,1.45215506483641e-08,6.48834523009121e-08,9.15572355979612e-08,1.15482275094667e-07,2.14605475751482e-07,3.76898418528411e-07,4.24934660997332e-07,4.93030508993281e-07,3.47366352127955e-13,1.28983244376475e-12,2.18343576570317e-12,3.14266956328161e-12,4.35619789191654e-12,6.45666629574868e-12,8.44994204285509e-12,1.05387424523439e-11,3.33180548599388e-08,6.48834523009121e-08,9.15572355979612e-08,1.15482275094667e-07,2.14605475751482e-07,3.76898418528411e-07,4.24934660997332e-07,4.93030508993281e-07,7.96992790711359e-13,1.28983244376475e-12,2.18343576570317e-12,3.14266956328161e-12,4.35619789191654e-12,6.45666629574868e-12,8.44994204285509e-12,1.05387424523439e-11,5.2830316977983e-05
81,4.99891780675479e-09,3.26066818806254e-08,5.62435877362538e-08,7.21808417539211e-08,1.19529900909832e-07,2.14268637682832e-07,2.4226722140738e-07,2.8850971015055e-07,7.71658319143442e-13,3.43171076793003e-12,6.02181424189736e-12,9.40953845951124e-12,1.50756002163168e-11,2.6314925176037e-11,3.81593057473712e-11,5.11614773983196e-11,1.14694512837404e-08,3.26066818806254e-08,5.62435877362538e-08,7.21808417539211e-08,1.19529900909832e-07,2.14268637682832e-07,2.4226722140738e-07,2.8850971015055e-07,1.77048270070564e-12,3.43171076793003e-12,6.02181424189736e-12,9.40953845951124e-12,1.50756002163168e-11,2.6314925176037e-11,3.81593057473712e-11,5.11614773983196e-11,0.000358477839962853,4.36165869906033e-09,3.03584865583101e-08,5.28348932465151e-08,6.76578877205828e-08,1.14269798970528e-07,2.04656489589875e-07,2.2953629715115e-07,2.68510052518594e-07,4.8777945094609e-15,4.33593644610329e-14,4.32810134977063e-14,1.19610433548142e-13,2.02220856018488e-13,3.81507335874065e-13,6.81749194179301e-13,9.93199048717117e-13,1.00073323665329e-08,3.03584865583101e-08,5.28348932465151e-08,6.76578877205828e-08,1.14269798970528e-07,2.04656489589875e-07,2.2953629715115e-07,2.68510052518594e-07,1.11915475831112e-14,4.33593644610329e-14,4.32810134977063e-14,1.19610433548142e-13,2.02220856018488e-13,3.81507335874065e-13,6.81749194179301e-13,9.93199048717117e-13,9.07639201378593e-06,6.28296056400027e-09,3.85225884105243e-08,6.09195789069981e-08,7.53946411235183e-08,1.23800266587532e-07,2.24106903577771e-07,2.56266185041474e-07,3.06447902350949e-07,3.21293923265012e-11,1.53716889764864e-10,2.80029427743304e-10,4.71230772256768e-10,7.78333526431421e-10,1.33602439209884e-09,1.94167849159538e-09,2.95126762243599e-09,1.44155421017504e-08,3.85225884105243e-08,6.09195789069981e-08,7.53946411235183e-08,1.23800266587532e-07,2.24106903577771e-07,2.56266185041474e-07,3.06447902350949e-07,7.37172552761409e-11,1.53716889764864e-10,2.80029427743304e-10,4.71230772256768e-10,7.78333526431421e-10,1.33602439209884e-09,1.94167849159538e-09,2.95126762243599e-09,0.0177823346451499,4.10074716998732e-09,2.92810431052647e-08,5.04494344523677e-08,6.4506883304521e-08,1.10784626686575e-07,1.985364666872e-07,2.23376771653529e-07,2.51514336919622e-07,1.62608017495101e-16,8.10065053138449e-16,1.39441407564052e-15,2.29670234256248e-15,3.19769952558284e-15,4.84487182460429e-15,6.68576971335704e-15,8.74070308761768e-15,9.40870038502177e-09,2.92810431052647e-08,5.04494344523677e-08,6.4506883304521e-08,1.10784626686575e-07,1.985364666872e-07,2.23376771653529e-07,2.51514336919622e-07,3.73085697165406e-16,8.10065053138449e-16,1.39441407564052e-15,2.29670234256248e-15,3.19769952558284e-15,4.84487182460429e-15,6.68576971335704e-15,8.74070308761768e-15,1.15239524874777e-07,8.43827581141478e-09,4.41789982188861e-08,6.33080478336067e-08,7.71011157865503e-08,1.26212430342788e-07,2.32226714341757e-07,2.6775306546646e-07,3.21557815892038e-07,1.45160621617169e-10,7.18635162401943e-10,1.40457279510342e-09,2.23461248790342e-09,3.57225434959709e-09,5.98313792380642e-09,8.35952454867275e-09,1.11768248867712e-08,1.93606690646143e-08,4.41789982188861e-08,6.33080478336067e-08,7.71011157865503e-08,1.26212430342788e-07,2.32226714341757e-07,2.6775306546646e-07,3.21557815892038e-07,3.33054621483451e-10,7.18635162401943e-10,1.40457279510342e-09,2.23461248790342e-09,3.57225434959709e-09,5.98313792380642e-09,8.35952454867275e-09,1.11768248867712e-08,0.0588531031031496
82,4.35894835889656e-08,1.41713952298895e-07,1.36563763256821e-07,1.32082501927486e-07,1.6621798583749e-07,2.34174916506991e-07,2.21076679207378e-07,2.12295922097972e-07,1.35325099590523e-15,3.72436755297469e-15,4.63355333482754e-15,5.26884848898987e-15,6.08859731393168e-15,7.21245915364167e-15,8.30466286629891e-15,9.34384386548335e-15,1.00011137977002e-07,1.41713952298895e-07,1.36563763256821e-07,1.32082501927486e-07,1.6621798583749e-07,2.34174916506991e-07,2.21076679207378e-07,2.12295922097972e-07,3.10488129075365e-15,3.72436755297469e-15,4.63355333482754e-15,5.26884848898987e-15,6.08859731393168e-15,7.21245915364167e-15,8.30466286629891e-15,9.34384386548335e-15,4.96110383940721e-08,3.73801119775723e-08,1.24081405098886e-07,1.28020157766883e-07,1.24774452496854e-07,1.60133188907272e-07,2.25423839250446e-07,2.10962455338405e-07,2.00169818167291e-07,5.39940434480832e-17,1.51725226285736e-16,1.91602820916158e-16,2.18211613767196e-16,2.53760934170801e-16,3.03454561662828e-16,3.47756056228037e-16,3.94631660436064e-16,8.57644374004723e-08,1.24081405098886e-07,1.28020157766883e-07,1.24774452496854e-07,1.60133188907272e-07,2.25423839250446e-07,2.10962455338405e-07,2.00169818167291e-07,1.23883223305482e-16,1.51725226285736e-16,1.91602820916158e-16,2.18211613767196e-16,2.53760934170801e-16,3.03454561662828e-16,3.47756056228037e-16,3.94631660436064e-16,1.83408636244246e-09,4.94072937037928e-08,1.53208253682954e-07,1.42403659510397e-07,1.37279966637258e-07,1.71143202825953e-07,2.42850521444844e-07,2.3638728212742e-07,2.36743789817946e-07,3.68304949921016e-14,1.00269535097214e-13,1.23474233875041e-13,1.40131956480636e-13,1.62223465845613e-13,1.93112748223311e-13,2.19216144360576e-13,2.47251191524113e-13,1.13359445004554e-07,1.53208253682954e-07,1.42403659510397e-07,1.37279966637258e-07,1.71143202825953e-07,2.42850521444844e-07,2.3638728212742e-07,2.36743789817946e-07,8.45034034160657e-14,1.00269535097214e-13,1.23474233875041e-13,1.40131956480636e-13,1.62223465845613e-13,1.93112748223311e-13,2.19216144360576e-13,2.47251191524113e-13,1.09398965579491e-06,3.19858078692726e-08,1.17713885671516e-07,1.22013369727338e-07,1.19592547908643e-07,1.55509593052837e-07,2.19198608799696e-07,2.03670625176342e-07,1.92276720275139e-07,1.64428079063781e-17,4.49200417190996e-17,5.52873363160023e-17,6.26597506098181e-17,7.24879165762597e-17,8.64378015288953e-17,9.95892321168323e-17,1.14253812299993e-16,7.33878169855051e-08,1.17713885671516e-07,1.22013369727338e-07,1.19592547908643e-07,1.55509593052837e-07,2.19198608799696e-07,2.03670625176342e-07,1.92276720275139e-07,3.7726162249612e-17,4.49200417190996e-17,5.52873363160023e-17,6.26597506098181e-17,7.24879165762597e-17,8.64378015288953e-17,9.95892321168323e-17,1.14253812299993e-16,4.44093153518137e-10,5.39373714518126e-08,1.59919243222723e-07,1.46592681527511e-07,1.39782138315014e-07,1.74376694700919e-07,2.49581854571784e-07,2.48658123941354e-07,2.53778389675386e-07,1.29351241429132e-13,3.53653397415677e-13,4.36580459768713e-13,4.93302755235673e-13,5.68606648808217e-13,6.74583182795088e-13,7.64699063407691e-13,8.61810073580384e-13,1.23753195822434e-07,1.59919243222723e-07,1.46592681527511e-07,1.39782138315014e-07,1.74376694700919e-07,2.49581854571784e-07,2.48658123941354e-07,2.53778389675386e-07,2.96781787461694e-13,3.53653397415677e-13,4.36580459768713e-13,4.93302755235673e-13,5.68606648808217e-13,6.74583182795088e-13,7.64699063407691e-13,8.61810073580384e-13,4.3733871813885e-06
83,3.44827820509431e-08,1.45381599241859e-07,1.62602063936808e-07,1.67618395009584e-07,2.08438205103736e-07,3.18130851341399e-07,3.13214583112075e-07,3.17695332809169e-07,8.85286668559184e-15,2.67882085486654e-14,3.49655476991152e-14,4.04965258045997e-14,4.709861743055e-14,5.69821786980493e-14,6.62130372754865e-14,7.51316057964427e-14,7.91168417145632e-08,1.45381599241859e-07,1.62602063936808e-07,1.67618395009584e-07,2.08438205103736e-07,3.18130851341399e-07,3.13214583112075e-07,3.17695332809169e-07,2.03119009147623e-14,2.67882085486654e-14,3.49655476991152e-14,4.04965258045997e-14,4.709861743055e-14,5.69821786980493e-14,6.62130372754865e-14,7.51316057964427e-14,2.41972029489627e-07,2.69564669172848e-08,1.29971202098128e-07,1.53246318808538e-07,1.55684365961288e-07,1.94154793536961e-07,2.95575384766247e-07,2.86621752731391e-07,2.83278792059905e-07,7.61187517959507e-17,2.31314020033869e-16,3.02933953876903e-16,3.68025218882774e-16,4.39215550215883e-16,5.37471248813894e-16,6.30585633020356e-16,7.13906291620977e-16,6.18485632373841e-08,1.29971202098128e-07,1.53246318808538e-07,1.55684365961288e-07,1.94154793536961e-07,2.95575384766247e-07,2.86621752731391e-07,2.83278792059905e-07,1.74645863215252e-16,2.31314020033869e-16,3.02933953876903e-16,3.68025218882774e-16,4.39215550215883e-16,5.37471248813894e-16,6.30585633020356e-16,7.13906291620977e-16,1.95289139053766e-09,4.13112499065259e-08,1.56656774951288e-07,1.72694848922669e-07,1.77796196440287e-07,2.18671431155673e-07,3.48798088277556e-07,3.52781656588818e-07,3.75728293093736e-07,2.71367776756837e-13,8.76123034940354e-13,1.33620700518729e-12,1.69025088820298e-12,2.15450883258848e-12,2.89378321954382e-12,3.5387581143293e-12,4.1980966876232e-12,9.47839885731026e-08,1.56656774951288e-07,1.72694848922669e-07,1.77796196440287e-07,2.18671431155673e-07,3.48798088277556e-07,3.52781656588818e-07,3.75728293093736e-07,6.22622658705011e-13,8.76123034940354e-13,1.33620700518729e-12,1.69025088820298e-12,2.15450883258848e-12,2.89378321954382e-12,3.5387581143293e-12,4.1980966876232e-12,8.24659454328707e-06,2.31066709850167e-08,1.21785108347901e-07,1.46935184044581e-07,1.48870874057937e-07,1.83083595257057e-07,2.75623917162169e-07,2.74813518661236e-07,2.69681496646054e-07,1.82487004140123e-17,5.14228772428975e-17,6.67024167458889e-17,7.67083296780705e-17,8.80474660122042e-17,1.04583354461023e-16,1.18801329124231e-16,1.32165976159324e-16,5.30156420723617e-08,1.21785108347901e-07,1.46935184044581e-07,1.48870874057937e-07,1.83083595257057e-07,2.75623917162169e-07,2.74813518661236e-07,2.69681496646054e-07,4.1869578272975e-17,5.14228772428975e-17,6.67024167458889e-17,7.67083296780705e-17,8.80474660122042e-17,1.04583354461023e-16,1.18801329124231e-16,1.32165976159324e-16,4.39499558136906e-10,4.63800910405873e-08,1.64047079107703e-07,1.79589992569615e-07,1.83229289776503e-07,2.26728218494067e-07,3.65892355067069e-07,3.71653370575637e-07,4.01924762880908e-07,9.57546075135748e-12,3.55155730056711e-11,6.18598951281145e-11,8.65428820194426e-11,1.15262551806284e-10,1.5834645088281e-10,1.96442123417459e-10,2.3556184123015e-10,1.06413871019575e-07,1.64047079107703e-07,1.79589992569615e-07,1.83229289776503e-07,2.26728218494067e-07,3.65892355067069e-07,3.71653370575637e-07,4.01924762880908e-07,2.19698112376766e-11,3.55155730056711e-11,6.18598951281145e-11,8.65428820194426e-11,1.15262551806284e-10,1.5834645088281e-10,1.96442123417459e-10,2.3556184123015e-10,0.000362082824029143
84,4.51115658486031e-07,4.85565497630225e-07,5.21210674849339e-07,5.50518104118541e-07,7.1962784257256e-07,7.82636338092057e-07,8.41272501438605e-07,9.1186052183053e-07,2.00324004065089e-07,2.34591576216864e-07,2.83848871257488e-07,3.20901416143194e-07,3.72052086690921e-07,4.40812647486244e-07,5.00702464813084e-07,5.69069120375767e-07,4.51115658486031e-07,4.85565497630225e-07,5.21210674849339e-07,5.50518104118541e-07,7.1962784257256e-07,7.82636338092057e-07,8.41272501438605e-07,9.1186052183053e-07,2.00324004065089e-07,2.34591576216864e-07,2.83848871257488e-07,3.20901416143194e-07,3.72052086690921e-07,4.40812647486244e-07,5.00702464813084e-07,5.69069120375767e-07,0.547683000397533,3.89656476962748e-07,4.47573192618844e-07,5.00469791666436e-07,5.32007362939159e-07,6.99180775560377e-07,7.60132705033569e-07,8.12032056596842e-07,8.70406426874296e-07,1.67957434503231e-07,1.99160510295046e-07,2.42726359951691e-07,2.74935807902745e-07,3.20296111523737e-07,3.80245797102959e-07,4.32946688630998e-07,4.93753149183678e-07,3.89656476962748e-07,4.47573192618844e-07,5.00469791666436e-07,5.32007362939159e-07,6.99180775560377e-07,7.60132705033569e-07,8.12032056596842e-07,8.70406426874296e-07,1.67957434503231e-07,1.99160510295046e-07,2.42726359951691e-07,2.74935807902745e-07,3.20296111523737e-07,3.80245797102959e-07,4.32946688630998e-07,4.93753149183678e-07,0.364461183262491,4.95351049932412e-07,5.08902057661749e-07,5.385108992147e-07,5.65450228619096e-07,7.40886191835415e-07,8.0541920889633e-07,8.73637122150422e-07,9.59713661119113e-07,2.43233764073815e-07,2.84996602352016e-07,3.45266700750117e-07,3.9049228748946e-07,4.53972784843276e-07,5.37505922408023e-07,6.12124385305714e-07,6.97498559159788e-07,4.95351049932412e-07,5.08902057661749e-07,5.385108992147e-07,5.65450228619096e-07,7.40886191835415e-07,8.0541920889633e-07,8.73637122150422e-07,9.59713661119113e-07,2.43233764073815e-07,2.84996602352016e-07,3.45266700750117e-07,3.9049228748946e-07,4.53972784843276e-07,5.37505922408023e-07,6.12124385305714e-07,6.97498559159788e-07,0.696075209260358,3.58955314675417e-07,4.24996202489149e-07,4.83858784197225e-07,5.19056446816731e-07,6.84795080523602e-07,7.44568763660104e-07,7.93463949101778e-07,8.46800292431171e-07,1.50337897572131e-07,1.77964776479846e-07,2.16358372097609e-07,2.45443681008071e-07,2.85721410901145e-07,3.3980720309828e-07,3.87518217243976e-07,4.3897787468631e-07,3.58955314675417e-07,4.24996202489149e-07,4.83858784197225e-07,5.19056446816731e-07,6.84795080523602e-07,7.44568763660104e-07,7.93463949101778e-07,8.46800292431171e-07,1.50337897572131e-07,1.77964776479846e-07,2.16358372097609e-07,2.45443681008071e-07,2.85721410901145e-07,3.3980720309828e-07,3.87518217243976e-07,4.3897787468631e-07,0.293665780184846,5.27501883546224e-07,5.26728463957632e-07,5.48453885500836e-07,5.74062788192168e-07,7.5704380329832e-07,8.22377877545567e-07,8.9239274229705e-07,9.92114375744879e-07,2.64745430201605e-07,3.09954731162289e-07,3.74964596846349e-07,4.23974963325195e-07,4.91801872236372e-07,5.81931667470352e-07,6.62616587948558e-07,7.61156029629738e-07,5.27501883546224e-07,5.26728463957632e-07,5.48453885500836e-07,5.74062788192168e-07,7.5704380329832e-07,8.22377877545567e-07,8.9239274229705e-07,9.92114375744879e-07,2.64745430201605e-07,3.09954731162289e-07,3.74964596846349e-07,4.23974963325195e-07,4.91801872236372e-07,5.81931667470352e-07,6.62616587948558e-07,7.61156029629738e-07,0.77152756834779
85,3.03203718049812e-08,6.1822959051161e-08,1.02912733739812e-07,1.43075380989021e-07,3.24388547893998e-07,4.54248698899416e-07,5.43824827636593e-07,6.494743033322e-07,2.92643441082449e-17,5.78230338044679e-17,9.02334608439864e-17,2.05322605998133e-16,3.76277274641257e-16,7.63102923709811e-16,1.2702358004972e-15,2.01232899804361e-15,3.03203718049812e-08,6.1822959051161e-08,1.02912733739812e-07,1.43075380989021e-07,3.24388547893998e-07,4.54248698899416e-07,5.43824827636593e-07,6.494743033322e-07,2.92643441082449e-17,5.78230338044679e-17,9.02334608439864e-17,2.05322605998133e-16,3.76277274641257e-16,7.63102923709811e-16,1.2702358004972e-15,2.01232899804361e-15,1.16088288620083e-08,2.58966722479527e-08,5.31739670406402e-08,9.06586198506595e-08,1.30003641499456e-07,3.0772660160387e-07,4.3736489094769e-07,5.22300960245237e-07,6.22351836026569e-07,3.59413001615278e-19,1.2672685038837e-18,1.42728678160107e-18,5.51178754773545e-18,1.61504204737239e-17,3.96987365010336e-17,7.50836755874601e-17,1.25821696155349e-16,2.58966722479527e-08,5.31739670406402e-08,9.06586198506595e-08,1.30003641499456e-07,3.0772660160387e-07,4.3736489094769e-07,5.22300960245237e-07,6.22351836026569e-07,3.59413001615278e-19,1.2672685038837e-18,1.42728678160107e-18,5.51178754773545e-18,1.61504204737239e-17,3.96987365010336e-17,7.50836755874601e-17,1.25821696155349e-16,6.03885774900834e-10,3.6748977097698e-08,7.10625327580008e-08,1.13320258161286e-07,1.54343638588485e-07,3.40669496612547e-07,4.76510598011342e-07,5.67120316852155e-07,6.76933422133916e-07,4.18067608925861e-15,9.12468862561998e-15,1.51973034384609e-14,3.44124597212485e-14,6.46531285026453e-14,1.11178506215214e-13,1.9337981166668e-13,2.90614792691679e-13,3.6748977097698e-08,7.10625327580008e-08,1.13320258161286e-07,1.54343638588485e-07,3.40669496612547e-07,4.76510598011342e-07,5.67120316852155e-07,6.76933422133916e-07,4.18067608925861e-15,9.12468862561998e-15,1.51973034384609e-14,3.44124597212485e-14,6.46531285026453e-14,1.11178506215214e-13,1.9337981166668e-13,2.90614792691679e-13,6.88105358805897e-07,2.39076229963805e-08,4.93399348106475e-08,8.48998269219294e-08,1.22848851445362e-07,2.98049371073005e-07,4.24587522147616e-07,5.06172591486376e-07,6.01772305962851e-07,2.81139990165744e-21,1.96874725072587e-20,7.59111530213539e-21,1.33662157843948e-19,1.4409992366417e-18,7.06701681537086e-18,1.88745354922211e-17,3.39683449431084e-17,2.39076229963805e-08,4.93399348106475e-08,8.48998269219294e-08,1.22848851445362e-07,2.98049371073005e-07,4.24587522147616e-07,5.06172591486376e-07,6.01772305962851e-07,2.81139990165744e-21,1.96874725072587e-20,7.59111530213539e-21,1.33662157843948e-19,1.4409992366417e-18,7.06701681537086e-18,1.88745354922211e-17,3.39683449431084e-17,2.25452183834e-10,4.00149280556651e-08,7.50397319399063e-08,1.1859849921939e-07,1.61368086117991e-07,3.53836942205226e-07,4.91906400273973e-07,5.80975341430547e-07,6.98997462907349e-07,2.41366887911019e-14,4.96977791432724e-14,8.63451474241623e-14,1.5566569174274e-13,2.73244151462895e-13,4.76378903755264e-13,8.12048590749511e-13,1.20887370891434e-12,4.00149280556651e-08,7.50397319399063e-08,1.1859849921939e-07,1.61368086117991e-07,3.53836942205226e-07,4.91906400273973e-07,5.80975341430547e-07,6.98997462907349e-07,2.41366887911019e-14,4.96977791432724e-14,8.63451474241623e-14,1.5566569174274e-13,2.73244151462895e-13,4.76378903755264e-13,8.12048590749511e-13,1.20887370891434e-12,5.55092581039418e-06
86,1.09568087768542e-08,2.77681411366121e-08,7.09611232527463e-08,2.13834395415936e-07,4.67355081886642e-07,8.17925249202297e-07,1.20839832230702e-06,1.52864220282097e-06,6.81126166468509e-17,1.32315494615436e-16,4.54054660761315e-16,8.39072892906339e-16,2.1559253533232e-15,4.95896859166251e-15,9.90047199289117e-15,1.97464928135257e-14,1.09568087768542e-08,2.77681411366121e-08,7.09611232527463e-08,2.13834395415936e-07,4.67355081886642e-07,8.17925249202297e-07,1.20839832230702e-06,1.52864220282097e-06,6.81126166468509e-17,1.32315494615436e-16,4.54054660761315e-16,8.39072892906339e-16,2.1559253533232e-15,4.95896859166251e-15,9.90047199289117e-15,1.97464928135257e-14,4.09799955278668e-08,8.89215362850859e-09,2.43717450376906e-08,6.60278050713254e-08,2.01964525448375e-07,4.4579618573295e-07,7.7692927271065e-07,1.12279843010023e-06,1.38730767379899e-06,7.18533179452116e-20,2.75903213092909e-20,1.38921476242933e-18,9.60178735179806e-18,2.79754052606232e-17,8.86561789810264e-17,2.30145627198016e-16,5.89733603002961e-16,8.89215362850859e-09,2.43717450376906e-08,6.60278050713254e-08,2.01964525448375e-07,4.4579618573295e-07,7.7692927271065e-07,1.12279843010023e-06,1.38730767379899e-06,7.18533179452116e-20,2.75903213092909e-20,1.38921476242933e-18,9.60178735179806e-18,2.79754052606232e-17,8.86561789810264e-17,2.30145627198016e-16,5.89733603002961e-16,2.53587274041754e-09,1.25503118163603e-08,3.04108332226446e-08,7.51038867373685e-08,2.23823929818635e-07,4.8820932067455e-07,8.49643392120252e-07,1.26803939131175e-06,1.63460878572952e-06,2.84091759523864e-15,5.72412057798991e-15,1.58620741254839e-14,2.85434111739985e-14,5.81522824551543e-14,1.24759307560883e-13,2.1298410440272e-13,3.73674512058965e-13,1.25503118163603e-08,3.04108332226446e-08,7.51038867373685e-08,2.23823929818635e-07,4.8820932067455e-07,8.49643392120252e-07,1.26803939131175e-06,1.63460878572952e-06,2.84091759523864e-15,5.72412057798991e-15,1.58620741254839e-14,2.85434111739985e-14,5.81522824551543e-14,1.24759307560883e-13,2.1298410440272e-13,3.73674512058965e-13,5.58523496343867e-07,7.46766106525664e-09,2.15639791008503e-08,6.18243679590211e-08,1.9501673559129e-07,4.26937309602272e-07,7.33274506278037e-07,1.05630275486454e-06,1.28060075642653e-06,1.49262304410218e-21,5.30174467579495e-22,2.4095956440566e-20,4.40944109889224e-19,2.67279316119954e-18,1.56039125948321e-17,4.89259121320721e-17,1.0006922117568e-16,7.46766106525664e-09,2.15639791008503e-08,6.18243679590211e-08,1.9501673559129e-07,4.26937309602272e-07,7.33274506278037e-07,1.05630275486454e-06,1.28060075642653e-06,1.49262304410218e-21,5.30174467579495e-22,2.4095956440566e-20,4.40944109889224e-19,2.67279316119954e-18,1.56039125948321e-17,4.89259121320721e-17,1.0006922117568e-16,2.43030548433794e-10,1.37041685843806e-08,3.26133592210579e-08,7.94782412055344e-08,2.33725143265302e-07,5.02928673790681e-07,8.71629137157376e-07,1.30356779749726e-06,1.70249207810962e-06,8.93165681229176e-14,1.9138899552157e-13,5.64968304131542e-13,1.2254154514882e-12,2.92308986563217e-12,7.14117654621915e-12,1.2815792606089e-11,1.93975916006345e-11,1.37041685843806e-08,3.26133592210579e-08,7.94782412055344e-08,2.33725143265302e-07,5.02928673790681e-07,8.71629137157376e-07,1.30356779749726e-06,1.70249207810962e-06,8.93165681229176e-14,1.9138899552157e-13,5.64968304131542e-13,1.2254154514882e-12,2.92308986563217e-12,7.14117654621915e-12,1.2815792606089e-11,1.93975916006345e-11,1.71973484519498e-05
87,9.31189894186921e-08,9.09170547826562e-08,8.78730721672594e-08,9.25151359111206e-08,1.71702402117174e-07,1.61063230792116e-07,1.56484930473798e-07,1.55900175759094e-07,7.64038538384065e-11,9.28056823073353e-11,1.26889683523271e-10,2.20588326406921e-10,3.85384955329577e-10,1.10010511822528e-09,2.67792746034452e-09,6.27108695088692e-09,9.31189894186921e-08,9.09170547826562e-08,8.78730721672594e-08,9.25151359111206e-08,1.71702402117174e-07,1.61063230792116e-07,1.56484930473798e-07,1.55900175759094e-07,7.64038538384065e-11,9.28056823073353e-11,1.26889683523271e-10,2.20588326406921e-10,3.85384955329577e-10,1.10010511822528e-09,2.67792746034452e-09,6.27108695088692e-09,0.181955371137388,8.85897370553145e-08,8.68645175236995e-08,8.4279013913795e-08,8.96631257332531e-08,1.65125658937686e-07,1.5588090862076e-07,1.51138656215623e-07,1.47134074962755e-07,3.38535642225181e-13,3.90851665457045e-13,6.30995596417631e-13,5.11056230212312e-12,1.98964975520156e-11,9.304999136922e-11,2.14347171946395e-10,4.11038172956965e-10,8.85897370553145e-08,8.68645175236995e-08,8.4279013913795e-08,8.96631257332531e-08,1.65125658937686e-07,1.5588090862076e-07,1.51138656215623e-07,1.47134074962755e-07,3.38535642225181e-13,3.90851665457045e-13,6.30995596417631e-13,5.11056230212312e-12,1.98964975520156e-11,9.304999136922e-11,2.14347171946395e-10,4.11038172956965e-10,0.0085254103697657,9.92109756781261e-08,9.54674273278431e-08,9.16327571962432e-08,9.61534500087567e-08,1.78001971703506e-07,1.66155257163471e-07,1.62059118397954e-07,1.64664187334437e-07,6.38612274783884e-09,7.50126236336449e-09,9.26172065775126e-09,1.14642002541976e-08,1.41227213117254e-08,1.80644000321474e-08,2.29810205694926e-08,3.34143161965085e-08,9.92109756781261e-08,9.54674273278431e-08,9.16327571962432e-08,9.61534500087567e-08,1.78001971703506e-07,1.66155257163471e-07,1.62059118397954e-07,1.64664187334437e-07,6.38612274783884e-09,7.50126236336449e-09,9.26172065775126e-09,1.14642002541976e-08,1.41227213117254e-08,1.80644000321474e-08,2.29810205694926e-08,3.34143161965085e-08,0.773329258560684,8.57437999711575e-08,8.39348892099584e-08,8.16476618675276e-08,8.78398842423845e-08,1.6023447845928e-07,1.52632297478647e-07,1.47430176285628e-07,1.4244596298024e-07,1.90289453632095e-14,2.17090982975727e-14,3.35354511410531e-14,2.39187770534055e-13,1.05275557268316e-12,7.37234275428902e-12,3.74968167948686e-11,9.34654823304474e-11,8.57437999711575e-08,8.39348892099584e-08,8.16476618675276e-08,8.78398842423845e-08,1.6023447845928e-07,1.52632297478647e-07,1.47430176285628e-07,1.4244596298024e-07,1.90289453632095e-14,2.17090982975727e-14,3.35354511410531e-14,2.39187770534055e-13,1.05275557268316e-12,7.37234275428902e-12,3.74968167948686e-11,9.34654823304474e-11,0.00157314724502857,1.04697412592002e-07,9.91076194782452e-08,9.44560824663888e-08,9.85388978753296e-08,1.81591849546759e-07,1.69521337241479e-07,1.66281394687415e-07,1.70326762587147e-07,1.05786088504464e-08,1.24278547881448e-08,1.54978039466033e-08,2.01710746044969e-08,2.5387014799813e-08,3.23276779203636e-08,3.93367117551858e-08,4.72211188479855e-08,1.04697412592002e-07,9.91076194782452e-08,9.44560824663888e-08,9.85388978753296e-08,1.81591849546759e-07,1.69521337241479e-07,1.66281394687415e-07,1.70326762587147e-07,1.05786088504464e-08,1.24278547881448e-08,1.54978039466033e-08,2.01710746044969e-08,2.5387014799813e-08,3.23276779203636e-08,3.93367117551858e-08,4.72211188479855e-08,0.925346380166011
88,8.61515580602026e-08,1.36088661203875e-07,1.97759239679269e-07,3.14152396455851e-07,4.45517168270085e-07,5.09393750178509e-07,5.70673040166965e-07,5.85148677630366e-07,1.21545351806594e-14,2.34266652343332e-14,4.97833070505413e-14,7.6145353719205e-14,1.17698888420659e-13,1.88033398248624e-13,2.64232941637814e-13,3.45910353078309e-13,8.61515580602026e-08,1.36088661203875e-07,1.97759239679269e-07,3.14152396455851e-07,4.45517168270085e-07,5.09393750178509e-07,5.70673040166965e-07,5.85148677630366e-07,1.21545351806594e-14,2.34266652343332e-14,4.97833070505413e-14,7.6145353719205e-14,1.17698888420659e-13,1.88033398248624e-13,2.64232941637814e-13,3.45910353078309e-13,1.53269911409395e-07,8.31800794278775e-08,1.32485017735896e-07,1.93248133117278e-07,3.06627196175173e-07,4.35865764129781e-07,4.9594373178266e-07,5.53071429547753e-07,5.59877989508534e-07,1.10556091176349e-16,2.14658500392216e-16,4.54248390996713e-16,6.95501878064581e-16,1.07259435259474e-15,1.72137159273242e-15,2.38806230467351e-15,3.1448232243068e-15,8.31800794278775e-08,1.32485017735896e-07,1.93248133117278e-07,3.06627196175173e-07,4.35865764129781e-07,4.9594373178266e-07,5.53071429547753e-07,5.59877989508534e-07,1.10556091176349e-16,2.14658500392216e-16,4.54248390996713e-16,6.95501878064581e-16,1.07259435259474e-15,1.72137159273242e-15,2.38806230467351e-15,3.1448232243068e-15,1.60631958911937e-09,8.92990534816376e-08,1.39846222531849e-07,2.02297131193256e-07,3.20637240813026e-07,4.54936291782981e-07,5.22468907035817e-07,5.88323210725152e-07,6.11887404673974e-07,3.40799287473126e-11,6.5009713006804e-11,1.3378211504447e-10,2.03758634359934e-10,3.09934980250711e-10,4.87367322981102e-10,6.69104954474692e-10,8.87993532037568e-10,8.92990534816376e-08,1.39846222531849e-07,2.02297131193256e-07,3.20637240813026e-07,4.54936291782981e-07,5.22468907035817e-07,5.88323210725152e-07,6.11887404673974e-07,3.40799287473126e-11,6.5009713006804e-11,1.3378211504447e-10,2.03758634359934e-10,3.09934980250711e-10,4.87367322981102e-10,6.69104954474692e-10,8.87993532037568e-10,0.000525240888634382,8.09608655344028e-08,1.29600624213637e-07,1.89847012781193e-07,3.01500268149486e-07,4.28555528371672e-07,4.86966123926374e-07,5.40124283014996e-07,5.40938523057788e-07,3.11344673744823e-17,5.98657477496785e-17,1.26510076049553e-16,1.9397112702099e-16,2.97970374741403e-16,4.77271411119307e-16,6.56268978372488e-16,8.64744921534602e-16,8.09608655344028e-08,1.29600624213637e-07,1.89847012781193e-07,3.01500268149486e-07,4.28555528371672e-07,4.86966123926374e-07,5.40124283014996e-07,5.40938523057788e-07,3.11344673744823e-17,5.98657477496785e-17,1.26510076049553e-16,1.9397112702099e-16,2.97970374741403e-16,4.77271411119307e-16,6.56268978372488e-16,8.64744921534602e-16,4.81078721864917e-10,9.24310666038587e-08,1.43499995830485e-07,2.04638878089783e-07,3.24435372511895e-07,4.60136706079418e-07,5.31282029281207e-07,6.0087631342987e-07,6.31044208601583e-07,1.75461926256535e-09,3.38814125719451e-09,6.92253376880873e-09,1.04428359603332e-08,1.58468985462793e-08,2.4782479054015e-08,3.42545364165671e-08,4.55041508685561e-08,9.24310666038587e-08,1.43499995830485e-07,2.04638878089783e-07,3.24435372511895e-07,4.60136706079418e-07,5.31282029281207e-07,6.0087631342987e-07,6.31044208601583e-07,1.75461926256535e-09,3.38814125719451e-09,6.92253376880873e-09,1.04428359603332e-08,1.58468985462793e-08,2.4782479054015e-08,3.42545364165671e-08,4.55041508685561e-08,0.0251719069600862
89,1.66649789127519e-07,5.41965691663937e-07,6.7644303340775e-07,7.40524002035557e-07,1.15140437260857e-06,1.28325735587582e-06,1.33340676019529e-06,1.37809049703197e-06,5.88912667904934e-16,2.35270119643854e-15,4.08005210608066e-15,6.25336113557211e-15,9.39590316372664e-15,1.45211459268717e-14,2.08446146835633e-14,2.60015237823927e-14,3.82359084852512e-07,5.41965691663937e-07,6.7644303340775e-07,7.40524002035557e-07,1.15140437260857e-06,1.28325735587582e-06,1.33340676019529e-06,1.37809049703197e-06,1.35119348147437e-15,2.35270119643854e-15,4.08005210608066e-15,6.25336113557211e-15,9.39590316372664e-15,1.45211459268717e-14,2.08446146835633e-14,2.60015237823927e-14,9.93491643525177e-09,1.54469028204016e-07,5.15634128983652e-07,6.57082165388545e-07,7.22166474352143e-07,1.1205784622088e-06,1.25338052810147e-06,1.28952994667899e-06,1.31955823084483e-06,4.52271356532035e-18,1.96524941817136e-17,3.38199027448585e-17,5.87424806345724e-17,9.16896729469866e-17,1.37759921316348e-16,1.94121580256143e-16,2.56747919189948e-16,3.54411707157639e-07,5.15634128983652e-07,6.57082165388545e-07,7.22166474352143e-07,1.1205784622088e-06,1.25338052810147e-06,1.28952994667899e-06,1.31955823084483e-06,1.03768545339274e-17,1.96524941817136e-17,3.38199027448585e-17,5.87424806345724e-17,9.16896729469866e-17,1.37759921316348e-16,1.94121580256143e-16,2.56747919189948e-16,7.6776652961168e-11,1.76085200634885e-07,5.60569353422971e-07,6.93500223467013e-07,7.61166422617587e-07,1.19008852979154e-06,1.31641326362303e-06,1.37611330706148e-06,1.4388300725437e-06,7.77014848464558e-14,3.0912746874435e-13,5.308784064184e-13,8.13245165375856e-13,1.23889787163154e-12,1.92580737164787e-12,2.71676860050408e-12,3.5379917641519e-12,4.0400756894632e-07,5.60569353422971e-07,6.93500223467013e-07,7.61166422617587e-07,1.19008852979154e-06,1.31641326362303e-06,1.37611330706148e-06,1.4388300725437e-06,1.7827726511456e-13,3.0912746874435e-13,5.308784064184e-13,8.13245165375856e-13,1.23889787163154e-12,1.92580737164787e-12,2.71676860050408e-12,3.5379917641519e-12,1.28871946430203e-06,1.45092760737071e-07,4.90555899704662e-07,6.33858469689643e-07,7.07456713187634e-07,1.10586859032624e-06,1.23473311045161e-06,1.26091566832879e-06,1.27492839711354e-06,1.37643881968024e-18,6.12517080246635e-18,1.07580603200019e-17,1.78309394958878e-17,2.65002316446504e-17,4.05237271081121e-17,5.76576620266271e-17,7.85045508203451e-17,3.32898922372474e-07,4.90555899704662e-07,6.33858469689643e-07,7.07456713187634e-07,1.10586859032624e-06,1.23473311045161e-06,1.26091566832879e-06,1.27492839711354e-06,3.15808312872029e-18,6.12517080246635e-18,1.07580603200019e-17,1.78309394958878e-17,2.65002316446504e-17,4.05237271081121e-17,5.76576620266271e-17,7.85045508203451e-17,2.80670180663957e-11,1.81857036924822e-07,5.73243136263406e-07,7.03500049617093e-07,7.73244363940492e-07,1.21020733365146e-06,1.3376584540138e-06,1.40499012850901e-06,1.47410282126626e-06,5.23364201053005e-13,2.01765380899914e-12,3.59938944435148e-12,5.1131901993239e-12,7.22797714857825e-12,1.11362511777713e-11,1.54410905875935e-11,2.02198851002566e-11,4.17250394234566e-07,5.73243136263406e-07,7.03500049617093e-07,7.73244363940492e-07,1.21020733365146e-06,1.3376584540138e-06,1.40499012850901e-06,1.47410282126626e-06,1.20079994104324e-12,2.01765380899914e-12,3.59938944435148e-12,5.1131901993239e-12,7.22797714857825e-12,1.11362511777713e-11,1.54410905875935e-11,2.02198851002566e-11,7.96670350513711e-06
90,3.133458425491e-09,8.78262801376149e-09,2.17988890776101e-08,4.7525573544392e-08,1.69262066319848e-07,3.19754586146634e-07,4.71585576814289e-07,6.60934019714656e-07,2.36279881787444e-11,6.78898278622457e-11,1.4620793461295e-10,9.0495247496987e-10,3.05625770804688e-09,1.21985212454855e-08,4.41803651870682e-08,9.48550609072604e-08,3.133458425491e-09,8.78262801376149e-09,2.17988890776101e-08,4.7525573544392e-08,1.69262066319848e-07,3.19754586146634e-07,4.71585576814289e-07,6.60934019714656e-07,2.36279881787444e-11,6.78898278622457e-11,1.4620793461295e-10,9.0495247496987e-10,3.05625770804688e-09,1.21985212454855e-08,4.41803651870682e-08,9.48550609072604e-08,0.51974568563832,2.27416241745493e-09,7.07304514351975e-09,1.88013179789682e-08,4.43159055128094e-08,1.62363241916653e-07,3.02357946935511e-07,4.42813682849393e-07,5.95995481066557e-07,3.84108265453383e-13,1.14261313175141e-12,1.51362657827833e-12,2.51603911798172e-11,2.56127168601223e-10,1.19357586024942e-09,3.61435703336308e-09,7.64096244609865e-09,2.27416241745493e-09,7.07304514351975e-09,1.88013179789682e-08,4.43159055128094e-08,1.62363241916653e-07,3.02357946935511e-07,4.42813682849393e-07,5.95995481066557e-07,3.84108265453383e-13,1.14261313175141e-12,1.51362657827833e-12,2.51603911798172e-11,2.56127168601223e-10,1.19357586024942e-09,3.61435703336308e-09,7.64096244609865e-09,0.0759741913832635,4.49254099466381e-09,1.11450347211519e-08,2.4947274338578e-08,5.16635225051111e-08,1.78980932565698e-07,3.3915576554464e-07,5.03070738329584e-07,7.02853130399906e-07,6.71484079274335e-10,1.64095224133251e-09,3.24485237979407e-09,9.7526816758069e-09,2.17832111423688e-08,5.77506649427833e-08,1.20589719576848e-07,2.40736970332622e-07,4.49254099466381e-09,1.11450347211519e-08,2.4947274338578e-08,5.16635225051111e-08,1.78980932565698e-07,3.3915576554464e-07,5.03070738329584e-07,7.02853130399906e-07,6.71484079274335e-10,1.64095224133251e-09,3.24485237979407e-09,9.7526816758069e-09,2.17832111423688e-08,5.77506649427833e-08,1.20589719576848e-07,2.40736970332622e-07,0.921237500563938,1.88191280383006e-09,6.19359077751219e-09,1.68768347676118e-08,4.24635580834498e-08,1.57114647388513e-07,2.93757669930332e-07,4.23972163232848e-07,5.51427904549867e-07,3.77055380764995e-15,1.18490434887439e-14,1.67025179171541e-14,3.026487641546e-13,6.20403540402287e-12,4.04515634770353e-11,1.72516530764546e-10,5.8555306829577e-10,1.88191280383006e-09,6.19359077751219e-09,1.68768347676118e-08,4.24635580834498e-08,1.57114647388513e-07,2.93757669930332e-07,4.23972163232848e-07,5.51427904549867e-07,3.77055380764995e-15,1.18490434887439e-14,1.67025179171541e-14,3.026487641546e-13,6.20403540402287e-12,4.04515634770353e-11,1.72516530764546e-10,5.8555306829577e-10,0.0229954003943255,5.49683826626464e-09,1.27262266152324e-08,2.79838606976293e-08,5.60045330894365e-08,1.90530299960771e-07,3.52882940705813e-07,5.2053694246452e-07,7.31314104594353e-07,1.54740691359941e-09,3.76895880978984e-09,7.43381645180659e-09,1.88286558122949e-08,3.85005413136553e-08,8.91252821126849e-08,1.68009166649162e-07,2.9165096866336e-07,5.49683826626464e-09,1.27262266152324e-08,2.79838606976293e-08,5.60045330894365e-08,1.90530299960771e-07,3.52882940705813e-07,5.2053694246452e-07,7.31314104594353e-07,1.54740691359941e-09,3.76895880978984e-09,7.43381645180659e-09,1.88286558122949e-08,3.85005413136553e-08,8.91252821126849e-08,1.68009166649162e-07,2.9165096866336e-07,0.978786777116376
91,1.38777778833813e-08,6.68965475006764e-08,9.93703463943227e-08,1.18345104671516e-07,1.45055480486428e-07,1.82364346512815e-07,1.74520055717791e-07,1.68707014672894e-07,8.67603926290998e-21,2.72574649190781e-19,1.44618593173296e-19,1.57036643899262e-18,9.59281635879767e-18,3.57103394468719e-17,8.24248659078211e-17,1.59131182503302e-16,3.18409910930988e-08,6.68965475006764e-08,9.93703463943227e-08,1.18345104671516e-07,1.45055480486428e-07,1.82364346512815e-07,1.74520055717791e-07,1.68707014672894e-07,1.99061904013111e-20,2.72574649190781e-19,1.44618593173296e-19,1.57036643899262e-18,9.59281635879767e-18,3.57103394468719e-17,8.24248659078211e-17,1.59131182503302e-16,6.87368909128959e-10,1.21351576609633e-08,6.11380469815054e-08,9.49375167681527e-08,1.15051533719953e-07,1.41537058873595e-07,1.7699139890483e-07,1.67952869353812e-07,1.61612428456161e-07,3.92760047322891e-24,2.68690263393633e-22,6.50867130070269e-23,1.4019156149894e-21,2.55561772733602e-20,2.11993428417292e-19,8.41174998465756e-19,3.01505556362249e-18,2.78427461689521e-08,6.11380469815054e-08,9.49375167681527e-08,1.15051533719953e-07,1.41537058873595e-07,1.7699139890483e-07,1.67952869353812e-07,1.61612428456161e-07,9.01143488073049e-24,2.68690263393633e-22,6.50867130070269e-23,1.4019156149894e-21,2.55561772733602e-20,2.11993428417292e-19,8.41174998465756e-19,3.01505556362249e-18,9.28944068115952e-11,1.64060570016872e-08,7.42919494419413e-08,1.04256638399411e-07,1.22103660310484e-07,1.49616278721216e-07,1.88945707414472e-07,1.82520482958365e-07,1.78462640442445e-07,1.81928432724369e-18,1.57973286741801e-17,2.56878215179356e-17,7.50361592178372e-17,1.964487149594e-16,6.33477740657468e-16,1.5490556630418e-15,3.26859013312754e-15,3.76418414571364e-08,7.42919494419413e-08,1.04256638399411e-07,1.22103660310484e-07,1.49616278721216e-07,1.88945707414472e-07,1.82520482958365e-07,1.78462640442445e-07,4.17414203818246e-18,1.57973286741801e-17,2.56878215179356e-17,7.50361592178372e-17,1.964487149594e-16,6.33477740657468e-16,1.5490556630418e-15,3.26859013312754e-15,3.29259184577021e-08,1.11537215836903e-08,5.76870546672441e-08,9.14834207049492e-08,1.11975935099206e-07,1.38165458517805e-07,1.73530200588305e-07,1.64619532910936e-07,1.57569667574456e-07,8.96309952792633e-26,7.18121153103696e-24,1.61729524247805e-24,5.14907081570175e-23,1.60030052496123e-21,1.37417537889039e-20,5.15514622026191e-20,1.67119831763402e-19,2.55909521384165e-08,5.76870546672441e-08,9.14834207049492e-08,1.11975935099206e-07,1.38165458517805e-07,1.73530200588305e-07,1.64619532910936e-07,1.57569667574456e-07,2.05648176987341e-25,7.18121153103696e-24,1.61729524247805e-24,5.14907081570175e-23,1.60030052496123e-21,1.37417537889039e-20,5.15514622026191e-20,1.67119831763402e-19,2.97340224533323e-11,1.80805873186616e-08,7.97430568690413e-08,1.08158133951748e-07,1.24736113155407e-07,1.52493938024241e-07,1.92833025563433e-07,1.88059812664141e-07,1.85429320473765e-07,1.35292883381401e-17,1.33367218621779e-16,2.02244333075442e-16,7.95244637876164e-16,2.29404884229922e-15,7.67343855478246e-15,1.67794636727383e-14,3.08785630247536e-14,4.14838617975653e-08,7.97430568690413e-08,1.08158133951748e-07,1.24736113155407e-07,1.52493938024241e-07,1.92833025563433e-07,1.88059812664141e-07,1.85429320473765e-07,3.10414212628775e-17,1.33367218621779e-16,2.02244333075442e-16,7.95244637876164e-16,2.29404884229922e-15,7.67343855478246e-15,1.67794636727383e-14,3.08785630247536e-14,2.67079074115518e-07
92,2.28977163713517e-11,1.61230110026963e-09,7.46115192671284e-08,8.75550273961991e-08,9.78862974009601e-08,1.96746926461496e-07,2.29407067997218e-07,2.38337475574549e-07,3.14470691675519e-19,1.38907862075852e-17,8.65252735510848e-16,6.34185522924499e-16,1.92995993285272e-15,4.44530071876742e-15,8.98333332331615e-15,1.44223102809978e-14,7.29278767639875e-09,4.67553611468466e-08,7.46115192671284e-08,8.75550273961991e-08,9.78862974009601e-08,1.96746926461496e-07,2.29407067997218e-07,2.38337475574549e-07,1.00157061413737e-16,4.02820990223644e-16,8.65252735510848e-16,6.34185522924499e-16,1.92995993285272e-15,4.44530071876742e-15,8.98333332331615e-15,1.44223102809978e-14,1.1098977653391e-06,1.91836606383504e-11,1.38043248443033e-09,6.73651834431162e-08,8.14993999682374e-08,9.24580669830662e-08,1.84598487088766e-07,2.13910949809527e-07,2.21378691055904e-07,4.4191483047509e-23,1.00770881903071e-20,1.38873002994081e-18,2.900899790143e-19,3.37473470706732e-18,1.39971208005564e-17,3.19813184833058e-17,5.37143736629905e-17,6.10988282074343e-09,4.00313684196984e-08,6.73651834431162e-08,8.14993999682374e-08,9.24580669830662e-08,1.84598487088766e-07,2.13910949809527e-07,2.21378691055904e-07,1.40747268305705e-20,2.92226990087421e-19,1.38873002994081e-18,2.900899790143e-19,3.37473470706732e-18,1.39971208005564e-17,3.19813184833058e-17,5.37143736629905e-17,3.90062582607319e-09,2.83944657109551e-11,1.8764590587762e-09,8.00314780544967e-08,9.29237177707393e-08,1.03754940819553e-07,2.08146837976322e-07,2.43536308356488e-07,2.52860569835021e-07,6.35647334189988e-17,1.75399496569651e-15,9.80562160519458e-14,7.52692584204877e-14,1.73281273379309e-13,3.51086610636363e-13,6.18884500694923e-13,9.33514591555e-13,9.04346993632344e-09,5.44157173592953e-08,8.00314780544967e-08,9.29237177707393e-08,1.03754940819553e-07,2.08146837976322e-07,2.43536308356488e-07,2.52860569835021e-07,2.02449928636391e-14,5.0864362777633e-14,9.80562160519458e-14,7.52692584204877e-14,1.73281273379309e-13,3.51086610636363e-13,6.18884500694923e-13,9.33514591555e-13,7.14978387641283e-05,1.63941954808791e-11,1.20790747871175e-09,6.18516654772887e-08,7.72363979717863e-08,8.72190447052441e-08,1.71369090055767e-07,1.96284598699717e-07,2.01647943191949e-07,4.19263999633831e-26,1.16494937908562e-23,2.31151329744657e-21,3.13190827718333e-22,6.03987241091411e-21,5.25015945104652e-20,2.2634712404757e-19,7.49040367398003e-19,5.22145461269724e-09,3.50282899327553e-08,6.18516654772887e-08,7.72363979717863e-08,8.72190447052441e-08,1.71369090055767e-07,1.96284598699717e-07,2.01647943191949e-07,1.33533112215188e-23,3.37825415661094e-22,2.31151329744657e-21,3.13190827718333e-22,6.03987241091411e-21,5.25015945104652e-20,2.2634712404757e-19,7.49040367398003e-19,6.6343044405433e-10,3.26053495233214e-11,2.03529930866388e-09,8.25355567870538e-08,9.58542942878061e-08,1.06885040076549e-07,2.16024697946178e-07,2.55877095316188e-07,2.67546213594386e-07,1.25922977395496e-15,3.84052223253998e-14,2.43081254697055e-12,1.5845686830503e-12,4.29120374465413e-12,7.55488742641953e-12,1.01664230115427e-11,1.39641751554632e-11,1.03846116063283e-08,5.90219495617742e-08,8.25355567870538e-08,9.58542942878061e-08,1.06885040076549e-07,2.16024697946178e-07,2.55877095316188e-07,2.67546213594386e-07,4.01057259524042e-13,1.11371879573159e-12,2.43081254697055e-12,1.5845686830503e-12,4.29120374465413e-12,7.55488742641953e-12,1.01664230115427e-11,1.39641751554632e-11,0.00135873573609014
93,5.60584957650006e-09,2.07896180876181e-08,1.39106213661697e-07,4.97720964700212e-07,1.11658252957285e-06,2.57417420059729e-06,4.1772974941121e-06,5.71243075846715e-06,1.67907247453857e-17,5.66396499112358e-17,2.05862947346243e-16,5.01161735027878e-16,1.03996670434261e-15,2.33871093722272e-15,4.28072757896323e-15,6.48457556803094e-15,5.60584957650006e-09,2.07896180876181e-08,1.39106213661697e-07,4.97720964700212e-07,1.11658252957285e-06,2.57417420059729e-06,4.1772974941121e-06,5.71243075846715e-06,1.67907247453857e-17,5.66396499112358e-17,2.05862947346243e-16,5.01161735027878e-16,1.03996670434261e-15,2.33871093722272e-15,4.28072757896323e-15,6.48457556803094e-15,2.43876581699452e-09,5.13225168591744e-09,1.93084973220233e-08,1.33500553015584e-07,4.84152042171998e-07,1.08370183153445e-06,2.50417311435246e-06,4.05161103998025e-06,5.51446238606207e-06,6.91083986709138e-19,2.23103860482119e-18,7.92946172484452e-18,1.84980127388035e-17,3.8669725298447e-17,8.19927471087643e-17,1.45207289050873e-16,2.25155709192823e-16,5.13225168591744e-09,1.93084973220233e-08,1.33500553015584e-07,4.84152042171998e-07,1.08370183153445e-06,2.50417311435246e-06,4.05161103998025e-06,5.51446238606207e-06,6.91083986709138e-19,2.23103860482119e-18,7.92946172484452e-18,1.84980127388035e-17,3.8669725298447e-17,8.19927471087643e-17,1.45207289050873e-16,2.25155709192823e-16,8.49656182904425e-11,6.18100782120822e-09,2.22781879534382e-08,1.4476988174172e-07,5.12161551934215e-07,1.15126674177893e-06,2.64500820983111e-06,4.3405463184434e-06,5.96987889447966e-06,3.50655692054429e-16,1.16429046178543e-15,4.11763839686494e-15,9.72041008729145e-15,2.00304658953053e-14,4.48613937538541e-14,8.14713770853901e-14,1.28820520910182e-13,6.18100782120822e-09,2.22781879534382e-08,1.4476988174172e-07,5.12161551934215e-07,1.15126674177893e-06,2.64500820983111e-06,4.3405463184434e-06,5.96987889447966e-06,3.50655692054429e-16,1.16429046178543e-15,4.11763839686494e-15,9.72041008729145e-15,2.00304658953053e-14,4.48613937538541e-14,8.14713770853901e-14,1.28820520910182e-13,4.98852985267239e-08,4.8655251598866e-09,1.82459103261956e-08,1.2912485092178e-07,4.75604547735403e-07,1.06259530575028e-06,2.45177599785907e-06,3.9351751742002e-06,5.34791726278608e-06,2.20668201021684e-19,7.93685497072407e-19,3.14833263053442e-18,8.20109611973062e-18,1.86515391908266e-17,4.08431923361501e-17,7.17862757958485e-17,1.14195476266108e-16,4.8655251598866e-09,1.82459103261956e-08,1.2912485092178e-07,4.75604547735403e-07,1.06259530575028e-06,2.45177599785907e-06,3.9351751742002e-06,5.34791726278608e-06,2.20668201021684e-19,7.93685497072407e-19,3.14833263053442e-18,8.20109611973062e-18,1.86515391908266e-17,4.08431923361501e-17,7.17862757958485e-17,1.14195476266108e-16,3.78821242303911e-11,6.70840035515523e-09,2.38677025264049e-08,1.50685260490355e-07,5.24494991404029e-07,1.17432298384048e-06,2.68889780229592e-06,4.42562985483905e-06,6.08173863439496e-06,2.4461527368436e-15,7.68785350539925e-15,2.58362026978406e-14,5.93254865028357e-14,1.22052382749715e-13,2.56625743747637e-13,4.41829568741258e-13,6.70169020342697e-13,6.70840035515523e-09,2.38677025264049e-08,1.50685260490355e-07,5.24494991404029e-07,1.17432298384048e-06,2.68889780229592e-06,4.42562985483905e-06,6.08173863439496e-06,2.4461527368436e-15,7.68785350539925e-15,2.58362026978406e-14,5.93254865028357e-14,1.22052382749715e-13,2.56625743747637e-13,4.41829568741258e-13,6.70169020342697e-13,2.56667857652495e-07
94,8.80798102253403e-08,8.89855193463344e-08,9.30518241885836e-08,1.79521769768812e-07,1.81023841703114e-07,1.8437920187335e-07,1.88302926951387e-07,1.73092968272239e-07,5.00325699919281e-15,5.781638931944e-15,7.19100902846185e-15,8.49193358557309e-15,1.00403449367896e-14,1.28277047208875e-14,1.60185785914845e-14,1.9321470205863e-14,8.80798102253403e-08,8.89855193463344e-08,9.30518241885836e-08,1.79521769768812e-07,1.81023841703114e-07,1.8437920187335e-07,1.88302926951387e-07,1.73092968272239e-07,5.00325699919281e-15,5.781638931944e-15,7.19100902846185e-15,8.49193358557309e-15,1.00403449367896e-14,1.28277047208875e-14,1.60185785914845e-14,1.9321470205863e-14,1.4729970844613e-07,8.4634883854564e-08,8.56513568545922e-08,9.02685155136752e-08,1.7306636104205e-07,1.75414834058717e-07,1.79497720031014e-07,1.81944220349702e-07,1.65286428358036e-07,3.27791619294388e-16,3.83272135034877e-16,4.69642776344913e-16,5.51740313796872e-16,6.45022656950355e-16,7.74699329995642e-16,9.323551000765e-16,1.1174054040362e-15,8.4634883854564e-08,8.56513568545922e-08,9.02685155136752e-08,1.7306636104205e-07,1.75414834058717e-07,1.79497720031014e-07,1.81944220349702e-07,1.65286428358036e-07,3.27791619294388e-16,3.83272135034877e-16,4.69642776344913e-16,5.51740313796872e-16,6.45022656950355e-16,7.74699329995642e-16,9.323551000765e-16,1.1174054040362e-15,7.73460568585474e-09,9.17744838849015e-08,9.30694138049281e-08,9.69358680741413e-08,1.85477107569395e-07,1.86975036149295e-07,1.90097683046002e-07,1.94115600680233e-07,1.80287206419928e-07,2.04704642720511e-13,2.3587424983981e-13,3.08801366842375e-13,3.79702478765915e-13,4.80063400516845e-13,6.09489973459952e-13,7.65051190650458e-13,9.33217731076254e-13,9.17744838849015e-08,9.30694138049281e-08,9.69358680741413e-08,1.85477107569395e-07,1.86975036149295e-07,1.90097683046002e-07,1.94115600680233e-07,1.80287206419928e-07,2.04704642720511e-13,2.3587424983981e-13,3.08801366842375e-13,3.79702478765915e-13,4.80063400516845e-13,6.09489973459952e-13,7.65051190650458e-13,9.33217731076254e-13,8.83711026356253e-06,8.1679368181507e-08,8.29761206971647e-08,8.841630960561e-08,1.68969368735347e-07,1.71410378573613e-07,1.76338985799726e-07,1.77283425056846e-07,1.58886900873843e-07,1.26293112951713e-16,1.46975932686705e-16,1.78281222054399e-16,2.07485789847108e-16,2.42199406684666e-16,2.96087166690374e-16,3.54447361470862e-16,4.30276452825796e-16,8.1679368181507e-08,8.29761206971647e-08,8.841630960561e-08,1.68969368735347e-07,1.71410378573613e-07,1.76338985799726e-07,1.77283425056846e-07,1.58886900873843e-07,1.26293112951713e-16,1.46975932686705e-16,1.78281222054399e-16,2.07485789847108e-16,2.42199406684666e-16,2.96087166690374e-16,3.54447361470862e-16,4.30276452825796e-16,2.74127731627804e-09,9.56480666250584e-08,9.59938474849272e-08,9.95645304605753e-08,1.91382158069217e-07,1.91543964224287e-07,1.94245010604041e-07,1.98261839713075e-07,1.84772357862654e-07,1.21714821137479e-12,1.41772521844068e-12,1.72204096857715e-12,2.06801963178404e-12,2.45203036490502e-12,3.19246894904753e-12,4.04607503646354e-12,5.22152821072893e-12,9.56480666250584e-08,9.59938474849272e-08,9.95645304605753e-08,1.91382158069217e-07,1.91543964224287e-07,1.94245010604041e-07,1.98261839713075e-07,1.84772357862654e-07,1.21714821137479e-12,1.41772521844068e-12,1.72204096857715e-12,2.06801963178404e-12,2.45203036490502e-12,3.19246894904753e-12,4.04607503646354e-12,5.22152821072893e-12,7.2041405839572e-05
95,1.48418153101581e-07,1.83120434405683e-07,4.64321731829258e-07,5.48211484912637e-07,6.36164302245225e-07,7.08980909050778e-07,7.30786466038539e-07,7.69216308354444e-07,6.36566591582366e-11,1.57795864783949e-10,4.4091397817551e-10,8.96071051062654e-10,1.50647042934704e-09,2.87984604661821e-09,4.81503782508217e-09,7.02177661398351e-09,1.48418153101581e-07,1.83120434405683e-07,4.64321731829258e-07,5.48211484912637e-07,6.36164302245225e-07,7.08980909050778e-07,7.30786466038539e-07,7.69216308354444e-07,6.36566591582366e-11,1.57795864783949e-10,4.4091397817551e-10,8.96071051062654e-10,1.50647042934704e-09,2.87984604661821e-09,4.81503782508217e-09,7.02177661398351e-09,0.0202956362954704,1.39934998995352e-07,1.7552812128559e-07,4.43114286423411e-07,5.2182147179465e-07,6.09561305490912e-07,6.7976979381484e-07,7.03277498253765e-07,7.28913692444899e-07,2.74203928485737e-12,8.65961995508952e-12,1.54401724531106e-11,2.31191236213393e-11,3.40805740035685e-11,5.49731299914095e-11,8.06675239312488e-11,1.1218479808482e-10,1.39934998995352e-07,1.7552812128559e-07,4.43114286423411e-07,5.2182147179465e-07,6.09561305490912e-07,6.7976979381484e-07,7.03277498253765e-07,7.28913692444899e-07,2.74203928485737e-12,8.65961995508952e-12,1.54401724531106e-11,2.31191236213393e-11,3.40805740035685e-11,5.49731299914095e-11,8.06675239312488e-11,1.1218479808482e-10,0.000213396491310485,1.5923184691085e-07,1.91434639213125e-07,4.80254298083342e-07,5.6953527705114e-07,6.58659465207458e-07,7.29996167227693e-07,7.56152931732381e-07,8.09531810373775e-07,2.05715334297951e-09,4.18091979845122e-09,8.01576046792229e-09,1.26784663313212e-08,2.99170268075948e-08,7.76695758730214e-08,1.40952334545507e-07,2.23051433419766e-07,1.5923184691085e-07,1.91434639213125e-07,4.80254298083342e-07,5.6953527705114e-07,6.58659465207458e-07,7.29996167227693e-07,7.56152931732381e-07,8.09531810373775e-07,2.05715334297951e-09,4.18091979845122e-09,8.01576046792229e-09,1.26784663313212e-08,2.99170268075948e-08,7.76695758730214e-08,1.40952334545507e-07,2.23051433419766e-07,0.330950928387957,1.35271345196063e-07,1.71125963925768e-07,4.26958574461457e-07,5.05592563388415e-07,5.92690106602669e-07,6.50119613416923e-07,6.88313223793425e-07,7.11355197812845e-07,1.466912912977e-13,1.10777722843347e-12,2.98701697535986e-12,4.30193352931332e-12,6.34624254865557e-12,1.44563941878008e-11,2.22328125015631e-11,3.22973659628918e-11,1.35271345196063e-07,1.71125963925768e-07,4.26958574461457e-07,5.05592563388415e-07,5.92690106602669e-07,6.50119613416923e-07,6.88313223793425e-07,7.11355197812845e-07,1.466912912977e-13,1.10777722843347e-12,2.98701697535986e-12,4.30193352931332e-12,6.34624254865557e-12,1.44563941878008e-11,2.22328125015631e-11,3.22973659628918e-11,5.73123867295795e-05,1.65069046459816e-07,1.97072086070961e-07,4.88751506222508e-07,5.83276962432327e-07,6.77618607566156e-07,7.41269398961251e-07,7.69475878564136e-07,8.46464794785715e-07,7.7405818054966e-09,1.76711657415079e-08,3.20229193386809e-08,4.89500231920154e-08,8.34532718499681e-08,1.62257905337038e-07,2.68383914625342e-07,3.99151428253117e-07,1.65069046459816e-07,1.97072086070961e-07,4.88751506222508e-07,5.83276962432327e-07,6.77618607566156e-07,7.41269398961251e-07,7.69475878564136e-07,8.46464794785715e-07,7.7405818054966e-09,1.76711657415079e-08,3.20229193386809e-08,4.89500231920154e-08,8.34532718499681e-08,1.62257905337038e-07,2.68383914625342e-07,3.99151428253117e-07,0.440189800462856
96,4.25936708206514e-10,3.13235622422458e-09,2.57148284181014e-08,1.79907601815523e-07,5.35940424888615e-07,1.61577067621387e-06,3.34236769812374e-06,5.39385740853919e-06,1.36035305692337e-14,5.97028553666928e-14,2.7687128188272e-11,2.80332215719041e-10,1.07782533085846e-09,5.28986625448478e-09,1.48867208401744e-08,3.78647836698605e-08,4.25936708206514e-10,3.13235622422458e-09,2.57148284181014e-08,1.79907601815523e-07,5.35940424888615e-07,1.61577067621387e-06,3.34236769812374e-06,5.39385740853919e-06,1.36035305692337e-14,5.97028553666928e-14,2.7687128188272e-11,2.80332215719041e-10,1.07782533085846e-09,5.28986625448478e-09,1.48867208401744e-08,3.78647836698605e-08,0.0136043725577975,3.37373173727547e-10,2.58828422136862e-09,2.21343318260102e-08,1.71654891711888e-07,5.19908342987569e-07,1.57078209401488e-06,3.21434314584037e-06,5.15036415475797e-06,1.1350935741841e-16,4.46473718779308e-16,8.31679120064015e-13,1.40800161884127e-11,5.8064896690768e-11,3.06709650755004e-10,9.00894543738187e-10,2.17948259678516e-09,3.37373173727547e-10,2.58828422136862e-09,2.21343318260102e-08,1.71654891711888e-07,5.19908342987569e-07,1.57078209401488e-06,3.21434314584037e-06,5.15036415475797e-06,1.1350935741841e-16,4.46473718779308e-16,8.31679120064015e-13,1.40800161884127e-11,5.8064896690768e-11,3.06709650755004e-10,9.00894543738187e-10,2.17948259678516e-09,0.000870157424927767,5.13481672050155e-10,3.69349975712493e-09,2.92809012882328e-08,1.87830232636863e-07,5.51277542919217e-07,1.66739434497179e-06,3.44493310053185e-06,5.62952173925872e-06,8.285495845039e-13,5.38662808211714e-12,5.26327750372339e-10,5.69259254468455e-09,2.10169836328938e-08,9.55277123905333e-08,2.47854152781655e-07,6.34680269319021e-07,5.13481672050155e-10,3.69349975712493e-09,2.92809012882328e-08,1.87830232636863e-07,5.51277542919217e-07,1.66739434497179e-06,3.44493310053185e-06,5.62952173925872e-06,8.285495845039e-13,5.38662808211714e-12,5.26327750372339e-10,5.69259254468455e-09,2.10169836328938e-08,9.55277123905333e-08,2.47854152781655e-07,6.34680269319021e-07,0.526146805237708,2.49828841228588e-10,1.91520572914386e-09,1.66507564163739e-08,1.6619778878609e-07,5.08448655431151e-07,1.53519265553576e-06,3.11660345273188e-06,4.96391649724708e-06,2.15600315118897e-18,7.57155015890568e-18,3.67067439332995e-14,1.11522196711011e-12,4.4564501487694e-12,2.70049892412713e-11,1.04938209537541e-10,3.46911416810649e-10,2.49828841228588e-10,1.91520572914386e-09,1.66507564163739e-08,1.6619778878609e-07,5.08448655431151e-07,1.53519265553576e-06,3.11660345273188e-06,4.96391649724708e-06,2.15600315118897e-18,7.57155015890568e-18,3.67067439332995e-14,1.11522196711011e-12,4.4564501487694e-12,2.70049892412713e-11,1.04938209537541e-10,3.46911416810649e-10,0.000269108085630384,5.82542065716706e-10,4.10901735876345e-09,3.16454699579113e-08,1.94029105283698e-07,5.63729276831655e-07,1.70711257729147e-06,3.5229393549736e-06,5.8075042108354e-06,4.49984050943312e-12,2.89310803606798e-11,1.3304274889661e-09,5.96356718908435e-08,1.78401007755939e-07,6.20991584873039e-07,1.25526085288016e-06,2.50261398887675e-06,5.82542065716706e-10,4.10901735876345e-09,3.16454699579113e-08,1.94029105283698e-07,5.63729276831655e-07,1.70711257729147e-06,3.5229393549736e-06,5.8075042108354e-06,4.49984050943312e-12,2.89310803606798e-11,1.3304274889661e-09,5.96356718908435e-08,1.78401007755939e-07,6.20991584873039e-07,1.25526085288016e-06,2.50261398887675e-06,0.920342388041496
97,8.89409505113389e-08,1.0477784350948e-07,1.15014274571046e-07,1.48602251825571e-07,2.87123747993938e-07,3.00925707902831e-07,3.1588982399003e-07,3.17360417257331e-07,7.14959854341754e-14,9.73986383589258e-14,1.35617943553917e-13,1.66976548418601e-13,2.14337336352575e-13,2.76213073941871e-13,3.31472840275643e-13,4.14142260849242e-13,8.89409505113389e-08,1.0477784350948e-07,1.15014274571046e-07,1.48602251825571e-07,2.87123747993938e-07,3.00925707902831e-07,3.1588982399003e-07,3.17360417257331e-07,7.14959854341754e-14,9.73986383589258e-14,1.35617943553917e-13,1.66976548418601e-13,2.14337336352575e-13,2.76213073941871e-13,3.31472840275643e-13,4.14142260849242e-13,1.77654476115329e-06,8.15530035642283e-08,9.85505138938518e-08,1.10525564870812e-07,1.43496860205272e-07,2.72328971368603e-07,2.87714069482097e-07,3.0248081401448e-07,3.00929393277385e-07,4.07246154528374e-16,5.01311801244725e-16,6.43986614829939e-16,7.8172997134501e-16,9.74871638470409e-16,1.24062615522665e-15,1.52840940975064e-15,1.85691277032991e-15,8.15530035642283e-08,9.85505138938518e-08,1.10525564870812e-07,1.43496860205272e-07,2.72328971368603e-07,2.87714069482097e-07,3.0248081401448e-07,3.00929393277385e-07,4.07246154528374e-16,5.01311801244725e-16,6.43986614829939e-16,7.8172997134501e-16,9.74871638470409e-16,1.24062615522665e-15,1.52840940975064e-15,1.85691277032991e-15,1.11589785262235e-08,9.74981093733199e-08,1.10556685947765e-07,1.19352253871643e-07,1.53669251357519e-07,3.01887520230811e-07,3.13412771630958e-07,3.29987339788687e-07,3.36220636212978e-07,3.63191786970657e-12,4.61974764512043e-12,6.06803283709479e-12,7.27621318524535e-12,9.04997621592037e-12,1.14270233277225e-11,1.35808682470517e-11,1.64080041585576e-11,9.74981093733199e-08,1.10556685947765e-07,1.19352253871643e-07,1.53669251357519e-07,3.01887520230811e-07,3.13412771630958e-07,3.29987339788687e-07,3.36220636212978e-07,3.63191786970657e-12,4.61974764512043e-12,6.06803283709479e-12,7.27621318524535e-12,9.04997621592037e-12,1.14270233277225e-11,1.35808682470517e-11,1.64080041585576e-11,7.83366260374967e-05,7.82943691987895e-08,9.54817187379466e-08,1.0728011134076e-07,1.40298877549389e-07,2.63577596999517e-07,2.79779760581837e-07,2.94384338985993e-07,2.91066307617761e-07,5.329082770588e-17,6.5376847869716e-17,8.57081552308355e-17,1.0653031492646e-16,1.25007148030069e-16,1.57990911410893e-16,1.8896453404695e-16,2.26190892327928e-16,7.82943691987895e-08,9.54817187379466e-08,1.0728011134076e-07,1.40298877549389e-07,2.63577596999517e-07,2.79779760581837e-07,2.94384338985993e-07,2.91066307617761e-07,5.329082770588e-17,6.5376847869716e-17,8.57081552308355e-17,1.0653031492646e-16,1.25007148030069e-16,1.57990911410893e-16,1.8896453404695e-16,2.26190892327928e-16,1.08060626469016e-09,1.03537867783919e-07,1.14383089771059e-07,1.22016734700358e-07,1.57335493606821e-07,3.09817416998245e-07,3.21540250101157e-07,3.40735868094994e-07,3.5498471130149e-07,2.66782189610394e-11,3.38861332745945e-11,4.28714683061642e-11,5.09792732141197e-11,6.24684366455292e-11,7.98858940481227e-11,9.63185482508258e-11,1.17560146082269e-10,1.03537867783919e-07,1.14383089771059e-07,1.22016734700358e-07,1.57335493606821e-07,3.09817416998245e-07,3.21540250101157e-07,3.40735868094994e-07,3.5498471130149e-07,2.66782189610394e-11,3.38861332745945e-11,4.28714683061642e-11,5.09792732141197e-11,6.24684366455292e-11,7.98858940481227e-11,9.63185482508258e-11,1.17560146082269e-10,0.000524142292508382
98,1.0381033778947e-07,2.4762821123438e-07,1.05887800383858e-06,1.69584499284284e-06,2.56690337524214e-06,3.9361099612886e-06,4.72873075518665e-06,5.68215934238412e-06,9.44198723398629e-17,3.29548876781631e-16,9.9209295226192e-16,1.8884528860793e-15,3.66521350141956e-15,7.8201393571262e-15,1.31574655048233e-14,2.11051896867243e-14,1.0381033778947e-07,2.4762821123438e-07,1.05887800383858e-06,1.69584499284284e-06,2.56690337524214e-06,3.9361099612886e-06,4.72873075518665e-06,5.68215934238412e-06,9.44198723398629e-17,3.29548876781631e-16,9.9209295226192e-16,1.8884528860793e-15,3.66521350141956e-15,7.8201393571262e-15,1.31574655048233e-14,2.11051896867243e-14,1.62116692228303e-09,9.84866568014198e-08,2.38155863999373e-07,1.02579877185049e-06,1.64133181682079e-06,2.48540171449638e-06,3.80353096575023e-06,4.55587295666121e-06,5.45762554313191e-06,5.62859881635707e-18,1.68202786671693e-17,4.78832038934846e-17,8.41341260769428e-17,1.63264129517777e-16,3.37241113033864e-16,5.69636906589671e-16,9.06047159089035e-16,9.84866568014198e-08,2.38155863999373e-07,1.02579877185049e-06,1.64133181682079e-06,2.48540171449638e-06,3.80353096575023e-06,4.55587295666121e-06,5.45762554313191e-06,5.62859881635707e-18,1.68202786671693e-17,4.78832038934846e-17,8.41341260769428e-17,1.63264129517777e-16,3.37241113033864e-16,5.69636906589671e-16,9.06047159089035e-16,8.74080835182227e-11,1.1010868696281e-07,2.59640482335159e-07,1.09215221876142e-06,1.75474166573681e-06,2.65633403464418e-06,4.06536496038891e-06,4.90246282632195e-06,5.93336160193596e-06,1.51537207903978e-14,4.78752746276307e-14,1.49046869084644e-13,2.65530474135619e-13,5.27790216616338e-13,1.26110717172241e-12,2.20978160816533e-12,3.57846767275134e-12,1.1010868696281e-07,2.59640482335159e-07,1.09215221876142e-06,1.75474166573681e-06,2.65633403464418e-06,4.06536496038891e-06,4.90246282632195e-06,5.93336160193596e-06,1.51537207903978e-14,4.78752746276307e-14,1.49046869084644e-13,2.65530474135619e-13,5.27790216616338e-13,1.26110717172241e-12,2.20978160816533e-12,3.57846767275134e-12,3.213793364676e-07,9.53712418853093e-08,2.32594511311413e-07,9.99002041716604e-07,1.59723061015378e-06,2.41711119528842e-06,3.717079544872e-06,4.42018270193913e-06,5.26709152172176e-06,2.1490615897258e-18,6.28149324929807e-18,1.77195705299369e-17,3.14189546426433e-17,6.04743219430369e-17,1.28191228384404e-16,2.08881011122085e-16,3.36978161906056e-16,9.53712418853093e-08,2.32594511311413e-07,9.99002041716604e-07,1.59723061015378e-06,2.41711119528842e-06,3.717079544872e-06,4.42018270193913e-06,5.26709152172176e-06,2.1490615897258e-18,6.28149324929807e-18,1.77195705299369e-17,3.14189546426433e-17,6.04743219430369e-17,1.28191228384404e-16,2.08881011122085e-16,3.36978161906056e-16,3.49202135001971e-11,1.15951348789901e-07,2.71678974265107e-07,1.12303118257018e-06,1.79766339372821e-06,2.72481204009638e-06,4.15694769909069e-06,5.01948435069162e-06,6.12887643894502e-06,1.01926964323679e-13,3.18104851076306e-13,1.02195980731693e-12,1.93533836177762e-12,3.97848392089917e-12,8.85460191938999e-12,1.53607522731958e-11,2.59261383385828e-11,1.15951348789901e-07,2.71678974265107e-07,1.12303118257018e-06,1.79766339372821e-06,2.72481204009638e-06,4.15694769909069e-06,5.01948435069162e-06,6.12887643894502e-06,1.01926964323679e-13,3.18104851076306e-13,1.02195980731693e-12,1.93533836177762e-12,3.97848392089917e-12,8.85460191938999e-12,1.53607522731958e-11,2.59261383385828e-11,2.60524014276018e-06
99,2.00066948762729e-07,2.0061631368259e-07,2.0381133224117e-07,3.77284102883899e-07,4.21519785857159e-07,4.89561015209946e-07,5.49440735783165e-07,5.47250815730613e-07,1.17352632003476e-15,1.06827400392973e-15,3.10029198937627e-15,6.3902306420022e-15,1.58179901050926e-14,4.01948294676611e-14,8.56633660944566e-14,1.35587200261586e-13,2.00066948762729e-07,2.0061631368259e-07,2.0381133224117e-07,3.77284102883899e-07,4.21519785857159e-07,4.89561015209946e-07,5.49440735783165e-07,5.47250815730613e-07,1.17352632003476e-15,1.06827400392973e-15,3.10029198937627e-15,6.3902306420022e-15,1.58179901050926e-14,4.01948294676611e-14,8.56633660944566e-14,1.35587200261586e-13,4.75809472492514e-06,1.86772689680596e-07,1.8843242644408e-07,1.93618726651086e-07,3.49779457539314e-07,3.75745546587363e-07,4.16899737506476e-07,4.52598823908402e-07,4.3082671965528e-07,7.96936476624882e-18,4.92649521726814e-18,3.75967174840134e-17,1.10109091383846e-16,2.58206429718812e-16,5.56769015879762e-16,9.75747114439881e-16,1.36317706808297e-15,1.86772689680596e-07,1.8843242644408e-07,1.93618726651086e-07,3.49779457539314e-07,3.75745546587363e-07,4.16899737506476e-07,4.52598823908402e-07,4.3082671965528e-07,7.96936476624882e-18,4.92649521726814e-18,3.75967174840134e-17,1.10109091383846e-16,2.58206429718812e-16,5.56769015879762e-16,9.75747114439881e-16,1.36317706808297e-15,2.46658420906374e-08,2.10892434115287e-07,2.13603005307267e-07,2.17658070728244e-07,3.96768152443086e-07,4.50684166415888e-07,5.39027785665373e-07,6.44080224447338e-07,6.73162281699374e-07,1.01997132072959e-12,9.92963006596664e-13,2.22221611781531e-12,3.55982836099381e-12,6.74243873286343e-12,1.28563712033215e-11,2.17988125230044e-11,3.53811162176154e-11,2.10892434115287e-07,2.13603005307267e-07,2.17658070728244e-07,3.96768152443086e-07,4.50684166415888e-07,5.39027785665373e-07,6.44080224447338e-07,6.73162281699374e-07,1.01997132072959e-12,9.92963006596664e-13,2.22221611781531e-12,3.55982836099381e-12,6.74243873286343e-12,1.28563712033215e-11,2.17988125230044e-11,3.53811162176154e-11,0.000923910269834252,1.70674180748082e-07,1.79153879982976e-07,1.85892917913344e-07,3.31256702014565e-07,3.4795419519047e-07,3.81388291604548e-07,3.9442568125097e-07,3.68284678397049e-07,5.68325808562046e-20,2.70551563853192e-20,5.42706887735672e-19,2.85678820903452e-18,1.18949278052929e-17,6.76590064762102e-17,1.88966906393628e-16,3.50855615272211e-16,1.70674180748082e-07,1.79153879982976e-07,1.85892917913344e-07,3.31256702014565e-07,3.4795419519047e-07,3.81388291604548e-07,3.9442568125097e-07,3.68284678397049e-07,5.68325808562046e-20,2.70551563853192e-20,5.42706887735672e-19,2.85678820903452e-18,1.18949278052929e-17,6.76590064762102e-17,1.88966906393628e-16,3.50855615272211e-16,1.02112786785062e-08,2.19633618191433e-07,2.22071937082794e-07,2.28133167464775e-07,4.10774787582287e-07,4.67561585265133e-07,5.74013595367514e-07,7.04492028623852e-07,7.39924784410779e-07,1.02618725814513e-11,1.02748584527153e-11,2.36290891113482e-11,3.92427549472874e-11,5.70876834079041e-11,9.03348595273286e-11,1.55554788361333e-10,2.53906453595447e-10,2.19633618191433e-07,2.22071937082794e-07,2.28133167464775e-07,4.10774787582287e-07,4.67561585265133e-07,5.74013595367514e-07,7.04492028623852e-07,7.39924784410779e-07,1.02618725814513e-11,1.02748584527153e-11,2.36290891113482e-11,3.92427549472874e-11,5.70876834079041e-11,9.03348595273286e-11,1.55554788361333e-10,2.53906453595447e-10,0.0105052204292166
100,2.31139327128117e-08,4.50901008546624e-08,1.03048455775231e-07,1.76193624354506e-07,2.90948415162841e-07,5.10938942296254e-07,7.75351212126246e-07,1.09772242342583e-06,2.15699681334511e-08,4.32539174836949e-08,9.85263002139761e-08,1.70940491599778e-07,2.78501380090816e-07,4.86996122206615e-07,7.36743626428475e-07,1.06912847653699e-06,2.31139327128117e-08,4.50901008546624e-08,1.03048455775231e-07,1.76193624354506e-07,2.90948415162841e-07,5.10938942296254e-07,7.75351212126246e-07,1.09772242342583e-06,2.15699681334511e-08,4.32539174836949e-08,9.85263002139761e-08,1.70940491599778e-07,2.78501380090816e-07,4.86996122206615e-07,7.36743626428475e-07,1.06912847653699e-06,0.998597603512071,2.07162045740996e-08,4.05001247523938e-08,9.68802074854092e-08,1.70020628115258e-07,2.80040940152539e-07,4.87309047401661e-07,7.3866906072194e-07,1.04154425802666e-06,1.88249892835266e-08,3.65149372163631e-08,7.90252874836982e-08,1.35961707540822e-07,2.25428054295537e-07,4.09606303166965e-07,6.45036385233372e-07,9.64160553928363e-07,2.07162045740996e-08,4.05001247523938e-08,9.68802074854092e-08,1.70020628115258e-07,2.80040940152539e-07,4.87309047401661e-07,7.3866906072194e-07,1.04154425802666e-06,1.88249892835266e-08,3.65149372163631e-08,7.90252874836982e-08,1.35961707540822e-07,2.25428054295537e-07,4.09606303166965e-07,6.45036385233372e-07,9.64160553928363e-07,0.992857121899602,2.64748078120556e-08,4.93017682501593e-08,1.09486864202791e-07,1.82833400124296e-07,3.01887998742742e-07,5.32180837969621e-07,8.1290274304649e-07,1.15711648042324e-06,2.50762816799641e-08,4.77129326399677e-08,1.06803757044054e-07,1.81997580983815e-07,2.93713782183332e-07,5.15733503751078e-07,7.84261861734535e-07,1.14329752029452e-06,2.64748078120556e-08,4.93017682501593e-08,1.09486864202791e-07,1.82833400124296e-07,3.01887998742742e-07,5.32180837969621e-07,8.1290274304649e-07,1.15711648042324e-06,2.50762816799641e-08,4.77129326399677e-08,1.06803757044054e-07,1.81997580983815e-07,2.93713782183332e-07,5.15733503751078e-07,7.84261861734535e-07,1.14329752029452e-06,0.999475707527771,1.93716912323505e-08,3.75189869685499e-08,9.32777772503405e-08,1.66106450494609e-07,2.73748273672793e-07,4.74291254528688e-07,7.12013539712021e-07,9.97103183256448e-07,1.49111663467527e-08,3.24814770529297e-08,6.77625567715274e-08,1.15691518177356e-07,1.94427434185499e-07,3.67199722294152e-07,5.82028288988701e-07,8.92903072073162e-07,1.93716912323505e-08,3.75189869685499e-08,9.32777772503405e-08,1.66106450494609e-07,2.73748273672793e-07,4.74291254528688e-07,7.12013539712021e-07,9.97103183256448e-07,1.49111663467527e-08,3.24814770529297e-08,6.77625567715274e-08,1.15691518177356e-07,1.94427434185499e-07,3.67199722294152e-07,5.82028288988701e-07,8.92903072073162e-07,0.984720428154562,2.98775640658137e-08,5.1959649468363e-08,1.13228360938051e-07,1.88110567146705e-07,3.10106326335116e-07,5.46490263709003e-07,8.37960714679358e-07,1.20000650184545e-06,2.87933153070352e-08,5.04792975131518e-08,1.10588445746458e-07,1.8772055783271e-07,3.01182573645351e-07,5.30949544621422e-07,8.11053054188539e-07,1.19600399427322e-06,2.98775640658137e-08,5.1959649468363e-08,1.13228360938051e-07,1.88110567146705e-07,3.10106326335116e-07,5.46490263709003e-07,8.37960714679358e-07,1.20000650184545e-06,2.87933153070352e-08,5.04792975131518e-08,1.10588445746458e-07,1.8772055783271e-07,3.01182573645351e-07,5.30949544621422e-07,8.11053054188539e-07,1.19600399427322e-06,0.999592531294783
101,6.00352758159669e-08,9.0080569109071e-08,1.47271275691506e-07,2.17017023640948e-07,3.01075079812016e-07,4.35818732265638e-07,5.84066359413005e-07,7.74237904108708e-07,5.29519063205497e-08,8.1379990836851e-08,1.36215095280312e-07,1.83291668674472e-07,2.54719738479081e-07,3.85398350800969e-07,5.2799090925415e-07,7.16663957919813e-07,6.00352758159669e-08,9.0080569109071e-08,1.47271275691506e-07,2.17017023640948e-07,3.01075079812016e-07,4.35818732265638e-07,5.84066359413005e-07,7.74237904108708e-07,5.29519063205497e-08,8.1379990836851e-08,1.36215095280312e-07,1.83291668674472e-07,2.54719738479081e-07,3.85398350800969e-07,5.2799090925415e-07,7.16663957919813e-07,0.946089710853549,5.71573384869783e-08,8.56034348353673e-08,1.40296636445209e-07,2.10563041566509e-07,2.9274595021371e-07,4.23843130754537e-07,5.67957443516916e-07,7.47397872153087e-07,4.66801082967263e-08,7.21002293318906e-08,1.19411778201706e-07,1.59329589394617e-07,2.19052386014769e-07,3.29226364633525e-07,4.53105461194167e-07,6.27709594365594e-07,5.71573384869783e-08,8.56034348353673e-08,1.40296636445209e-07,2.10563041566509e-07,2.9274595021371e-07,4.23843130754537e-07,5.67957443516916e-07,7.47397872153087e-07,4.66801082967263e-08,7.21002293318906e-08,1.19411778201706e-07,1.59329589394617e-07,2.19052386014769e-07,3.29226364633525e-07,4.53105461194167e-07,6.27709594365594e-07,0.889506049258498,6.33044168629842e-08,9.4926171691475e-08,1.5611239358861e-07,2.2479685120682e-07,3.10096213588955e-07,4.47533305416062e-07,6.00145842542817e-07,7.98568428758433e-07,5.92085468569675e-08,9.17361353836125e-08,1.56317710086322e-07,2.11317881363816e-07,2.9182732558758e-07,4.34797401836485e-07,5.80487182442955e-07,7.73364359271711e-07,6.33044168629842e-08,9.4926171691475e-08,1.5611239358861e-07,2.2479685120682e-07,3.10096213588955e-07,4.47533305416062e-07,6.00145842542817e-07,7.98568428758433e-07,5.92085468569675e-08,9.17361353836125e-08,1.56317710086322e-07,2.11317881363816e-07,2.9182732558758e-07,4.34797401836485e-07,5.80487182442955e-07,7.73364359271711e-07,0.997768760914596,5.45927428824489e-08,8.24929761496194e-08,1.36570368300134e-07,2.05950949357589e-07,2.87032826847997e-07,4.15948483609899e-07,5.58459309504064e-07,7.34155224234945e-07,4.25169632506901e-08,6.65886237554292e-08,1.10891737245073e-07,1.47718022856768e-07,2.00401041281141e-07,3.0190174811149e-07,4.2030938713577e-07,5.89557383751837e-07,5.45927428824489e-08,8.24929761496194e-08,1.36570368300134e-07,2.05950949357589e-07,2.87032826847997e-07,4.15948483609899e-07,5.58459309504064e-07,7.34155224234945e-07,4.25169632506901e-08,6.65886237554292e-08,1.10891737245073e-07,1.47718022856768e-07,2.00401041281141e-07,3.0190174811149e-07,4.2030938713577e-07,5.89557383751837e-07,0.858277730527443,6.57698735607054e-08,9.81491636106522e-08,1.61355229915029e-07,2.29792597154673e-07,3.16942815678554e-07,4.5489199391419e-07,6.09685926216968e-07,8.1525509844468e-07,6.18057354749958e-08,9.5581712292967e-08,1.62402565742271e-07,2.19676774232082e-07,3.02809906968093e-07,4.46415537468268e-07,5.92138435199301e-07,7.90671440225913e-07,6.57698735607054e-08,9.81491636106522e-08,1.61355229915029e-07,2.29792597154673e-07,3.16942815678554e-07,4.5489199391419e-07,6.09685926216968e-07,8.1525509844468e-07,6.18057354749958e-08,9.5581712292967e-08,1.62402565742271e-07,2.19676774232082e-07,3.02809906968093e-07,4.46415537468268e-07,5.92138435199301e-07,7.90671440225913e-07,0.999932651473993
102,4.49880819971732e-08,6.37394416596582e-08,1.5776871872823e-07,3.14256293597996e-07,6.06145593241296e-07,1.27916067039529e-06,2.24130865865283e-06,3.50576773933997e-06,4.21862411239704e-08,6.04360927073687e-08,1.49106309632794e-07,2.97288853116014e-07,5.84098101414297e-07,1.2394449387588e-06,2.23181210803623e-06,3.40823658180159e-06,4.49880819971732e-08,6.37394416596582e-08,1.5776871872823e-07,3.14256293597996e-07,6.06145593241296e-07,1.27916067039529e-06,2.24130865865283e-06,3.50576773933997e-06,4.21862411239704e-08,6.04360927073687e-08,1.49106309632794e-07,2.97288853116014e-07,5.84098101414297e-07,1.2394449387588e-06,2.23181210803623e-06,3.40823658180159e-06,0.999020872859077,4.10567070363949e-08,5.87745769775195e-08,1.43927147658669e-07,2.94675192554488e-07,5.69221660003034e-07,1.19568522286925e-06,2.10864222452544e-06,3.29709412841071e-06,3.63421158008558e-08,5.08094051563283e-08,8.76801479360606e-08,1.61387906603808e-07,3.50382667441587e-07,8.70035014692989e-07,1.78173720404725e-06,2.91306243673781e-06,4.10567070363949e-08,5.87745769775195e-08,1.43927147658669e-07,2.94675192554488e-07,5.69221660003034e-07,1.19568522286925e-06,2.10864222452544e-06,3.29709412841071e-06,3.63421158008558e-08,5.08094051563283e-08,8.76801479360606e-08,1.61387906603808e-07,3.50382667441587e-07,8.70035014692989e-07,1.78173720404725e-06,2.91306243673781e-06,0.992844412680609,4.91670293144959e-08,6.84150874892986e-08,1.72832828817217e-07,3.4579321616633e-07,6.56075894747257e-07,1.35327216550671e-06,2.40870191229722e-06,3.86099286146825e-06,4.69816638337669e-08,6.65761491989368e-08,1.67972865681348e-07,3.34665046412149e-07,6.47517525334979e-07,1.35809234849779e-06,2.4469085744924e-06,3.78851135035882e-06,4.91670293144959e-08,6.84150874892986e-08,1.72832828817217e-07,3.4579321616633e-07,6.56075894747257e-07,1.35327216550671e-06,2.40870191229722e-06,3.86099286146825e-06,4.69816638337669e-08,6.65761491989368e-08,1.67972865681348e-07,3.34665046412149e-07,6.47517525334979e-07,1.35809234849779e-06,2.4469085744924e-06,3.78851135035882e-06,0.999648250765034,3.80565959720238e-08,5.44348360809719e-08,1.37566499800116e-07,2.77934016270867e-07,5.38613251189783e-07,1.14191242870029e-06,2.02032193748523e-06,3.14582647902063e-06,2.79872961304622e-08,3.98473332444129e-08,6.93541186709651e-08,1.23252431235794e-07,2.66160307785802e-07,7.16058278604974e-07,1.50840872083197e-06,2.5126815959866e-06,3.80565959720238e-08,5.44348360809719e-08,1.37566499800116e-07,2.77934016270867e-07,5.38613251189783e-07,1.14191242870029e-06,2.02032193748523e-06,3.14582647902063e-06,2.79872961304622e-08,3.98473332444129e-08,6.93541186709651e-08,1.23252431235794e-07,2.66160307785802e-07,7.16058278604974e-07,1.50840872083197e-06,2.5126815959866e-06,0.986980951229691,5.20668322530378e-08,7.11252274095302e-08,1.88597744705185e-07,3.73069797535346e-07,6.95547969730469e-07,1.43457748833401e-06,2.61555388488104e-06,4.23794990739157e-06,5.02237657879959e-08,7.02906972267825e-08,1.81544307358653e-07,3.56992887916257e-07,6.88122269240685e-07,1.45149140179982e-06,2.67136742210968e-06,4.18860461916917e-06,5.20668322530378e-08,7.11252274095302e-08,1.88597744705185e-07,3.73069797535346e-07,6.95547969730469e-07,1.43457748833401e-06,2.61555388488104e-06,4.23794990739157e-06,5.02237657879959e-08,7.02906972267825e-08,1.81544307358653e-07,3.56992887916257e-07,6.88122269240685e-07,1.45149140179982e-06,2.67136742210968e-06,4.18860461916917e-06,0.999705408229992
103,2.34932234249043e-07,2.46741112729681e-07,2.45813440885815e-07,3.29315840996364e-07,4.47485514496169e-07,4.47966822679528e-07,4.66264825581438e-07,4.65812421222968e-07,2.19697535229466e-12,2.56789263865254e-12,3.31747415528643e-12,4.16122067714154e-12,5.8666079893305e-12,8.09485019862432e-12,1.13382262496903e-11,1.7676445382436e-11,2.34932234249043e-07,2.46741112729681e-07,2.45813440885815e-07,3.29315840996364e-07,4.47485514496169e-07,4.47966822679528e-07,4.66264825581438e-07,4.65812421222968e-07,2.19697535229466e-12,2.56789263865254e-12,3.31747415528643e-12,4.16122067714154e-12,5.8666079893305e-12,8.09485019862432e-12,1.13382262496903e-11,1.7676445382436e-11,6.4397021584636e-05,2.24508334222844e-07,2.39919855350035e-07,2.39368866925356e-07,3.21481741679854e-07,4.27468726546368e-07,4.36953093525023e-07,4.52556221788282e-07,4.48973216930309e-07,4.32437935016316e-16,5.02217827813819e-16,6.6748130405772e-16,7.91649885272905e-16,9.75488680613047e-16,1.26556516334711e-15,1.60209517066575e-15,1.9455377802897e-15,2.24508334222844e-07,2.39919855350035e-07,2.39368866925356e-07,3.21481741679854e-07,4.27468726546368e-07,4.36953093525023e-07,4.52556221788282e-07,4.48973216930309e-07,4.32437935016316e-16,5.02217827813819e-16,6.6748130405772e-16,7.91649885272905e-16,9.75488680613047e-16,1.26556516334711e-15,1.60209517066575e-15,1.9455377802897e-15,4.01224547101055e-09,2.489332493019e-07,2.55349865859359e-07,2.53755951737394e-07,3.38501790936268e-07,4.60056390124491e-07,4.59644913791218e-07,4.80356321951532e-07,4.82424800056063e-07,6.99331170858099e-11,8.29533268437725e-11,1.13849299947053e-10,1.40384228008386e-10,1.83797648019556e-10,2.90619602252674e-10,3.82187539706947e-10,5.25224207687616e-10,2.489332493019e-07,2.55349865859359e-07,2.53755951737394e-07,3.38501790936268e-07,4.60056390124491e-07,4.59644913791218e-07,4.80356321951532e-07,4.82424800056063e-07,6.99331170858099e-11,8.29533268437725e-11,1.13849299947053e-10,1.40384228008386e-10,1.83797648019556e-10,2.90619602252674e-10,3.82187539706947e-10,5.25224207687616e-10,0.00193815202839441,2.16986410845165e-07,2.33673217254917e-07,2.35072337918038e-07,3.16701823299171e-07,4.08947869952396e-07,4.28734831734504e-07,4.4451810957648e-07,4.3917627081323e-07,1.13615536548841e-16,1.21548757944557e-16,1.71444647725917e-16,2.00080924691286e-16,2.42457425033131e-16,3.13791502572619e-16,3.96478416237035e-16,5.00677129653409e-16,2.16986410845165e-07,2.33673217254917e-07,2.35072337918038e-07,3.16701823299171e-07,4.08947869952396e-07,4.28734831734504e-07,4.4451810957648e-07,4.3917627081323e-07,1.13615536548841e-16,1.21548757944557e-16,1.71444647725917e-16,2.00080924691286e-16,2.42457425033131e-16,3.13791502572619e-16,3.96478416237035e-16,5.00677129653409e-16,1.26002898748764e-09,2.61428994287339e-07,2.62119939546944e-07,2.59515354691922e-07,3.44791440979105e-07,4.6743465718092e-07,4.6764171725365e-07,4.91200240806813e-07,4.98889053408101e-07,1.32541950859684e-09,1.42388925191613e-09,2.41517222871971e-09,3.35715131743894e-09,4.57843014186693e-09,6.6690013498598e-09,8.41530282708785e-09,1.09443889624877e-08,2.61428994287339e-07,2.62119939546944e-07,2.59515354691922e-07,3.44791440979105e-07,4.6743465718092e-07,4.6764171725365e-07,4.91200240806813e-07,4.98889053408101e-07,1.32541950859684e-09,1.42388925191613e-09,2.41517222871971e-09,3.35715131743894e-09,4.57843014186693e-09,6.6690013498598e-09,8.41530282708785e-09,1.09443889624877e-08,0.0495348214299876
104,3.51740789349254e-07,3.14744062617418e-07,2.74013423947729e-07,3.44999499893607e-07,3.38713723283775e-07,3.04343130456073e-07,3.15025638804023e-07,3.14159280012073e-07,5.29008653372584e-08,6.35221220161691e-08,7.76937345359152e-08,9.09449975068396e-08,1.05698000491241e-07,1.26636709086642e-07,1.51100604401303e-07,1.80749456999178e-07,3.51740789349254e-07,3.14744062617418e-07,2.74013423947729e-07,3.44999499893607e-07,3.38713723283775e-07,3.04343130456073e-07,3.15025638804023e-07,3.14159280012073e-07,5.29008653372584e-08,6.35221220161691e-08,7.76937345359152e-08,9.09449975068396e-08,1.05698000491241e-07,1.26636709086642e-07,1.51100604401303e-07,1.80749456999178e-07,0.38953275202657,3.38054057425646e-07,3.03739823821107e-07,2.62933027744758e-07,3.31652925451608e-07,3.26943705320014e-07,2.95080150844009e-07,3.04486150970792e-07,2.93692149924848e-07,2.66250940037934e-08,3.09621978966579e-08,3.91169335914942e-08,4.64514792809315e-08,5.49104306312874e-08,6.68786167725195e-08,7.97740273511865e-08,9.7693178668724e-08,3.38054057425646e-07,3.03739823821107e-07,2.62933027744758e-07,3.31652925451608e-07,3.26943705320014e-07,2.95080150844009e-07,3.04486150970792e-07,2.93692149924848e-07,2.66250940037934e-08,3.09621978966579e-08,3.91169335914942e-08,4.64514792809315e-08,5.49104306312874e-08,6.68786167725195e-08,7.97740273511865e-08,9.7693178668724e-08,0.254057623505153,3.6863034234174e-07,3.24934844384309e-07,2.83396300721322e-07,3.68017141210717e-07,3.54877383858473e-07,3.17222900006965e-07,3.25986587649241e-07,3.28575512155158e-07,6.85829752307821e-08,8.15180445675911e-08,9.81436463793816e-08,1.13264969795732e-07,1.30134256519853e-07,1.54815888451543e-07,1.80100920541183e-07,2.13940476467406e-07,3.6863034234174e-07,3.24934844384309e-07,2.83396300721322e-07,3.68017141210717e-07,3.54877383858473e-07,3.17222900006965e-07,3.25986587649241e-07,3.28575512155158e-07,6.85829752307821e-08,8.15180445675911e-08,9.81436463793816e-08,1.13264969795732e-07,1.30134256519853e-07,1.54815888451543e-07,1.80100920541183e-07,2.13940476467406e-07,0.622939586368381,3.29966874817766e-07,2.95903970224416e-07,2.55385562624763e-07,3.23607263021175e-07,3.20831292503016e-07,2.89680746022912e-07,2.97957407014347e-07,2.74597004395164e-07,1.2743781569161e-08,1.50090326558648e-08,1.83720299363345e-08,2.1363091468561e-08,2.5048607598822e-08,3.05309657205958e-08,3.64324814268406e-08,4.32934762035102e-08,3.29966874817766e-07,2.95903970224416e-07,2.55385562624763e-07,3.23607263021175e-07,3.20831292503016e-07,2.89680746022912e-07,2.97957407014347e-07,2.74597004395164e-07,1.2743781569161e-08,1.50090326558648e-08,1.83720299363345e-08,2.1363091468561e-08,2.5048607598822e-08,3.05309657205958e-08,3.64324814268406e-08,4.32934762035102e-08,0.155319996552356,3.79436737617265e-07,3.32373205483535e-07,2.88820758662677e-07,3.88793977428309e-07,3.74454360583699e-07,3.31015299852998e-07,3.3560796599042e-07,3.39158957943014e-07,7.24347496041734e-08,8.57688245469733e-08,1.03234352559018e-07,1.19080137591046e-07,1.36721129459349e-07,1.62369444668734e-07,1.91101725666326e-07,2.30106349222279e-07,3.79436737617265e-07,3.32373205483535e-07,2.88820758662677e-07,3.88793977428309e-07,3.74454360583699e-07,3.31015299852998e-07,3.3560796599042e-07,3.39158957943014e-07,7.24347496041734e-08,8.57688245469733e-08,1.03234352559018e-07,1.19080137591046e-07,1.36721129459349e-07,1.62369444668734e-07,1.91101725666326e-07,2.30106349222279e-07,0.675924560267497
105,5.19325333992698e-08,7.52090007027684e-08,1.44555876742537e-07,3.42670787805992e-07,5.80641760048387e-07,8.86159310899963e-07,1.18620894616442e-06,1.57340073699415e-06,3.90435889343988e-08,4.62584591921058e-08,5.88058536562178e-08,7.47556115698522e-08,1.0816437620704e-07,2.28391305117753e-07,4.62628292042969e-07,8.62605428043428e-07,5.19325333992698e-08,7.52090007027684e-08,1.44555876742537e-07,3.42670787805992e-07,5.80641760048387e-07,8.86159310899963e-07,1.18620894616442e-06,1.57340073699415e-06,3.90435889343988e-08,4.62584591921058e-08,5.88058536562178e-08,7.47556115698522e-08,1.0816437620704e-07,2.28391305117753e-07,4.62628292042969e-07,8.62605428043428e-07,0.991333207100098,4.7339253530664e-08,7.08723948109716e-08,1.39558217371855e-07,3.19055483329301e-07,5.61155380541632e-07,8.54788389951376e-07,1.14919517897629e-06,1.49953782771365e-06,2.66987160863052e-08,3.13673771662255e-08,3.95972202250339e-08,5.22289577902826e-08,8.39844402452578e-08,1.79572002189343e-07,3.7060499797221e-07,7.05434880078171e-07,4.7339253530664e-08,7.08723948109716e-08,1.39558217371855e-07,3.19055483329301e-07,5.61155380541632e-07,8.54788389951376e-07,1.14919517897629e-06,1.49953782771365e-06,2.66987160863052e-08,3.13673771662255e-08,3.95972202250339e-08,5.22289577902826e-08,8.39844402452578e-08,1.79572002189343e-07,3.7060499797221e-07,7.05434880078171e-07,0.981779903065963,5.58120718577413e-08,7.94026817507523e-08,1.49369321149531e-07,3.61905060909108e-07,6.0341562891961e-07,9.16610793299675e-07,1.22672625033081e-06,1.6558393843915e-06,4.91140345418279e-08,5.8498608902863e-08,7.36929928963342e-08,9.22049931491384e-08,1.32328290307202e-07,2.7192984647655e-07,5.29178327288309e-07,9.92835713584191e-07,5.58120718577413e-08,7.94026817507523e-08,1.49369321149531e-07,3.61905060909108e-07,6.0341562891961e-07,9.16610793299675e-07,1.22672625033081e-06,1.6558393843915e-06,4.91140345418279e-08,5.8498608902863e-08,7.36929928963342e-08,9.22049931491384e-08,1.32328290307202e-07,2.7192984647655e-07,5.29178327288309e-07,9.92835713584191e-07,0.994353364993382,4.38770135580205e-08,6.8294401321624e-08,1.3671939806615e-07,3.0605618967511e-07,5.47674167946601e-07,8.37576273946429e-07,1.11905027888408e-06,1.44958929237196e-06,1.94818443296812e-08,2.28557818574797e-08,3.00416006679801e-08,4.26392587343436e-08,6.96523510542315e-08,1.50528954163716e-07,2.8320995652191e-07,5.39106933378271e-07,4.38770135580205e-08,6.8294401321624e-08,1.3671939806615e-07,3.0605618967511e-07,5.47674167946601e-07,8.37576273946429e-07,1.11905027888408e-06,1.44958929237196e-06,1.94818443296812e-08,2.28557818574797e-08,3.00416006679801e-08,4.26392587343436e-08,6.96523510542315e-08,1.50528954163716e-07,2.8320995652191e-07,5.39106933378271e-07,0.973948050141574,5.82198472061151e-08,8.22377608276303e-08,1.53088565307603e-07,3.71966503003536e-07,6.19432028257635e-07,9.37543997914691e-07,1.25203171554028e-06,1.71193326221065e-06,5.34166587171898e-08,6.33666292790685e-08,7.98248929838779e-08,1.03543058706027e-07,1.55850920539336e-07,3.05355777986996e-07,5.765536084401e-07,1.0811192703424e-06,5.82198472061151e-08,8.22377608276303e-08,1.53088565307603e-07,3.71966503003536e-07,6.19432028257635e-07,9.37543997914691e-07,1.25203171554028e-06,1.71193326221065e-06,5.34166587171898e-08,6.33666292790685e-08,7.98248929838779e-08,1.03543058706027e-07,1.55850920539336e-07,3.05355777986996e-07,5.765536084401e-07,1.0811192703424e-06,0.99535065812801
106,6.39984044735988e-09,7.452761191189e-09,4.6086329782628e-08,1.46411899699197e-07,4.23160648094176e-07,1.27251500465499e-06,2.74690939197924e-06,4.98018346547395e-06,3.46247635434526e-09,3.32814603508784e-09,3.81476601236942e-08,1.34942899725693e-07,4.10270531834535e-07,1.26671047930091e-06,2.78234034901357e-06,4.86604370804994e-06,6.39984044735988e-09,7.452761191189e-09,4.6086329782628e-08,1.46411899699197e-07,4.23160648094176e-07,1.27251500465499e-06,2.74690939197924e-06,4.98018346547395e-06,3.46247635434526e-09,3.32814603508784e-09,3.81476601236942e-08,1.34942899725693e-07,4.10270531834535e-07,1.26671047930091e-06,2.78234034901357e-06,4.86604370804994e-06,0.999241766921389,3.32840074445727e-09,5.11194818163797e-09,4.39899065552489e-08,1.40085645363298e-07,4.0788518284304e-07,1.23692499413067e-06,2.66973338264452e-06,4.83648932287587e-06,2.67441791430359e-09,2.6722932353436e-09,3.15037444929511e-08,1.14128565603764e-07,3.61541975509981e-07,1.16033947692897e-06,2.61370175593837e-06,4.65285286204321e-06,3.32840074445727e-09,5.11194818163797e-09,4.39899065552489e-08,1.40085645363298e-07,4.0788518284304e-07,1.23692499413067e-06,2.66973338264452e-06,4.83648932287587e-06,2.67441791430359e-09,2.6722932353436e-09,3.15037444929511e-08,1.14128565603764e-07,3.61541975509981e-07,1.16033947692897e-06,2.61370175593837e-06,4.65285286204321e-06,0.997203486355936,8.7188246610109e-09,9.59626078060254e-09,4.81493513496314e-08,1.56376807127947e-07,4.36908992388287e-07,1.31338340496082e-06,2.83683446169707e-06,5.14516142522046e-06,3.77820959329333e-09,3.62286566760317e-09,4.12041423417839e-08,1.44334182778471e-07,4.35408685644613e-07,1.32610832485547e-06,2.89083095008226e-06,5.05054319066946e-06,8.7188246610109e-09,9.59626078060254e-09,4.81493513496314e-08,1.56376807127947e-07,4.36908992388287e-07,1.31338340496082e-06,2.83683446169707e-06,5.14516142522046e-06,3.77820959329333e-09,3.62286566760317e-09,4.12041423417839e-08,1.44334182778471e-07,4.35408685644613e-07,1.32610832485547e-06,2.89083095008226e-06,5.05054319066946e-06,0.999553893161228,2.56094787744552e-09,4.49003250131279e-09,4.26664216777854e-08,1.35601039746443e-07,3.98984619852616e-07,1.21225269412273e-06,2.6020397189775e-06,4.72407597298525e-06,1.76768360564306e-09,2.05774898084815e-09,2.64650614631345e-08,1.01036612257945e-07,3.27565040812741e-07,1.08260283131217e-06,2.48086754382054e-06,4.45315643482627e-06,2.56094787744552e-09,4.49003250131279e-09,4.26664216777854e-08,1.35601039746443e-07,3.98984619852616e-07,1.21225269412273e-06,2.6020397189775e-06,4.72407597298525e-06,1.76768360564306e-09,2.05774898084815e-09,2.64650614631345e-08,1.01036612257945e-07,3.27565040812741e-07,1.08260283131217e-06,2.48086754382054e-06,4.45315643482627e-06,0.995581049059269,9.97534898865631e-09,1.07738220431065e-08,4.95789007140685e-08,1.63296940622827e-07,4.46424184148166e-07,1.34428252106401e-06,2.89785146435438e-06,5.26321963106905e-06,4.01271535467309e-09,3.85973456677759e-09,4.28279215247265e-08,1.49214343515872e-07,4.48067670430998e-07,1.36260022984983e-06,2.95787437335957e-06,5.17045745344055e-06,9.97534898865631e-09,1.07738220431065e-08,4.95789007140685e-08,1.63296940622827e-07,4.46424184148166e-07,1.34428252106401e-06,2.89785146435438e-06,5.26321963106905e-06,4.01271535467309e-09,3.85973456677759e-09,4.28279215247265e-08,1.49214343515872e-07,4.48067670430998e-07,1.36260022984983e-06,2.95787437335957e-06,5.17045745344055e-06,0.999671783268971
107,5.40323130433793e-08,9.6416251359944e-08,1.54677601453014e-07,2.66132783382428e-07,5.24821322588911e-07,6.93338298161713e-07,8.67498607859467e-07,1.02366734498391e-06,3.1606636907099e-09,5.95425026565918e-09,1.07638658772157e-08,1.62442430893063e-08,2.39089315494954e-08,3.53095383449268e-08,4.69142128137938e-08,6.08499024452473e-08,5.40323130433793e-08,9.6416251359944e-08,1.54677601453014e-07,2.66132783382428e-07,5.24821322588911e-07,6.93338298161713e-07,8.67498607859467e-07,1.02366734498391e-06,3.1606636907099e-09,5.95425026565918e-09,1.07638658772157e-08,1.62442430893063e-08,2.39089315494954e-08,3.53095383449268e-08,4.69142128137938e-08,6.08499024452473e-08,0.104048295930601,4.95355856920649e-08,9.1811000328066e-08,1.48778555214594e-07,2.58321553132882e-07,4.82796498900025e-07,6.50860457019462e-07,8.29242300372534e-07,9.61826706954751e-07,1.37308967284262e-10,2.51083667244037e-10,4.58855708636477e-10,7.23085871984319e-10,1.0721075888708e-09,1.69609230424242e-09,2.30248578976913e-09,2.97712414889633e-09,4.95355856920649e-08,9.1811000328066e-08,1.48778555214594e-07,2.58321553132882e-07,4.82796498900025e-07,6.50860457019462e-07,8.29242300372534e-07,9.61826706954751e-07,1.37308967284262e-10,2.51083667244037e-10,4.58855708636477e-10,7.23085871984319e-10,1.0721075888708e-09,1.69609230424242e-09,2.30248578976913e-09,2.97712414889633e-09,0.00379211746793204,5.67672370090553e-08,1.00330143855665e-07,1.6194537535245e-07,2.73437150953046e-07,5.46648173294466e-07,7.20501495733299e-07,9.06267607419218e-07,1.08338550679426e-06,1.77393802464329e-08,3.35699497852677e-08,6.08102865660986e-08,9.12875954335505e-08,1.32959812950811e-07,1.97091890516649e-07,2.6055615118235e-07,3.31640948442856e-07,5.67672370090553e-08,1.00330143855665e-07,1.6194537535245e-07,2.73437150953046e-07,5.46648173294466e-07,7.20501495733299e-07,9.06267607419218e-07,1.08338550679426e-06,1.77393802464329e-08,3.35699497852677e-08,6.08102865660986e-08,9.12875954335505e-08,1.32959812950811e-07,1.97091890516649e-07,2.6055615118235e-07,3.31640948442856e-07,0.37861488647253,4.67638770292697e-08,8.87143246969935e-08,1.4523923736323e-07,2.52704934201422e-07,4.61847996924808e-07,6.1973640790219e-07,7.99963116165271e-07,9.25903202235839e-07,2.9092826639223e-11,5.34906252317445e-11,9.60930548908834e-11,1.49218505914218e-10,2.18950850783212e-10,3.21602334257921e-10,4.61951402159929e-10,7.02716825920174e-10,4.67638770292697e-08,8.87143246969935e-08,1.4523923736323e-07,2.52704934201422e-07,4.61847996924808e-07,6.1973640790219e-07,7.99963116165271e-07,9.25903202235839e-07,2.9092826639223e-11,5.34906252317445e-11,9.60930548908834e-11,1.49218505914218e-10,2.18950850783212e-10,3.21602334257921e-10,4.61951402159929e-10,7.02716825920174e-10,0.00121918528215598,5.86679000555815e-08,1.02675744789597e-07,1.68212058658531e-07,2.77885914335011e-07,5.56392512255662e-07,7.35696891157882e-07,9.31462309290452e-07,1.13179697215902e-06,2.46421679044223e-08,4.4843283067221e-08,7.93009397759125e-08,1.18817704367015e-07,1.71813716077239e-07,2.52446673781991e-07,3.37798009161968e-07,4.27785745292013e-07,5.86679000555815e-08,1.02675744789597e-07,1.68212058658531e-07,2.77885914335011e-07,5.56392512255662e-07,7.35696891157882e-07,9.31462309290452e-07,1.13179697215902e-06,2.46421679044223e-08,4.4843283067221e-08,7.93009397759125e-08,1.18817704367015e-07,1.71813716077239e-07,2.52446673781991e-07,3.37798009161968e-07,4.27785745292013e-07,0.46046195834166
108,1.48731243519185e-07,2.27307460722897e-07,6.32534020214941e-07,1.08773859371566e-06,1.37946922884816e-06,1.75901917308795e-06,1.8519233113366e-06,1.98362392676947e-06,2.04742877552704e-13,3.16160437804056e-13,5.30274886142237e-13,7.14322261134864e-13,9.9882833412951e-13,1.44577679566934e-12,1.95880532482791e-12,2.70755353263516e-12,1.48731243519185e-07,2.27307460722897e-07,6.32534020214941e-07,1.08773859371566e-06,1.37946922884816e-06,1.75901917308795e-06,1.8519233113366e-06,1.98362392676947e-06,2.04742877552704e-13,3.16160437804056e-13,5.30274886142237e-13,7.14322261134864e-13,9.9882833412951e-13,1.44577679566934e-12,1.95880532482791e-12,2.70755353263516e-12,1.87799560667536e-06,1.42919574838385e-07,2.19317953868622e-07,6.139214634704e-07,1.05379851740147e-06,1.32399661458453e-06,1.7089944869513e-06,1.77332401587963e-06,1.8610945431106e-06,6.41081681898481e-16,9.62765047565236e-16,1.54543125212194e-15,2.05221212156549e-15,2.83664484804926e-15,4.04305821847507e-15,5.43501393302723e-15,7.38869555733408e-15,1.42919574838385e-07,2.19317953868622e-07,6.139214634704e-07,1.05379851740147e-06,1.32399661458453e-06,1.7089944869513e-06,1.77332401587963e-06,1.8610945431106e-06,6.41081681898481e-16,9.62765047565236e-16,1.54543125212194e-15,2.05221212156549e-15,2.83664484804926e-15,4.04305821847507e-15,5.43501393302723e-15,7.38869555733408e-15,5.31827655199009e-09,1.55590389851141e-07,2.37046170356747e-07,6.54137270184339e-07,1.12019308928072e-06,1.43450134795256e-06,1.81428411882781e-06,1.91702866789858e-06,2.08017337716928e-06,1.01605637862685e-10,1.66963228925195e-10,2.97504240208519e-10,4.12404931422771e-10,6.08200427996091e-10,9.14941068972341e-10,1.27045205849473e-09,1.76921696239967e-09,1.55590389851141e-07,2.37046170356747e-07,6.54137270184339e-07,1.12019308928072e-06,1.43450134795256e-06,1.81428411882781e-06,1.91702866789858e-06,2.08017337716928e-06,1.01605637862685e-10,1.66963228925195e-10,2.97504240208519e-10,4.12404931422771e-10,6.08200427996091e-10,9.14941068972341e-10,1.27045205849473e-09,1.76921696239967e-09,0.000784706031359462,1.39060225452041e-07,2.1371656050632e-07,6.00000790869447e-07,1.03340026730616e-06,1.2959752999463e-06,1.67210966350514e-06,1.70132887223748e-06,1.7461433878177e-06,5.66973014570894e-17,8.83754367710859e-17,1.45605374031954e-16,1.94064517207333e-16,2.66792939728143e-16,3.74579470704739e-16,5.00087266359867e-16,6.72020574245687e-16,1.39060225452041e-07,2.1371656050632e-07,6.00000790869447e-07,1.03340026730616e-06,1.2959752999463e-06,1.67210966350514e-06,1.70132887223748e-06,1.7461433878177e-06,5.66973014570894e-17,8.83754367710859e-17,1.45605374031954e-16,1.94064517207333e-16,2.66792939728143e-16,3.74579470704739e-16,5.00087266359867e-16,6.72020574245687e-16,4.95405441247323e-10,1.61490654600019e-07,2.4387285998172e-07,6.66102700958214e-07,1.14208096810983e-06,1.46092793803659e-06,1.8445017216929e-06,1.95411029000707e-06,2.13208476262334e-06,3.26167512172561e-09,5.11925051668762e-09,8.61400118784782e-09,1.16212397077327e-08,1.63385382637872e-08,2.5193866717344e-08,3.79778510859158e-08,5.55367431076275e-08,1.61490654600019e-07,2.4387285998172e-07,6.66102700958214e-07,1.14208096810983e-06,1.46092793803659e-06,1.8445017216929e-06,1.95411029000707e-06,2.13208476262334e-06,3.26167512172561e-09,5.11925051668762e-09,8.61400118784782e-09,1.16212397077327e-08,1.63385382637872e-08,2.5193866717344e-08,3.79778510859158e-08,5.55367431076275e-08,0.0229697031681802
109,6.72239078549908e-08,1.01376974632679e-07,1.50809255339583e-07,2.88242866007657e-07,4.79635419890687e-07,5.63870985448181e-07,6.41036735480356e-07,6.39238939973999e-07,2.04057393131846e-15,3.41001498802617e-15,6.15733350238222e-15,8.96184846075811e-15,1.25893666487829e-14,1.86441469857854e-14,2.42933954696287e-14,3.09095397051793e-14,6.72239078549908e-08,1.01376974632679e-07,1.50809255339583e-07,2.88242866007657e-07,4.79635419890687e-07,5.63870985448181e-07,6.41036735480356e-07,6.39238939973999e-07,2.04057393131846e-15,3.41001498802617e-15,6.15733350238222e-15,8.96184846075811e-15,1.25893666487829e-14,1.86441469857854e-14,2.42933954696287e-14,3.09095397051793e-14,4.85805307902619e-08,6.35823610051378e-08,9.57432759446446e-08,1.44396504880475e-07,2.78037992303346e-07,4.56926445993129e-07,5.36042273173331e-07,6.08468378763472e-07,5.92927059692161e-07,1.09075100994483e-16,1.87203656527355e-16,3.43293064721859e-16,4.9198443371157e-16,7.04081508702408e-16,1.04095005871689e-15,1.36659838918042e-15,1.71952476979629e-15,6.35823610051378e-08,9.57432759446446e-08,1.44396504880475e-07,2.78037992303346e-07,4.56926445993129e-07,5.36042273173331e-07,6.08468378763472e-07,5.92927059692161e-07,1.09075100994483e-16,1.87203656527355e-16,3.43293064721859e-16,4.9198443371157e-16,7.04081508702408e-16,1.04095005871689e-15,1.36659838918042e-15,1.71952476979629e-15,2.43581569769889e-09,7.23207951346298e-08,1.07327594969208e-07,1.57704273564277e-07,2.98225263353656e-07,5.00559438257217e-07,5.92815464135308e-07,6.70617749988638e-07,6.77006860253716e-07,1.47105895884473e-12,2.38018454781237e-12,4.19067797986377e-12,5.97254591534077e-12,8.4377950019462e-12,1.26600782569832e-11,1.72097695218763e-11,2.21189800057316e-11,7.23207951346298e-08,1.07327594969208e-07,1.57704273564277e-07,2.98225263353656e-07,5.00559438257217e-07,5.92815464135308e-07,6.70617749988638e-07,6.77006860253716e-07,1.47105895884473e-12,2.38018454781237e-12,4.19067797986377e-12,5.97254591534077e-12,8.4377950019462e-12,1.26600782569832e-11,1.72097695218763e-11,2.21189800057316e-11,4.15726171504572e-05,6.13034128253682e-08,9.28282952395125e-08,1.40017951207605e-07,2.72682988516387e-07,4.45611712115623e-07,5.23179353458084e-07,5.90030893069668e-07,5.69902457561388e-07,2.26381263757021e-17,3.78324245313465e-17,6.58670682356868e-17,9.24761319788437e-17,1.29364523887944e-16,1.86027044125246e-16,2.41565985607428e-16,3.0584352769211e-16,6.13034128253682e-08,9.28282952395125e-08,1.40017951207605e-07,2.72682988516387e-07,4.45611712115623e-07,5.23179353458084e-07,5.90030893069668e-07,5.69902457561388e-07,2.26381263757021e-17,3.78324245313465e-17,6.58670682356868e-17,9.24761319788437e-17,1.29364523887944e-16,1.86027044125246e-16,2.41565985607428e-16,3.0584352769211e-16,5.47391054238781e-10,7.60301326471686e-08,1.11641689045806e-07,1.62337740142283e-07,3.07223331621297e-07,5.12905645827229e-07,6.10367282099355e-07,6.89917328322405e-07,7.02422274778513e-07,1.25741922336941e-11,2.06154007993051e-11,3.74664996913341e-11,5.30817980548931e-11,7.4265130182254e-11,1.11547483404268e-10,1.48374315044787e-10,1.95746032008375e-10,7.60301326471686e-08,1.11641689045806e-07,1.62337740142283e-07,3.07223331621297e-07,5.12905645827229e-07,6.10367282099355e-07,6.89917328322405e-07,7.02422274778513e-07,1.25741922336941e-11,2.06154007993051e-11,3.74664996913341e-11,5.30817980548931e-11,7.4265130182254e-11,1.11547483404268e-10,1.48374315044787e-10,1.95746032008375e-10,0.000294107220962501
110,1.76034302425461e-08,1.61544805152597e-08,1.6242892795119e-08,1.90326084432266e-08,3.73319807371979e-08,5.4564227042158e-08,6.91455451049641e-08,9.19074956870825e-08,1.3811864677259e-11,2.01913938467745e-11,2.10766198299215e-11,5.25259822410642e-11,1.34738585234274e-10,2.4404426612658e-10,4.0551450882595e-10,5.99711559005659e-10,1.76034302425461e-08,1.61544805152597e-08,1.6242892795119e-08,1.90326084432266e-08,3.73319807371979e-08,5.4564227042158e-08,6.91455451049641e-08,9.19074956870825e-08,1.3811864677259e-11,2.01913938467745e-11,2.10766198299215e-11,5.25259822410642e-11,1.34738585234274e-10,2.4404426612658e-10,4.0551450882595e-10,5.99711559005659e-10,0.0138075551729346,1.65543364185351e-10,2.00831691816717e-10,2.19026998546525e-10,2.84537497491203e-10,7.41103456374564e-10,9.48955746410746e-10,9.86212731166132e-10,1.05862652499693e-09,1.50742533007481e-13,1.91790634072579e-13,2.1646961496749e-13,3.94924040342401e-13,5.65058176225193e-13,9.0960452568192e-13,1.3941547840407e-12,1.70120660361786e-12,1.65543364185351e-10,2.00831691816717e-10,2.19026998546525e-10,2.84537497491203e-10,7.41103456374564e-10,9.48955746410746e-10,9.86212731166132e-10,1.05862652499693e-09,1.50742533007481e-13,1.91790634072579e-13,2.1646961496749e-13,3.94924040342401e-13,5.65058176225193e-13,9.0960452568192e-13,1.3941547840407e-12,1.70120660361786e-12,0.000218854795790679,1.15353593588997e-05,8.62171877680483e-06,7.92576706402048e-06,7.68680605101067e-06,1.43009258452196e-05,1.50376990594183e-05,1.52286782289499e-05,1.62512117295608e-05,1.0240887506149e-09,1.4590812477271e-09,1.60085712275633e-09,3.67739683239658e-09,6.78450867037018e-09,1.41511774973854e-08,2.79262100375742e-08,5.42562977751159e-08,1.15353593588997e-05,8.62171877680483e-06,7.92576706402048e-06,7.68680605101067e-06,1.43009258452196e-05,1.50376990594183e-05,1.52286782289499e-05,1.62512117295608e-05,1.0240887506149e-09,1.4590812477271e-09,1.60085712275633e-09,3.67739683239658e-09,6.78450867037018e-09,1.41511774973854e-08,2.79262100375742e-08,5.42562977751159e-08,0.980756330359599,1.62792242059768e-11,2.32921801097581e-11,2.67452312082059e-11,3.58295770328511e-11,8.70857298510539e-11,9.61758906545669e-11,9.5623895116752e-11,9.89715051112927e-11,1.57885200582195e-14,2.87645342851912e-14,3.8696114293044e-14,1.04863962469714e-13,1.67798578519535e-13,2.4388566130968e-13,2.9501254989163e-13,3.57496607800385e-13,1.62792242059768e-11,2.32921801097581e-11,2.67452312082059e-11,3.58295770328511e-11,8.70857298510539e-11,9.61758906545669e-11,9.5623895116752e-11,9.89715051112927e-11,1.57885200582195e-14,2.87645342851912e-14,3.8696114293044e-14,1.04863962469714e-13,1.67798578519535e-13,2.4388566130968e-13,2.9501254989163e-13,3.57496607800385e-13,2.68623510258287e-05,7.91823419019474e-05,6.64370189765391e-05,6.42973665593629e-05,6.86163605648396e-05,0.000134553097162178,0.0001460156358974,0.000150796665023897,0.00015944512602426,1.08745570225654e-08,1.50164819082254e-08,1.71492304439522e-08,3.88091902826045e-08,6.59063635310634e-08,1.34614025597457e-07,2.24064712674431e-07,3.71102039157846e-07,7.91823419019474e-05,6.64370189765391e-05,6.42973665593629e-05,6.86163605648396e-05,0.000134553097162178,0.0001460156358974,0.000150796665023897,0.00015944512602426,1.08745570225654e-08,1.50164819082254e-08,1.71492304439522e-08,3.88091902826045e-08,6.59063635310634e-08,1.34614025597457e-07,2.24064712674431e-07,3.71102039157846e-07,0.999721086530378
111,2.55516429403349e-07,3.16894587915954e-07,4.00901721731901e-07,5.05645768133162e-07,6.25221958759344e-07,7.46082377658246e-07,8.54061383196299e-07,9.69534251207745e-07,2.18241716215443e-07,2.7560512830227e-07,3.57035210828797e-07,4.3304838552452e-07,5.16888536844784e-07,6.35686429479342e-07,7.51687240200753e-07,8.75550507579502e-07,2.55516429403349e-07,3.16894587915954e-07,4.00901721731901e-07,5.05645768133162e-07,6.25221958759344e-07,7.46082377658246e-07,8.54061383196299e-07,9.69534251207745e-07,2.18241716215443e-07,2.7560512830227e-07,3.57035210828797e-07,4.3304838552452e-07,5.16888536844784e-07,6.35686429479342e-07,7.51687240200753e-07,8.75550507579502e-07,0.895051475430207,2.44618375691691e-07,3.06855012729091e-07,3.83679677346527e-07,4.87281018204467e-07,5.81422081339807e-07,7.03454034817899e-07,8.12694838707682e-07,9.23375314416342e-07,1.72359278887484e-07,2.16666743217176e-07,2.80180356585039e-07,3.39162245080773e-07,4.04475005276351e-07,4.97628593107154e-07,5.85601259618479e-07,6.8613494264257e-07,2.44618375691691e-07,3.06855012729091e-07,3.83679677346527e-07,4.87281018204467e-07,5.81422081339807e-07,7.03454034817899e-07,8.12694838707682e-07,9.23375314416342e-07,1.72359278887484e-07,2.16666743217176e-07,2.80180356585039e-07,3.39162245080773e-07,4.04475005276351e-07,4.97628593107154e-07,5.85601259618479e-07,6.8613494264257e-07,0.743104847111793,2.78207441316931e-07,3.34010857948732e-07,4.20432790245035e-07,5.19570237327136e-07,6.5609369018945e-07,7.74312727240668e-07,9.02741927643173e-07,1.05075776161411e-06,2.65947778926021e-07,3.30525933102519e-07,4.16543379117596e-07,4.99705166214725e-07,5.92056608355383e-07,7.27956245458765e-07,8.66634447186115e-07,1.01585345113702e-06,2.78207441316931e-07,3.34010857948732e-07,4.20432790245035e-07,5.19570237327136e-07,6.5609369018945e-07,7.74312727240668e-07,9.02741927643173e-07,1.05075776161411e-06,2.65947778926021e-07,3.30525933102519e-07,4.16543379117596e-07,4.99705166214725e-07,5.92056608355383e-07,7.27956245458765e-07,8.66634447186115e-07,1.01585345113702e-06,0.998393319735761,2.39246606352924e-07,3.00118839228905e-07,3.74555494328178e-07,4.72926620660783e-07,5.58574018463207e-07,6.69522733964724e-07,7.82863873106559e-07,9.00836766286213e-07,1.4880420180603e-07,1.91507537881434e-07,2.50150920971298e-07,3.04980696715213e-07,3.66061737588532e-07,4.54572465393726e-07,5.44471887137624e-07,6.39985663308293e-07,2.39246606352924e-07,3.00118839228905e-07,3.74555494328178e-07,4.72926620660783e-07,5.58574018463207e-07,6.69522733964724e-07,7.82863873106559e-07,9.00836766286213e-07,1.4880420180603e-07,1.91507537881434e-07,2.50150920971298e-07,3.04980696715213e-07,3.66061737588532e-07,4.54572465393726e-07,5.44471887137624e-07,6.39985663308293e-07,0.688482964618497,3.04567755228065e-07,3.54384730877327e-07,4.32108228717562e-07,5.27594985448491e-07,6.7119140576199e-07,7.97404532129799e-07,9.33066349713762e-07,1.10223595534993e-06,2.992674976111e-07,3.48111025350768e-07,4.291431592518e-07,5.15920882747673e-07,6.19326463376866e-07,7.67054227960713e-07,9.11069222134156e-07,1.07552284602835e-06,3.04567755228065e-07,3.54384730877327e-07,4.32108228717562e-07,5.27594985448491e-07,6.7119140576199e-07,7.97404532129799e-07,9.33066349713762e-07,1.10223595534993e-06,2.992674976111e-07,3.48111025350768e-07,4.291431592518e-07,5.15920882747673e-07,6.19326463376866e-07,7.67054227960713e-07,9.11069222134156e-07,1.07552284602835e-06,0.999813101397809
112,9.96479056716178e-10,7.47255283467618e-09,3.25170413277994e-08,1.14814205677688e-07,5.37461608844387e-07,1.25954772623066e-06,1.917537809352e-06,2.4306602637294e-06,1.49304743582606e-15,3.53039735422446e-15,7.35393478576877e-15,1.33467375172411e-14,2.34368903165042e-14,3.88009261506236e-14,5.70835752960715e-14,7.76209450728337e-14,9.96479056716178e-10,7.47255283467618e-09,3.25170413277994e-08,1.14814205677688e-07,5.37461608844387e-07,1.25954772623066e-06,1.917537809352e-06,2.4306602637294e-06,1.49304743582606e-15,3.53039735422446e-15,7.35393478576877e-15,1.33467375172411e-14,2.34368903165042e-14,3.88009261506236e-14,5.70835752960715e-14,7.76209450728337e-14,2.79289767612135e-07,8.12741148909127e-10,6.72176127945141e-09,3.07095656231946e-08,1.11294981541727e-07,5.23517343986456e-07,1.22226787848587e-06,1.85048144455801e-06,2.33545655412128e-06,7.73816638874134e-18,1.76630881844183e-17,3.53415664359661e-17,6.47312780490144e-17,1.05763420220982e-16,1.71538873274437e-16,2.46517550539647e-16,3.2120903483757e-16,8.12741148909127e-10,6.72176127945141e-09,3.07095656231946e-08,1.11294981541727e-07,5.23517343986456e-07,1.22226787848587e-06,1.85048144455801e-06,2.33545655412128e-06,7.73816638874134e-18,1.76630881844183e-17,3.53415664359661e-17,6.47312780490144e-17,1.05763420220982e-16,1.71538873274437e-16,2.46517550539647e-16,3.2120903483757e-16,1.22423630133788e-09,1.18012493886764e-09,8.14311892762504e-09,3.42703392793309e-08,1.18286638221031e-07,5.5223126957334e-07,1.29446520268865e-06,1.97708015629429e-06,2.5188121899321e-06,1.27381322563017e-13,3.07093602370041e-13,6.80175061948936e-13,1.30519027412753e-12,2.19935747357096e-12,3.70225824225478e-12,5.60994562183873e-12,7.62470871115463e-12,1.18012493886764e-09,8.14311892762504e-09,3.42703392793309e-08,1.18286638221031e-07,5.5223126957334e-07,1.29446520268865e-06,1.97708015629429e-06,2.5188121899321e-06,1.27381322563017e-13,3.07093602370041e-13,6.80175061948936e-13,1.30519027412753e-12,2.19935747357096e-12,3.70225824225478e-12,5.60994562183873e-12,7.62470871115463e-12,2.50510112469367e-05,7.00034320671037e-10,6.20127648214439e-09,2.93716259969644e-08,1.08797509179573e-07,5.13236106696557e-07,1.19570114461562e-06,1.80352094821648e-06,2.2658561758356e-06,2.62599051013815e-18,5.93712413508029e-18,1.20314874860614e-17,2.14998943164948e-17,3.49257440016087e-17,5.60381631479235e-17,7.85416108345896e-17,1.01449306627412e-16,7.00034320671037e-10,6.20127648214439e-09,2.93716259969644e-08,1.08797509179573e-07,5.13236106696557e-07,1.19570114461562e-06,1.80352094821648e-06,2.2658561758356e-06,2.62599051013815e-18,5.93712413508029e-18,1.20314874860614e-17,2.14998943164948e-17,3.49257440016087e-17,5.60381631479235e-17,7.85416108345896e-17,1.01449306627412e-16,4.31013644578302e-10,1.2898328489601e-09,8.62122436640657e-09,3.55867219639795e-08,1.20698473130649e-07,5.62871440222689e-07,1.3239218403124e-06,2.03302810929694e-06,2.60750603122027e-06,1.23619826639134e-12,3.04834039601182e-12,6.64697296415678e-12,1.21578297899736e-11,2.05336410569937e-11,3.6755964625401e-11,5.49683223918853e-11,7.59231732713406e-11,1.2898328489601e-09,8.62122436640657e-09,3.55867219639795e-08,1.20698473130649e-07,5.62871440222689e-07,1.3239218403124e-06,2.03302810929694e-06,2.60750603122027e-06,1.23619826639134e-12,3.04834039601182e-12,6.64697296415678e-12,1.21578297899736e-11,2.05336410569937e-11,3.6755964625401e-11,5.49683223918853e-11,7.59231732713406e-11,0.000245396150693387
113,1.03689109438275e-06,1.05345962681115e-06,9.83747449032773e-07,9.00085944411895e-07,1.17756293072855e-06,9.34561752567127e-07,8.12616096146241e-07,7.47053953322346e-07,1.14618090760943e-14,1.57497269807412e-14,2.14967540149641e-14,2.63039098725449e-14,3.19131159463242e-14,4.01431652498427e-14,4.83154668095073e-14,5.69171316945458e-14,1.03689109438275e-06,1.05345962681115e-06,9.83747449032773e-07,9.00085944411895e-07,1.17756293072855e-06,9.34561752567127e-07,8.12616096146241e-07,7.47053953322346e-07,1.14618090760943e-14,1.57497269807412e-14,2.14967540149641e-14,2.63039098725449e-14,3.19131159463242e-14,4.01431652498427e-14,4.83154668095073e-14,5.69171316945458e-14,1.67992574448076e-08,9.56552324533271e-07,1.00622540179552e-06,9.58502010484277e-07,8.72328614360429e-07,1.1396588459159e-06,9.01133645917171e-07,7.79260770668934e-07,7.14872644831178e-07,1.78457213525145e-16,2.36133702812051e-16,3.06799398649073e-16,3.74178669124053e-16,4.53496657590049e-16,5.70607148212045e-16,6.87483114180618e-16,8.19048088044547e-16,9.56552324533271e-07,1.00622540179552e-06,9.58502010484277e-07,8.72328614360429e-07,1.1396588459159e-06,9.01133645917171e-07,7.79260770668934e-07,7.14872644831178e-07,1.78457213525145e-16,2.36133702812051e-16,3.06799398649073e-16,3.74178669124053e-16,4.53496657590049e-16,5.70607148212045e-16,6.87483114180618e-16,8.19048088044547e-16,2.07986561717265e-10,1.18453552928143e-06,1.1226200788933e-06,1.00959803606821e-06,9.23360129104698e-07,1.20689240168231e-06,9.61450193235765e-07,8.43614255799817e-07,7.85888152504017e-07,1.02463850296642e-12,1.45863331873518e-12,2.1363931530693e-12,2.7191558415672e-12,3.42221706162549e-12,4.47550965031326e-12,5.4953264364978e-12,6.58971478337003e-12,1.18453552928143e-06,1.1226200788933e-06,1.00959803606821e-06,9.23360129104698e-07,1.20689240168231e-06,9.61450193235765e-07,8.43614255799817e-07,7.85888152504017e-07,1.02463850296642e-12,1.45863331873518e-12,2.1363931530693e-12,2.7191558415672e-12,3.42221706162549e-12,4.47550965031326e-12,5.4953264364978e-12,6.58971478337003e-12,1.11115851023077e-06,9.27698298225468e-07,9.86993729007559e-07,9.37030626482031e-07,8.53962175929778e-07,1.1172589706833e-06,8.78945519755117e-07,7.56044989110627e-07,6.90445100427025e-07,5.099097493424e-17,6.50542544486539e-17,8.49075909052276e-17,1.01781188368888e-16,1.21926757107458e-16,1.51926611878548e-16,1.78894242060477e-16,2.05048291375106e-16,9.27698298225468e-07,9.86993729007559e-07,9.37030626482031e-07,8.53962175929778e-07,1.1172589706833e-06,8.78945519755117e-07,7.56044989110627e-07,6.90445100427025e-07,5.099097493424e-17,6.50542544486539e-17,8.49075909052276e-17,1.01781188368888e-16,1.21926757107458e-16,1.51926611878548e-16,1.78894242060477e-16,2.05048291375106e-16,6.05345119276335e-11,1.29507233584282e-06,1.16930111877953e-06,1.02688186411618e-06,9.41743728365355e-07,1.22594760323323e-06,9.80478444595529e-07,8.6032650109447e-07,8.02881399509323e-07,2.04025932740799e-10,2.94145148385849e-10,4.32499665761415e-10,5.58380323888237e-10,7.0890401351139e-10,9.29602794346943e-10,1.14358230516337e-09,1.37428378231226e-09,1.29507233584282e-06,1.16930111877953e-06,1.02688186411618e-06,9.41743728365355e-07,1.22594760323323e-06,9.80478444595529e-07,8.6032650109447e-07,8.02881399509323e-07,2.04025932740799e-10,2.94145148385849e-10,4.32499665761415e-10,5.58380323888237e-10,7.0890401351139e-10,9.29602794346943e-10,1.14358230516337e-09,1.37428378231226e-09,0.000168922433255937
114,1.80921390939108e-07,2.19110464600253e-07,2.628076753489e-07,3.03545673839573e-07,4.14400755781089e-07,4.73774508913975e-07,5.34086355206058e-07,6.11692044906266e-07,1.2832361626219e-07,1.60811021889961e-07,1.99116262652403e-07,2.35657494531097e-07,2.7474563661815e-07,3.30477271678965e-07,3.82823802618595e-07,4.49333020669106e-07,1.80921390939108e-07,2.19110464600253e-07,2.628076753489e-07,3.03545673839573e-07,4.14400755781089e-07,4.73774508913975e-07,5.34086355206058e-07,6.11692044906266e-07,1.2832361626219e-07,1.60811021889961e-07,1.99116262652403e-07,2.35657494531097e-07,2.7474563661815e-07,3.30477271678965e-07,3.82823802618595e-07,4.49333020669106e-07,0.753132007458291,1.62222849725578e-07,2.04934427140802e-07,2.52830921752876e-07,2.88797589079741e-07,3.65080538328103e-07,4.41083505682898e-07,5.00948284292714e-07,5.73304951142296e-07,6.60978857554779e-08,7.85315785299246e-08,9.35592185967514e-08,1.09001113088025e-07,1.2871533759266e-07,1.55344077592259e-07,1.78610667008212e-07,2.10243679324633e-07,1.62222849725578e-07,2.04934427140802e-07,2.52830921752876e-07,2.88797589079741e-07,3.65080538328103e-07,4.41083505682898e-07,5.00948284292714e-07,5.73304951142296e-07,6.60978857554779e-08,7.85315785299246e-08,9.35592185967514e-08,1.09001113088025e-07,1.2871533759266e-07,1.55344077592259e-07,1.78610667008212e-07,2.10243679324633e-07,0.474398926116894,1.95617007611057e-07,2.28682266724486e-07,2.71872376935219e-07,3.15231853757382e-07,4.49074874734585e-07,5.04756427740651e-07,5.66135413849278e-07,6.42536978317241e-07,1.74586648222561e-07,2.15211577717121e-07,2.63073654561281e-07,3.08303084275881e-07,3.6213882045403e-07,4.41600988354769e-07,5.14275721706683e-07,6.01833729604728e-07,1.95617007611057e-07,2.28682266724486e-07,2.71872376935219e-07,3.15231853757382e-07,4.49074874734585e-07,5.04756427740651e-07,5.66135413849278e-07,6.42536978317241e-07,1.74586648222561e-07,2.15211577717121e-07,2.63073654561281e-07,3.08303084275881e-07,3.6213882045403e-07,4.41600988354769e-07,5.14275721706683e-07,6.01833729604728e-07,0.99975272900197,1.47147837880001e-07,1.92513997993659e-07,2.44141307935822e-07,2.78926013027445e-07,3.53703061917933e-07,4.21234018748196e-07,4.81605954747278e-07,5.56232469226666e-07,2.81830603664174e-08,4.04800534185866e-08,5.56088728706277e-08,7.10339475226585e-08,8.58699569937085e-08,1.06997838640435e-07,1.28441467592299e-07,1.50963589056341e-07,1.47147837880001e-07,1.92513997993659e-07,2.44141307935822e-07,2.78926013027445e-07,3.53703061917933e-07,4.21234018748196e-07,4.81605954747278e-07,5.56232469226666e-07,2.81830603664174e-08,4.04800534185866e-08,5.56088728706277e-08,7.10339475226585e-08,8.58699569937085e-08,1.06997838640435e-07,1.28441467592299e-07,1.50963589056341e-07,0.216186389517052,2.10475336040917e-07,2.35374682277976e-07,2.7755368697079e-07,3.24005351203483e-07,5.06147138354036e-07,5.4617710661202e-07,5.95747309845884e-07,6.69435514566526e-07,1.90947392715476e-07,2.26189952224216e-07,2.7081795795049e-07,3.2087154676826e-07,3.80217779623802e-07,4.66077159732439e-07,5.46147934553857e-07,6.39116856031725e-07,2.10475336040917e-07,2.35374682277976e-07,2.7755368697079e-07,3.24005351203483e-07,5.06147138354036e-07,5.4617710661202e-07,5.95747309845884e-07,6.69435514566526e-07,1.90947392715476e-07,2.26189952224216e-07,2.7081795795049e-07,3.2087154676826e-07,3.80217779623802e-07,4.66077159732439e-07,5.46147934553857e-07,6.39116856031725e-07,0.999843751288747
115,4.38758679301964e-08,1.45602351590992e-07,1.67550997335172e-07,1.78096289065809e-07,2.79193202746067e-07,3.27188984104463e-07,3.48837219858304e-07,3.81968684126803e-07,2.06283825391958e-14,6.03903021704362e-14,7.91753009368127e-14,9.42544367020537e-14,1.12486125624658e-13,1.38579655635522e-13,1.62862075130301e-13,1.88502825868702e-13,1.00668214443779e-07,1.45602351590992e-07,1.67550997335172e-07,1.78096289065809e-07,2.79193202746067e-07,3.27188984104463e-07,3.48837219858304e-07,3.81968684126803e-07,4.73294896499332e-14,6.03903021704362e-14,7.91753009368127e-14,9.42544367020537e-14,1.12486125624658e-13,1.38579655635522e-13,1.62862075130301e-13,1.88502825868702e-13,3.73519385216899e-07,3.84703256009411e-08,1.36020851711659e-07,1.59928598690302e-07,1.7076677333376e-07,2.67745217162161e-07,3.08326617138167e-07,3.28968491244065e-07,3.44302351116934e-07,7.31642874007154e-17,2.1669360668394e-16,2.93175208770742e-16,3.54197465508789e-16,4.31491862032548e-16,5.40087687220833e-16,6.35064663129907e-16,7.39200073273042e-16,8.82658092024256e-08,1.36020851711659e-07,1.59928598690302e-07,1.7076677333376e-07,2.67745217162161e-07,3.08326617138167e-07,3.28968491244065e-07,3.44302351116934e-07,1.67867178955849e-16,2.1669360668394e-16,2.93175208770742e-16,3.54197465508789e-16,4.31491862032548e-16,5.40087687220833e-16,6.35064663129907e-16,7.39200073273042e-16,1.71021472993562e-09,5.0174767162194e-08,1.54420520064787e-07,1.74284988438816e-07,1.84660352453377e-07,2.9016374030522e-07,3.44055209134802e-07,3.67462608323282e-07,4.1109474782135e-07,2.29849767635221e-12,7.01497820377403e-12,9.90820604652316e-12,1.21543166215542e-11,1.4655007400416e-11,1.80876567685958e-11,2.14452899069545e-11,2.47966997364047e-11,1.15120326015801e-07,1.54420520064787e-07,1.74284988438816e-07,1.84660352453377e-07,2.9016374030522e-07,3.44055209134802e-07,3.67462608323282e-07,4.1109474782135e-07,5.27364284507535e-12,7.01497820377403e-12,9.90820604652316e-12,1.21543166215542e-11,1.4655007400416e-11,1.80876567685958e-11,2.14452899069545e-11,2.47966997364047e-11,6.22450582836497e-05,3.50691113985585e-08,1.26880045420189e-07,1.53488497902744e-07,1.64953289307313e-07,2.59799380191639e-07,2.9394028774254e-07,3.10860273347817e-07,3.16704884486168e-07,3.14154083974618e-17,9.36804278521225e-17,1.22158419956022e-16,1.43763127498979e-16,1.72287785567039e-16,2.15408714750862e-16,2.49841326734671e-16,2.83801656377145e-16,8.0462108059934e-08,1.26880045420189e-07,1.53488497902744e-07,1.64953289307313e-07,2.59799380191639e-07,2.9394028774254e-07,3.10860273347817e-07,3.16704884486168e-07,7.20790999377142e-17,9.36804278521225e-17,1.22158419956022e-16,1.43763127498979e-16,1.72287785567039e-16,2.15408714750862e-16,2.49841326734671e-16,2.83801656377145e-16,7.75294016298146e-10,5.68372026452008e-08,1.64362451956566e-07,1.79316575117246e-07,1.8854834838325e-07,2.97575424144788e-07,3.56528435652023e-07,3.82368950871873e-07,4.30239385594322e-07,2.85944914134659e-11,8.39872906951583e-11,1.1372231159268e-10,1.36071419274904e-10,1.63445233270922e-10,2.06862186148109e-10,2.46706053597858e-10,2.80553995319098e-10,1.30406530381905e-07,1.64362451956566e-07,1.79316575117246e-07,1.8854834838325e-07,2.97575424144788e-07,3.56528435652023e-07,3.82368950871873e-07,4.30239385594322e-07,6.56068251026093e-11,8.39872906951583e-11,1.1372231159268e-10,1.36071419274904e-10,1.63445233270922e-10,2.06862186148109e-10,2.46706053597858e-10,2.80553995319098e-10,0.000849414155375591
116,5.01893416635765e-08,9.68599095739893e-08,4.16063775889625e-07,6.86197437526995e-07,9.44987151504942e-07,1.22558743832471e-06,1.33093554921046e-06,1.47543488720398e-06,5.93714918474749e-12,7.01315148074313e-12,8.71417874396732e-12,9.97948991531383e-12,1.17803523932482e-11,1.50258483694695e-11,1.89049075196593e-11,2.46416596325597e-11,5.01893416635765e-08,9.68599095739893e-08,4.16063775889625e-07,6.86197437526995e-07,9.44987151504942e-07,1.22558743832471e-06,1.33093554921046e-06,1.47543488720398e-06,5.93714918474749e-12,7.01315148074313e-12,8.71417874396732e-12,9.97948991531383e-12,1.17803523932482e-11,1.50258483694695e-11,1.89049075196593e-11,2.46416596325597e-11,0.000105130152008958,4.76473810122592e-08,9.41214877300333e-08,4.04012412623672e-07,6.65803272753406e-07,9.22587749625037e-07,1.1853780547595e-06,1.27048992320067e-06,1.38740745179952e-06,2.63625072858246e-15,3.20418411487795e-15,4.03229497014912e-15,4.68811231418117e-15,5.62805619301552e-15,7.20800345821447e-15,8.95985448337997e-15,1.13633536535666e-14,4.76473810122592e-08,9.41214877300333e-08,4.04012412623672e-07,6.65803272753406e-07,9.22587749625037e-07,1.1853780547595e-06,1.27048992320067e-06,1.38740745179952e-06,2.63625072858246e-15,3.20418411487795e-15,4.03229497014912e-15,4.68811231418117e-15,5.62805619301552e-15,7.20800345821447e-15,8.95985448337997e-15,1.13633536535666e-14,9.32795264664811e-08,5.24016577768668e-08,9.9646586086723e-08,4.27687262192646e-07,7.05447518347829e-07,9.7181652643518e-07,1.26331695878173e-06,1.38771308362315e-06,1.56332131269557e-06,4.54736787910466e-10,5.7264778036826e-10,7.43419883948343e-10,8.80542823318846e-10,1.06446931467161e-09,1.3542108710754e-09,1.78924567675611e-09,2.39446555085179e-09,5.24016577768668e-08,9.9646586086723e-08,4.27687262192646e-07,7.05447518347829e-07,9.7181652643518e-07,1.26331695878173e-06,1.38771308362315e-06,1.56332131269557e-06,4.54736787910466e-10,5.7264778036826e-10,7.43419883948343e-10,8.80542823318846e-10,1.06446931467161e-09,1.3542108710754e-09,1.78924567675611e-09,2.39446555085179e-09,0.0103907468055695,4.51966040673425e-08,9.21225421804968e-08,3.96464301243707e-07,6.55062420260789e-07,9.03494759779596e-07,1.15859812289244e-06,1.23821694792701e-06,1.34837678679904e-06,3.7233174765819e-16,4.37198064685459e-16,5.28689584007541e-16,6.04407457255156e-16,7.19088612688893e-16,9.34043158509203e-16,1.16625782922411e-15,1.51745462323388e-15,4.51966040673425e-08,9.21225421804968e-08,3.96464301243707e-07,6.55062420260789e-07,9.03494759779596e-07,1.15859812289244e-06,1.23821694792701e-06,1.34837678679904e-06,3.7233174765819e-16,4.37198064685459e-16,5.28689584007541e-16,6.04407457255156e-16,7.19088612688893e-16,9.34043158509203e-16,1.16625782922411e-15,1.51745462323388e-15,8.60022887573809e-09,5.38865187726398e-08,1.0151979286494e-07,4.35794644076248e-07,7.2041813983573e-07,9.91118983029219e-07,1.2904155059721e-06,1.42162257639084e-06,1.60292586294758e-06,2.98707334830489e-09,3.80482320878902e-09,4.90038508693706e-09,5.77945973278066e-09,7.04692947130949e-09,9.44380647208733e-09,1.20225355275684e-08,1.49881390268597e-08,5.38865187726398e-08,1.0151979286494e-07,4.35794644076248e-07,7.2041813983573e-07,9.91118983029219e-07,1.2904155059721e-06,1.42162257639084e-06,1.60292586294758e-06,2.98707334830489e-09,3.80482320878902e-09,4.90038508693706e-09,5.77945973278066e-09,7.04692947130949e-09,9.44380647208733e-09,1.20225355275684e-08,1.49881390268597e-08,0.0551158791689468
117,2.80069620261307e-07,4.10850697580668e-07,5.3277411874849e-07,6.61069716939463e-07,7.45793508210343e-07,6.89550145995001e-07,6.59461791675997e-07,6.06084810670283e-07,4.37050123285785e-16,8.85912946327702e-16,1.86227790863203e-15,2.80034776598709e-15,4.31491130957719e-15,6.89212981083575e-15,9.44161118084701e-15,1.2378847834266e-14,2.80069620261307e-07,4.10850697580668e-07,5.3277411874849e-07,6.61069716939463e-07,7.45793508210343e-07,6.89550145995001e-07,6.59461791675997e-07,6.06084810670283e-07,4.37050123285785e-16,8.85912946327702e-16,1.86227790863203e-15,2.80034776598709e-15,4.31491130957719e-15,6.89212981083575e-15,9.44161118084701e-15,1.2378847834266e-14,1.73323696578037e-09,2.70577864338116e-07,3.99834547117062e-07,5.20019930842707e-07,6.4035222806117e-07,7.19083692225178e-07,6.61535676879301e-07,6.28194861456056e-07,5.71050988545195e-07,1.53143679648782e-17,3.14159423877356e-17,6.7044401715168e-17,1.01044881781234e-16,1.55840931343605e-16,2.49251147526011e-16,3.39826341413501e-16,4.44830111870905e-16,2.70577864338116e-07,3.99834547117062e-07,5.20019930842707e-07,6.4035222806117e-07,7.19083692225178e-07,6.61535676879301e-07,6.28194861456056e-07,5.71050988545195e-07,1.53143679648782e-17,3.14159423877356e-17,6.7044401715168e-17,1.01044881781234e-16,1.55840931343605e-16,2.49251147526011e-16,3.39826341413501e-16,4.44830111870905e-16,6.29338639044906e-11,2.91217099547031e-07,4.20954461161347e-07,5.46364809447099e-07,6.7978706625435e-07,7.6956600613371e-07,7.16358646273208e-07,6.88743033033753e-07,6.43643988277599e-07,1.00930946616604e-14,2.03454352267603e-14,4.30297597614981e-14,6.46996750985348e-14,9.94027529040093e-14,1.57495496289424e-13,2.15812860854483e-13,2.83930680868123e-13,2.91217099547031e-07,4.20954461161347e-07,5.46364809447099e-07,6.7978706625435e-07,7.6956600613371e-07,7.16358646273208e-07,6.88743033033753e-07,6.43643988277599e-07,1.00930946616604e-14,2.03454352267603e-14,4.30297597614981e-14,6.46996750985348e-14,9.94027529040093e-14,1.57495496289424e-13,2.15812860854483e-13,2.83930680868123e-13,3.9822783327452e-08,2.6382501740236e-07,3.93649275547645e-07,5.11819150688969e-07,6.29074095483169e-07,7.01449673047637e-07,6.40084790350809e-07,6.06108575063692e-07,5.51821626764587e-07,4.44336764528758e-18,8.89982451907486e-18,1.87249880451674e-17,2.79054890102398e-17,4.27418815083549e-17,6.73615045926473e-17,9.18553887669558e-17,1.22629743104862e-16,2.6382501740236e-07,3.93649275547645e-07,5.11819150688969e-07,6.29074095483169e-07,7.01449673047637e-07,6.40084790350809e-07,6.06108575063692e-07,5.51821626764587e-07,4.44336764528758e-18,8.89982451907486e-18,1.87249880451674e-17,2.79054890102398e-17,4.27418815083549e-17,6.73615045926473e-17,9.18553887669558e-17,1.22629743104862e-16,1.68496421750293e-11,3.06213842728455e-07,4.29061045112391e-07,5.56523967203879e-07,6.90604376459279e-07,7.84269789615025e-07,7.35231224969616e-07,7.13608587910101e-07,6.72747412048926e-07,6.47286765527977e-14,1.27826269172656e-13,2.65090831780239e-13,3.97367754172824e-13,6.0335615938215e-13,9.43710003309707e-13,1.27918378514283e-12,1.69838298314112e-12,3.06213842728455e-07,4.29061045112391e-07,5.56523967203879e-07,6.90604376459279e-07,7.84269789615025e-07,7.35231224969616e-07,7.13608587910101e-07,6.72747412048926e-07,6.47286765527977e-14,1.27826269172656e-13,2.65090831780239e-13,3.97367754172824e-13,6.0335615938215e-13,9.43710003309707e-13,1.27918378514283e-12,1.69838298314112e-12,2.4405901933955e-07
118,3.23581650831962e-07,4.13361464061856e-07,8.52947219296639e-07,2.03099867145083e-06,3.39793078974895e-06,5.02803748870407e-06,6.30134287770396e-06,6.9605423575871e-06,3.07601576161178e-07,3.61951380513488e-07,4.35354632447979e-07,5.01498812594333e-07,5.78512874643337e-07,6.92360018293834e-07,8.24869049209396e-07,9.97637232771853e-07,3.23581650831962e-07,4.13361464061856e-07,8.52947219296639e-07,2.03099867145083e-06,3.39793078974895e-06,5.02803748870407e-06,6.30134287770396e-06,6.9605423575871e-06,3.07601576161178e-07,3.61951380513488e-07,4.35354632447979e-07,5.01498812594333e-07,5.78512874643337e-07,6.92360018293834e-07,8.24869049209396e-07,9.97637232771853e-07,0.845975836434386,3.01407066494202e-07,3.8933289811063e-07,8.21671197552247e-07,1.96707255788801e-06,3.31042144766903e-06,4.90177650661094e-06,6.12812633607065e-06,6.74654942938288e-06,2.84082245660539e-07,3.3422569599468e-07,4.02713344333465e-07,4.64483363837318e-07,5.36873961935011e-07,6.41911923795249e-07,7.67576224740843e-07,9.09541441944564e-07,3.01407066494202e-07,3.8933289811063e-07,8.21671197552247e-07,1.96707255788801e-06,3.31042144766903e-06,4.90177650661094e-06,6.12812633607065e-06,6.74654942938288e-06,2.84082245660539e-07,3.3422569599468e-07,4.02713344333465e-07,4.64483363837318e-07,5.36873961935011e-07,6.41911923795249e-07,7.67576224740843e-07,9.09541441944564e-07,0.825440577870553,3.43887937713034e-07,4.36781032426852e-07,8.89225673414209e-07,2.11001642859878e-06,3.51325347753363e-06,5.1696614325147e-06,6.47295102842001e-06,7.16180714181678e-06,3.2896499426052e-07,3.8692115798594e-07,4.65397707060208e-07,5.36770425323995e-07,6.19271283186205e-07,7.44334384845794e-07,8.96017903151972e-07,1.09306643422396e-06,3.43887937713034e-07,4.36781032426852e-07,8.89225673414209e-07,2.11001642859878e-06,3.51325347753363e-06,5.1696614325147e-06,6.47295102842001e-06,7.16180714181678e-06,3.2896499426052e-07,3.8692115798594e-07,4.65397707060208e-07,5.36770425323995e-07,6.19271283186205e-07,7.44334384845794e-07,8.96017903151972e-07,1.09306643422396e-06,0.863016879835446,2.87325083363227e-07,3.73961993595143e-07,8.01115882702765e-07,1.92222867858808e-06,3.25118918569644e-06,4.81400390020684e-06,5.98657739169567e-06,6.56835166963189e-06,2.6398379754846e-07,3.10291267000464e-07,3.73122693158626e-07,4.2972209675727e-07,4.9550565942508e-07,5.93181343658193e-07,7.06896714623929e-07,8.45234369006684e-07,2.87325083363227e-07,3.73961993595143e-07,8.01115882702765e-07,1.92222867858808e-06,3.25118918569644e-06,4.81400390020684e-06,5.98657739169567e-06,6.56835166963189e-06,2.6398379754846e-07,3.10291267000464e-07,3.73122693158626e-07,4.2972209675727e-07,4.9550565942508e-07,5.93181343658193e-07,7.06896714623929e-07,8.45234369006684e-07,0.81330396072385,3.59630479429118e-07,4.53138594949855e-07,9.1853367826616e-07,2.19689420284078e-06,3.62581431400413e-06,5.2875189476889e-06,6.58613649270037e-06,7.2958201669593e-06,3.44733940701614e-07,4.0557049058386e-07,4.87291766080655e-07,5.61400955437292e-07,6.47447810404112e-07,7.75744669021787e-07,9.36049093303588e-07,1.14704124837751e-06,3.59630479429118e-07,4.53138594949855e-07,9.1853367826616e-07,2.19689420284078e-06,3.62581431400413e-06,5.2875189476889e-06,6.58613649270037e-06,7.2958201669593e-06,3.44733940701614e-07,4.0557049058386e-07,4.87291766080655e-07,5.61400955437292e-07,6.47447810404112e-07,7.75744669021787e-07,9.36049093303588e-07,1.14704124837751e-06,0.872027997671106
119,1.97174200404848e-07,2.57837262398405e-07,5.94736617096108e-07,1.14432086552466e-06,1.63636340668631e-06,2.24743470123134e-06,2.71300246866617e-06,3.24115198036181e-06,1.60804157465729e-07,1.74827283309072e-07,3.64575181782903e-07,5.44836735818827e-07,7.89503844146851e-07,1.17800211709617e-06,1.6051001314554e-06,2.12691543406698e-06,1.97174200404848e-07,2.57837262398405e-07,5.94736617096108e-07,1.14432086552466e-06,1.63636340668631e-06,2.24743470123134e-06,2.71300246866617e-06,3.24115198036181e-06,1.60804157465729e-07,1.74827283309072e-07,3.64575181782903e-07,5.44836735818827e-07,7.89503844146851e-07,1.17800211709617e-06,1.6051001314554e-06,2.12691543406698e-06,0.987151024880291,1.82381829342486e-07,2.42085208956058e-07,5.73474922717014e-07,1.10473315930111e-06,1.57459762329705e-06,2.1740676356136e-06,2.63081494249736e-06,3.09148898461127e-06,1.34730950703335e-07,1.44548925032006e-07,3.26762796081281e-07,4.77942107039131e-07,6.7601845731091e-07,9.99826792220247e-07,1.35697868769453e-06,1.76007879242693e-06,1.82381829342486e-07,2.42085208956058e-07,5.73474922717014e-07,1.10473315930111e-06,1.57459762329705e-06,2.1740676356136e-06,2.63081494249736e-06,3.09148898461127e-06,1.34730950703335e-07,1.44548925032006e-07,3.26762796081281e-07,4.77942107039131e-07,6.7601845731091e-07,9.99826792220247e-07,1.35697868769453e-06,1.76007879242693e-06,0.977682638051152,2.14837032465018e-07,2.73539256902833e-07,6.15129121692068e-07,1.18754960328315e-06,1.69711807883984e-06,2.31924053323227e-06,2.79661389993166e-06,3.39234083431419e-06,1.83449787526394e-07,2.02128906920325e-07,4.08257411624037e-07,6.02666297528619e-07,8.88610684486771e-07,1.3565390387943e-06,1.89320365187463e-06,2.54516236739166e-06,2.14837032465018e-07,2.73539256902833e-07,6.15129121692068e-07,1.18754960328315e-06,1.69711807883984e-06,2.31924053323227e-06,2.79661389993166e-06,3.39234083431419e-06,1.83449787526394e-07,2.02128906920325e-07,4.08257411624037e-07,6.02666297528619e-07,8.88610684486771e-07,1.3565390387943e-06,1.89320365187463e-06,2.54516236739166e-06,0.992351557860718,1.75480306055258e-07,2.33787851028439e-07,5.5775949919717e-07,1.07791859625612e-06,1.53210370360782e-06,2.12097635200726e-06,2.57337265383674e-06,2.98776929927947e-06,1.10306845012005e-07,1.18045727464951e-07,2.83424833004633e-07,4.31445293722125e-07,6.33447997980035e-07,9.10142334090225e-07,1.18892735824229e-06,1.51345520133245e-06,1.75480306055258e-07,2.33787851028439e-07,5.5775949919717e-07,1.07791859625612e-06,1.53210370360782e-06,2.12097635200726e-06,2.57337265383674e-06,2.98776929927947e-06,1.10306845012005e-07,1.18045727464951e-07,2.83424833004633e-07,4.31445293722125e-07,6.33447997980035e-07,9.10142334090225e-07,1.18892735824229e-06,1.51345520133245e-06,0.954356226021855,2.29418793509593e-07,2.85351625146209e-07,6.30321343172081e-07,1.21822621958271e-06,1.73049088120283e-06,2.36195572390373e-06,2.86856509486299e-06,3.54404441018597e-06,1.96598464022188e-07,2.1924748491088e-07,4.36320846637664e-07,6.44900735262212e-07,9.37424696627346e-07,1.44507770592995e-06,2.05990581326837e-06,2.81664940661413e-06,2.29418793509593e-07,2.85351625146209e-07,6.30321343172081e-07,1.21822621958271e-06,1.73049088120283e-06,2.36195572390373e-06,2.86856509486299e-06,3.54404441018597e-06,1.96598464022188e-07,2.1924748491088e-07,4.36320846637664e-07,6.44900735262212e-07,9.37424696627346e-07,1.44507770592995e-06,2.05990581326837e-06,2.81664940661413e-06,0.994216820279298
120,1.03179707321997e-07,1.6680480683983e-07,2.34344664759142e-07,2.59837921194238e-07,3.68152213600893e-07,3.80390022150924e-07,3.84508373610348e-07,4.27249680169597e-07,4.90984887152774e-15,1.08243998696832e-14,2.19772744069833e-14,3.93657862582339e-14,6.08927345852534e-14,9.83031549713158e-14,1.3802740203108e-13,1.79687890362978e-13,1.03179707321997e-07,1.6680480683983e-07,2.34344664759142e-07,2.59837921194238e-07,3.68152213600893e-07,3.80390022150924e-07,3.84508373610348e-07,4.27249680169597e-07,4.90984887152774e-15,1.08243998696832e-14,2.19772744069833e-14,3.93657862582339e-14,6.08927345852534e-14,9.83031549713158e-14,1.3802740203108e-13,1.79687890362978e-13,4.91680781808968e-08,9.8790267050781e-08,1.61712061761054e-07,2.26081035422102e-07,2.49861434992667e-07,3.5502362466659e-07,3.64460051542818e-07,3.72231768512628e-07,4.06981424187599e-07,1.02895107596919e-16,2.34021189827354e-16,4.86864767658994e-16,9.22740275263996e-16,1.49880958216704e-15,2.50835012339234e-15,3.62365972932198e-15,4.84963149330792e-15,9.8790267050781e-08,1.61712061761054e-07,2.26081035422102e-07,2.49861434992667e-07,3.5502362466659e-07,3.64460051542818e-07,3.72231768512628e-07,4.06981424187599e-07,1.02895107596919e-16,2.34021189827354e-16,4.86864767658994e-16,9.22740275263996e-16,1.49880958216704e-15,2.50835012339234e-15,3.62365972932198e-15,4.84963149330792e-15,1.24215840138826e-09,1.07953930590682e-07,1.71675633009382e-07,2.42303433883884e-07,2.72593007285275e-07,3.91338842825805e-07,3.99062431724275e-07,3.99515747200269e-07,4.46819735125092e-07,2.12863279388503e-11,4.61523145321583e-11,9.39416734161275e-11,1.66776207840517e-10,2.64526561132765e-10,4.24913691051937e-10,6.03229202263664e-10,7.83232013943845e-10,1.07953930590682e-07,1.71675633009382e-07,2.42303433883884e-07,2.72593007285275e-07,3.91338842825805e-07,3.99062431724275e-07,3.99515747200269e-07,4.46819735125092e-07,2.12863279388503e-11,4.61523145321583e-11,9.39416734161275e-11,1.66776207840517e-10,2.64526561132765e-10,4.24913691051937e-10,6.03229202263664e-10,7.83232013943845e-10,0.000218914927206961,9.49330072300837e-08,1.5802816856539e-07,2.21823092157014e-07,2.45257929558305e-07,3.48874493438826e-07,3.55266074961091e-07,3.61504465223949e-07,3.88195940024992e-07,2.84028989560264e-17,6.36571981575283e-17,1.30812426577282e-16,2.54320689710649e-16,4.12879965559411e-16,7.07748386948561e-16,1.02457238454863e-15,1.37910371945485e-15,9.49330072300837e-08,1.5802816856539e-07,2.21823092157014e-07,2.45257929558305e-07,3.48874493438826e-07,3.55266074961091e-07,3.61504465223949e-07,3.88195940024992e-07,2.84028989560264e-17,6.36571981575283e-17,1.30812426577282e-16,2.54320689710649e-16,4.12879965559411e-16,7.07748386948561e-16,1.02457238454863e-15,1.37910371945485e-15,4.00354378066615e-10,1.09689455707955e-07,1.74983857188564e-07,2.47008500335196e-07,2.79968341114495e-07,4.03305567180485e-07,4.12271221033948e-07,4.09004048645803e-07,4.59714575515337e-07,3.79520187522715e-10,8.22573308878408e-10,1.67242023385794e-09,2.95834877159296e-09,4.72262923030762e-09,7.92205149924325e-09,1.14416432526903e-08,1.53450871247614e-08,1.09689455707955e-07,1.74983857188564e-07,2.47008500335196e-07,2.79968341114495e-07,4.03305567180485e-07,4.12271221033948e-07,4.09004048645803e-07,4.59714575515337e-07,3.79520187522715e-10,8.22573308878408e-10,1.67242023385794e-09,2.95834877159296e-09,4.72262923030762e-09,7.92205149924325e-09,1.14416432526903e-08,1.53450871247614e-08,0.00378944683230437
121,6.45930951392327e-08,1.30927226103303e-07,1.23487289745176e-07,1.0953962255141e-07,1.28645742759744e-07,1.22394013126086e-07,1.43914053226402e-07,1.12084246016729e-07,1.60428280818982e-15,4.98648973628639e-15,6.67146262845009e-15,8.66107542777442e-15,1.10783991667763e-14,1.40233370051563e-14,1.71468748488875e-14,2.01779983488179e-14,1.48201548135952e-07,1.30927226103303e-07,1.23487289745176e-07,1.0953962255141e-07,1.28645742759744e-07,1.22394013126086e-07,1.43914053226402e-07,1.12084246016729e-07,3.68084537997646e-15,4.98648973628639e-15,6.67146262845009e-15,8.66107542777442e-15,1.10783991667763e-14,1.40233370051563e-14,1.71468748488875e-14,2.01779983488179e-14,4.66291140644509e-08,4.97089514277496e-08,1.20952763970516e-07,1.19090496652064e-07,1.06081193293141e-07,1.24917702530633e-07,1.17561447469853e-07,1.37847154864437e-07,1.04557205103251e-07,2.63884269110862e-17,8.03183530562086e-17,1.09866392262692e-16,1.36389290187102e-16,1.68936239700014e-16,2.11801697747088e-16,2.57281251310026e-16,2.9747558100847e-16,1.14051564519824e-07,1.20952763970516e-07,1.19090496652064e-07,1.06081193293141e-07,1.24917702530633e-07,1.17561447469853e-07,1.37847154864437e-07,1.04557205103251e-07,6.05452597164685e-17,8.03183530562086e-17,1.09866392262692e-16,1.36389290187102e-16,1.68936239700014e-16,2.11801697747088e-16,2.57281251310026e-16,2.9747558100847e-16,7.67983156793289e-10,7.36810219463597e-08,1.37869394589328e-07,1.26894523995349e-07,1.13118136649615e-07,1.32243759256657e-07,1.28107847792663e-07,1.49581899407678e-07,1.29841672082014e-07,1.12809666296198e-09,3.61609954747123e-09,5.37929180565207e-09,6.88080175845814e-09,8.77127656816719e-09,1.12397391710636e-08,1.36417203689162e-08,1.59998559636894e-08,1.69052767902698e-07,1.37869394589328e-07,1.26894523995349e-07,1.13118136649615e-07,1.32243759256657e-07,1.28107847792663e-07,1.49581899407678e-07,1.29841672082014e-07,2.58829014986188e-09,3.61609954747123e-09,5.37929180565207e-09,6.88080175845814e-09,8.77127656816719e-09,1.12397391710636e-08,1.36417203689162e-08,1.59998559636894e-08,0.0203704442975846,4.27188946284144e-08,1.1112490764559e-07,1.14516147447839e-07,1.03777548133306e-07,1.22169426882521e-07,1.14523773680395e-07,1.33842048574666e-07,1.00087290019225e-07,9.53729516569464e-18,2.86982079368592e-17,3.97321367516769e-17,4.97132855956212e-17,6.22598777082983e-17,7.84850511262879e-17,9.4161891245916e-17,1.11490993195813e-16,9.80136701135148e-08,1.1112490764559e-07,1.14516147447839e-07,1.03777548133306e-07,1.22169426882521e-07,1.14523773680395e-07,1.33842048574666e-07,1.00087290019225e-07,2.18822446197811e-17,2.86982079368592e-17,3.97321367516769e-17,4.97132855956212e-17,6.22598777082983e-17,7.84850511262879e-17,9.4161891245916e-17,1.11490993195813e-16,2.90063210102821e-10,7.95093976859376e-08,1.41956483134888e-07,1.28743879976275e-07,1.16126046264109e-07,1.3510864287124e-07,1.3352942099097e-07,1.5432745906364e-07,1.49476919981058e-07,3.86528984564899e-09,1.30145129436244e-08,1.96197429688338e-08,2.56927550729543e-08,3.36657045696591e-08,4.43199656224769e-08,5.41083787647824e-08,6.44378162604772e-08,1.82425316560748e-07,1.41956483134888e-07,1.28743879976275e-07,1.16126046264109e-07,1.3510864287124e-07,1.3352942099097e-07,1.5432745906364e-07,1.49476919981058e-07,8.86847019614984e-09,1.30145129436244e-08,1.96197429688338e-08,2.56927550729543e-08,3.36657045696591e-08,4.43199656224769e-08,5.41083787647824e-08,6.44378162604772e-08,0.0759571473375568
122,7.25816347273731e-09,3.93698666499455e-08,7.17220083051489e-08,1.01993559520796e-07,2.08299668934482e-07,3.08994920231527e-07,3.76643349805183e-07,4.64363001663526e-07,1.77061966429116e-16,8.19240676027489e-16,1.69707367041009e-15,2.60584859960463e-15,4.04938511980084e-15,6.56531737416657e-15,9.19019846240999e-15,1.22516962116006e-14,1.66530348323585e-08,3.93698666499455e-08,7.17220083051489e-08,1.01993559520796e-07,2.08299668934482e-07,3.08994920231527e-07,3.76643349805183e-07,4.64363001663526e-07,4.06248647540854e-16,8.19240676027489e-16,1.69707367041009e-15,2.60584859960463e-15,4.04938511980084e-15,6.56531737416657e-15,9.19019846240999e-15,1.22516962116006e-14,3.04216934608988e-08,6.74645662792436e-09,3.7898625889967e-08,6.94408078045691e-08,9.87861619418705e-08,2.03140396521319e-07,2.98485256529624e-07,3.64652212968053e-07,4.4804828602467e-07,8.8400019998624e-18,4.20898684976285e-17,8.97164414951889e-17,1.39209717121945e-16,2.18407695397924e-16,3.59900517456145e-16,5.03350057340839e-16,6.59318498043045e-16,1.54789813761868e-08,3.7898625889967e-08,6.94408078045691e-08,9.87861619418705e-08,2.03140396521319e-07,2.98485256529624e-07,3.64652212968053e-07,4.4804828602467e-07,2.02823843489858e-17,4.20898684976285e-17,8.97164414951889e-17,1.39209717121945e-16,2.18407695397924e-16,3.59900517456145e-16,5.03350057340839e-16,6.59318498043045e-16,1.65249204610952e-09,7.83995944278746e-09,4.09962430011883e-08,7.38887810713926e-08,1.04837390558748e-07,2.13920521863934e-07,3.21233598617409e-07,3.89605013660195e-07,4.81638497663793e-07,2.43315992823937e-15,1.11913148584981e-14,2.3231877781737e-14,3.49667313595738e-14,5.42092013996636e-14,8.90378307015103e-14,1.26165082111107e-13,1.67848071661433e-13,1.79878998558542e-08,4.09962430011883e-08,7.38887810713926e-08,1.04837390558748e-07,2.13920521863934e-07,3.21233598617409e-07,3.89605013660195e-07,4.81638497663793e-07,5.5826101450961e-15,1.11913148584981e-14,2.3231877781737e-14,3.49667313595738e-14,5.42092013996636e-14,8.90378307015103e-14,1.26165082111107e-13,1.67848071661433e-13,4.86027959893617e-07,6.51637863157369e-09,3.70145843457846e-08,6.77099943642809e-08,9.65335913255406e-08,1.99872568761181e-07,2.92294899029198e-07,3.568143407955e-07,4.37869903726687e-07,2.2375272433271e-18,1.07159381051526e-17,2.30867935119854e-17,3.55115851567527e-17,5.44177649461807e-17,8.77989700888761e-17,1.22436543878136e-16,1.60216477675192e-16,1.49510934467156e-08,3.70145843457846e-08,6.77099943642809e-08,9.65335913255406e-08,1.99872568761181e-07,2.92294899029198e-07,3.568143407955e-07,4.37869903726687e-07,5.13375308525871e-18,1.07159381051526e-17,2.30867935119854e-17,3.55115851567527e-17,5.44177649461807e-17,8.77989700888761e-17,1.22436543878136e-16,1.60216477675192e-16,4.07258714053568e-10,8.16280298496214e-09,4.19165403931697e-08,7.52275102131171e-08,1.06901588751636e-07,2.1741864570692e-07,3.27987043550972e-07,3.98831492438643e-07,4.93139611199113e-07,5.68511438332554e-14,2.57887556813155e-13,5.24078338674204e-13,7.72859172597308e-13,1.15463353220518e-12,1.79849642181068e-12,2.4518267147504e-12,3.13759304463714e-12,1.87286278338656e-08,4.19165403931697e-08,7.52275102131171e-08,1.06901588751636e-07,2.1741864570692e-07,3.27987043550972e-07,3.98831492438643e-07,4.93139611199113e-07,1.30438516860461e-13,2.57887556813155e-13,5.24078338674204e-13,7.72859172597308e-13,1.15463353220518e-12,1.79849642181068e-12,2.4518267147504e-12,3.13759304463714e-12,6.43332385123523e-06
123,1.0106142839238e-08,1.47455419922302e-07,1.80364866872243e-07,1.91201889808188e-07,1.86036245078825e-07,2.41997355995539e-07,2.08808313259025e-07,1.89239289264476e-07,5.31762584158163e-15,4.86878460739061e-14,8.63786317807529e-14,1.18140629992798e-13,1.67342821590488e-13,2.36351950625058e-13,3.015040329636e-13,3.64913286098911e-13,4.86570701972334e-08,1.47455419922302e-07,1.80364866872243e-07,1.91201889808188e-07,1.86036245078825e-07,2.41997355995539e-07,2.08808313259025e-07,1.89239289264476e-07,2.56022597317621e-14,4.86878460739061e-14,8.63786317807529e-14,1.18140629992798e-13,1.67342821590488e-13,2.36351950625058e-13,3.015040329636e-13,3.64913286098911e-13,4.95320283005729e-07,9.47665364581647e-09,1.39932728723655e-07,1.72799001650414e-07,1.82357733686971e-07,1.76330648011993e-07,2.30258312179471e-07,1.97503404884082e-07,1.79125006383651e-07,3.02590652581935e-18,2.92273818401632e-17,5.54700167133144e-17,7.7257294278326e-17,1.11166528369299e-16,1.60159899979926e-16,2.07360065884404e-16,2.5284656235235e-16,4.56263293537741e-08,1.39932728723655e-07,1.72799001650414e-07,1.82357733686971e-07,1.76330648011993e-07,2.30258312179471e-07,1.97503404884082e-07,1.79125006383651e-07,1.45685400037508e-17,2.92273818401632e-17,5.54700167133144e-17,7.7257294278326e-17,1.11166528369299e-16,1.60159899979926e-16,2.07360065884404e-16,2.5284656235235e-16,3.04199426193941e-10,1.10940400526776e-08,1.57519292719587e-07,1.89371236238035e-07,1.99909419948143e-07,1.93767934947053e-07,2.55296937058785e-07,2.22168710366826e-07,2.02891252062376e-07,2.04995253165924e-13,1.85980047271851e-12,3.35165714195611e-12,4.60401817389148e-12,6.52055156086181e-12,9.12675007253162e-12,1.1782198348473e-11,1.43298579182835e-11,5.34134035309907e-08,1.57519292719587e-07,1.89371236238035e-07,1.99909419948143e-07,1.93767934947053e-07,2.55296937058785e-07,2.22168710366826e-07,2.02891252062376e-07,9.86970853476086e-13,1.85980047271851e-12,3.35165714195611e-12,4.60401817389148e-12,6.52055156086181e-12,9.12675007253162e-12,1.1782198348473e-11,1.43298579182835e-11,1.87813422401666e-05,8.909373956129e-09,1.34295580592847e-07,1.67334501682428e-07,1.76452133831167e-07,1.70093066298241e-07,2.1846795040658e-07,1.85593270483319e-07,1.6997242801408e-07,6.13553677072343e-19,6.00205545525204e-18,1.09315743684059e-17,1.56488755276389e-17,2.28633561777618e-17,3.33082302011319e-17,4.3293656534876e-17,5.26353690843902e-17,4.28951026017219e-08,1.34295580592847e-07,1.67334501682428e-07,1.76452133831167e-07,1.70093066298241e-07,2.1846795040658e-07,1.85593270483319e-07,1.6997242801408e-07,2.95401765143966e-18,6.00205545525204e-18,1.09315743684059e-17,1.56488755276389e-17,2.28633561777618e-17,3.33082302011319e-17,4.3293656534876e-17,5.26353690843902e-17,6.1679574811844e-11,1.22180292698771e-08,1.71419357378508e-07,1.96972075637131e-07,2.0658945506515e-07,2.00195996128315e-07,2.64804741849483e-07,2.32620565240919e-07,2.15432054915031e-07,1.4405426731742e-12,1.34643949369543e-11,2.46206237080124e-11,3.45999472288651e-11,4.9785325417438e-11,7.11278965725082e-11,8.97508393985932e-11,1.08835856666678e-10,5.88249658958e-08,1.71419357378508e-07,1.96972075637131e-07,2.0658945506515e-07,2.00195996128315e-07,2.64804741849483e-07,2.32620565240919e-07,2.15432054915031e-07,6.93564172659489e-12,1.34643949369543e-11,2.46206237080124e-11,3.45999472288651e-11,4.9785325417438e-11,7.11278965725082e-11,8.97508393985932e-11,1.08835856666678e-10,0.000154373584642742
124,1.4671614990607e-09,3.08242172485667e-08,5.74780858490601e-08,7.66033544050044e-08,1.01871265918333e-07,2.35963378958369e-07,2.66514709567966e-07,2.98508994456579e-07,6.1442738822748e-18,5.99245715408103e-17,1.1315426675518e-16,1.60057241543914e-16,2.38698869713317e-16,3.56063300266536e-16,4.58536865778436e-16,5.61659047072879e-16,7.06380081758838e-09,3.08242172485667e-08,5.74780858490601e-08,7.66033544050044e-08,1.01871265918333e-07,2.35963378958369e-07,2.66514709567966e-07,2.98508994456579e-07,2.95822422418298e-17,5.99245715408103e-17,1.1315426675518e-16,1.60057241543914e-16,2.38698869713317e-16,3.56063300266536e-16,4.58536865778436e-16,5.61659047072879e-16,2.24936123963874e-09,1.27066712769668e-09,2.87700990280369e-08,5.45146260609522e-08,7.32632768160544e-08,9.7684358747119e-08,2.26636345908381e-07,2.52908672271723e-07,2.82849702484085e-07,1.0967276212991e-18,1.03807117622143e-17,1.94077574965819e-17,2.71767002956346e-17,4.00279781584847e-17,5.88360674711543e-17,7.51607421136345e-17,9.15670296522487e-17,6.11775833897833e-09,2.87700990280369e-08,5.45146260609522e-08,7.32632768160544e-08,9.7684358747119e-08,2.26636345908381e-07,2.52908672271723e-07,2.82849702484085e-07,5.2803085910884e-18,1.03807117622143e-17,1.94077574965819e-17,2.71767002956346e-17,4.00279781584847e-17,5.88360674711543e-17,7.51607421136345e-17,9.15670296522487e-17,3.68710138884655e-10,1.79771322509578e-09,3.43243113433398e-08,6.09746196091963e-08,7.99883534767281e-08,1.05615492397182e-07,2.46827136937584e-07,2.80784088920421e-07,3.15606574341775e-07,5.74961384978229e-16,5.72400707980055e-15,1.09290441057174e-14,1.61877123438626e-14,2.48996424844754e-14,3.8524224402548e-14,5.22946759659908e-14,6.54450658576809e-14,8.65527629872439e-09,3.43243113433398e-08,6.09746196091963e-08,7.99883534767281e-08,1.05615492397182e-07,2.46827136937584e-07,2.80784088920421e-07,3.15606574341775e-07,2.76821106871408e-15,5.72400707980055e-15,1.09290441057174e-14,1.61877123438626e-14,2.48996424844754e-14,3.8524224402548e-14,5.22946759659908e-14,6.54450658576809e-14,1.9825269865646e-07,1.19913642513609e-09,2.78008130234176e-08,5.28699366349746e-08,7.13245067472394e-08,9.50759975561253e-08,2.19024916188118e-07,2.42333312368981e-07,2.70450740347733e-07,4.4467015748276e-19,4.55056419232253e-18,9.14803173159111e-18,1.32106375081192e-17,1.99961600003885e-17,2.87381862206469e-17,3.74358871486856e-17,4.51208109465842e-17,5.77336637152708e-09,2.78008130234176e-08,5.28699366349746e-08,7.13245067472394e-08,9.50759975561253e-08,2.19024916188118e-07,2.42333312368981e-07,2.70450740347733e-07,2.14091047508733e-18,4.55056419232253e-18,9.14803173159111e-18,1.32106375081192e-17,1.99961600003885e-17,2.87381862206469e-17,3.74358871486856e-17,4.51208109465842e-17,1.72275342820378e-10,2.03032073770381e-09,3.72401137792197e-08,6.33781840934039e-08,8.2042610475564e-08,1.08529577469322e-07,2.54509639521581e-07,2.92456673132001e-07,3.30828706299479e-07,3.98400790704309e-15,3.89664236177984e-14,7.5857128855943e-14,1.08553890899373e-13,1.62114475728419e-13,2.43486700440902e-13,3.147945721633e-13,3.86811122419611e-13,9.77518923181986e-09,3.72401137792197e-08,6.33781840934039e-08,8.2042610475564e-08,1.08529577469322e-07,2.54509639521581e-07,2.92456673132001e-07,3.30828706299479e-07,1.91814182208753e-14,3.89664236177984e-14,7.5857128855943e-14,1.08553890899373e-13,1.62114475728419e-13,2.43486700440902e-13,3.147945721633e-13,3.86811122419611e-13,1.35275196415633e-06
125,8.26243166954891e-19,1.33547076706946e-09,9.12321314435564e-08,1.00396225602378e-07,1.03313053242941e-07,1.37240933552415e-07,2.20289915417e-07,2.16517119706687e-07,7.7132151935917e-19,5.30800921416528e-11,1.96580935006094e-09,2.28030359835758e-09,2.70923793440029e-09,3.26280088965425e-09,3.90930326352248e-09,4.49706681150433e-09,9.42555549922814e-10,3.87275168421995e-08,9.12321314435564e-08,1.00396225602378e-07,1.03313053242941e-07,1.37240933552415e-07,2.20289915417e-07,2.16517119706687e-07,8.79902440254098e-10,1.53927754398718e-09,1.96580935006094e-09,2.28030359835758e-09,2.70923793440029e-09,3.26280088965425e-09,3.90930326352248e-09,4.49706681150433e-09,0.0459129851772839,3.20662605566223e-21,1.16009862279598e-09,8.76204377443912e-08,9.74916842547138e-08,9.99683475628786e-08,1.30065948447394e-07,1.94682247600347e-07,1.9057089827183e-07,3.00276974673867e-21,2.0370603968945e-13,7.76846485810679e-12,8.75912352327081e-12,1.03318569507059e-11,1.29697431852015e-11,1.54343368105421e-11,1.80668307727569e-11,3.6580310811291e-12,3.36418737577704e-08,8.76204377443912e-08,9.74916842547138e-08,9.99683475628786e-08,1.30065948447394e-07,1.94682247600347e-07,1.9057089827183e-07,3.42547739348915e-12,5.90730196232038e-12,7.76846485810679e-12,8.75912352327081e-12,1.03318569507059e-11,1.29697431852015e-11,1.54343368105421e-11,1.80668307727569e-11,0.000183559988666925,3.01543243026843e-18,1.62303305239193e-09,9.49142980314195e-08,1.03207096059447e-07,1.06417072933062e-07,1.44041093742209e-07,2.41452989330566e-07,2.41568346167914e-07,2.80913398208546e-18,1.92345222379438e-10,7.19232127968966e-09,8.1108063725666e-09,9.55783722160882e-09,1.16333762063299e-08,1.35461024748625e-08,1.53908325773608e-08,3.43992263565904e-09,4.70665786342036e-08,9.49142980314195e-08,1.03207096059447e-07,1.06417072933062e-07,1.44041093742209e-07,2.41452989330566e-07,2.41568346167914e-07,3.2045830225135e-09,5.57784791917414e-09,7.19232127968966e-09,8.1108063725666e-09,9.55783722160882e-09,1.16333762063299e-08,1.35461024748625e-08,1.53908325773608e-08,0.145324071381925,1.46236074931806e-23,1.04502700144643e-09,8.48830449102787e-08,9.528597062777e-08,9.73772404644885e-08,1.25602078061994e-07,1.89075651217257e-07,1.85146673597324e-07,1.36344516090901e-23,9.19840985763439e-16,3.2981918144855e-14,3.75921533691454e-14,4.39054512295022e-14,5.17346779576602e-14,5.90359115124353e-14,6.5708019633383e-14,1.66822104603774e-14,3.03048945712825e-08,8.48830449102787e-08,9.528597062777e-08,9.73772404644885e-08,1.25602078061994e-07,1.89075651217257e-07,1.85146673597324e-07,1.55538085496851e-14,2.66746065482736e-14,3.2981918144855e-14,3.75921533691454e-14,4.39054512295022e-14,5.17346779576602e-14,5.90359115124353e-14,6.5708019633383e-14,1.00447874287493e-06,4.24699475278967e-18,1.81685030913069e-09,9.78964964667835e-08,1.05171246484247e-07,1.08441817622454e-07,1.47775296462522e-07,2.49417186835401e-07,2.50305923706763e-07,3.96455189875145e-18,2.68227973973257e-10,1.05882222015335e-08,1.17508320280635e-08,1.4084866421936e-08,1.82772709564663e-08,2.20651755487566e-08,2.59629921638348e-08,4.84485516471874e-09,5.26871142982902e-08,9.78964964667835e-08,1.05171246484247e-07,1.08441817622454e-07,1.47775296462522e-07,2.49417186835401e-07,2.50305923706763e-07,4.52265210119338e-09,7.7783832006995e-09,1.05882222015335e-08,1.17508320280635e-08,1.4084866421936e-08,1.82772709564663e-08,2.20651755487566e-08,2.59629921638348e-08,0.272629458336335
126,6.77565465498835e-09,8.68490137851953e-08,1.328121937434e-07,1.5019430578554e-07,1.99546528707493e-07,4.65287174790576e-07,5.07090127315013e-07,5.60168442416816e-07,7.08377883387807e-16,4.25817755957552e-15,5.83465662770449e-15,7.0559515757483e-15,1.16687816168811e-14,1.74488383214316e-14,2.36984810904465e-14,3.30391858847643e-14,2.43583857303236e-08,8.68490137851953e-08,1.328121937434e-07,1.5019430578554e-07,1.99546528707493e-07,4.65287174790576e-07,5.07090127315013e-07,5.60168442416816e-07,2.54660879354101e-15,4.25817755957552e-15,5.83465662770449e-15,7.0559515757483e-15,1.16687816168811e-14,1.74488383214316e-14,2.36984810904465e-14,3.30391858847643e-14,1.97269426926385e-07,5.91883992940688e-09,7.85017348929574e-08,1.22129474397676e-07,1.40285866245245e-07,1.87961007334205e-07,4.49997203236601e-07,4.89519931207508e-07,5.39250222448956e-07,2.19609835260552e-17,1.45440878743583e-16,2.08475387029578e-16,2.57823552525574e-16,4.10932971693415e-16,6.06936352667173e-16,7.57566265536277e-16,9.47564003038017e-16,2.12781485211014e-08,7.85017348929574e-08,1.22129474397676e-07,1.40285866245245e-07,1.87961007334205e-07,4.49997203236601e-07,4.89519931207508e-07,5.39250222448956e-07,7.89494351444119e-17,1.45440878743583e-16,2.08475387029578e-16,2.57823552525574e-16,4.10932971693415e-16,6.06936352667173e-16,7.57566265536277e-16,9.47564003038017e-16,3.33960469964218e-09,7.48785914299523e-09,9.16062573052167e-08,1.40829935226528e-07,1.63097722857004e-07,2.12368203269809e-07,4.81724500897953e-07,5.24385450159198e-07,5.82091695314521e-07,6.76921334262718e-13,3.30661648476179e-12,4.26137941310146e-12,5.15168828269164e-12,6.66644165910463e-12,8.6627196847e-12,1.05391834172562e-11,1.28967435991148e-11,2.69187511150864e-08,9.16062573052167e-08,1.40829935226528e-07,1.63097722857004e-07,2.12368203269809e-07,4.81724500897953e-07,5.24385450159198e-07,5.82091695314521e-07,2.43352293005626e-12,3.30661648476179e-12,4.26137941310146e-12,5.15168828269164e-12,6.66644165910463e-12,8.6627196847e-12,1.05391834172562e-11,1.28967435991148e-11,0.000104617655314678,4.96956513872104e-09,6.69414457341832e-08,1.10766736233544e-07,1.27829426472097e-07,1.79201237574562e-07,4.3892400526013e-07,4.77732179514929e-07,5.23183118811097e-07,2.22302993679678e-18,2.22482214778937e-17,3.23943789437981e-17,3.80923590501665e-17,6.71171424518899e-17,9.72344021962384e-17,1.32361807575078e-16,1.64718308212069e-16,1.78655186435478e-08,6.69414457341832e-08,1.10766736233544e-07,1.27829426472097e-07,1.79201237574562e-07,4.3892400526013e-07,4.77732179514929e-07,5.23183118811097e-07,7.99176219093269e-18,2.22482214778937e-17,3.23943789437981e-17,3.80923590501665e-17,6.71171424518899e-17,9.72344021962384e-17,1.32361807575078e-16,1.64718308212069e-16,5.47119706213486e-10,8.16942651799923e-09,9.6002950220901e-08,1.45405250929291e-07,1.69098457663621e-07,2.18989882899794e-07,4.92785352012089e-07,5.38326533948947e-07,5.9789761716417e-07,4.13533211288131e-12,2.20946788146386e-11,2.82367246665272e-11,3.36326315763974e-11,4.55149864839197e-11,6.12367976949938e-11,7.7610698295277e-11,9.90722519967242e-11,2.93689764980063e-08,9.6002950220901e-08,1.45405250929291e-07,1.69098457663621e-07,2.18989882899794e-07,4.92785352012089e-07,5.38326533948947e-07,5.9789761716417e-07,1.48664623357682e-11,2.20946788146386e-11,2.82367246665272e-11,3.36326315763974e-11,4.55149864839197e-11,6.12367976949938e-11,7.7610698295277e-11,9.90722519967242e-11,0.000644930728860626
127,2.62758698401155e-07,3.91328435898802e-07,4.98020852014083e-07,6.06429358998377e-07,1.2565772066177e-06,1.63152191854847e-06,1.83534499502081e-06,2.09647605636598e-06,1.14909354980373e-13,3.96259023819617e-13,1.82531759073735e-13,1.67239645854676e-12,6.37635803543442e-12,3.52512857717908e-11,9.58517475623149e-11,1.65198208788016e-10,2.62758698401155e-07,3.91328435898802e-07,4.98020852014083e-07,6.06429358998377e-07,1.2565772066177e-06,1.63152191854847e-06,1.83534499502081e-06,2.09647605636598e-06,1.14909354980373e-13,3.96259023819617e-13,1.82531759073735e-13,1.67239645854676e-12,6.37635803543442e-12,3.52512857717908e-11,9.58517475623149e-11,1.65198208788016e-10,0.00104800737191019,2.06921815798328e-07,3.46283224980395e-07,4.71097861467628e-07,5.78011504542484e-07,1.21818641647317e-06,1.57217911652766e-06,1.77505477938826e-06,1.98865652537601e-06,2.15940037525632e-17,3.8234532125475e-17,3.41844903102609e-17,7.42910344882333e-17,1.40731847928438e-16,2.36469595194365e-16,3.96760121485021e-16,6.56627684907581e-16,2.06921815798328e-07,3.46283224980395e-07,4.71097861467628e-07,5.78011504542484e-07,1.21818641647317e-06,1.57217911652766e-06,1.77505477938826e-06,1.98865652537601e-06,2.15940037525632e-17,3.8234532125475e-17,3.41844903102609e-17,7.42910344882333e-17,1.40731847928438e-16,2.36469595194365e-16,3.96760121485021e-16,6.56627684907581e-16,5.22584275800909e-09,3.25272568809829e-07,4.52161474245146e-07,5.29613516021274e-07,6.39172929042552e-07,1.30000998484259e-06,1.69732495098414e-06,1.90889603974056e-06,2.19025532341352e-06,1.42683536826316e-08,1.98980677644649e-08,2.65013793533737e-08,3.62771999337248e-08,4.7158596462032e-08,6.26538739495374e-08,7.96983018011584e-08,1.00830210443457e-07,3.25272568809829e-07,4.52161474245146e-07,5.29613516021274e-07,6.39172929042552e-07,1.30000998484259e-06,1.69732495098414e-06,1.90889603974056e-06,2.19025532341352e-06,1.42683536826316e-08,1.98980677644649e-08,2.65013793533737e-08,3.62771999337248e-08,4.7158596462032e-08,6.26538739495374e-08,7.96983018011584e-08,1.00830210443457e-07,0.130889137867489,1.97711834427618e-07,3.3484977820696e-07,4.41786449059745e-07,5.49029005294854e-07,1.18245308060081e-06,1.54034635320525e-06,1.72490318979586e-06,1.93105136286412e-06,1.43843312124267e-20,7.38523873870895e-20,2.10230589386034e-20,3.73715979098879e-19,1.74250868621625e-18,8.5597927639601e-18,2.48192229515059e-17,5.16359257944276e-17,1.97711834427618e-07,3.3484977820696e-07,4.41786449059745e-07,5.49029005294854e-07,1.18245308060081e-06,1.54034635320525e-06,1.72490318979586e-06,1.93105136286412e-06,1.43843312124267e-20,7.38523873870895e-20,2.10230589386034e-20,3.73715979098879e-19,1.74250868621625e-18,8.5597927639601e-18,2.48192229515059e-17,5.16359257944276e-17,6.21376168604611e-10,3.54717823176607e-07,4.7275944749792e-07,5.59202883396816e-07,6.62228616813168e-07,1.32846951573239e-06,1.73410548749832e-06,1.94897740322168e-06,2.26115221326868e-06,3.04031552423714e-08,4.09276630646286e-08,5.69945280995973e-08,7.25467513539009e-08,9.11310372628288e-08,1.20715968900249e-07,1.55960298814908e-07,2.03844703568474e-07,3.54717823176607e-07,4.7275944749792e-07,5.59202883396816e-07,6.62228616813168e-07,1.32846951573239e-06,1.73410548749832e-06,1.94897740322168e-06,2.26115221326868e-06,3.04031552423714e-08,4.09276630646286e-08,5.69945280995973e-08,7.25467513539009e-08,9.11310372628288e-08,1.20715968900249e-07,1.55960298814908e-07,2.03844703568474e-07,0.222968295065445
128,3.3258394772514e-09,1.14123197731748e-08,5.41817120445508e-08,2.26504283978405e-07,4.78505409538378e-07,1.04389205884883e-06,1.71025545720147e-06,2.29090669548723e-06,1.65820228127753e-14,6.22350108959331e-14,3.92475639597245e-13,9.87651002024239e-13,2.5258012275827e-12,6.35071704367846e-12,1.2884176046083e-11,2.14478597983078e-11,3.3258394772514e-09,1.14123197731748e-08,5.41817120445508e-08,2.26504283978405e-07,4.78505409538378e-07,1.04389205884883e-06,1.71025545720147e-06,2.29090669548723e-06,1.65820228127753e-14,6.22350108959331e-14,3.92475639597245e-13,9.87651002024239e-13,2.5258012275827e-12,6.35071704367846e-12,1.2884176046083e-11,2.14478597983078e-11,1.77845858663311e-05,3.02822285094376e-09,1.06162839834596e-08,5.17564138665883e-08,2.19010191839053e-07,4.62569363939859e-07,1.01098289812467e-06,1.65221155264263e-06,2.2019309086796e-06,5.91104682623759e-16,2.0877025048968e-15,9.12136565107946e-15,2.19385832155258e-14,4.63114791243237e-14,1.00960730226901e-13,1.81025499334052e-13,2.9399552728339e-13,3.02822285094376e-09,1.06162839834596e-08,5.17564138665883e-08,2.19010191839053e-07,4.62569363939859e-07,1.01098289812467e-06,1.65221155264263e-06,2.2019309086796e-06,5.91104682623759e-16,2.0877025048968e-15,9.12136565107946e-15,2.19385832155258e-14,4.63114791243237e-14,1.00960730226901e-13,1.81025499334052e-13,2.9399552728339e-13,2.43050205048854e-07,3.64645070313272e-09,1.22503991978645e-08,5.67132675612558e-08,2.34738301944729e-07,4.94586851377715e-07,1.0755097887458e-06,1.7640044250642e-06,2.36857877938116e-06,1.79067632471372e-11,6.56243645905648e-11,3.0865148208767e-10,9.97435508535233e-10,2.81834856200666e-09,8.4524251369488e-09,2.05224373581539e-08,3.89012201586217e-08,3.64645070313272e-09,1.22503991978645e-08,5.67132675612558e-08,2.34738301944729e-07,4.94586851377715e-07,1.0755097887458e-06,1.7640044250642e-06,2.36857877938116e-06,1.79067632471372e-11,6.56243645905648e-11,3.0865148208767e-10,9.97435508535233e-10,2.81834856200666e-09,8.4524251369488e-09,2.05224373581539e-08,3.89012201586217e-08,0.0438839186613357,2.82055601600216e-09,9.9592851544764e-09,5.00875458126378e-08,2.14387773627511e-07,4.54387077832543e-07,9.90732446022886e-07,1.61114211482474e-06,2.13643184239146e-06,1.06385492450906e-16,3.73693684272333e-16,1.90370908564249e-15,5.33400467579711e-15,1.21445393688755e-14,2.77623034120977e-14,5.19300587685314e-14,8.30885010272747e-14,2.82055601600216e-09,9.9592851544764e-09,5.00875458126378e-08,2.14387773627511e-07,4.54387077832543e-07,9.90732446022886e-07,1.61114211482474e-06,2.13643184239146e-06,1.06385492450906e-16,3.73693684272333e-16,1.90370908564249e-15,5.33400467579711e-15,1.21445393688755e-14,2.77623034120977e-14,5.19300587685314e-14,8.30885010272747e-14,7.15462093356481e-08,3.82436628223875e-09,1.27772197492355e-08,5.82969438269961e-08,2.39854385023484e-07,5.04951003140028e-07,1.09533876771207e-06,1.79971071865253e-06,2.42757822744846e-06,2.31444333736566e-10,8.42361854863682e-10,3.00536018631344e-09,7.76818524417633e-09,1.68663508086988e-08,4.42999813613269e-08,9.39892889574621e-08,1.74565819639894e-07,3.82436628223875e-09,1.27772197492355e-08,5.82969438269961e-08,2.39854385023484e-07,5.04951003140028e-07,1.09533876771207e-06,1.79971071865253e-06,2.42757822744846e-06,2.31444333736566e-10,8.42361854863682e-10,3.00536018631344e-09,7.76818524417633e-09,1.68663508086988e-08,4.42999813613269e-08,9.39892889574621e-08,1.74565819639894e-07,0.137021273714497
129,1.01296217351941e-09,6.14758005195664e-09,3.55636051642108e-08,1.75318344683596e-07,5.59297723656736e-07,1.44157227718437e-06,2.80707109940373e-06,4.41056346160585e-06,2.86037473632869e-20,1.09795001561433e-19,1.3135238144413e-18,1.18081607840078e-17,4.14382509406642e-17,1.50007674845333e-16,3.48501462732973e-16,6.99142484108082e-16,1.01296217351941e-09,6.14758005195664e-09,3.55636051642108e-08,1.75318344683596e-07,5.59297723656736e-07,1.44157227718437e-06,2.80707109940373e-06,4.41056346160585e-06,2.86037473632869e-20,1.09795001561433e-19,1.3135238144413e-18,1.18081607840078e-17,4.14382509406642e-17,1.50007674845333e-16,3.48501462732973e-16,6.99142484108082e-16,2.51389923758207e-10,8.96557631883454e-10,5.61253915229661e-09,3.36094910179591e-08,1.71002755099492e-07,5.48986099817802e-07,1.40605433917944e-06,2.71150159554606e-06,4.196294613287e-06,7.20926608813766e-23,8.47328113310713e-23,6.22212985773678e-21,3.43066685473247e-19,1.57955081083721e-18,7.23783689756507e-18,2.00445064792553e-17,4.49747953205871e-17,8.96557631883454e-10,5.61253915229661e-09,3.36094910179591e-08,1.71002755099492e-07,5.48986099817802e-07,1.40605433917944e-06,2.71150159554606e-06,4.196294613287e-06,7.20926608813766e-23,8.47328113310713e-23,6.22212985773678e-21,3.43066685473247e-19,1.57955081083721e-18,7.23783689756507e-18,2.00445064792553e-17,4.49747953205871e-17,1.6736231628263e-11,1.10286401624324e-09,6.55821699646703e-09,3.7100263220581e-08,1.79784351043194e-07,5.72233156903623e-07,1.48711757668175e-06,2.88215441509104e-06,4.56755289744479e-06,1.31717737923117e-18,6.11085043909649e-18,5.70755370082399e-17,4.21788589819931e-16,1.77317887958028e-15,7.53597581253808e-15,2.44998402177664e-14,6.65843384828119e-14,1.10286401624324e-09,6.55821699646703e-09,3.7100263220581e-08,1.79784351043194e-07,5.72233156903623e-07,1.48711757668175e-06,2.88215441509104e-06,4.56755289744479e-06,1.31717737923117e-18,6.11085043909649e-18,5.70755370082399e-17,4.21788589819931e-16,1.77317887958028e-15,7.53597581253808e-15,2.44998402177664e-14,6.65843384828119e-14,3.49985477177456e-08,8.52129971627537e-10,5.34878847155289e-09,3.25212670391442e-08,1.67383323595042e-07,5.4242233008788e-07,1.3791216230811e-06,2.63663467726563e-06,4.03482437553287e-06,1.07855222905461e-24,8.36700416283577e-25,7.9902712791076e-23,3.31593912996182e-20,1.77113793080905e-19,1.14829241483464e-18,4.05143158297365e-18,1.18776119576657e-17,8.52129971627537e-10,5.34878847155289e-09,3.25212670391442e-08,1.67383323595042e-07,5.4242233008788e-07,1.3791216230811e-06,2.63663467726563e-06,4.03482437553287e-06,1.07855222905461e-24,8.36700416283577e-25,7.9902712791076e-23,3.31593912996182e-20,1.77113793080905e-19,1.14829241483464e-18,4.05143158297365e-18,1.18776119576657e-17,6.40472381909277e-12,1.18065027093066e-09,6.84948874690368e-09,3.82546574478203e-08,1.82946791059299e-07,5.82890978085508e-07,1.51589669355709e-06,2.93172395270089e-06,4.66300259804431e-06,1.18294666498685e-16,5.48896115978435e-16,4.5761907999056e-15,2.20540468814563e-14,8.03384410918706e-14,2.89383520609264e-13,7.66945106366295e-13,1.34823848756546e-12,1.18065027093066e-09,6.84948874690368e-09,3.82546574478203e-08,1.82946791059299e-07,5.82890978085508e-07,1.51589669355709e-06,2.93172395270089e-06,4.66300259804431e-06,1.18294666498685e-16,5.48896115978435e-16,4.5761907999056e-15,2.20540468814563e-14,8.03384410918706e-14,2.89383520609264e-13,7.66945106366295e-13,1.34823848756546e-12,4.35012610332284e-07
130,2.62415507731423e-08,5.04544323325767e-08,9.73920262138191e-08,1.94275572939615e-07,3.41283559451137e-07,5.30119678250334e-07,7.76821009480687e-07,1.13481911356224e-06,1.05832095634658e-08,2.14884655176144e-08,4.39229391101979e-08,7.10997266566908e-08,1.14731008639969e-07,2.22652710248297e-07,4.27101716252636e-07,7.58396004313648e-07,2.62415507731423e-08,5.04544323325767e-08,9.73920262138191e-08,1.94275572939615e-07,3.41283559451137e-07,5.30119678250334e-07,7.76821009480687e-07,1.13481911356224e-06,1.05832095634658e-08,2.14884655176144e-08,4.39229391101979e-08,7.10997266566908e-08,1.14731008639969e-07,2.22652710248297e-07,4.27101716252636e-07,7.58396004313648e-07,0.763087563162846,2.39351757828432e-08,4.83495136375628e-08,9.19030081556989e-08,1.85430090762276e-07,3.21101246305514e-07,5.06748972874498e-07,7.51557298297072e-07,1.04145862817269e-06,3.62099529687133e-09,6.45741406406739e-09,1.59105144592142e-08,3.12578752709798e-08,5.9896703397074e-08,1.49164261963767e-07,3.21262509292439e-07,5.97340891057029e-07,2.39351757828432e-08,4.83495136375628e-08,9.19030081556989e-08,1.85430090762276e-07,3.21101246305514e-07,5.06748972874498e-07,7.51557298297072e-07,1.04145862817269e-06,3.62099529687133e-09,6.45741406406739e-09,1.59105144592142e-08,3.12578752709798e-08,5.9896703397074e-08,1.49164261963767e-07,3.21262509292439e-07,5.97340891057029e-07,0.585688765901866,2.85141088910852e-08,5.34957797570534e-08,1.06816069499864e-07,2.03411312698412e-07,3.6703162129171e-07,5.55495356624409e-07,8.04106428507454e-07,1.20691880117347e-06,1.96935217649769e-08,4.03350411962841e-08,8.40790056712721e-08,1.37000947886016e-07,2.11776421183031e-07,3.59760900975409e-07,5.63210787454249e-07,9.1344655397977e-07,2.85141088910852e-08,5.34957797570534e-08,1.06816069499864e-07,2.03411312698412e-07,3.6703162129171e-07,5.55495356624409e-07,8.04106428507454e-07,1.20691880117347e-06,1.96935217649769e-08,4.03350411962841e-08,8.40790056712721e-08,1.37000947886016e-07,2.11776421183031e-07,3.59760900975409e-07,5.63210787454249e-07,9.1344655397977e-07,0.886923484584439,2.23354446481554e-08,4.69822799391824e-08,8.92693225548381e-08,1.79942562358186e-07,3.09333802712805e-07,4.92821620423705e-07,7.2918965747086e-07,9.36547755638668e-07,9.76721212847078e-10,1.13634468591434e-09,6.12469706944204e-09,1.56717220856515e-08,3.4444222600649e-08,9.81253884098794e-08,2.30755619315084e-07,4.18691401862112e-07,2.23354446481554e-08,4.69822799391824e-08,8.92693225548381e-08,1.79942562358186e-07,3.09333802712805e-07,4.92821620423705e-07,7.2918965747086e-07,9.36547755638668e-07,9.76721212847078e-10,1.13634468591434e-09,6.12469706944204e-09,1.56717220856515e-08,3.4444222600649e-08,9.81253884098794e-08,2.30755619315084e-07,4.18691401862112e-07,0.38520974502147,2.98809047759293e-08,5.58773202545096e-08,1.14216223646065e-07,2.09458008674251e-07,3.91398608540945e-07,5.74435007481962e-07,8.26298622557089e-07,1.24669709789701e-06,2.30342501998847e-08,4.74645125641773e-08,9.81519354926844e-08,1.58473379397602e-07,2.43089404133327e-07,4.06974183949578e-07,6.6234394407949e-07,1.03532861198199e-06,2.98809047759293e-08,5.58773202545096e-08,1.14216223646065e-07,2.09458008674251e-07,3.91398608540945e-07,5.74435007481962e-07,8.26298622557089e-07,1.24669709789701e-06,2.30342501998847e-08,4.74645125641773e-08,9.81519354926844e-08,1.58473379397602e-07,2.43089404133327e-07,4.06974183949578e-07,6.6234394407949e-07,1.03532861198199e-06,0.92289074258288
131,3.42115707250027e-08,3.57897994185009e-08,4.35480336589021e-08,9.1411356766575e-08,1.35008231612706e-07,1.67848441293167e-07,1.93113192247464e-07,2.40608757791821e-07,6.73312974160221e-12,1.18434765389808e-12,3.23334423435392e-11,1.41371416118105e-10,7.63642557846728e-10,4.91137959619544e-09,2.12197255411506e-08,6.70077560709393e-08,3.42115707250027e-08,3.57897994185009e-08,4.35480336589021e-08,9.1411356766575e-08,1.35008231612706e-07,1.67848441293167e-07,1.93113192247464e-07,2.40608757791821e-07,6.73312974160221e-12,1.18434765389808e-12,3.23334423435392e-11,1.41371416118105e-10,7.63642557846728e-10,4.91137959619544e-09,2.12197255411506e-08,6.70077560709393e-08,0.985988918072958,3.15959287201927e-08,3.39240584426785e-08,4.16913322119279e-08,8.64540292200612e-08,1.29446968562835e-07,1.60561317124146e-07,1.81753528718626e-07,1.90141092570824e-07,1.08962360023471e-12,1.85793884777578e-13,6.54719122746311e-12,3.21740310014812e-11,1.84561657577018e-10,1.3133796910285e-09,5.93508853301749e-09,1.91124273447211e-08,3.15959287201927e-08,3.39240584426785e-08,4.16913322119279e-08,8.64540292200612e-08,1.29446968562835e-07,1.60561317124146e-07,1.81753528718626e-07,1.90141092570824e-07,1.08962360023471e-12,1.85793884777578e-13,6.54719122746311e-12,3.21740310014812e-11,1.84561657577018e-10,1.3133796910285e-09,5.93508853301749e-09,1.91124273447211e-08,0.802376517783994,3.59702749233039e-08,3.75279913154169e-08,4.53045829669723e-08,9.61279840670809e-08,1.39965587185887e-07,1.75690590350861e-07,2.08862782285908e-07,2.71015409303041e-07,3.1815061703959e-10,1.84566700722121e-10,1.03177518343145e-09,2.23100135953187e-09,5.19319159362521e-09,1.41638142902567e-08,3.3702622076347e-08,1.18191518491984e-07,3.59702749233039e-08,3.75279913154169e-08,4.53045829669723e-08,9.61279840670809e-08,1.39965587185887e-07,1.75690590350861e-07,2.08862782285908e-07,2.71015409303041e-07,3.1815061703959e-10,1.84566700722121e-10,1.03177518343145e-09,2.23100135953187e-09,5.19319159362521e-09,1.41638142902567e-08,3.3702622076347e-08,1.18191518491984e-07,0.9971775783028,2.93949161736649e-08,3.24641682863268e-08,4.03743280152921e-08,8.15566200733261e-08,1.24026703772742e-07,1.55989720006529e-07,1.75558273650698e-07,1.76155842479202e-07,9.8301272475104e-14,1.73313997800368e-14,5.33729933112945e-13,2.43734352348086e-12,1.28798438292605e-11,9.6060784748543e-11,4.66943049328899e-10,1.87091517752778e-09,2.93949161736649e-08,3.24641682863268e-08,4.03743280152921e-08,8.15566200733261e-08,1.24026703772742e-07,1.55989720006529e-07,1.75558273650698e-07,1.76155842479202e-07,9.8301272475104e-14,1.73313997800368e-14,5.33729933112945e-13,2.43734352348086e-12,1.28798438292605e-11,9.6060784748543e-11,4.66943049328899e-10,1.87091517752778e-09,0.484611251186567,3.7034425077887e-08,3.84392041960973e-08,4.68228154986503e-08,9.85681583936933e-08,1.43825658364855e-07,1.81557098482827e-07,2.18082235174567e-07,2.85735795853761e-07,3.14634938594149e-09,2.97256619886127e-09,6.02022393863055e-09,9.20396637148518e-09,1.48573914414657e-08,2.7632027430686e-08,5.26325155558377e-08,1.34850926845819e-07,3.7034425077887e-08,3.84392041960973e-08,4.68228154986503e-08,9.85681583936933e-08,1.43825658364855e-07,1.81557098482827e-07,2.18082235174567e-07,2.85735795853761e-07,3.14634938594149e-09,2.97256619886127e-09,6.02022393863055e-09,9.20396637148518e-09,1.48573914414657e-08,2.7632027430686e-08,5.26325155558377e-08,1.34850926845819e-07,0.999076267021629
132,1.00022094375065e-07,1.72889220430077e-07,2.47811952555622e-07,3.08619250668328e-07,6.28309895175839e-07,7.46814245265216e-07,8.52225536046016e-07,1.00869868309698e-06,8.50288246947085e-15,1.21295920830081e-14,1.69429400911004e-14,2.09460924306344e-14,2.66442771519096e-14,3.41237255082915e-14,4.07718445389061e-14,4.80345613595898e-14,1.00022094375065e-07,1.72889220430077e-07,2.47811952555622e-07,3.08619250668328e-07,6.28309895175839e-07,7.46814245265216e-07,8.52225536046016e-07,1.00869868309698e-06,8.50288246947085e-15,1.21295920830081e-14,1.69429400911004e-14,2.09460924306344e-14,2.66442771519096e-14,3.41237255082915e-14,4.07718445389061e-14,4.80345613595898e-14,7.92970521179677e-08,9.30835603860643e-08,1.64361729509472e-07,2.39770470839927e-07,2.99040059300602e-07,6.12142295747541e-07,7.26484515142924e-07,8.2936306797637e-07,9.73153743199457e-07,2.57183212220866e-16,3.70551618691259e-16,5.71793854781784e-16,7.34848907554353e-16,9.70659079891988e-16,1.28273419354122e-15,1.57942505202691e-15,1.91609665266705e-15,9.30835603860643e-08,1.64361729509472e-07,2.39770470839927e-07,2.99040059300602e-07,6.12142295747541e-07,7.26484515142924e-07,8.2936306797637e-07,9.73153743199457e-07,2.57183212220866e-16,3.70551618691259e-16,5.71793854781784e-16,7.34848907554353e-16,9.70659079891988e-16,1.28273419354122e-15,1.57942505202691e-15,1.91609665266705e-15,2.68111571114432e-09,1.20059391188235e-07,1.90431950736998e-07,2.55967046147946e-07,3.16814356320843e-07,6.43993109328444e-07,7.70809752874047e-07,8.77190780256126e-07,1.03853986562913e-06,1.09430999056441e-13,1.60420098798442e-13,2.49345616374169e-13,3.20772818136455e-13,4.2694980237914e-13,5.6352546293904e-13,6.59961579852916e-13,7.89489709041919e-13,1.20059391188235e-07,1.90431950736998e-07,2.55967046147946e-07,3.16814356320843e-07,6.43993109328444e-07,7.70809752874047e-07,8.77190780256126e-07,1.03853986562913e-06,1.09430999056441e-13,1.60420098798442e-13,2.49345616374169e-13,3.20772818136455e-13,4.2694980237914e-13,5.6352546293904e-13,6.59961579852916e-13,7.89489709041919e-13,9.99526423786587e-07,9.01801719086308e-08,1.60187718989362e-07,2.34149715421732e-07,2.90379660869321e-07,5.98706156568368e-07,7.12375490180019e-07,8.1177590383305e-07,9.39479792548427e-07,2.6840417031183e-17,4.05254511322962e-17,6.20644680878739e-17,7.78485401176445e-17,9.88374446454505e-17,1.2730480641478e-16,1.54009374461179e-16,1.87316736464646e-16,9.01801719086308e-08,1.60187718989362e-07,2.34149715421732e-07,2.90379660869321e-07,5.98706156568368e-07,7.12375490180019e-07,8.1177590383305e-07,9.39479792548427e-07,2.6840417031183e-17,4.05254511322962e-17,6.20644680878739e-17,7.78485401176445e-17,9.88374446454505e-17,1.2730480641478e-16,1.54009374461179e-16,1.87316736464646e-16,2.55616069474396e-10,1.38769532149067e-07,1.99985955012676e-07,2.62258166592967e-07,3.22701549788582e-07,6.55287541936342e-07,7.8592328393555e-07,8.9270086613649e-07,1.06089669127385e-06,6.09381185195818e-12,9.48609352867457e-12,1.50666319189295e-11,1.96372945939054e-11,2.55212998162611e-11,3.41277213303021e-11,4.21184572885534e-11,5.13668215539816e-11,1.38769532149067e-07,1.99985955012676e-07,2.62258166592967e-07,3.22701549788582e-07,6.55287541936342e-07,7.8592328393555e-07,8.9270086613649e-07,1.06089669127385e-06,6.09381185195818e-12,9.48609352867457e-12,1.50666319189295e-11,1.96372945939054e-11,2.55212998162611e-11,3.41277213303021e-11,4.21184572885534e-11,5.13668215539816e-11,7.85530840073481e-05
133,4.98730242912551e-09,2.86896601999473e-08,3.64973109961933e-08,3.89289951649368e-08,5.4575668369493e-08,1.06573435577906e-07,1.11328305803751e-07,1.21115283075329e-07,1.26849339616139e-15,4.32209724130646e-15,5.11919981594033e-15,6.28497120906048e-15,8.45958734796296e-15,1.21078766069779e-14,1.60450504767479e-14,2.02246814874158e-14,1.14428011140414e-08,2.86896601999473e-08,3.64973109961933e-08,3.89289951649368e-08,5.4575668369493e-08,1.06573435577906e-07,1.11328305803751e-07,1.21115283075329e-07,2.91041456840125e-15,4.32209724130646e-15,5.11919981594033e-15,6.28497120906048e-15,8.45958734796296e-15,1.21078766069779e-14,1.60450504767479e-14,2.02246814874158e-14,4.73084291295125e-07,3.6306345052125e-09,2.44650539086451e-08,3.52358940466961e-08,3.77078424076161e-08,5.27040191044969e-08,1.01748562399695e-07,1.04986534922918e-07,1.09791972038057e-07,1.12109229418598e-17,3.94716407773059e-17,5.11866694640362e-17,6.43392136361248e-17,9.05488690509475e-17,1.22912557636771e-16,1.57497939486881e-16,1.91461882412598e-16,8.33008006859681e-09,2.44650539086451e-08,3.52358940466961e-08,3.77078424076161e-08,5.27040191044969e-08,1.01748562399695e-07,1.04986534922918e-07,1.09791972038057e-07,2.5722194182445e-17,3.94716407773059e-17,5.11866694640362e-17,6.43392136361248e-17,9.05488690509475e-17,1.22912557636771e-16,1.57497939486881e-16,1.91461882412598e-16,3.7049780943157e-09,6.91677280166222e-09,3.12837582661231e-08,3.77789515388942e-08,4.02140350285986e-08,5.64527250050903e-08,1.10988785363747e-07,1.17293303483472e-07,1.29956424787853e-07,2.88081070056222e-12,9.59549796205918e-12,1.35042541817111e-11,1.63015009452486e-11,2.05813590563418e-11,2.69668443368913e-11,3.18459347991565e-11,3.76657747941835e-11,1.58697525656791e-08,3.12837582661231e-08,3.77789515388942e-08,4.02140350285986e-08,5.64527250050903e-08,1.10988785363747e-07,1.17293303483472e-07,1.29956424787853e-07,6.60969419083654e-12,9.59549796205918e-12,1.35042541817111e-11,1.63015009452486e-11,2.05813590563418e-11,2.69668443368913e-11,3.18459347991565e-11,3.76657747941835e-11,0.000564040311302936,3.4199588250207e-09,2.34721428984715e-08,3.41372008656323e-08,3.6593564521419e-08,5.13247217838594e-08,9.74613497475131e-08,9.96764107557856e-08,9.91429132718833e-08,3.97315356123803e-18,1.42636024912043e-17,1.92600174542184e-17,2.45543410320992e-17,3.27320758382988e-17,4.47648341639274e-17,5.5076961866857e-17,6.55376434754486e-17,7.84670855819438e-09,2.34721428984715e-08,3.41372008656323e-08,3.6593564521419e-08,5.13247217838594e-08,9.74613497475131e-08,9.96764107557856e-08,9.91429132718833e-08,9.11595128686914e-18,1.42636024912043e-17,1.92600174542184e-17,2.45543410320992e-17,3.27320758382988e-17,4.47648341639274e-17,5.5076961866857e-17,6.55376434754486e-17,1.33804844987835e-09,7.44299667574521e-09,3.24216127685293e-08,3.86325632580962e-08,4.09510373315956e-08,5.78776463240834e-08,1.14751919891726e-07,1.22634298503248e-07,1.36430848077147e-07,3.00562344402123e-11,9.7858909525237e-11,1.32698420322766e-10,1.62000325038526e-10,2.07397368502554e-10,2.73354858314452e-10,3.28068812487391e-10,3.87215126121192e-10,1.70771137029197e-08,3.24216127685293e-08,3.86325632580962e-08,4.09510373315956e-08,5.78776463240834e-08,1.14751919891726e-07,1.22634298503248e-07,1.36430848077147e-07,6.89606290823349e-11,9.7858909525237e-11,1.32698420322766e-10,1.62000325038526e-10,2.07397368502554e-10,2.73354858314452e-10,3.28068812487391e-10,3.87215126121192e-10,0.00485814795232209
134,3.4266437942498e-08,1.08653041060349e-07,9.67830632983309e-08,8.87121388699814e-08,9.54226035634253e-08,1.28109437233001e-07,1.13970239494354e-07,1.05466701974163e-07,2.04535417624463e-14,5.78752173187409e-14,7.06206187089738e-14,8.14723104426673e-14,9.33709438155077e-14,1.10396020121369e-13,1.26935601221988e-13,1.42322770902082e-13,7.86204646369122e-08,1.08653041060349e-07,9.67830632983309e-08,8.87121388699814e-08,9.54226035634253e-08,1.28109437233001e-07,1.13970239494354e-07,1.05466701974163e-07,4.69283372707863e-14,5.78752173187409e-14,7.06206187089738e-14,8.14723104426673e-14,9.33709438155077e-14,1.10396020121369e-13,1.26935601221988e-13,1.42322770902082e-13,7.29264419997019e-07,3.20380936953681e-08,1.03601459857084e-07,9.36266905414845e-08,8.60683007962231e-08,9.26447520514088e-08,1.23003879456397e-07,1.08698665336949e-07,1.00178578664639e-07,7.09803210667473e-17,2.01334517064986e-16,2.52410522717337e-16,2.94771732895067e-16,3.44407028809347e-16,4.18785623759515e-16,4.86641912059867e-16,5.49864563296148e-16,7.35077808973785e-08,1.03601459857084e-07,9.36266905414845e-08,8.60683007962231e-08,9.26447520514088e-08,1.23003879456397e-07,1.08698665336949e-07,1.00178578664639e-07,1.62856315316738e-16,2.01334517064986e-16,2.52410522717337e-16,2.94771732895067e-16,3.44407028809347e-16,4.18785623759515e-16,4.86641912059867e-16,5.49864563296148e-16,3.37834644226645e-09,3.64738308270261e-08,1.12595091367505e-07,9.946096811026e-08,9.10533662371205e-08,9.87532775117339e-08,1.35996293275307e-07,1.23711580999636e-07,1.1397279767611e-07,2.0717412076514e-12,5.93886791071567e-12,7.41702150141277e-12,8.78242991399448e-12,1.03896553245574e-11,1.25633426855084e-11,1.45361952805559e-11,1.66683391479993e-11,8.3685077845587e-08,1.12595091367505e-07,9.946096811026e-08,9.10533662371205e-08,9.87532775117339e-08,1.35996293275307e-07,1.23711580999636e-07,1.1397279767611e-07,4.75337578496833e-12,5.93886791071567e-12,7.41702150141277e-12,8.78242991399448e-12,1.03896553245574e-11,1.25633426855084e-11,1.45361952805559e-11,1.66683391479993e-11,0.000111668868139356,2.96649165820861e-08,9.80339556932114e-08,9.02892766150097e-08,8.3735700450084e-08,9.06391506773426e-08,1.19418140743153e-07,1.06036784994188e-07,9.64357857449978e-08,2.91408197977129e-17,8.14159231282784e-17,9.93612511495677e-17,1.14150407741186e-16,1.31837029140698e-16,1.56453175452633e-16,1.78887607350445e-16,1.99663103371911e-16,6.80627945341909e-08,9.80339556932114e-08,9.02892766150097e-08,8.3735700450084e-08,9.06391506773426e-08,1.19418140743153e-07,1.06036784994188e-07,9.64357857449978e-08,6.68603137636108e-17,8.14159231282784e-17,9.93612511495677e-17,1.14150407741186e-16,1.31837029140698e-16,1.56453175452633e-16,1.78887607350445e-16,1.99663103371911e-16,1.31784298446487e-09,4.25107427578155e-08,1.15286911039563e-07,1.011245450593e-07,9.25798630695446e-08,1.01177570532645e-07,1.42289151808597e-07,1.31057146936905e-07,1.20949696387315e-07,2.45789120084354e-11,7.02383540119149e-11,8.65502015300563e-11,9.91460894290506e-11,1.15146808121743e-10,1.37852248402048e-10,1.59978058452387e-10,1.81705439188203e-10,9.75360891986561e-08,1.15286911039563e-07,1.011245450593e-07,9.25798630695446e-08,1.01177570532645e-07,1.42289151808597e-07,1.31057146936905e-07,1.20949696387315e-07,5.63935325176112e-11,7.02383540119149e-11,8.65502015300563e-11,9.91460894290506e-11,1.15146808121743e-10,1.37852248402048e-10,1.59978058452387e-10,1.81705439188203e-10,0.00127027737159975
135,9.16167610104184e-09,1.01543834817043e-07,1.29596248515091e-07,1.34235043800731e-07,1.47752674994414e-07,2.80400981640802e-07,2.74197267430662e-07,2.83553342301253e-07,2.28513121942296e-13,1.17460002095271e-12,1.42621724038742e-12,1.61067048679118e-12,2.12112876254087e-12,2.71089785622645e-12,3.30044006840652e-12,3.93522614530925e-12,3.29361001657851e-08,1.01543834817043e-07,1.29596248515091e-07,1.34235043800731e-07,1.47752674994414e-07,2.80400981640802e-07,2.74197267430662e-07,2.83553342301253e-07,8.21501545184712e-13,1.17460002095271e-12,1.42621724038742e-12,1.61067048679118e-12,2.12112876254087e-12,2.71089785622645e-12,3.30044006840652e-12,3.93522614530925e-12,2.8814111173783e-05,7.55050755978985e-09,8.8561806810812e-08,1.19391425367424e-07,1.25804027359968e-07,1.42107825323216e-07,2.65199007260594e-07,2.59934449852876e-07,2.69491762406244e-07,6.77043850917498e-17,3.12314305752975e-16,3.7434146511213e-16,4.21519254248648e-16,4.92175714406849e-16,5.82048639790638e-16,6.56607154903733e-16,7.37133520610827e-16,2.71439713158465e-08,8.8561806810812e-08,1.19391425367424e-07,1.25804027359968e-07,1.42107825323216e-07,2.65199007260594e-07,2.59934449852876e-07,2.69491762406244e-07,2.43396337575302e-16,3.12314305752975e-16,3.7434146511213e-16,4.21519254248648e-16,4.92175714406849e-16,5.82048639790638e-16,6.56607154903733e-16,7.37133520610827e-16,3.32531908752428e-09,1.64669670564179e-08,1.37053313776858e-07,1.41643688340437e-07,1.41875613907713e-07,1.53295240011749e-07,2.94524459515942e-07,2.88847628706582e-07,3.01192358951829e-07,4.43017080228989e-11,2.17334537365873e-10,2.6148766759946e-10,2.9361475485801e-10,3.56217885602028e-10,4.49937174981098e-10,5.33866626729351e-10,6.37170445701246e-10,5.91985211456219e-08,1.37053313776858e-07,1.41643688340437e-07,1.41875613907713e-07,1.53295240011749e-07,2.94524459515942e-07,2.88847628706582e-07,3.01192358951829e-07,1.59264033880398e-10,2.17334537365873e-10,2.6148766759946e-10,2.9361475485801e-10,3.56217885602028e-10,4.49937174981098e-10,5.33866626729351e-10,6.37170445701246e-10,0.00262949510659998,7.11641677028317e-09,8.47216820137969e-08,1.15067842010215e-07,1.21630370198503e-07,1.37735908075661e-07,2.56868932293526e-07,2.52761963487904e-07,2.61199875306315e-07,9.29804951785973e-18,4.28808914320274e-17,5.14026689837287e-17,5.78869026160418e-17,6.75652906202785e-17,7.98831973820662e-17,9.04590412371471e-17,1.02528353714006e-16,2.5583420869994e-08,8.47216820137969e-08,1.15067842010215e-07,1.21630370198503e-07,1.37735908075661e-07,2.56868932293526e-07,2.52761963487904e-07,2.61199875306315e-07,3.34263607323809e-17,4.28808914320274e-17,5.14026689837287e-17,5.78869026160418e-17,6.75652906202785e-17,7.98831973820662e-17,9.04590412371471e-17,1.02528353714006e-16,3.6664408426552e-10,1.84691749114837e-08,1.45582098555722e-07,1.47617484585932e-07,1.44804540878717e-07,1.58098918350992e-07,3.03680155474835e-07,3.00465300209782e-07,3.15187551624274e-07,3.65036479171359e-10,1.81514244428365e-09,2.20017473192089e-09,2.49205584315744e-09,3.06371494409717e-09,3.75949610668946e-09,4.39252973706503e-09,5.14148522066676e-09,6.63964309756441e-08,1.45582098555722e-07,1.47617484585932e-07,1.44804540878717e-07,1.58098918350992e-07,3.03680155474835e-07,3.00465300209782e-07,3.15187551624274e-07,1.31230114550614e-09,1.81514244428365e-09,2.20017473192089e-09,2.49205584315744e-09,3.06371494409717e-09,3.75949610668946e-09,4.39252973706503e-09,5.14148522066676e-09,0.0249882455492293
136,1.01012739033912e-07,2.14064776121833e-07,8.80678774948745e-07,1.55513857170126e-06,2.51082247141235e-06,4.17144305687215e-06,5.77362698956512e-06,7.93778434761087e-06,2.93418828130321e-09,1.57085855204458e-08,7.01146302057503e-08,1.815840862532e-07,4.69692097342609e-07,1.24582190960697e-06,2.39880982188216e-06,4.02138498869559e-06,1.01012739033912e-07,2.14064776121833e-07,8.80678774948745e-07,1.55513857170126e-06,2.51082247141235e-06,4.17144305687215e-06,5.77362698956512e-06,7.93778434761087e-06,2.93418828130321e-09,1.57085855204458e-08,7.01146302057503e-08,1.815840862532e-07,4.69692097342609e-07,1.24582190960697e-06,2.39880982188216e-06,4.02138498869559e-06,0.516233856210863,9.40985155497736e-08,2.06315417069841e-07,8.5218532115134e-07,1.50886763770305e-06,2.43311279459748e-06,4.05447030126974e-06,5.53936340057784e-06,7.46336764918864e-06,4.63031093979452e-10,3.05333716226765e-09,1.69222532038402e-08,5.67053982338753e-08,1.78280511584786e-07,6.02499418844636e-07,1.39366959078427e-06,2.77056053748521e-06,9.40985155497736e-08,2.06315417069841e-07,8.5218532115134e-07,1.50886763770305e-06,2.43311279459748e-06,4.05447030126974e-06,5.53936340057784e-06,7.46336764918864e-06,4.63031093979452e-10,3.05333716226765e-09,1.69222532038402e-08,5.67053982338753e-08,1.78280511584786e-07,6.02499418844636e-07,1.39366959078427e-06,2.77056053748521e-06,0.425419448429553,1.05967616502293e-07,2.25679133467931e-07,9.09274820327494e-07,1.60001527885508e-06,2.58808928597812e-06,4.28197817393703e-06,5.98734956309681e-06,8.40812079040537e-06,1.87865301600417e-08,6.59945681531648e-08,2.07344333952706e-07,4.17033401818057e-07,8.27804175616568e-07,1.72035139388477e-06,2.95630521167104e-06,4.65722701760573e-06,1.05967616502293e-07,2.25679133467931e-07,9.09274820327494e-07,1.60001527885508e-06,2.58808928597812e-06,4.28197817393703e-06,5.98734956309681e-06,8.40812079040537e-06,1.87865301600417e-08,6.59945681531648e-08,2.07344333952706e-07,4.17033401818057e-07,8.27804175616568e-07,1.72035139388477e-06,2.95630521167104e-06,4.65722701760573e-06,0.595559096815632,8.90180008245775e-08,2.01037689043845e-07,8.32471620243466e-07,1.4793255211521e-06,2.38490295132272e-06,3.97779506215325e-06,5.39410526194051e-06,7.23872412250906e-06,2.32023993571909e-12,4.51658620275043e-11,8.05585925775653e-10,4.10752057318646e-09,2.21985895742084e-08,1.55613291948439e-07,5.96385892883499e-07,1.7589756690048e-06,8.90180008245775e-08,2.01037689043845e-07,8.32471620243466e-07,1.4793255211521e-06,2.38490295132272e-06,3.97779506215325e-06,5.39410526194051e-06,7.23872412250906e-06,2.32023993571909e-12,4.51658620275043e-11,8.05585925775653e-10,4.10752057318646e-09,2.21985895742084e-08,1.55613291948439e-07,5.96385892883499e-07,1.7589756690048e-06,0.333104203514139,1.08527305134429e-07,2.35221179919718e-07,9.29432673351533e-07,1.62617903761201e-06,2.63834086009629e-06,4.3507954945073e-06,6.13829159093892e-06,8.75973159170162e-06,2.44717303529174e-08,8.1503556924164e-08,2.43087861746097e-07,4.77825250511479e-07,9.22385517666067e-07,1.84576294695066e-06,3.12680868022358e-06,5.17107917375256e-06,1.08527305134429e-07,2.35221179919718e-07,9.29432673351533e-07,1.62617903761201e-06,2.63834086009629e-06,4.3507954945073e-06,6.13829159093892e-06,8.75973159170162e-06,2.44717303529174e-08,8.1503556924164e-08,2.43087861746097e-07,4.77825250511479e-07,9.22385517666067e-07,1.84576294695066e-06,3.12680868022358e-06,5.17107917375256e-06,0.651406702642588
137,1.86621010237072e-07,2.27870361322455e-07,3.2830429736629e-07,6.95027341859732e-07,7.46647902003331e-07,8.19902820335703e-07,8.04441719240281e-07,7.47597490039382e-07,1.60928076952703e-14,2.05667628664457e-14,7.16199318554872e-14,1.57962944574387e-13,2.85341762537022e-13,6.84566916256715e-13,1.52743559423851e-12,2.5374105679797e-12,1.86621010237072e-07,2.27870361322455e-07,3.2830429736629e-07,6.95027341859732e-07,7.46647902003331e-07,8.19902820335703e-07,8.04441719240281e-07,7.47597490039382e-07,1.60928076952703e-14,2.05667628664457e-14,7.16199318554872e-14,1.57962944574387e-13,2.85341762537022e-13,6.84566916256715e-13,1.52743559423851e-12,2.5374105679797e-12,3.72563634178089e-06,1.78195044850753e-07,2.19327756023642e-07,3.1573350694757e-07,6.68974569834848e-07,7.2299914906973e-07,7.90995124165011e-07,7.7345183559541e-07,7.08338580881849e-07,3.00217175993584e-16,3.58304070476055e-16,1.45319335978427e-15,2.85398550484956e-15,5.31511579501499e-15,9.9596431867988e-15,1.7857612317035e-14,2.62018397646312e-14,1.78195044850753e-07,2.19327756023642e-07,3.1573350694757e-07,6.68974569834848e-07,7.2299914906973e-07,7.90995124165011e-07,7.7345183559541e-07,7.08338580881849e-07,3.00217175993584e-16,3.58304070476055e-16,1.45319335978427e-15,2.85398550484956e-15,5.31511579501499e-15,9.9596431867988e-15,1.7857612317035e-14,2.62018397646312e-14,2.96309065965327e-08,1.96762640465867e-07,2.36058638914851e-07,3.38408934368545e-07,7.16418379205675e-07,7.68547848904914e-07,8.48836828559766e-07,8.37129066799094e-07,7.91297199943335e-07,2.18928822052426e-11,2.93935934810297e-11,1.18883583904656e-10,3.30858533855677e-10,9.74575931971271e-10,2.49525480517745e-09,5.09583641333177e-09,9.80913841813766e-09,1.96762640465867e-07,2.36058638914851e-07,3.38408934368545e-07,7.16418379205675e-07,7.68547848904914e-07,8.48836828559766e-07,8.37129066799094e-07,7.91297199943335e-07,2.18928822052426e-11,2.93935934810297e-11,1.18883583904656e-10,3.30858533855677e-10,9.74575931971271e-10,2.49525480517745e-09,5.09583641333177e-09,9.80913841813766e-09,0.0120005809295972,1.72462190163573e-07,2.13234235361138e-07,3.07305071653258e-07,6.47401570643703e-07,7.06318455570156e-07,7.69979224717505e-07,7.511054019818e-07,6.84206882720609e-07,9.22304361615411e-19,7.87359427206509e-19,1.64962201666709e-17,9.88184123632149e-17,4.24833821427897e-16,1.89402263010852e-15,4.20222720729213e-15,7.56135513426189e-15,1.72462190163573e-07,2.13234235361138e-07,3.07305071653258e-07,6.47401570643703e-07,7.06318455570156e-07,7.69979224717505e-07,7.511054019818e-07,6.84206882720609e-07,9.22304361615411e-19,7.87359427206509e-19,1.64962201666709e-17,9.88184123632149e-17,4.24833821427897e-16,1.89402263010852e-15,4.20222720729213e-15,7.56135513426189e-15,9.44593221574533e-09,2.03880899238259e-07,2.41962345222625e-07,3.45561814717006e-07,7.30843633115978e-07,7.85434689856817e-07,8.70149000330102e-07,8.58783114196873e-07,8.21843202541635e-07,8.59227313308535e-10,1.19519895057819e-09,3.53121585207306e-09,6.46302499630146e-09,1.07422994735186e-08,2.49025897110477e-08,4.37155727062374e-08,7.16273779440727e-08,2.03880899238259e-07,2.41962345222625e-07,3.45561814717006e-07,7.30843633115978e-07,7.85434689856817e-07,8.70149000330102e-07,8.58783114196873e-07,8.21843202541635e-07,8.59227313308535e-10,1.19519895057819e-09,3.53121585207306e-09,6.46302499630146e-09,1.07422994735186e-08,2.49025897110477e-08,4.37155727062374e-08,7.16273779440727e-08,0.0775973781808534
138,4.14429947072401e-07,4.22627111195139e-07,4.34567581411643e-07,5.73190555544981e-07,6.02289425998631e-07,6.44893393115206e-07,7.16210272030125e-07,7.67444202703561e-07,1.78540710206185e-07,2.11628879605231e-07,2.56807885137233e-07,2.90308718743782e-07,3.32993871420987e-07,4.00235770621312e-07,4.66611269381663e-07,5.60312853948426e-07,4.14429947072401e-07,4.22627111195139e-07,4.34567581411643e-07,5.73190555544981e-07,6.02289425998631e-07,6.44893393115206e-07,7.16210272030125e-07,7.67444202703561e-07,1.78540710206185e-07,2.11628879605231e-07,2.56807885137233e-07,2.90308718743782e-07,3.32993871420987e-07,4.00235770621312e-07,4.66611269381663e-07,5.60312853948426e-07,0.790967647080691,3.9704142873903e-07,4.08646077901068e-07,4.2223653111394e-07,5.5729202104795e-07,5.76061153920749e-07,6.20783775345853e-07,6.95105695970813e-07,7.39243512074303e-07,1.10829204222242e-07,1.31474443360463e-07,1.59333148775164e-07,1.80062445093424e-07,2.06499931114996e-07,2.4819990721631e-07,2.87944199426035e-07,3.43610428906873e-07,3.9704142873903e-07,4.08646077901068e-07,4.2223653111394e-07,5.5729202104795e-07,5.76061153920749e-07,6.20783775345853e-07,6.95105695970813e-07,7.39243512074303e-07,1.10829204222242e-07,1.31474443360463e-07,1.59333148775164e-07,1.80062445093424e-07,2.06499931114996e-07,2.4819990721631e-07,2.87944199426035e-07,3.43610428906873e-07,0.635948363344539,4.32257547371885e-07,4.36770825020611e-07,4.47345883314207e-07,5.96902904027884e-07,6.25515371750299e-07,6.67110593839084e-07,7.35922609613374e-07,7.94957217119928e-07,2.09034379019471e-07,2.47754510439372e-07,3.00059806385144e-07,3.38697942689846e-07,3.87965332135074e-07,4.63429251129528e-07,5.38171794789902e-07,6.37616711411295e-07,4.32257547371885e-07,4.36770825020611e-07,4.47345883314207e-07,5.96902904027884e-07,6.25515371750299e-07,6.67110593839084e-07,7.35922609613374e-07,7.94957217119928e-07,2.09034379019471e-07,2.47754510439372e-07,3.00059806385144e-07,3.38697942689846e-07,3.87965332135074e-07,4.63429251129528e-07,5.38171794789902e-07,6.37616711411295e-07,0.892299008095365,3.82548353367321e-07,3.9698735024818e-07,4.14204283551936e-07,5.45391705225247e-07,5.58751072695182e-07,6.06932194711124e-07,6.81277612579057e-07,7.21871632837171e-07,8.43418830451925e-08,9.99853198196373e-08,1.21138732766681e-07,1.36721631013089e-07,1.5658913278784e-07,1.87244997007651e-07,2.15318152028927e-07,2.48426931988171e-07,3.82548353367321e-07,3.9698735024818e-07,4.14204283551936e-07,5.45391705225247e-07,5.58751072695182e-07,6.06932194711124e-07,6.81277612579057e-07,7.21871632837171e-07,8.43418830451925e-08,9.99853198196373e-08,1.21138732766681e-07,1.36721631013089e-07,1.5658913278784e-07,1.87244997007651e-07,2.15318152028927e-07,2.48426931988171e-07,0.521718792629589,4.47468018664329e-07,4.46183894566636e-07,4.54233569589513e-07,6.18857668013934e-07,6.47331784746976e-07,6.82477052859069e-07,7.52274057682491e-07,8.17588174246202e-07,2.25936966192819e-07,2.67841159975607e-07,3.24321089143338e-07,3.66072438208548e-07,4.19322198358641e-07,5.0091064244987e-07,5.72302334340459e-07,6.66562899453596e-07,4.47468018664329e-07,4.46183894566636e-07,4.54233569589513e-07,6.18857668013934e-07,6.47331784746976e-07,6.82477052859069e-07,7.52274057682491e-07,8.17588174246202e-07,2.25936966192819e-07,2.67841159975607e-07,3.24321089143338e-07,3.66072438208548e-07,4.19322198358641e-07,5.0091064244987e-07,5.72302334340459e-07,6.66562899453596e-07,0.936493112770467
139,5.16956435306975e-07,6.27144681049324e-07,7.04147887328775e-07,8.53397956274306e-07,1.22353096090407e-06,1.3000114077839e-06,1.4456278378273e-06,1.62448756160744e-06,6.49450578454029e-08,7.79225900310688e-08,9.61194607273835e-08,1.11860535833365e-07,1.30563910938262e-07,1.57655913374689e-07,1.83605537121347e-07,2.08321823577377e-07,5.16956435306975e-07,6.27144681049324e-07,7.04147887328775e-07,8.53397956274306e-07,1.22353096090407e-06,1.3000114077839e-06,1.4456278378273e-06,1.62448756160744e-06,6.49450578454029e-08,7.79225900310688e-08,9.61194607273835e-08,1.11860535833365e-07,1.30563910938262e-07,1.57655913374689e-07,1.83605537121347e-07,2.08321823577377e-07,0.143464673880883,4.97241718213541e-07,6.09543406462831e-07,6.73155706005177e-07,8.26979208180351e-07,1.15968909909173e-06,1.25752923852208e-06,1.3925203695738e-06,1.55907738137415e-06,4.98670179651243e-09,5.92263758343724e-09,7.1590272437149e-09,8.31886734793962e-09,9.6447051890458e-09,1.15532677728294e-08,1.33810337948258e-08,1.56136228253463e-08,4.97241718213541e-07,6.09543406462831e-07,6.73155706005177e-07,8.26979208180351e-07,1.15968909909173e-06,1.25752923852208e-06,1.3925203695738e-06,1.55907738137415e-06,4.98670179651243e-09,5.92263758343724e-09,7.1590272437149e-09,8.31886734793962e-09,9.6447051890458e-09,1.15532677728294e-08,1.33810337948258e-08,1.56136228253463e-08,0.0101477353563651,5.43808137487982e-07,6.49376531589416e-07,7.29618907610239e-07,8.78576174738486e-07,1.28451847245032e-06,1.3588374797632e-06,1.50158504973841e-06,1.69265248226085e-06,2.31863294227326e-07,2.86561109303606e-07,3.59218840558152e-07,4.19688915490085e-07,4.92076276006464e-07,5.99423109702421e-07,7.05052963618408e-07,8.25089012025725e-07,5.43808137487982e-07,6.49376531589416e-07,7.29618907610239e-07,8.78576174738486e-07,1.28451847245032e-06,1.3588374797632e-06,1.50158504973841e-06,1.69265248226085e-06,2.31863294227326e-07,2.86561109303606e-07,3.59218840558152e-07,4.19688915490085e-07,4.92076276006464e-07,5.99423109702421e-07,7.05052963618408e-07,8.25089012025725e-07,0.460453652986383,4.84739529500736e-07,5.96559010026355e-07,6.49815566306073e-07,8.05682379625702e-07,1.1300025330628e-06,1.23421941775687e-06,1.3629036603311e-06,1.50860196425172e-06,1.16072596290527e-09,1.39068909934891e-09,1.76149439235983e-09,2.02709322472094e-09,2.3288675443162e-09,2.7687322264673e-09,3.19859685426954e-09,3.71696800115764e-09,4.84739529500736e-07,5.96559010026355e-07,6.49815566306073e-07,8.05682379625702e-07,1.1300025330628e-06,1.23421941775687e-06,1.3629036603311e-06,1.50860196425172e-06,1.16072596290527e-09,1.39068909934891e-09,1.76149439235983e-09,2.02709322472094e-09,2.3288675443162e-09,2.7687322264673e-09,3.19859685426954e-09,3.71696800115764e-09,0.00262586522057652,5.66067766508248e-07,6.6507125104058e-07,7.45696946573085e-07,8.92149562701992e-07,1.33520160633153e-06,1.40895534306351e-06,1.54535209153424e-06,1.73671996643612e-06,2.68604247701878e-07,3.39443902118084e-07,4.28748844118899e-07,5.02787448140556e-07,5.97679423900099e-07,7.29072092535828e-07,8.4704476981693e-07,9.81020700456965e-07,5.66067766508248e-07,6.6507125104058e-07,7.45696946573085e-07,8.92149562701992e-07,1.33520160633153e-06,1.40895534306351e-06,1.54535209153424e-06,1.73671996643612e-06,2.68604247701878e-07,3.39443902118084e-07,4.28748844118899e-07,5.02787448140556e-07,5.97679423900099e-07,7.29072092535828e-07,8.4704476981693e-07,9.81020700456965e-07,0.525075854166271
140,5.51593242033299e-08,5.1470804740484e-08,4.70746786368393e-08,7.12041015814123e-08,7.17172004002498e-08,6.7077985162447e-08,6.53059802409168e-08,5.85288560176991e-08,5.37965043178879e-10,6.12226333410632e-10,8.26512859534537e-10,1.05989156702825e-09,1.30939140200438e-09,1.726698341647e-09,2.14438390427571e-09,2.68041367766367e-09,5.51593242033299e-08,5.1470804740484e-08,4.70746786368393e-08,7.12041015814123e-08,7.17172004002498e-08,6.7077985162447e-08,6.53059802409168e-08,5.85288560176991e-08,5.37965043178879e-10,6.12226333410632e-10,8.26512859534537e-10,1.05989156702825e-09,1.30939140200438e-09,1.726698341647e-09,2.14438390427571e-09,2.68041367766367e-09,0.0369069011816486,5.28606618608903e-08,4.97048106401368e-08,4.52194526073371e-08,6.84392321206155e-08,6.79248254765601e-08,6.30090054163426e-08,6.08503585744455e-08,5.39766691432065e-08,3.20007612359037e-11,3.64506545524888e-11,4.95557151894537e-11,6.38685225515371e-11,8.13990649992744e-11,1.11739090065017e-10,1.47675507087996e-10,1.93186002864081e-10,5.28606618608903e-08,4.97048106401368e-08,4.52194526073371e-08,6.84392321206155e-08,6.79248254765601e-08,6.30090054163426e-08,6.08503585744455e-08,5.39766691432065e-08,3.20007612359037e-11,3.64506545524888e-11,4.95557151894537e-11,6.38685225515371e-11,8.13990649992744e-11,1.11739090065017e-10,1.47675507087996e-10,1.93186002864081e-10,0.00298855166459851,5.74278504832898e-08,5.33181532605017e-08,4.89123319533118e-08,7.46403587750864e-08,7.55729101142937e-08,7.03244390000735e-08,6.8361151594795e-08,6.19319297026918e-08,4.02661989621106e-09,4.67072750894621e-09,5.89884204140172e-09,6.93727047022103e-09,8.15728475913243e-09,1.03631183382365e-08,1.29272896081112e-08,1.52930653372061e-08,5.74278504832898e-08,5.33181532605017e-08,4.89123319533118e-08,7.46403587750864e-08,7.55729101142937e-08,7.03244390000735e-08,6.8361151594795e-08,6.19319297026918e-08,4.02661989621106e-09,4.67072750894621e-09,5.89884204140172e-09,6.93727047022103e-09,8.15728475913243e-09,1.03631183382365e-08,1.29272896081112e-08,1.52930653372061e-08,0.200631698556502,5.13318017335458e-08,4.83702729791608e-08,4.42300300531336e-08,6.66320903253735e-08,6.59107321740787e-08,6.0288970765799e-08,5.76179451262953e-08,4.94694377308552e-08,6.50911790575083e-12,6.93249982322057e-12,1.11630519503191e-11,1.64313886302255e-11,2.19477409222894e-11,2.97176441228769e-11,3.66050931471373e-11,4.67750041706366e-11,5.13318017335458e-08,4.83702729791608e-08,4.42300300531336e-08,6.66320903253735e-08,6.59107321740787e-08,6.0288970765799e-08,5.76179451262953e-08,4.94694377308552e-08,6.50911790575083e-12,6.93249982322057e-12,1.11630519503191e-11,1.64313886302255e-11,2.19477409222894e-11,2.97176441228769e-11,3.66050931471373e-11,4.67750041706366e-11,0.000483937201634012,5.90388452646121e-08,5.45798129663169e-08,5.00583825248049e-08,7.6488079739966e-08,7.73738700432603e-08,7.18442488800511e-08,7.05238806430149e-08,6.53729221674572e-08,6.41502664890721e-09,7.40134683551944e-09,9.34920131397736e-09,1.10591278079763e-08,1.3015130803166e-08,1.58243914105328e-08,1.91862783299731e-08,2.29339980294625e-08,5.90388452646121e-08,5.45798129663169e-08,5.00583825248049e-08,7.6488079739966e-08,7.73738700432603e-08,7.18442488800511e-08,7.05238806430149e-08,6.53729221674572e-08,6.41502664890721e-09,7.40134683551944e-09,9.34920131397736e-09,1.10591278079763e-08,1.3015130803166e-08,1.58243914105328e-08,1.91862783299731e-08,2.29339980294625e-08,0.342425028008716
141,5.32194246740798e-09,5.01865213808414e-08,6.00232801566148e-08,6.05276854649197e-08,6.95251493494875e-08,1.38823427084214e-07,1.40964648168035e-07,1.46931858185085e-07,8.36619230049895e-16,3.91605008077885e-15,4.64088418525712e-15,5.29852287132731e-15,6.42926232889794e-15,7.85404653297833e-15,9.13304249038369e-15,1.05694955787195e-14,1.91323103163581e-08,5.01865213808414e-08,6.00232801566148e-08,6.05276854649197e-08,6.95251493494875e-08,1.38823427084214e-07,1.40964648168035e-07,1.46931858185085e-07,3.00763467924956e-15,3.91605008077885e-15,4.64088418525712e-15,5.29852287132731e-15,6.42926232889794e-15,7.85404653297833e-15,9.13304249038369e-15,1.05694955787195e-14,1.40316955204379e-07,4.81049533893335e-09,4.78233175306318e-08,5.80551933767645e-08,5.86997544122533e-08,6.75436787075523e-08,1.34569668683106e-07,1.3611288515565e-07,1.41707105058209e-07,1.97274042882566e-17,9.18949175073267e-17,1.08984281372447e-16,1.24151053360298e-16,1.54246356035964e-16,1.90726216306504e-16,2.20135618116616e-16,2.51873559098132e-16,1.72936648908745e-08,4.78233175306318e-08,5.80551933767645e-08,5.86997544122533e-08,6.75436787075523e-08,1.34569668683106e-07,1.3611288515565e-07,1.41707105058209e-07,7.09197483607908e-17,9.18949175073267e-17,1.08984281372447e-16,1.24151053360298e-16,1.54246356035964e-16,1.90726216306504e-16,2.20135618116616e-16,2.51873559098132e-16,2.63497549466593e-09,5.9846790391023e-09,5.30952755509393e-08,6.17190431912037e-08,6.21513644757233e-08,7.12640009726648e-08,1.43445149412426e-07,1.46214950418636e-07,1.52608375170193e-07,5.65868471548141e-14,2.54728909108102e-13,3.01941603318352e-13,3.45222771297574e-13,4.13532854606007e-13,5.0965174514388e-13,6.03904930346855e-13,6.86505113517072e-13,2.15148392191613e-08,5.30952755509393e-08,6.17190431912037e-08,6.21513644757233e-08,7.12640009726648e-08,1.43445149412426e-07,1.46214950418636e-07,1.52608375170193e-07,2.03428940883971e-13,2.54728909108102e-13,3.01941603318352e-13,3.45222771297574e-13,4.13532854606007e-13,5.0965174514388e-13,6.03904930346855e-13,6.86505113517072e-13,7.99944846862636e-06,4.3990626373481e-09,4.58463390069787e-08,5.62783159377518e-08,5.69499528062545e-08,6.59902850120604e-08,1.31635585315528e-07,1.33176164328862e-07,1.37724731253997e-07,5.50275322250578e-18,2.47247274782271e-17,2.95206090540327e-17,3.36932995066279e-17,4.10039085548161e-17,5.03228975343465e-17,5.8232790745262e-17,6.75586075154936e-17,1.58145699609249e-08,4.58463390069787e-08,5.62783159377518e-08,5.69499528062545e-08,6.59902850120604e-08,1.31635585315528e-07,1.33176164328862e-07,1.37724731253997e-07,1.97823225057517e-17,2.47247274782271e-17,2.95206090540327e-17,3.36932995066279e-17,4.10039085548161e-17,5.03228975343465e-17,5.8232790745262e-17,6.75586075154936e-17,7.10304822065643e-10,6.96456440669545e-09,5.6724494582913e-08,6.26993920837706e-08,6.30873412197435e-08,7.22826064443011e-08,1.46679408967421e-07,1.50590803153909e-07,1.56165622174426e-07,2.28962725708504e-13,1.06259979214845e-12,1.26173338782531e-12,1.44091609197393e-12,1.6844032056333e-12,2.05537722438844e-12,2.39089975308159e-12,2.70756753902287e-12,2.50375137016575e-08,5.6724494582913e-08,6.26993920837706e-08,6.30873412197435e-08,7.22826064443011e-08,1.46679408967421e-07,1.50590803153909e-07,1.56165622174426e-07,8.23117864569445e-13,1.06259979214845e-12,1.26173338782531e-12,1.44091609197393e-12,1.6844032056333e-12,2.05537722438844e-12,2.39089975308159e-12,2.70756753902287e-12,3.47159131395898e-05
142,4.93942689914376e-08,6.80491798583015e-08,8.97410845999367e-08,1.21710874306724e-07,2.68575760670241e-07,2.92746567566432e-07,3.14880836116094e-07,3.1736742434683e-07,2.93457760323035e-15,4.44028143389907e-15,8.06822698140165e-15,1.81575191249635e-14,3.39197174174823e-14,8.11762388992137e-14,1.61262277389592e-13,2.92545140213758e-13,4.93942689914376e-08,6.80491798583015e-08,8.97410845999367e-08,1.21710874306724e-07,2.68575760670241e-07,2.92746567566432e-07,3.14880836116094e-07,3.1736742434683e-07,2.93457760323035e-15,4.44028143389907e-15,8.06822698140165e-15,1.81575191249635e-14,3.39197174174823e-14,8.11762388992137e-14,1.61262277389592e-13,2.92545140213758e-13,2.89206431007978e-06,4.33251862776516e-08,6.23242349405102e-08,8.37297227831665e-08,1.1481385365063e-07,2.56644889669146e-07,2.82018663308254e-07,3.02220813647591e-07,3.03489979634863e-07,6.30853045244761e-18,8.42329704904224e-18,2.02518256195712e-17,4.89141255963362e-17,9.08636771600941e-17,1.73035503302984e-16,2.63577801392205e-16,3.77892358966883e-16,4.33251862776516e-08,6.23242349405102e-08,8.37297227831665e-08,1.1481385365063e-07,2.56644889669146e-07,2.82018663308254e-07,3.02220813647591e-07,3.03489979634863e-07,6.30853045244761e-18,8.42329704904224e-18,2.02518256195712e-17,4.89141255963362e-17,9.08636771600941e-17,1.73035503302984e-16,2.63577801392205e-16,3.77892358966883e-16,1.81413546674535e-09,5.82729002018152e-08,7.74127243844442e-08,9.81947376293436e-08,1.29837917900376e-07,2.80249460418516e-07,3.04313325568497e-07,3.28097455424104e-07,3.33389384177713e-07,2.75413819682258e-13,4.4125414614855e-13,7.54316767452201e-13,1.23715915427215e-12,2.15120293849517e-12,4.51024207355951e-12,7.24553192001729e-12,1.14186784017417e-11,5.82729002018152e-08,7.74127243844442e-08,9.81947376293436e-08,1.29837917900376e-07,2.80249460418516e-07,3.04313325568497e-07,3.28097455424104e-07,3.33389384177713e-07,2.75413819682258e-13,4.4125414614855e-13,7.54316767452201e-13,1.23715915427215e-12,2.15120293849517e-12,4.51024207355951e-12,7.24553192001729e-12,1.14186784017417e-11,5.74239629490148e-05,4.00763625074215e-08,5.87704364230593e-08,7.93002249386495e-08,1.10113460603408e-07,2.48447333307921e-07,2.73337057890014e-07,2.93388015525079e-07,2.94366087196722e-07,3.54176766767363e-21,4.36544072070709e-21,1.50379925064338e-20,1.18033092256204e-19,6.01307762353699e-19,3.49787740403071e-18,1.92297009749083e-17,4.67979777431609e-17,4.00763625074215e-08,5.87704364230593e-08,7.93002249386495e-08,1.10113460603408e-07,2.48447333307921e-07,2.73337057890014e-07,2.93388015525079e-07,2.94366087196722e-07,3.54176766767363e-21,4.36544072070709e-21,1.50379925064338e-20,1.18033092256204e-19,6.01307762353699e-19,3.49787740403071e-18,1.92297009749083e-17,4.67979777431609e-17,4.14405808013771e-10,6.54597465233736e-08,8.35585413024899e-08,1.02541675289929e-07,1.34015991705381e-07,2.87189416902757e-07,3.12511411152029e-07,3.40492764163605e-07,3.46769071848028e-07,1.86221792393124e-12,2.96329545885574e-12,5.40118012256861e-12,9.09327297936781e-12,1.41830894106875e-11,2.4121312884469e-11,4.39236997179813e-11,7.57274811204663e-11,6.54597465233736e-08,8.35585413024899e-08,1.02541675289929e-07,1.34015991705381e-07,2.87189416902757e-07,3.12511411152029e-07,3.40492764163605e-07,3.46769071848028e-07,1.86221792393124e-12,2.96329545885574e-12,5.40118012256861e-12,9.09327297936781e-12,1.41830894106875e-11,2.4121312884469e-11,4.39236997179813e-11,7.57274811204663e-11,0.000417235638218636
143,4.30052087317291e-09,4.66400308536464e-08,5.84120063929654e-08,5.87201256262477e-08,7.30218195273182e-08,1.39182869089804e-07,1.39672207444356e-07,1.50702192851985e-07,2.88864434412978e-15,1.3057087685007e-14,1.51798776130665e-14,1.7679314511283e-14,2.03906535801305e-14,2.40856600575897e-14,2.74627674512199e-14,3.08630362795502e-14,1.54603136676885e-08,4.66400308536464e-08,5.84120063929654e-08,5.87201256262477e-08,7.30218195273182e-08,1.39182869089804e-07,1.39672207444356e-07,1.50702192851985e-07,1.03846368734612e-14,1.3057087685007e-14,1.51798776130665e-14,1.7679314511283e-14,2.03906535801305e-14,2.40856600575897e-14,2.74627674512199e-14,3.08630362795502e-14,2.24704614344938e-07,3.99397625283426e-09,4.44146931459699e-08,5.7047458802914e-08,5.74154442319281e-08,7.08735663430456e-08,1.34213773523271e-07,1.34707373834765e-07,1.44930480276365e-07,1.88377892927393e-16,8.55189445719966e-16,1.00797207931952e-15,1.17845677182964e-15,1.36719831690756e-15,1.62045231296286e-15,1.84206052578698e-15,2.06561973492203e-15,1.435828995397e-08,4.44146931459699e-08,5.7047458802914e-08,5.74154442319281e-08,7.08735663430456e-08,1.34213773523271e-07,1.34707373834765e-07,1.44930480276365e-07,6.77215946301639e-16,8.55189445719966e-16,1.00797207931952e-15,1.17845677182964e-15,1.36719831690756e-15,1.62045231296286e-15,1.84206052578698e-15,2.06561973492203e-15,1.58406909700127e-08,4.93859687843528e-09,4.89647876606114e-08,5.98249823895329e-08,6.01824872806429e-08,7.48852760471321e-08,1.44188993389322e-07,1.4532962974305e-07,1.56929032203447e-07,4.34100856450037e-14,1.96911281991501e-13,2.28863873032509e-13,2.6637047175842e-13,3.08563322402298e-13,3.68656030950399e-13,4.20467739494122e-13,4.72479777237134e-13,1.77541881717561e-08,4.89647876606114e-08,5.98249823895329e-08,6.01824872806429e-08,7.48852760471321e-08,1.44188993389322e-07,1.4532962974305e-07,1.56929032203447e-07,1.56058663637602e-13,1.96911281991501e-13,2.28863873032509e-13,2.6637047175842e-13,3.08563322402298e-13,3.68656030950399e-13,4.20467739494122e-13,4.72479777237134e-13,3.99811746129687e-06,3.85134553893505e-09,4.33131646421299e-08,5.59950658118745e-08,5.64598683334212e-08,6.94195020270814e-08,1.30966302216369e-07,1.31544012555103e-07,1.41427893387498e-07,4.58797961430378e-17,2.079791829711e-16,2.41860975797706e-16,2.81544821541201e-16,3.24267003159801e-16,3.82562007129897e-16,4.3512439080558e-16,4.89496334921657e-16,1.38455344900252e-08,4.33131646421299e-08,5.59950658118745e-08,5.64598683334212e-08,6.94195020270814e-08,1.30966302216369e-07,1.31544012555103e-07,1.41427893387498e-07,1.64937239069285e-16,2.079791829711e-16,2.41860975797706e-16,2.81544821541201e-16,3.24267003159801e-16,3.82562007129897e-16,4.3512439080558e-16,4.89496334921657e-16,3.92453219596689e-09,5.35824953211579e-09,5.04860941976665e-08,6.07026705234301e-08,6.1035741735776e-08,7.62025563403725e-08,1.47955608478133e-07,1.50554044504872e-07,1.61811920660608e-07,5.34358065430684e-13,2.42435914908778e-12,2.82342047988289e-12,3.28884013820642e-12,3.78778401777641e-12,4.46457508561666e-12,5.06733299084624e-12,5.65365016803152e-12,1.92628337169623e-08,5.04860941976665e-08,6.07026705234301e-08,6.1035741735776e-08,7.62025563403725e-08,1.47955608478133e-07,1.50554044504872e-07,1.61811920660608e-07,1.92100993020467e-12,2.42435914908778e-12,2.82342047988289e-12,3.28884013820642e-12,3.78778401777641e-12,4.46457508561666e-12,5.06733299084624e-12,5.65365016803152e-12,3.54694147373608e-05
144,4.71174113602585e-08,6.5488582538721e-08,8.62068502983864e-08,1.01770698486184e-07,1.6661962446314e-07,1.96387462059631e-07,2.18183753359062e-07,2.45087550141701e-07,1.15848289018189e-08,1.79702663632629e-08,2.72997135940505e-08,3.3702458334307e-08,4.36089725204881e-08,5.54376018443024e-08,6.5949568843608e-08,7.81366075085481e-08,4.71174113602585e-08,6.5488582538721e-08,8.62068502983864e-08,1.01770698486184e-07,1.6661962446314e-07,1.96387462059631e-07,2.18183753359062e-07,2.45087550141701e-07,1.15848289018189e-08,1.79702663632629e-08,2.72997135940505e-08,3.3702458334307e-08,4.36089725204881e-08,5.54376018443024e-08,6.5949568843608e-08,7.81366075085481e-08,0.318146118137842,4.22487432228138e-08,6.15691616268835e-08,8.01988369987163e-08,9.29204741905411e-08,1.59707481602363e-07,1.88180981402686e-07,2.08362945289634e-07,2.29500051616309e-07,2.86278685028824e-09,4.45888945739002e-09,6.89435730934349e-09,8.88321425092104e-09,1.15818963428125e-08,1.51498812390353e-08,1.82983573909857e-08,2.18907055205086e-08,4.22487432228138e-08,6.15691616268835e-08,8.01988369987163e-08,9.29204741905411e-08,1.59707481602363e-07,1.88180981402686e-07,2.08362945289634e-07,2.29500051616309e-07,2.86278685028824e-09,4.45888945739002e-09,6.89435730934349e-09,8.88321425092104e-09,1.15818963428125e-08,1.51498812390353e-08,1.82983573909857e-08,2.18907055205086e-08,0.0912759894979722,5.4398249624367e-08,7.12167383617488e-08,9.008530675343e-08,1.05868690018773e-07,1.74084006542021e-07,2.03130223025464e-07,2.2908018121298e-07,2.62134487749185e-07,2.44284653883246e-08,3.0199149594462e-08,4.07704713268108e-08,5.00339414911568e-08,6.53052847392472e-08,8.61055185900317e-08,1.0320860991323e-07,1.24026794949555e-07,5.4398249624367e-08,7.12167383617488e-08,9.008530675343e-08,1.05868690018773e-07,1.74084006542021e-07,2.03130223025464e-07,2.2908018121298e-07,2.62134487749185e-07,2.44284653883246e-08,3.0199149594462e-08,4.07704713268108e-08,5.00339414911568e-08,6.53052847392472e-08,8.61055185900317e-08,1.0320860991323e-07,1.24026794949555e-07,0.487156273895166,3.94253917049495e-08,5.86043377653323e-08,7.56262133630936e-08,8.77844261436388e-08,1.5481514248268e-07,1.82978360417994e-07,2.03061186128667e-07,2.21805599683245e-07,6.39246732966772e-10,1.03449442373453e-09,1.72736050553177e-09,2.2743868083697e-09,3.07032809805984e-09,4.18881665658728e-09,5.16964074733284e-09,6.10924297810416e-09,3.94253917049495e-08,5.86043377653323e-08,7.56262133630936e-08,8.77844261436388e-08,1.5481514248268e-07,1.82978360417994e-07,2.03061186128667e-07,2.21805599683245e-07,6.39246732966772e-10,1.03449442373453e-09,1.72736050553177e-09,2.2743868083697e-09,3.07032809805984e-09,4.18881665658728e-09,5.16964074733284e-09,6.10924297810416e-09,0.0195052053712565,6.08076308606452e-08,7.67188371661676e-08,9.26315626887737e-08,1.07926358875144e-07,1.79554828838e-07,2.08777464370931e-07,2.35911477460819e-07,2.71404362057033e-07,2.97768570967173e-08,3.61492074073678e-08,4.68482419239819e-08,5.62406284758833e-08,7.44038702393032e-08,9.74183810841196e-08,1.18738059251962e-07,1.45994009136065e-07,6.08076308606452e-08,7.67188371661676e-08,9.26315626887737e-08,1.07926358875144e-07,1.79554828838e-07,2.08777464370931e-07,2.35911477460819e-07,2.71404362057033e-07,2.97768570967173e-08,3.61492074073678e-08,4.68482419239819e-08,5.62406284758833e-08,7.44038702393032e-08,9.74183810841196e-08,1.18738059251962e-07,1.45994009136065e-07,0.548755825098
