mSFRBest,mpeakBest,mperiodBest,mskewBest,tau_birthBest,tau_screenBest,alpha_SF_birthBest,alpha_SF_screenBest,ZfinalBest,AGNlumBest,AGNanBest,AGNtaBest,StellarMassBest,SFR10Best,SFR100Best,UV1500Best,UV1500AGNBest,DustLumBirthBest,DustLumScreenBest,DustLumTotalBest,DustMassBirthBest,DustMassScreenBest,DustMassTotalBest,NgasMassBirthBest,NgasMassScreenBest,NgasMassTotalBest,LPBest,mSFRQ50,mpeakQ50,mperiodQ50,mskewQ50,tau_birthQ50,tau_screenQ50,alpha_SF_birthQ50,alpha_SF_screenQ50,ZfinalQ50,AGNlumQ50,AGNanQ50,AGNtaQ50,StellarMassQ50,SFR10Q50,SFR100Q50,UV1500Q50,UV1500AGNQ50,DustLumBirthQ50,DustLumScreenQ50,DustLumTotalQ50,DustMassBirthQ50,DustMassScreenQ50,DustMassTotalQ50,NgasMassBirthQ50,NgasMassScreenQ50,NgasMassTotalQ50,LPQ50,mSFRQ16,mpeakQ16,mperiodQ16,mskewQ16,tau_birthQ16,tau_screenQ16,alpha_SF_birthQ16,alpha_SF_screenQ16,ZfinalQ16,AGNlumQ16,AGNanQ16,AGNtaQ16,StellarMassQ16,SFR10Q16,SFR100Q16,UV1500Q16,UV1500AGNQ16,DustLumBirthQ16,DustLumScreenQ16,DustLumTotalQ16,DustMassBirthQ16,DustMassScreenQ16,DustMassTotalQ16,NgasMassBirthQ16,NgasMassScreenQ16,NgasMassTotalQ16,LPQ16,mSFRQ84,mpeakQ84,mperiodQ84,mskewQ84,tau_birthQ84,tau_screenQ84,alpha_SF_birthQ84,alpha_SF_screenQ84,ZfinalQ84,AGNlumQ84,AGNanQ84,AGNtaQ84,StellarMassQ84,SFR10Q84,SFR100Q84,UV1500Q84,UV1500AGNQ84,DustLumBirthQ84,DustLumScreenQ84,DustLumTotalQ84,DustMassBirthQ84,DustMassScreenQ84,DustMassTotalQ84,NgasMassBirthQ84,NgasMassScreenQ84,NgasMassTotalQ84,LPQ84,mSFR_lo,mpeak_lo,mperiod_lo,mskew_lo,tau_birth_lo,tau_screen_lo,alpha_SF_birth_lo,alpha_SF_screen_lo,Zfinal_lo,AGNlum_lo,AGNan_lo,AGNta_lo,StellarMass_lo,SFR10_lo,SFR100_lo,UV1500_lo,UV1500AGN_lo,DustLumBirth_lo,DustLumScreen_lo,DustLumTotal_lo,DustMassBirth_lo,DustMassScreen_lo,DustMassTotal_lo,NgasMassBirth_lo,NgasMassScreen_lo,NgasMassTotal_lo,LP_lo,mSFR_hi,mpeak_hi,mperiod_hi,mskew_hi,tau_birth_hi,tau_screen_hi,alpha_SF_birth_hi,alpha_SF_screen_hi,Zfinal_hi,AGNlum_hi,AGNan_hi,AGNta_hi,StellarMass_hi,SFR10_hi,SFR100_hi,UV1500_hi,UV1500AGN_hi,DustLumBirth_hi,DustLumScreen_hi,DustLumTotal_hi,DustMassBirth_hi,DustMassScreen_hi,DustMassTotal_hi,NgasMassBirth_hi,NgasMassScreen_hi,NgasMassTotal_hi,LP_hi,ID,RA,Dec,DIC
9474.16305935143,-0.391725178312053,0.300022269479998,0.999955241142188,12.0416482939187,1.14919048913941e-05,2.00038267324918,1.99429092957013,0.000401709938469365,6.09137378866123e+44,40.3355748402289,1.83053777232943,61573510.3651826,3.65178017670305,0.679908184821184,-18.4210611881229,-17.3890505225482,30071508138.6314,373654.089874268,30071881792.7213,71251778.8865153,870.574121900606,71252649.4606372,39234094607493.4,479373118.75238,39234573980612.1,-19.5583566069911,2.50807171482694,-1.2826179318023,1.09109778201565,0.32808087737258,0.775139794848986,0.00354916042526291,2.06786809832679,2.09377582207679,0.00264564696710601,6.01551377616932e+44,40.3802540027463,1.93213250976975,60395917.4532883,0.343233311819374,0.299585006973068,-18.1668148283088,-17.4549667318668,933634597.744652,115244395.129072,1433300890.08554,683.008031659998,1183.54089988921,13637.4092806046,24395629.9273592,3572660.12618812,54961119.9065648,-24.7654332912221,0.130035403656328,-1.93207203000743,0.3,-0.245339463271899,0.0579427935592792,0.000208081923226138,1.07391359766915,1.3142873856505,0.000191690382327758,4.4526120435885e+44,38.9040537992269,1.2255987827599,177499.805461185,0.000483009026477688,0.000445387061744167,-18.3916451057679,-17.99817190827,2706274.17001711,5956896.20617279,332431049.805167,0.181605888870735,0.110127723088746,14.5141366916797,7976.63520006525,115390.50933336,3043610.1777271,-25.8664618089793,9139.16901660655,-0.390300705682272,5.77777790799965,1,11.4960513301752,0.0173006782875006,2.72193242394033,2.74351056844537,0.0294407734365028,7.08520127461244e+44,40.6738677989663,2.16242412895508,154910015.715458,3.65097434607194,0.715463022221527,-17.9718707094409,-16.5439225930328,29742984181.8739,703564985.274729,29743870862.731,137160.12809206,163009.748374093,595967.926083772,408154003.784062,29532735.1872459,491560758.448595,-23.2084036613331,2.37803631117061,0.649454098205137,0.791097782015653,0.573420340644478,0.717197001289707,0.00334107850203677,0.993954500657641,0.779488436426286,0.00245395658477825,1.56290173258082e+44,1.47620020351947,0.706533727009855,60218417.6478271,0.342750302792896,0.299139619911323,0.224830277459144,0.543205176403227,930928323.574635,109287498.922899,1100869840.28037,682.826425771127,1183.43077216612,13622.895143913,24387653.2921591,3457269.61685476,51917509.7288377,1.10102851775719,9136.66094489172,0.892317226120023,4.68668012598399,0.67191912262742,10.7209115353262,0.0137515178622377,0.654064325613534,0.649734746368581,0.0267951264693968,1.06968749844312e+44,0.293613796219937,0.230291619185326,94514098.2621695,3.30774103425257,0.415878015248459,0.194944118867905,0.911044138834026,28809349584.1292,588320590.145658,28310569972.6455,136477.1200604,161826.207474203,582330.516803168,383758373.856703,25960075.0610578,436599638.542031,1.55702962988898,56116,34.3382563131137,-5.28089305277156,54.1803531315681
555.817810892178,1.06386354647821,0.300000398731966,-0.0160192035737522,11.901362532334,1.08406993979145e-05,2.00016156998472,1.99931532629186,0.0306475538477371,1.49060321313803e+41,39.6059480858962,0.615440556014096,163239172347.891,0.730245234178782,1.35078571685691,-19.5451087974708,-9.61964802977294,5407465977.46729,195.958213580772,5407466173.4255,12804729.8987797,0.462944880517125,12804730.3617245,948642638.357227,34.2974241814809,948642672.654652,-24.8695988605884,603.937980807386,1.08177212710581,0.3,-0.0827337825146311,0.760404861407173,0.00257705578305305,1.79021612539057,1.99135916461723,0.0209047970548767,1.15395034150111e+39,40.3406132164519,0.700241294003198,162378717649.436,0.128638816992064,0.29940176392706,-19.5582633646437,-2.9898365983004,1310297515.1405,243637158.103012,3192500391.86413,663700.54605836,18794.7748119573,1319917.1500646,72774067.9327337,1620003.60692766,148689661.780504,-26.9899392185092,543.178245687022,1.04779205479912,0.3,-0.5,0.0493682920755151,0.000145644307427062,0.804797580270039,1.04432154441418,0.0169889099097058,9.17058635168954e+36,38.1066015988042,0.142977789292725,153824310194.023,1.92650858755317e-16,4.97157053407648e-13,-19.614318421816,-12.0560300010976,733780544.592102,16.0046485343428,744095701.972126,31084.4581032947,0.00401377065166356,53943.8831516467,3404298.83132885,0.431908503341603,6222691.94496234,-28.3217217814997,756.24433027303,1.10627223645617,0.30710309937721,-0.00430640346453216,10.0922427637074,0.0155383533328763,2.62555639756154,2.70168433127793,0.0326643674356785,6.4465878299042e+41,42.9935941310503,4.05388957691171,168593925415.77,1.01488821711406,1.78868317606133,-19.4977951734652,1.25741839062741,7170495030.98523,6388652398.22776,12107156871.688,5737205.59049977,6438044.29438708,13366117.5037418,462746735.684542,618422638.943317,1175786601.18155,-26.0159701009717,60.7597351203637,0.0339800723066896,0,0.417266217485369,0.711036569331658,0.00243141147562599,0.985418545120529,0.947037620203049,0.00391588714517086,1.14477975514942e+39,2.2340116176477,0.557263504710473,8554407455.41284,0.128638816992064,0.299401763926562,0.0560550571723617,9.06619340279716,576516970.548401,243637142.098363,2448404689.892,632616.087955065,18794.7707981867,1265973.26691296,69369769.1014048,1620003.17501916,142466969.835542,1.33178256299056,152.306349465644,0.0245001093503667,0.00710309937721015,0.078427379050099,9.33183790230026,0.0129612975498233,0.835340272170976,0.7103251666607,0.0117595703808018,6.43504832648919e+41,2.65298091459848,3.35364828290851,6215207766.33362,0.886249400122,1.48928141213427,0.0604681911785185,4.2472549889278,5860197515.84473,6145015240.12475,8914656479.8239,5073505.04444141,6419249.51957512,12046200.3536772,389972667.751808,616802635.336389,1027096939.40105,0.9739691175375,221999,34.3373106266039,-5.14366101455103,52.3310348517432
33.8739994597066,1.29896156208021,0.300064739682042,-0.499796660598852,5.04209809997186,0.740691011982578,2.00607798663369,2.03462197890185,0.05010129061945,5.25784448594663e+43,48.3032569576458,9.91026370246547,6320378546.71142,2.15572289477137e-34,1.63081218769343e-28,-16.0229724305974,-15.988244402546,27201252.117672,16797264445.6062,16824465697.7239,65462.7511896549,43611988.809326,43677451.5605157,2966698.25057733,1976446277.51716,1979412975.76774,-17.3150072808092,34.9010309313541,1.36252904855439,0.325291985811938,-0.343232416229035,11.5757942171597,1.02221234021677,1.75045602008545,2.05516085404745,0.025696080110039,4.99439721880855e+43,48.5825670098546,1.51463200268287,8121445153.58406,5.64408312970081e-12,2.37439703093016e-10,-15.4991127643328,-15.3109897635419,51836545.3052158,23538585759.5679,23674735154.9845,22611.5441956289,19559074.8327391,19629995.076247,2551697.38347287,1993926143.1445,2012559032.57985,-20.804836701636,27.9170545108167,1.18605730522757,0.3,-0.5,4.25041942904065,0.814737920623349,0.984059544795542,1.34572999921457,0.00962708405916852,1.11000905759885e+43,47.0930745700976,0.210488752803268,6695282626.77115,1.13120038485933e-26,2.59659216079942e-22,-15.9815892035555,-15.879549659109,39779651.8578607,15698386822.2159,15769113304.9947,945.825791535723,1776549.12081534,1831779.86311045,137518.8877946,222085742.81638,228964742.804796,-22.5971884600593,40.9197655305435,1.45900401264936,0.393231412584332,-0.116036240336877,28.4230242800577,1.19898732915404,2.94077452712698,3.05714957123377,0.0501187233627272,9.09419252041123e+43,50.9948281150494,6.50950688232248,9438361560.2451,0.00149671287101453,0.00413501371066874,-14.639183341516,-13.8421046317882,74114053.768959,33514463683.2834,33624202421.1642,172123.474062812,67536429.0727422,67695661.3689811,12791477.8496321,5663340021.76778,5676794757.86683,-19.4039436164326,6.98397642053737,0.17647174332682,0.0252919858119384,0.156767583770965,7.325374788119,0.207474419593418,0.766396475289912,0.709430854832879,0.0160689960508704,3.8843881612097e+43,1.48949243975705,1.3041432498796,1426162526.81291,5.6440831297008e-12,2.37439703092756e-10,0.48247643922269,0.568559895567162,12056893.4473551,7840198937.35198,7905621849.98977,21665.7184040932,17782525.7119238,17798215.2131366,2414178.49567827,1771840400.32812,1783594289.77505,1.79235175842331,6.01873459918944,0.0964749640949694,0.0679394267723935,0.227196175892158,16.847230062898,0.176774988937271,1.19031850704153,1.00198871718631,0.0244226432526883,4.09979530160268e+43,2.41226110519474,4.99487487963961,1316916406.66105,0.00149671286537044,0.00413501347322904,0.859929422816801,1.46888513175363,22277508.4637432,9975877923.71555,9949467266.1797,149511.929867183,47977354.2400031,48065666.292734,10239780.4661592,3669413878.62328,3664235725.28698,1.40089308520335,83894,34.2237498079267,-5.260210411351,42.2573749095709
3406.13892017882,-0.451366870359807,0.300238682242012,0.774434279033464,31.3347290596176,0.00138233424675377,1.98397446051347,1.99587853572444,0.00042537335619897,7.78363947858882e+44,39.9676108830003,1.9387823912502,34144058.3610002,1.71577409105328,0.384169438431824,-17.4720954234329,-15.1060888061774,13914735232.7171,33970968.5366182,13948706201.2537,31497492.2165946,79497.6874783106,31576989.9040729,14523958790915.6,36657557654.6934,14560616348570.3,-16.8300894416172,848.953313740081,-0.952963287142096,0.656742117066116,0.705360921861006,1.26181987193824,0.00553681630585019,1.65647520145231,1.98611066061079,0.00289215921095104,9.01197095771088e+44,33.6829701240959,1.80560764826064,20784959.1858137,0.416980856979969,0.221101499821665,-17.1452388856096,-15.3209441538611,3032962661.28654,135249672.108548,3445934944.17923,8503.57085304842,893.784029346701,16038.663479112,27444327.2459181,2167895.68170522,38794467.3888266,-20.2522238281738,80.7833743196294,-1.81054525886212,0.3,0.285516063228462,0.0328659752596093,0.00061629862106828,0.780867777653829,1.05285356752465,0.000190993850825037,7.29279468174959e+44,30.6198862399958,1.06677357903325,7732917.09263093,0.174996137808092,0.0792289034360842,-17.465420412245,-15.5710752128308,578395557.497644,13801776.2942706,636773760.4541,3.66748138318134,0.111743922817035,5.11988640631653,1982309.63991563,111107.077725135,3167787.03972028,-21.7155978390485,6661.39997926867,-0.820295253309614,1.15871252074077,0.895662253211738,16.5761339199678,0.0400624958013983,2.49621656149195,2.65717034280866,0.0254654391514094,1.05643217750161e+45,39.449344699175,1.96557302984243,36741571.4777944,1.11960811121996,0.413636511907842,-16.8663354669426,-14.897581666528,8839850101.96309,1042200703.5573,9743625012.19936,2009506.65883282,163960.032851103,2310410.71508876,558441337.536583,63695384.2093536,702627499.246964,-19.0200652236544,768.169939420452,0.857581971720028,0.356742117066116,0.419844858632544,1.22895389667863,0.00492051768478191,0.875607423798485,0.933257093086142,0.00270116536012601,1.7191762759613e+44,3.06308388410003,0.738834069227394,13052042.0931828,0.241984719171877,0.141872596385581,0.320181526635441,0.250131058969737,2454567103.7889,121447895.814278,2809161183.72513,8499.90337166524,893.672285423884,16033.5435927057,25462017.6060025,2056788.60398008,35626680.3491063,1.46337401087471,5812.44666552859,0.132668033832482,0.501970403674657,0.190301331350733,15.3143140480296,0.0345256794955481,0.839741360039637,0.671059682197871,0.0225732799404584,1.55235081730522e+44,5.76637457507913,0.159965381581792,15956612.2919807,0.702627254239995,0.192535012086177,0.278903418667003,0.423362487333071,5806887440.67655,906951031.448755,6297690068.02013,2001003.08797977,163066.248821757,2294372.05160965,530997010.290665,61527488.5276484,663833031.858138,1.23215860451938,108492,34.2418114855169,-5.23940015613858,47.6450637752785
4.11233318101264,-0.10674625778942,0.300004053211477,0.981986507511328,1.02782444409318,0.357440130788504,1.65221798967093,1.84539581871936,0.0501044958548448,2.51048339541358e+40,36.6427692041739,9.22082102301296,273238076.80178,3.43927680664923,2.68284757475424,-18.3968443588635,4.96115301100538,22734281138.5358,8589423893.99273,31323705032.5285,15836040.5517979,12584949.3702284,28420989.9220263,717625635.050694,570299264.791012,1287924899.84171,-20.8663600583469,3.96733771575857,-0.155656151040591,0.3,0.466822713421522,3.04848379000758,0.328466555823747,1.57940143540372,1.88560396234961,0.000602110922911008,2.80556114609332e+38,40.6267926573957,1.62371404585327,334243944.890821,3.10082242313378,2.61795304462925,-18.4449265619565,-1.60866444383396,22657422703.5762,7973666537.36812,30997720028.9142,780.650794284814,748.70736564515,2831.13165648337,266627340.772092,179060300.234266,662027924.614708,-24.6845696277447,3.30552597711605,-0.190822778453098,0.3,0.211030485823126,1.07504059680513,0.269469364322755,0.664364468650017,1.17882503728134,0.000166237437106334,6.7118350228596e+36,39.0351939792379,0.191691629642708,291307994.608184,2.61819973657604,2.19852983722702,-18.4895715916532,-5.8022341520053,18099348310.8749,5977282789.15716,24099521983.8531,13.4431161476224,11.3288072745481,48.7853512937949,13222236.0961225,23456957.1663394,174870087.152262,-26.0688944687229,4.66193137395008,-0.119796711268806,0.331931338170025,0.69433953062263,22.639826403682,0.373500612797414,2.94426069923847,2.63177386332922,0.00269593472437669,1.26582878231611e+40,43.123791567257,7.14675321465682,388274494.098732,3.71584780636569,2.97499494733541,-18.4039981544337,4.5191395508068,27220024857.7015,9822062161.14615,36647497213.1693,419362.486462969,94142.2993895114,711353.577888663,1946457339.9655,553942486.719072,2287218199.94513,-23.3063693212797,0.661811738642525,0.0351666274125063,0,0.255792227598396,1.97344319320245,0.0589971915009923,0.915036966753698,0.706778925068276,0.000435873485804674,2.73844279586473e+38,1.59159867815773,1.43202241621056,42935950.2826375,0.482622686557744,0.419423207402235,0.044645029696742,4.19356970817134,4558074392.70128,1996383748.21096,6898198045.06114,767.207678137191,737.378558370602,2782.34630518958,253405104.67597,155603343.067926,487157837.462446,1.3843248409782,0.694593658191505,0.0358594397717849,0.0319313381700246,0.227516817201108,19.5913426136745,0.0450340569736671,1.36485926383475,0.746169900979603,0.00209382380146568,1.23777317085518e+40,2.49699890986131,5.52303916880355,54030549.2079109,0.615025383231911,0.357041902706151,0.0409284075227632,6.12780399464075,4562602154.12532,1848395623.77803,5649777184.25507,418581.835668684,93393.5920238662,708522.44623218,1679829999.19341,374882186.484806,1625190275.33042,1.37820030646497,14640,189.114835179598,62.2400530342146,47.8233121578558
2.01830805807706,0.197400575463023,0.300022605016524,0.989429540472177,1.29299071952271,2.64734794448025e-05,1.96945246817693,2.00357260462732,0.0149307946847499,4.41965514680096e+43,44.3970948768696,0.100002407265466,525045791.693377,1.88535593093462,1.9098632141419,-19.1468233821519,-17.8157938299911,12289734803.3723,683053.924123764,12290417857.2964,26689511.847442,1632.64636261134,26691144.4938046,4058688704.1426,248277.427765141,4058936981.57037,-16.8982977364552,1.05995679754619,-0.0525081452584627,2.4229881478087,0.0800977543831319,2.6082807253657,0.0031869209662476,1.96410230786214,2.04053986477345,0.000914923491854155,7.9883073338673e+43,49.1890009131284,0.409293315840328,529323000.472119,0.888898662007941,0.88342544089119,-19.1190656567269,-18.4890188420521,6195732028.37129,197133077.246638,6708761662.47789,1063.25002943005,85.7124590471397,2361.85982790045,211580951.43,3735743.65978441,246816309.38268,-20.4467120366841,0.444669274035187,-0.821954533332209,0.624539470690918,-0.403266928560564,0.761564677612876,0.000303433408080792,0.904545710663754,1.17275699411524,0.000176384276915687,4.94979458653269e+43,47.028232318093,0.112033071226968,181697248.303919,0.369789099348467,0.369601509994201,-19.1710168823147,-18.8391410920052,2585263082.27246,18807788.4870527,2976972600.08483,5.46972995752652,0.421920868828912,17.2840299828463,3096272.74889472,225333.407302656,8696764.29097034,-22.4323874510045,1.83431881191547,0.702680057140763,21.1099409720019,0.823235910319145,15.4005099378244,0.0300025995437546,2.70537491408869,2.72739830703253,0.00654814781473778,1.07076789403803e+44,51.4850785003991,3.79472876128858,799905120.031648,1.62666031041926,1.58748889267659,-19.0637647692093,-17.9253501606359,11049594554.456,1809806836.35129,13531557385.924,476432.376803057,11055.4709099376,509476.489675144,578362391.900875,67449627.4231725,674873301.718189,-18.97756879021,0.615287523511,0.769446388073746,1.79844867711778,0.483364682943696,1.84671604775282,0.0028834875581668,1.05955659719839,0.867782870658211,0.000738539214938468,3.03851274733462e+43,2.16076859503534,0.29726024461336,347625752.1682,0.519109562659474,0.513823930896989,0.051951225587743,0.350122249953103,3610468946.09883,178325288.759586,3731789062.39305,1057.78029947253,85.2905381783108,2344.5757979176,208484678.681106,3510410.25248175,238119545.091709,1.98567541432042,0.774362014369283,0.755188202399226,18.6869528241932,0.743138155936013,12.7922292124587,0.026815678577507,0.741272606226552,0.686858442259083,0.00563322432288363,2.71937160651303e+43,2.29607758727069,3.38543544544826,270582119.559529,0.73776164841132,0.704063451785403,0.0553008875176317,0.563668681416125,4853862526.08467,1612673759.10465,6822795723.4461,475369.126773627,10969.7584508904,507114.629847244,366781440.470874,63713883.7633881,428056992.33551,1.4691432464741,11792,189.107746748559,62.2695331884535,44.2544922515633
1.32599743781669,-0.286756298120299,0.872499128383107,0.878127847822706,1.07944307073288,0.0330747452091929,1.99803255254697,1.99827899910147,0.00898226050277375,7.94433232758101e+37,46.3827267069914,0.130735626880673,262509942.571145,1.14318991498427,1.08478919583124,-18.1609674204444,-3.41037763951029,7461408441.09735,317558845.857567,7778967286.95491,17565146.7698705,748083.89118108,18313230.6610516,4440114527.7226,189100506.628608,4629215034.35121,-12.6893889203963,1.0197137032333,-0.0717110482751034,0.576473468534774,0.465844989391746,0.698876211748684,0.000159103036562593,1.78458402534936,1.9273949337609,0.00872627121796472,6.46682073979544e+37,48.8531654874148,1.27000370155388,289795519.583088,0.965102898108075,0.937597591993267,-18.1695347955725,-3.22111801701844,5590708744.22119,994.520534391981,5629450908.35827,683847.792308131,0.235890230795128,801240.934867636,192646347.761385,62.9645337021173,216596417.10986,-15.2454751000398,0.767160058256977,-0.138138496587142,0.492611659305968,0.211957149778556,0.251670115742503,1.72923943215641e-05,0.982614851013251,1.31656159359621,0.00409943404991099,6.93846601507569e+35,47.1539567047415,0.16235479363489,261548037.117712,0.722679195901021,0.729380137722999,-18.2437790776829,-7.246027393906,2964947717.84215,0.0342278245397324,2964947717.8458,41814.9579071523,4.57471322884407e-06,46460.0904326028,11819204.594131,0.00108520919500496,16905409.78742,-16.9405415236724,1.14915559397712,0.176817443315421,0.84045594077218,0.905210367927892,5.4392683562633,0.0181724193619367,2.97841016075254,2.65751647798743,0.0177389737427358,2.42635687515031e+39,51.0570159323983,7.33913696171775,333225800.770864,1.09748528015013,1.06931961436333,-18.1108099644993,1.59975148421169,7593858990.13548,14891660.0053162,7681442200.94416,4207048.7522578,2752.79613530283,4210445.56368204,1008792546.65292,839708.364021658,1011552646.40059,-14.1154285079123,0.252553644976328,0.0664274483120386,0.0838618092288059,0.25388783961319,0.447206096006181,0.000141810642241029,0.801969174336105,0.610833340164691,0.00462683716805374,6.39743607964469e+37,1.6992087826733,1.10764890791899,28247482.4653763,0.242423702207054,0.208217454270268,0.0742442821103779,4.02490937688756,2625761026.37905,994.486306567441,2664503190.51246,642032.834400979,0.2358856560819,754780.844435034,180827143.167254,62.9634484929223,199691007.32244,1.69506642363259,0.129441890743816,0.248528491590524,0.263982472237406,0.439365378536146,4.74039214451462,0.0180133163253741,1.19382613540318,0.730121544226534,0.00901270252477107,2.36168866775236e+39,2.20385044498344,6.06913326016387,43430281.1877761,0.132382382042053,0.131722022370063,0.0587248310732313,4.82086950123013,2003150245.91429,14890665.4847818,2051991292.58589,3523200.95994967,2752.56024507204,3409204.6288144,816146198.891538,839645.399487955,794956229.29073,1.13004659212756,34757,53.1717583320677,-27.7523296893308,30.5071004494951
0.00130431312361553,2.55342248160576,0.729587041327839,-0.457615269292362,30.5896000890229,0.189711054943008,2.04717581903179,2.00509490331358,0.00753981244185207,1.85761786133954e+44,40.1897142453808,1.12360007646189,440161.021576794,1.36029995958269e-19,1.52456719061092e-18,-15.8433682729855,-15.8432109640846,1775.57842367992,1706776813.54932,1706778589.12774,4.76109584995103,4096555.38286192,4096560.14395777,1433.7532580408,1233633980.92128,1233635414.67453,-20.9201437186177,0.00790929964647605,-1.14678552253891,1.66439441443618,-0.032006056116715,0.781184386065079,0.0162420148611577,1.79345198617003,1.99970467722115,0.00288028344557966,1.74357389489232e+44,35.9962452532989,0.888555307257735,2292323.33146437,0.00299784130588068,0.00300107715846891,-15.9618118801463,-15.8341191507533,16708887.5359399,149097535.64224,208805085.673633,40.2322136907232,423.549729722407,945.835422335239,140803.156735627,3334876.41053382,6222971.34321353,-23.3436815350779,0.00160880085071419,-1.88208100325427,0.393037051973442,-0.455417228135248,0.0995307855552055,0.0016976740160721,0.78735695940349,1.06345092264503,0.000219762218820029,1.41556906245853e+44,30.5386636706499,0.59532906606682,270621.492853267,0.000568726641511625,0.000533978048997302,-16.2124128257379,-16.0919032069397,2160608.17420412,16577664.4664438,35202928.5400969,0.0142689300202721,0.961948527131494,1.52017692296302,6307.43312238418,113462.4879857,234930.399164294,-24.6653972497529,0.117071430799909,0.780786051270408,30.3195792372123,0.682095386049299,6.66734088136252,0.117334212232143,2.62815313271942,2.71257469311678,0.0268377913921624,1.99007040145134e+44,40.1314368217244,1.31272036151984,19535472.9652804,0.0244464753556987,0.0236848416496704,-15.725461355227,-15.6107033388229,128692638.329378,1035596195.95877,1181835305.61131,7447.22652411864,85759.6253759249,124691.591283879,6332310.48558104,45816588.9628977,66338560.4711571,-21.9695161155209,0.00630049879576186,0.735295480715362,1.27135736246274,0.423411172018533,0.681653600509873,0.0145443408450856,1.00609502676654,0.936253754576116,0.00266052122675963,3.28004832433786e+43,5.45758158264893,0.293226241190915,2021701.8386111,0.00242911466436906,0.00246709910947161,0.250600945591593,0.257784056186409,14548279.3617358,132519871.175796,173602157.133536,40.2179447607029,422.587781195275,944.315245412276,134495.723613242,3221413.92254812,5988040.94404924,1.32171571467502,0.109162131153433,1.92757157380932,28.6551848227761,0.714101442166014,5.88615649529744,0.101092197370985,0.834701146549389,0.712870015895632,0.0239575079465827,2.46496506559017e+43,4.13519156842554,0.424165054262109,17243149.633816,0.021448634049818,0.0206837644912015,0.236350524919319,0.223415811930458,111983750.793438,886498660.316528,973030219.937674,7406.99431042792,85336.0756462025,123745.755861543,6191507.32884541,42481712.5523639,60115589.1279436,1.37416541955707,208439,34.4524782764103,-5.15472817283268,44.8256580715763
1.6413263173205,0.35506098526627,0.726905848257594,0.813946201575453,4.90760728331341,0.190285151313949,2.00376639618934,2.00182043437672,0.02613011256381,1.87237644852499e+38,42.3701109082344,9.44243607689238,838380972.262761,1.55232982024806,1.56539925327535,-17.7591785464811,-2.49269523910151,10283824395.8869,2494593668.17788,12778418064.0648,24593583.1926271,5934087.40112135,30527670.5937485,2137019886.022,515632987.770185,2652652873.79218,-40.4867542795741,1.15771220117913,1.0229551579563,11.4312634560145,0.203032155345729,6.7168338262793,0.03870993846038,1.84165414329903,1.97712184552225,0.0186880443431483,3.18559221205246e+38,46.3166913035265,1.38527992472664,949629923.371783,1.12897690518271,1.12931506776846,-17.8364174136906,-4.5724814813574,7636679767.33944,476134044.487373,8592229329.02345,1752214.6685282,99344.5760468558,3246245.88531649,383927902.594268,17600282.3051655,514830260.674425,-42.5048443590135,1.00070815232925,0.176319378270495,2.64555166634154,-0.342769993130202,1.69625478189995,0.00285962016170545,0.974023437128076,1.33630712892351,0.00479654689032499,2.35755247495549e+36,44.3247625437656,0.17062433126655,738618439.623765,0.957870078540187,0.959619454985352,-18.0071700405455,-10.6740712522907,6505586608.26465,33331423.4995884,6683516114.14051,67350.489112489,742.225062892256,97173.307900424,21014871.4069759,788970.673212704,62999782.5021926,-43.8583553111647,1.65501324502749,1.59492055422652,48.7321578570588,0.840646633647796,24.8869311216892,0.200753200315565,2.95642693221585,2.73832304339261,0.0363673298693654,1.10181816983718e+41,48.61766215685,6.64160671649803,1359358085.8294,1.53904425664251,1.52543639257732,-17.6608472195511,0.512843823278936,10160766790.6237,2924062322.34571,12231466454.7676,13026643.6852119,3031921.10054807,15511532.6611409,1386859534.74321,286297237.746522,1663045895.68314,-41.4018396522382,0.157004048849878,0.846635779685804,8.78571178967292,0.545802148475931,5.02057904437935,0.0358503182986745,0.867630706170958,0.640814716598741,0.0138914974528234,3.1620166873029e+38,1.99192875976095,1.21465559346009,211011483.748018,0.171106826642523,0.169695612783111,0.170752626854885,6.10158977093325,1131093159.07479,442802620.987785,1908713214.88293,1684864.17941571,98602.3509839636,3149072.57741606,362913031.187292,16811311.6319527,451830478.172232,1.35351095215117,0.497301043848354,0.571965396270224,37.3008944010443,0.637614478302067,18.1700972954099,0.162043261855185,1.11477278891682,0.761201197870363,0.017679285526217,1.09863257762512e+41,2.30097085332348,5.2563267917714,409728162.457613,0.410067351459798,0.396121324808856,0.175570194139485,5.08532530463633,2524087023.28423,2447928277.85833,3639237125.74415,11274429.0166837,2932576.52450122,12265286.7758244,1002931632.14894,268696955.441357,1148215635.00871,1.10300470677532,245058,34.4107418365089,-5.12968100635144,82.7177879248736
1.57745302656312,0.51199078570048,98.510817205412,0.999571245632201,3.48925729555966,0.0665702830193515,2.00683725054181,2.00100478306548,0.00499264110317949,3.68121043727929e+37,46.2332445678289,0.100294235930058,805483192.941857,1.57743234502417,1.57743572093418,-18.5140436220777,-2.50276149723724,11072562618.4509,1366838261.94163,12439400880.3925,26702421.857103,3244139.99211769,29946561.8492207,12143624806.0955,1475357519.76173,13618982325.8572,-28.927620824315,2.68465034730477,-0.689395459327036,6.17164942690679,0.316656348197651,3.96118935179934,0.00368197388371605,1.88492888635237,1.84535651806802,0.00756763155457431,1.0008845874783e+38,46.273908880138,0.638062147413608,585603686.235069,1.66530328126534,1.57394866814812,-18.5416135321575,-2.43290959046534,11622566757.1016,36244894.2818673,11919927262.7379,731155.112073828,2247.12051720663,882144.276271887,492835357.982297,785626.978281698,545834524.973016,-32.075132196011,1.68479643897061,-1.55950255707197,0.995583441243314,-0.363180203873277,1.03463452254448,2.99941645847084e-05,1.20218898237157,0.781627363207921,0.000627726189102377,7.48167729952492e+35,40.6395468082366,0.14870278183872,402188604.669094,1.37791568269688,1.3165540816365,-18.7062100043221,-7.42791421100693,9331136640.18764,8.9457210125435,9671139857.99298,1179.78016251057,3.97571998763056e-06,1261.88919711517,46134215.2059263,0.145216544202576,58798708.2270244,-33.5439802179414,6.15771983212593,0.63173104087734,37.2061621487975,0.888025142229815,20.6682666788076,0.0645106117970485,2.58985275271904,2.99836478890468,0.025332681944794,5.22934715263535e+39,48.1525374193392,2.99625678541306,883089415.391322,2.13816019834144,1.9947500570341,-18.3922115201119,2.47248437769939,14395575426.433,1245153518.94257,15056284316.0838,9187374.25392374,205481.929587387,9827584.20708138,1334524863.49987,42540086.284967,1374015240.19801,-30.7765862529635,0.999853908334165,0.870107097744935,5.17606598566348,0.679836552070928,2.92655482925486,0.00365197971913134,0.682739903980803,1.0637291548601,0.00693990536547194,9.93402910178776e+37,5.63436207190139,0.489359365574888,183415081.565976,0.287387598568455,0.257394586511617,0.164596472164625,4.99500462054159,2291430116.91392,36244885.3361463,2248787404.74494,729975.331911317,2247.12051323092,880882.387074772,446701142.77637,785626.833065154,487035816.745991,1.46884802193045,3.47306948482116,1.32112650020438,31.0345127218907,0.571368794032164,16.7070773270083,0.0608286379133324,0.704923866366667,1.15300827083666,0.0177650503902197,5.12925869388752e+39,1.87862853920127,2.35819463799945,297485729.156253,0.472856917076102,0.420801388885977,0.149402012045531,4.90539396816473,2773008669.3314,1208908624.6607,3136357053.34587,8456219.14184991,203234.80907018,8945439.93080949,841689505.517576,41754459.3066853,828180715.224992,1.29854594304746,69070,34.4533472762435,-5.27073816811636,61.8700940193197
7.7266995410658,1.0019022493115,0.543186303431666,-0.264491029687426,2.87036823039586,0.0573444972246544,2.00001446313766,1.99973078276074,0.020747716898731,1.1346723750904e+38,43.5415283576487,0.100183255007511,3074513594.06098,0.240113990471691,0.356104832623505,-17.0159151261031,-3.65252716832092,1572456205.98741,754126635.157982,2326582841.14539,3722027.42409829,1783637.17320521,5505664.5973035,407321459.219742,195192999.22529,602514458.445032,-25.8728606835208,9.9702092237156,1.06061822187559,0.435568051381911,-0.267130813686717,1.92501935808169,0.000660819870202481,1.9767312500274,1.53340524802399,0.00722929308806119,1.23294554126752e+37,45.1029112853614,1.32517343231073,3058154861.22113,0.0088454185706946,0.0199697319365757,-17.0307629339155,-1.1618688314861,49256720.427948,388.76851103059,566811584.06712,8677.36751671203,0.0667962803646479,29315.262313424,3085751.95855933,5.56300655921795,10332502.5495111,-27.9813034766007,7.12580263483915,0.900347199598054,0.330555803571709,-0.5,0.146550171929916,2.33278568967881e-05,1.01722494264861,0.763946738562012,0.00310238211343549,4.58213494415302e+35,42.9540985431882,0.208256463161742,2808338142.71547,8.31006752952338e-06,6.11048534389088e-05,-17.5428485847459,-4.94450795440134,16852624.0347465,0.151425645351746,18724528.1559816,249.254385512905,3.05997103324344e-06,618.279576598184,195462.895065075,0.00107266850615186,567890.912655552,-29.8950886983054,12.6261548694351,1.16676861886999,0.518536727057253,-0.0225141567355192,13.705571625728,0.0698223434189965,2.65421511007845,2.33664012169426,0.0352262635454476,5.49224278815993e+38,47.1732241354795,6.73044892657257,3316514358.49768,0.500293420452397,0.63300776690067,-16.5695039198304,2.68980319172668,3110085532.40518,861060426.037029,3143939393.19495,1061519.62618344,69840.3526346982,1155320.38812399,126789095.265138,26288675.5290562,163356193.258279,-26.9801147352364,2.84440658887646,0.16027102227754,0.105012247810202,0.232869186313284,1.77846918615177,0.000637492013305693,0.959506307378794,0.769458509461979,0.00412691097462571,1.18712419182599e+37,2.14881274217321,1.11691696914899,249816718.505661,0.00883710850316508,0.0199086270831368,0.512085650830422,3.78263912291524,32404096.3932015,388.617085385238,548087055.911138,8428.11313119912,0.0667932203936147,28696.9827368258,2890289.06349425,5.5619338907118,9764611.63685556,1.91378522170468,2.65594564571946,0.106150396994395,0.082968675675342,0.244616656951197,11.7805522676463,0.069161523548794,0.677483860051043,0.80323487367027,0.0279969704573864,5.36894823403317e+38,2.07031285011805,5.40527549426184,258359497.27655,0.491448001881703,0.613038034964095,0.461259014085119,3.85167202321279,3060828811.97723,861060037.268518,2577127809.12783,1052842.25866673,69840.2858384179,1126005.12581057,123703343.306578,26288669.9660497,153023690.708768,1.00118874136433,94378,34.4017941796419,-5.25018120537919,56.2977955215463
18.2857022130152,1.70645581795579,0.30000306549719,0.347410595071743,10.0476688770301,1.21163121093676,1.9987089475777,1.99468576314723,0.00403594369851459,1.84668645816517e+43,27.1478380694697,9.95933658648983,7689979726.86658,0.948182078037032,1.05265404347334,-15.3438058109848,3.36136377432629,6710210926.87452,22331111974.9773,29041322901.8518,15826207.0660977,52086115.3253923,67912322.39149,8903479849.08514,29302515522.508,38205995371.5931,-29.0188010274326,17.0747804965815,0.382738468602302,3.44682475578875,-0.00187757903141485,12.6840091247364,1.71817565268794,1.69848387124146,1.96968261382912,0.00489096090517634,1.72990493532879e+40,28.3109376000539,0.799957417178177,7805899038.6893,10.5155144940048,10.6114418216024,-15.5816513040019,0.487917015919024,72788716446.6238,75319557702.0141,148031081426.805,843770.403586887,2319119.64063466,5811640.65497204,781208000.941904,2388746368.06317,5111967424.31485,-31.8130630557045,9.08972060916119,-0.974228233814712,0.327324453922601,-0.450066127900973,5.69135884779547,1.23979609333797,0.83204574311484,1.02359032166829,0.00121561556539477,1.37103592236864e+38,26.2825244458174,0.159478314934217,5304348960.71482,1.65010260426441,2.17535693810047,-16.660043502887,-5.0414841850003,11534193198.7783,31166164341.021,42637933615.6494,26102.977062471,35364.7177671362,135999.232479079,77339223.5482855,169271467.424426,650952422.214271,-33.1582270180537,28.1807152618152,1.25696067719054,30.7545103429278,0.357550462155749,28.0891600831655,2.4037747256669,2.56828825666278,2.70199015696907,0.0191892440732451,1.67648823615994e+43,31.1674348843521,3.90879907119883,11228157424.2236,19.7809810943847,19.121719238781,-14.4911703368317,7.15275744246793,137636039970.827,134048795248.893,271823621113.134,34877088.9907619,51356632.3100201,93653912.743737,8594244765.0109,11014908323.997,17086872479.2336,-30.6194470378418,7.98505988742034,1.35696670241701,3.11950030186615,0.448188548869558,6.99265027694093,0.478379559349975,0.866438128126616,0.946092292160825,0.00367534533978158,1.7161945761051e+40,2.02841315423652,0.64047910224396,2501550077.97448,8.86541188974042,8.43608488350188,1.07839219888508,5.52940120091932,61254523247.8454,44153393360.9931,105393147811.155,817667.426524416,2283754.92286752,5675641.42249296,703868777.393618,2219474900.63875,4461015002.10057,1.34516396234928,11.1059347652336,0.874222208588235,27.3076855871391,0.359428041187164,15.405150958429,0.685599072978956,0.869804385421321,0.732307543139954,0.0142982831680687,1.67475833122461e+43,2.85649728429819,3.10884165402065,3422258385.53425,9.26546660037984,8.51027741717865,1.09048096717016,6.6648404265489,64847323524.2036,58729237546.8788,123792539686.33,34033318.587175,49037512.6693855,87842272.088765,7813036764.069,8626161955.93379,11974905054.9188,1.19361601786263,237731,34.4178147258715,-5.13486003361594,63.3400598441455
25.6025984218782,1.23329160173827,0.314721220545006,0.212260401353482,0.537222216500196,0.0974655626649091,2.00047601978264,1.99931995837853,0.000100002379013657,3.55143572451787e+45,39.9999141092702,2.13055199596135,7583480607.32663,1.08442173922687,1.30856357144685,-19.4505915668821,-15.4535950881922,6850732981.46493,12363952749.7246,19214685731.1895,16236369.238782,29209807.002238,45446176.24102,665968674101460,1198101383009640,1864070057111100,-20.5355032200305,21.0788727102941,1.2208559773379,0.383787136601779,0.166082186732884,0.870830074778586,0.0277428206861819,1.83909538269221,2.04049333424381,0.000340098420924584,5.45601591933588e+45,35.3085377280334,2.37968835286747,7278120406.51213,1.30787325363447,1.5807558670804,-19.4661351030343,-15.2333005965654,8525986115.55145,3848463345.36901,12758306392.2981,127.405810822227,69.1041922333229,258.501845480847,223245642.66987,81485631.1154926,459859771.104116,-24.3149559216252,18.8186536121003,1.15307738426461,0.357097603996413,0.0891944117063204,0.394252879139418,0.00264280988822702,0.896696213998152,1.21598023685373,0.000126755187009035,1.23733218772411e+45,33.0050317805921,1.38337399733998,6711634095.0039,0.915369733117843,1.14738978339451,-19.5111353133259,-17.1254055514101,5434506935.81039,283268980.035908,7438987718.43267,4.54437717303411,2.81362787440996,15.0393122907735,8687207.58769719,2001063.28136514,21311147.2229669,-26.3445339443674,24.1178994216234,1.25122628491231,0.430399693610861,0.207435123711942,13.1715377902015,0.110631362841131,2.60965060767424,2.6542549164162,0.00267672251932937,8.74956213143109e+45,39.4738081946202,2.91348810883497,8230693655.07357,2.23469541207685,2.56857786910801,-19.4179565263766,-14.005016192247,12314494341.117,13852875473.8537,22809333018.2636,139905.754374968,24443.4445946908,330627.120173179,643461631.56776,738883233.445788,1266582852.76602,-22.7799764448361,2.26021909819377,0.0677785930732906,0.0266895326053655,0.0768877750265639,0.476577195639168,0.0251000107979549,0.942399168694057,0.824513097390071,0.000213343233915549,4.21868373161177e+45,2.30350594744129,0.996314355527491,566486311.508235,0.392503520516625,0.433366083685896,0.0450002102915938,1.89210495484475,3091479179.74106,3565194365.3331,5319318673.86543,122.861433649193,66.2905643589129,243.462533190073,214558435.082173,79484567.8341275,438548623.881149,2.02957802274223,3.03902671132934,0.0303703075744095,0.0466125570090827,0.0413529369790576,12.3007077154229,0.0828885421549489,0.770555224982027,0.613761582172396,0.00233662409840479,3.29354621209521e+45,4.16527046658684,0.533799755967507,952573248.561439,0.926822158442377,0.987822002027609,0.0481785766576195,1.22828440431837,3788508225.56551,10004412128.4847,10051026625.9655,139778.348564146,24374.3404024575,330368.618327698,420215988.89789,657397602.330296,806723081.661901,1.53497947678903,130917,34.2707048091246,-5.21764908331747,58.4754786002286
6.71873214414115,-0.274513139119313,0.428022305963963,0.926601215736131,0.771962465719877,0.180672087238149,1.56706755687263,1.77405764222947,0.00175482220310834,2.72579444101437e+35,39.2181326525367,1.61731424769965,221340788.733255,3.24324310174171,2.21209755082582,-18.8450425594414,7.5965827013062,22336687517.6499,4493204810.19301,26829892327.8429,10773857.2985554,5088967.44061118,15862824.7391666,61410899024.2762,29007073044.7771,90417972069.0532,-17.8357151284834,6.28737110382578,-0.274703056169769,0.454096252317451,0.970311368222525,1.34626055403604,0.15362193769143,1.87485098494512,2.01071098154372,0.00133101939080528,1.29800818726243e+37,40.7454009560454,0.824785682656705,250212199.231205,3.27494280736023,2.29528369396246,-18.8902974500548,1.47470604112483,23451347729.2699,4158048636.92476,27316754521.4897,11369.9852798131,2313.06172451863,18187.8551854084,656437578.289985,140053334.508878,839417310.424559,-21.0386666487834,5.43843432888524,-0.288567590417405,0.435302106151841,0.795708233363006,0.780771917910275,0.105558113327934,0.810225236436596,1.25343731697247,0.000207474508642284,3.33912328572378e+35,38.7898330146582,0.148802455396121,212281368.614861,2.90753199065943,2.08083433528902,-18.9379581681751,-3.93337898497616,20003941253.7392,2596598627.31298,23161324702.1274,60.376277990507,12.589806976313,128.849129060574,22006197.1155165,11782071.9426121,91291451.5431725,-23.0437884644271,7.13344835106248,-0.265428743357753,0.466468790988484,1,2.9974899213193,0.192350717788551,2.67353506268273,2.69675152054094,0.00984688115209287,1.55047402744652e+39,43.6610227494661,4.48633703831018,287964827.344106,3.65414803814638,2.68289350390314,-18.8334699492575,4.76464835648284,27603413609.9619,5255745949.54693,32500500994.4292,7294593.2027666,1168856.53045209,9647606.37999857,2370678865.07322,387480826.017126,2607092236.95511,-19.4496480426176,0.848936774940547,0.013864534247636,0.0187941461656094,0.17460313485952,0.565488636125761,0.0480638243634956,1.06462574850853,0.757273664571256,0.001123544882163,1.2646169544052e+37,1.95556794138724,0.675983227260584,37930830.6163438,0.367410816700801,0.214449358673438,0.0476607181202482,5.40808502610099,3447406475.53069,1561450009.61179,4155429819.36234,11309.6090018226,2300.47191754231,18059.0060563478,634431381.174469,128271262.566266,748125858.881386,2.00512181564373,0.846077247236698,0.00927431281201552,0.0123725386710334,0.0296886317774748,1.65122936728327,0.0387287800971212,0.798684077737605,0.686040538997215,0.00851586176128758,1.5374939455739e+39,2.91562179342068,3.66155135565347,37752628.1129006,0.379205230786146,0.387609809940685,0.0568275007973398,3.28994231535801,4152065880.69204,1097697312.62216,5183746472.9395,7283223.21748679,1166543.46872757,9629418.52481316,1714241286.78323,247427491.508248,1767674926.53055,1.5890186061658,7193,189.248555415728,62.2329225248423,44.1067978869792
3556.29424556566,-2,0.300000402186038,-0.32481475062516,3.39819208181472,0.690238163426639,1.75115655385755,2.26206761901982,0.0440043668018158,7.12387501476964e+35,2.09075884529109,0.209350276976427,2409565805.24963,15.6373711739525,12.9152643822597,-18.7126008028407,7.74241739903517,103970273335.803,43114296114.4426,147084569450.245,107925604.913977,181953273.226394,289878878.140371,5568737558.29549,9388411834.96944,14957149393.2649,-20.0388976831541,3291.93915174203,-2,0.332954177319842,-0.305388443054967,6.9828906536167,0.7628209734692,1.844249136306,2.01926930910483,0.0189485546626909,1.0180553745766e+37,3.53446279203912,0.733238161116687,2529367338.06,16.2352809330114,13.4472371717332,-18.7628281622546,8.30889859199911,110566993916.626,52086940829.6784,162653904816.895,31893992.7653202,12234483.1467423,78644506.0423808,5273114546.34697,3504327199.65785,10875432563.5128,-22.5124839994761,2368.71574731704,-2,0.312287151505578,-0.32133101969017,2.5730206945823,0.633619321041386,0.814045985104094,1.07109826536905,0.0027483516478511,3.23669795085207e+35,1.97670793873759,0.13849165722458,2229951739.85329,14.1490407493638,11.7406753495846,-18.8779420659541,3.15802050019694,96212312448.4168,39296648282.8614,136120187050.45,239071.922638181,528680.355874647,1093853.8456915,155521554.045118,189083205.534907,1122180342.83745,-23.9140028341713,4268.63037280675,-1.9813271370746,0.341615832021383,-0.292786517280005,22.9882321622651,0.911434043251345,2.68586201302956,2.72622691334306,0.0499066405493138,1.75188375041199e+39,6.20213659978751,4.33708857871155,3123075715.80357,20.4254874256603,16.8672481320523,-18.6110921800797,16.028285380782,144600265780.596,82250096072.3508,226898615868.124,328294629.701109,113447835.966646,423849765.892389,21013780602.7668,8851360603.88584,27086744310.7129,-21.2696862982469,923.223404424995,0,0.0206670258142642,0.015942576635203,4.4098699590344,0.129201652427814,1.03020315120191,0.948171043735784,0.0162002030148398,9.85688395068076e+36,1.55775485330153,0.594746503892107,299415598.2067,2.0862401836476,1.70656182214861,0.11511390369952,5.15087809180216,14354681468.209,12790292546.817,26533717766.4452,31654920.842682,11705802.7908677,77550652.1966893,5117592992.30185,3315243994.12294,9753252220.67539,1.40151883469528,976.69122106472,0.0186728629254027,0.00866165470154146,0.0126019257749627,16.0053415086484,0.148613069782145,0.841612876723561,0.706957604238233,0.0309580858866229,1.74170319666623e+39,2.66767380774839,3.60385041759487,593708377.743577,4.19020649264889,3.42001096031908,0.151735982174873,7.71938678878288,34033271863.9704,30163155242.6724,64244711051.2291,296400636.935789,101213352.819904,345205259.850008,15740666056.4198,5347033404.22799,16211311747.2001,1.2427977012292,5881,214.923941475732,52.9483917354458,43.0759109390908
3.51730029097503,0.491185302586285,0.307756786680815,-0.248621113488879,1.1396618125451,0.00696773036531328,1.68799364578463,2.01747060833622,0.000129129725105167,1.78129974459207e+37,51.9313587187702,0.1,1301210730.31467,0.349389878693201,0.581451263313399,-18.5591746196327,-1.99894160858529,2477481571.74468,93575642.8628669,2571057214.60755,2001409.47546093,232227.168110533,2233636.64357147,37166491006417.3,4312495299363.03,41478986305780.3,-24.8425345917565,1.60267420828495,0.491185302586285,2.58992097963344,0.0124460604614242,2.64782417890886,0.00589559681505499,1.70433093949537,1.67781857988045,0.000394811037602177,3.1950531402509e+36,51.7392810810619,0.859974910005416,965942029.502212,1.33589099221371,1.33674813930508,-18.6476557015911,-0.0278291503855783,9247705965.23176,83069227.3203812,9482681804.46449,274.152810116539,0.437986548438085,341.761224140573,75792124.368137,820596.36450427,103262338.384646,-27.8062505773558,1.36974498392758,0.315700235997599,0.3,-0.381796500117851,0.416638012123389,3.20027201062035e-05,0.924732546897065,0.931969603949429,0.000116900400509019,2.86519263898152e+35,48.8416561804398,0.158704886668242,764189597.63736,0.351170255990809,0.6038228777999,-18.7441842399611,-5.23589963861349,1972827443.80569,0.145979672120697,2051452563.96262,1.57132972386632,2.83678016562628e-08,2.35136776357969,8320340.68974163,0.00230021820194443,15511958.4479349,-29.1705601023861,3.22511371022593,1.04486900899286,36.4417343625451,0.850077042443013,19.440399264319,0.054867520196352,2.65021527679574,2.62532507278004,0.00337972981567264,3.88093404642752e+38,55.5644572489515,4.74533352139109,1254710595.82053,1.57424698831292,1.57238900452748,-18.5234712676172,2.56576025451754,10979013153.0701,1191068495.40839,11629496490.9579,60814.9950643319,632.198317264495,74797.5150702456,570916125.504821,31855970.1877281,598246031.179448,-26.6679416215055,0.232929224357375,0.175485066588686,2.28992097963344,0.394242560579275,2.23118616678547,0.00586359409494879,0.779598392598304,0.745848975931024,0.000277910637093158,2.90853387635275e+36,2.89762490062209,0.701270023337174,201752431.864852,0.984720736222897,0.732925261505175,0.0965285383700127,5.20807048822791,7274878521.42607,83069227.1744015,7431229240.50187,272.581480392672,0.437986520070283,339.409856376994,67471783.6783954,820596.362204052,87750379.9367108,1.36430952503024,1.62243950194098,0.553683706406577,33.8518133829116,0.837630981981589,16.7925750854101,0.048971923381297,0.945884337300367,0.947506492899586,0.00298491877807047,3.84898351502501e+38,3.82517616788962,3.88535861138568,288768566.318321,0.238355996099211,0.235640865222405,0.124184433973905,2.59358940490312,1731307187.83836,1107999268.08801,2146814686.4934,60540.8422542154,631.760330716056,74455.7538461051,495124001.136684,31035373.8232239,494983692.794802,1.13830895585033,6122,214.829231881358,52.8610968832497,53.3271215577947
507.112624418568,-1.13509314294039,0.3,-0.229007946879413,4.26770890432131,0.762986370023848,0.75816553956517,2.3646754331949,0.000569756772722358,1.94021768075088e+36,39.8452143260318,0.266504015930699,2623225827.50581,18.806473451706,15.2725894784926,-19.1746149118153,3.3786802810807,135126115350.391,73928836881.2608,209054952231.651,2755682.7325374,366542124.632851,369297807.365389,513557039689.729,68309855204086.5,68823412243776.2,-21.026903245508,428.785008736863,-1.15797647820979,0.3,-0.228652285809078,2.95530749052766,0.378201081766686,1.67393944034346,1.92478076145894,0.0309129855194525,4.21900506959666e+38,43.113888363992,0.746795160648154,1336594623.11817,9.86048270271558,7.90302411521146,-19.233665415909,-3.3288171956674,66089863850.907,21562823781.8985,86654026382.5641,19277801.721225,11152531.3356211,51318021.442464,2259459731.06467,1278591037.65919,4740806734.14102,-23.6849509167001,218.691126122332,-1.32691797610424,0.3,-0.234664040934053,1.14869995974174,0.275801292018084,0.726492549134584,1.07708456013282,0.00734608983211354,3.38434660447331e+36,41.1095795147526,0.147270674751118,1169289107.6786,8.61414944386912,6.9258175677811,-19.3513286580137,-10.4026587013142,53754781194.625,15143547649.7712,70386651885.8638,698641.198801814,424951.385667398,2613234.52873668,87530532.2240359,82884308.9189728,631891874.030857,-25.3772534994688,573.370384187269,-1.1173519034121,0.3,-0.222163067528099,15.3649612666669,0.516774295766009,2.56878646290758,2.65490435300063,0.0501187233627272,2.06117702931778e+41,45.9707455791026,4.44083804687339,1679010803.71604,12.3236867399394,9.94869616072579,-19.1529827671145,1.87942357192299,86734306732.0429,35733839982.0023,122435591807.689,142524215.556785,44549873.8178323,170535637.200329,11008075075.5938,4134946792.63788,13558783636.1327,-22.5271051436304,210.09388261453,0.168941497894453,0,0.00601175512497532,1.80660753078592,0.102399789748602,0.947446891208875,0.847696201326119,0.0235668956873389,4.18516160355193e+38,2.00430884923948,0.599524485897036,167305515.439574,1.24633325884646,0.977206547430356,0.117663242104666,7.07384150564677,12335082656.282,6419276132.12729,16267374496.7003,18579160.5224232,10727579.9499537,48704786.9137273,2171929198.84063,1195706728.74022,4108914860.11016,1.69230258276867,144.585375450406,0.040624574797693,0,0.00648921828097848,12.4096537761392,0.138573213999323,0.894847022564122,0.730123591541686,0.0192057378432747,2.05695802424818e+41,2.85685721511054,3.69404288622524,342416180.597864,2.46320403722379,2.04567204551433,0.0806826487945038,5.20824076759039,20644442881.1359,14171016200.1038,35781565425.1252,123246413.83556,33397342.4822113,119217615.757865,8748615344.52917,2856355754.97869,8817976901.99172,1.15784577306975,3919,214.925557535025,52.8795802200015,46.5348985734343
5.81446333360889,1.83540927315428,0.300302071092164,-0.132502005252143,10.6599014246793,0.000106849704787586,1.99758195662769,2.0003242029364,0.0501170956253114,1.00525969336152e+45,40.0713839166259,9.99807158501735,1544411400.73634,1.2294225263572e-15,1.71186208128379e-14,-16.0643737143213,-16.0283754432152,5868239.77138615,1500167.88132477,7368407.65271091,13797.453215336,3553.94410245456,17351.3973177905,625087.869290558,161009.956831151,786097.826121709,-19.2562400887406,5.30490927948237,1.93385267481716,0.31324651448145,-0.297000772083263,0.636369998939016,0.00974052190513913,1.80801755823768,2.00493386777743,0.0126198611862524,4.62656237122209e+43,37.5771229046753,1.05904309411294,1319158684.99061,7.74008227237703e-27,4.38373746663955e-24,-15.1234140093658,-14.5774795159545,6009947.09383249,55488592.6978049,60714912.0055604,679.097331197236,3737.24462255242,8118.90339065595,211713.273169377,1086299.52808215,1977750.70787765,-22.3480798826952,4.57429003356579,1.71506799761554,0.3,-0.5,0.0368653149372949,0.000578204608608237,0.827166295774914,1.05919330529628,0.00137676744561977,1.70030935377657e+43,35.2749475851038,0.463655908345248,934695205.038824,5.49489643803061e-75,9.82404119443551e-66,-15.9825014756273,-15.8254808865815,4472853.39113205,1566635.22523685,8118287.6209222,1.17890013493528,5.40499707145115,22.1032737164326,8424.59786453098,27685.0908511506,95319.6459864215,-23.9732172732714,6.29220506138854,2.12007437305862,0.414900551424788,-0.06042197214075,10.0998842239585,0.179947038233573,2.62079437462543,2.72168122081714,0.0369020421995595,1.06371993426599e+44,40.2729682521429,3.42888221656415,1745907073.38641,5.22341826592177e-09,2.29376221419742e-08,-13.8006687349464,-10.3460700833254,7456958.9169281,821395246.044574,839147592.514828,12259.2959123956,308617.712919529,320523.95857259,1126265.47764589,49900424.3413792,50990398.8959293,-21.1785890963313,0.730619245916578,0.218784677201618,0.0132465144814502,0.202999227916737,0.599504684001721,0.00916231729653089,0.980851262462765,0.945740562481152,0.0112430937406326,2.92625301744552e+43,2.30217531957155,0.595387185767696,384463479.951782,7.74008227237703e-27,4.38373746663955e-24,0.859087466261528,1.24800137062703,1537093.70270044,53921957.4725681,52596624.3846382,677.918431062301,3731.83962548097,8096.80011693952,203288.675304846,1058614.437231,1882431.06189123,1.62513739057611,0.987295781906171,0.186221698241463,0.101654036943338,0.236578799942513,9.46351422501948,0.170206516328434,0.812776816387749,0.716747353039702,0.0242821810133072,6.01063697143778e+43,2.69584534746757,2.3698391224512,426748388.395805,5.22341826592177e-09,2.29376221419742e-08,1.32274527441934,4.23140943262908,1447011.82309561,765906653.346769,778432680.509267,11580.1985811983,304880.468296976,312405.055181934,914552.204476511,48814124.813297,49012648.1880516,1.16949078636396,133273,150.072285210214,2.37083989009753,44.7405259704734
6.49586214680233,1.52012173615003,0.3,0.357630098810475,0.75726177696675,0.188323231303006,1.98849204150819,1.95110997138549,0.0476910717797844,4.8858239312818e+36,52.5152421037013,0.195429695919726,2682610898.15681,0.576248543267409,0.633429712040508,-16.6464809373475,-0.104915516566564,3143485947.15147,1823940838.87969,4967426786.03115,7206549.19443395,3753742.80115882,10960291.9955928,343098096.567448,178712720.240094,521810816.807543,-18.0370001720553,6.09119352266003,1.53368704352242,0.30555335589528,0.285893041558094,0.572951599534855,0.00136376782857863,1.98103819392328,1.83420300247169,0.0400510789524005,9.10675034999973e+36,52.9712407757437,1.40184800577822,2377778476.97085,0.306723957081247,0.351553413269643,-16.7328657081394,-1.1465553782413,1341506547.59728,605.671192066919,1488089452.13895,1242967.09500846,0.786466570447552,1691382.9716729,74924163.5497523,49.9663775826892,107154544.359399,-20.5271069893409,4.70432216760653,1.39349771221407,0.3,0.259254371977304,0.0193416475056375,3.97991522033586e-05,1.25143721205998,1.16737237684644,0.0242247358265837,4.9008541877299e+35,48.3551066464531,0.216490768833643,2025158398.55376,0.206509087929316,0.241902858957829,-17.2005606360016,-6.22303468216288,334411737.534295,0.309559390656348,334425065.049258,140587.158307109,7.1021346480518e-05,400585.214485858,9234139.32610271,0.00381161222383311,27247821.9055572,-21.8532271285285,7.80633097551796,1.60838103514971,0.360439158353936,0.321867023015553,12.2019691104413,0.142159046746131,3.17777348537996,2.59142232801707,0.0501187233627272,1.13408679112593e+39,56.4462319768257,5.99726989657216,2687450165.09297,0.501481229873495,0.552552110181939,-16.38496010307,2.02987300003917,3095481638.01002,1279014930.5875,4195622797.94003,3962865.06552594,1062954.84482469,5414302.83854163,265181536.692004,66629665.307031,386947294.442076,-19.4366371806206,1.38687135505349,0.140189331308352,0.00555335589528,0.0266386695807899,0.553609952029217,0.00132396867637527,0.729600981863302,0.666830625625247,0.0158263431258168,8.61666493122674e+36,4.61613412929069,1.18535723694458,352620078.417095,0.100214869151931,0.109650554311814,0.467694927862215,5.07647930392158,1007094810.06298,605.361632676262,1153664387.08969,1102379.93670135,0.786395549101071,1290797.75718704,65690024.2236496,49.9625659704654,79906722.4538418,1.32612013918756,1.71513745285793,0.0746939916272882,0.0548858024586564,0.0359739814574597,11.6290175109065,0.140795278917552,1.19673529145668,0.757219325545382,0.0100676444103267,1.12498004077593e+39,3.47499120108191,4.59542189079394,309671688.122114,0.194757272792248,0.200998696912296,0.347905605069407,3.17642837828047,1753975090.41275,1279014324.9163,2707533345.80109,2719897.97051749,1062954.05835812,3722919.86686873,190257373.142252,66629615.3406534,279792750.082677,1.09046980872031,23392,34.3816706833193,-5.30375705537988,38.9656475351682
5.64264661543636,-1.99975609743153,0.437467395307908,-0.409978400215393,0.0031691640087307,6.17502970242375e-05,1.99170481729995,2.00364317263071,0.000100028467920959,6.73340599428841e+42,39.9555923034347,1.00044762471925,204069269.209503,0.595833344267944,0.553821895873689,-18.4235206531113,-12.4150675924062,1701371105.85853,25318.1631449461,1701396424.02168,3935613.24848557,60.527550374785,3935673.77603594,161296933818173,2480657440.29463,161299414475613,-18.9351649617686,3.39505337249443,-1.95288299713317,0.52711989230824,-0.394981511875294,0.0219428487358233,0.00143023351260545,1.84284988884905,1.98611066061079,0.00023603507881868,3.27564131275899e+42,40.4358818381366,0.681466377579068,227910496.926724,0.601911316144736,0.564168535920796,-18.3661928518516,-13.2001080791603,1736657247.02847,691915.000285149,1740053715.62023,10.8165771319892,0.00402993555820264,10.9890185470644,36421864.4499068,7333.7078267363,36475599.1526099,-22.343609194122,2.61940350691068,-2,0.473067342207509,-0.430179614578344,0.00505401706579999,0.000190218174879224,0.839296548027894,1.05253877237017,0.000102967334325421,7.90238015995908e+41,37.9683069747289,0.174170047324279,204612760.071677,0.544314528079409,0.511107404002332,-18.4631493304137,-14.6722960245322,1338438922.87316,29844.3674510479,1338629383.20477,0.391982676546887,7.46405024373154e-05,0.431526346949088,1401492.0698976,325.527512802232,1445819.0012748,-23.8979405841965,4.73394864105033,-1.68961780148014,0.776254620415333,-0.353687176298351,0.119313693082909,0.00874216139201407,2.68980131131285,2.66896312874526,0.00075031080108395,6.81957673348947e+42,43.8604072638087,2.79610989802736,249990412.747267,0.657049850691175,0.61441853827184,-18.192675814903,-9.32699263566694,2375460689.94448,8249622.21806819,2382610959.92682,169.041275509841,0.129501247029838,170.983354445429,142641604.120388,219516.15474723,142788195.134283,-21.074740586597,0.775649865583749,0.0471170028668289,0.0540525501007309,0.0351981027030503,0.0168888316700233,0.00124001533772623,1.00355334082116,0.933571888240618,0.00013306774449326,2.48540329676308e+42,2.46757486340768,0.507296330254789,23297736.8550469,0.0575967880653262,0.0530611319184638,0.0969564785620385,1.47218794537197,398218324.15531,662070.632834101,401424332.415461,10.4245944554423,0.00395529505576533,10.5574922001153,35020372.3800092,7008.18031393407,35029780.1513351,1.55433139007451,1.3388952685559,0.263265195653027,0.249134728107093,0.0412943355769425,0.0973708443470854,0.00731192787940862,0.846951422463799,0.682852468134465,0.00051427572226527,3.54393542073049e+42,3.42452542567217,2.11464352044829,22079915.8205431,0.0551385345464397,0.0502500023510439,0.173517036948635,3.87311544349331,638803442.916015,7557707.21778305,642557244.30659,158.224698377852,0.125471311471635,159.994335898365,106219739.670481,212182.446920494,106312595.981673,1.26886860752502,93339,150.106275512121,2.30311897189149,43.746483363423
4.02175308664078,0.950342065461772,0.3,0.152262905580148,0.0300352667096356,1.00008165787364e-05,1.99892347401606,2.00000816063733,0.000131620093111013,3.87324515718289e+36,41.3938421450057,0.563580327673857,1422983287.2601,0.241337359766012,0.304825060966114,-18.2311766773806,1.00787425056711,734458176.376612,0.00856949993772105,734458176.385181,1733262.59674818,2.02837834297472e-05,1733262.59676847,30336290559912.8,355.015304047754,30336290560267.8,-17.8668698505856,2.28320702867931,0.879042928112029,0.414665270261561,0.173261296538455,0.328867857592382,0.000215329990585763,1.41456950820054,1.75588131870598,0.0036474231588141,3.56764097405941e+37,33.5974782111119,1.80357204726799,1072180973.77036,0.614680443004502,0.70278543006072,-18.2700092784482,2.90241298094053,2719207969.82679,0.636869406632286,2719207969.91096,18599.3758468031,1.10968427321739e-05,22730.5214172017,19698738.3340985,0.00636851701934494,22687161.6257658,-22.7558779799424,1.2652293298068,0.777090526854957,0.3,0.0394705315985389,0.0362537467468733,1.53705235682187e-05,0.852067092228996,0.901223080929021,0.00124220163251742,5.73571059492239e+35,32.7267752482234,0.272201051563064,886328725.85997,0.405429172166495,0.484181658853267,-18.3436168707146,-3.46802790837084,953662490.879196,0.000816598529456769,953662491.314425,663.386844264101,3.57827766517774e-09,728.662100328617,2669791.06851952,1.80001223106662e-05,2669791.0709011,-23.8951104806116,2.88388549553504,1.16067768792643,18.5968695801081,0.532925688152763,3.85549026637401,0.0882561773147011,2.08141742358264,2.67619679345952,0.010545815990988,8.60529210155269e+39,36.486395317092,6.78799109211724,1237192258.68803,1.3340497654682,1.3340975105609,-18.1962309699935,11.6988159405986,9206878983.05271,1590256481.98916,10714208361.1343,359267.249058707,13222.861923625,472801.799132692,222881899.69756,14442662.0099902,326952054.314538,-20.8463332577304,1.01797769887251,0.101952401257072,0.114665270261561,0.133790764939916,0.292614110845509,0.000199959467017545,0.562502415971539,0.854658237776961,0.00240522152629668,3.51028386811019e+37,0.870702962888458,1.53137099570493,185852247.910395,0.209251270838006,0.218603771207452,0.0736075922663844,6.37044088931137,1765545478.94759,0.636052808102829,1765545478.59654,17935.989002539,1.10932644545087e-05,22001.859316873,17028947.2655789,0.00635051689703427,20017370.5548647,1.13923250066924,0.60067846685573,0.281634759814404,18.1822043098465,0.359664391614308,3.52662240878163,0.0880408473241153,0.666847915382103,0.920315474753534,0.00689839283217392,8.5696156918121e+39,2.88891710598007,4.98441904484925,165011284.91767,0.719369322463693,0.631312080500183,0.0737783084547843,8.79640295965809,6487671013.22593,1590256481.35229,7995000391.22336,340667.873211904,13222.8619125281,450071.27771549,203183161.363462,14442662.0036217,304264892.688772,1.90954472221195,7903,189.122526841303,62.2928575968151,47.6066693970884
1.08134383988084,1.51161653230306,99.9999810176947,0.273660018515557,0.117932315949555,0.0279703222900979,2.00452621505265,2.00000775527172,0.0501187233627272,9.86477392252483e+37,45.5871057717048,0.214020455602662,1102100629.73254,1.08122212736625,1.081229217248,-18.4326691994805,-3.54159144116846,2445563136.24017,1416.50129084604,2445564552.74146,5860669.24680922,3.35281797078767,5860672.59962718,265506555.108201,151.893087946118,265506707.001289,-25.5630999202402,1.15937863377269,0.846384641833877,12.1048352008529,0.199022287378467,0.466945401526661,0.000116386028073695,2.09318295357693,1.78098866359586,0.01248781463539,4.66007028162998e+36,47.6888154169597,0.677002123376776,877412313.213647,1.09484369385425,1.09238090713382,-18.4946314695244,-0.108062182815505,5546739435.94769,0.897434981450715,5548721529.2106,1872121.9716387,0.000214181893380735,1872121.97217058,353456608.013441,0.0291958824065686,353980266.499361,-29.3134522904449,1.02021521083225,-1.64195652899862,3.38118852285586,-0.361496519120536,0.113508847635815,1.69528897364964e-05,1.44719284224719,1.03502736549645,0.00431776766219031,2.10350034823292e+35,45.4512562231209,0.148831561533128,681056391.92872,0.977541907754124,0.980453069910779,-18.5678959455714,-3.57778928433086,2255889346.27035,0.0148355687256299,2255889356.48244,182238.575556593,1.05643456115883e-06,190679.590794046,66000841.6710084,0.00028830745903249,66355772.7257316,-31.6905663824539,2.70263342880104,1.59041916069974,49.1079187415661,0.842699137836381,3.73633870330534,0.00759867681000306,2.6482152547602,2.57534863019579,0.047225581466067,9.0083144647925e+37,49.176871932571,3.95076528212998,1061394110.70452,1.59261386442548,1.53622595372258,-18.4325089850889,3.02958464074595,11117263603.5304,14859953.1735818,11243855833.2006,7664515.60899007,621.476132361059,7664515.60915671,1039824620.03921,210593.608339865,1039824620.04367,-27.2586052728426,0.139163422940446,2.4883411708325,8.723646677997,0.560518806499003,0.353436553890846,9.94331383371984e-05,0.645990111329745,0.745961298099414,0.00817004697319973,4.44972024680669e+36,2.23755919383873,0.528170561843648,196355921.284927,0.117301786100124,0.111927837223042,0.0732644760470791,3.46972710151536,3290850089.67734,0.882599412725085,3292832172.72816,1689883.3960821,0.000213125458819576,1681442.38137654,287455766.342432,0.0289075749475362,287624493.773629,2.37711409200908,1.54325479502835,0.744034518865863,37.0030835407132,0.643676850457914,3.26939330177868,0.00748229078192936,0.55503230118327,0.794359966599928,0.034737766830677,8.5423074366295e+37,1.4880565156113,3.2737631587532,183981797.49087,0.497770170571227,0.443845046588762,0.0621224844354913,3.13764682356145,5570524167.58268,14859952.2761468,5695134303.99006,5792393.63735137,621.475918179165,5792393.63698613,686368012.025766,210593.579143983,685844353.54431,2.05484701760227,1444,214.845489479547,52.8482920229715,65.5814742484593
4.11717993794538,1.44964077860994,0.300007260517792,-0.499990346104012,0.00330078180990106,1.16520169997567e-05,1.99958469737174,1.99800284701004,0.0501150328836127,9.21665101733054e+43,41.4489854894064,2.00002229232523,799949249.377235,5.02186527766167e-49,1.9145669794546e-41,-16.7318359796883,-16.7143203355958,3804237.04070902,131661.433549881,3935898.4742589,8994.04979860673,309.923114774136,9303.97291338087,407488.450397064,14041.5155140799,421529.965911144,-24.6125536258489,0.929198750864901,1.28495942832712,3.65841755403841,0.0574141393818477,4.63061462059734,5.72266219582471e-05,1.62422439961714,1.72074982330784,0.0200748860617158,1.52934066747318e+40,41.6346132794502,1.20081100126422,742149136.382176,0.751243389318513,0.754305842483876,-17.6587068332452,-7.92894843196711,5077265262.56454,2838008.037724,5085594445.17467,462683.583818215,120.737693061326,464199.652561108,69078806.0587291,22701.0617837295,69307954.0770205,-30.5586703590322,0.766170504494257,0.652349232475688,0.732122870581784,-0.383382938071207,0.348292906433297,1.3075094495998e-05,0.917019147841935,1.14568736414232,0.00475005356956565,6.75451495412103e+35,37.6325379866739,0.202964779763223,655783412.500254,0.367787658774399,0.400017541464391,-17.883201016004,-14.1714341316336,1812122955.02172,72.2143025877886,1812123105.21559,9919.29498206788,0.0262074938082829,10182.221450267,4790147.64007833,2.39153640803319,4991753.17895886,-31.1854263452234,1.44310144173596,1.6548996214757,42.3246484611591,0.690656489568893,24.9415077049348,0.00068681409190361,2.55056418635912,2.38183722526856,0.044964951419775,4.04237206296606e+42,44.0579803916095,6.26944048848244,836777815.687563,0.940627626869235,0.940869987603093,-17.2482865003911,3.332837343637,6238247372.76122,9023877.65972366,6244910402.03804,4018440.30418337,5617.82686819728,4028813.47773931,552288927.995167,613783.642632361,552334305.301831,-29.8463557784117,0.163028246370643,0.63261019585143,2.92629468345662,0.440797077453054,4.28232171416404,4.41515274622491e-05,0.707205251775203,0.575062459165521,0.0153248324921501,1.52927312232364e+40,4.00207529277633,0.997846221500997,86365723.8819218,0.383455730544114,0.354288301019485,0.224494182758814,6.24248569966653,3265142307.54282,2837935.82342141,3273471339.95908,452764.288836147,120.711485567517,454017.431110841,64288658.4186508,22698.6702473215,64316200.8980617,0.626755986191274,0.513902690871061,0.369940193148586,38.6662309071207,0.633242350187045,20.3108930843375,0.000629587469945363,0.926339786741986,0.66108740196072,0.0248900653580592,4.02707865629132e+42,2.42336711215925,5.06862948721822,94628679.3053873,0.189384237550722,0.186564145119217,0.41042033285407,11.2617857756041,1160982110.19668,6185869.62199966,1159315956.86337,3555756.72036516,5497.08917513596,3564613.82517821,483210121.936438,591082.580848632,483026351.22481,0.712314580620479,104399,34.3036331425157,-5.2426518988062,60.2936817772553
267.708716371798,-1.99979839858087,0.673638743963739,-0.18812470243271,26.4380593178644,2.17830024359978e-05,1.99780378613955,2.00016830962733,0.0501184901043418,9.66480001682155e+38,48.6283998834682,8.80581473690627,1246981098.22866,7.01184537335146,5.99208787809625,-19.65350266193,-6.19152402062772,46919116543.1266,68732595.0693113,46987849138.1959,110384156.481237,162759.899335051,110546916.380572,5000769074.96246,7373564.26125411,5008142639.22372,-32.0462076260731,212.554189565027,-2,0.755831671537866,-0.161702174944673,5.90052686338396,0.0114544332520117,1.81010570292195,1.98898989050606,0.0445989942932081,2.64148150632459e+38,49.80212013823,0.809742904014555,1289444716.26216,7.00845358226695,6.02091394488284,-19.6411050017643,-4.81677911800049,46635384291.6383,609630185.418107,47610989225.5055,28404968.1087938,302550.060087018,31801263.2389955,2464631592.43288,19922717.3199016,2778562624.2625,-33.9056235839317,133.407775138493,-2,0.676324658671479,-0.184928667930016,1.57610851436157,0.000424785213487471,0.827174418932397,1.06916358789043,0.0161649628029323,7.66842703398995e+35,47.8084990908947,0.147363228160396,1186524365.10081,6.53448046392205,5.66186153260658,-19.7040637243643,-10.445080135602,42893491935.7185,73818205.3796711,44437670584.9636,1020129.15650921,17576.0263142267,1636698.03071203,72608609.4995213,1178745.51584743,152434879.174159,-35.5223210636943,269.082230232833,-1.9365731122598,0.889429887120079,-0.146128538034554,21.8255515626042,0.162501119380454,2.63109850671679,2.72443251721439,0.0501187233627272,4.31481800909201e+40,52.6795578393637,4.61787711478228,1444355625.07759,7.63601087130269,6.55649012335428,-19.5616693631355,1.72534438838635,50657929657.6213,9593731347.53427,58314977673.4042,179443538.57578,4808205.00225711,182839489.449833,9322342217.87915,622184648.621705,9746773435.26606,-32.8455982380066,79.1464144265334,0,0.0795070128663865,0.0232264929853436,4.32441834902239,0.0110296480385243,0.982931283989549,0.919826302615634,0.0284340314902758,2.6338130792906e+38,1.99362104733525,0.662379675854159,102920351.16135,0.473973118344899,0.359052412276254,0.0629587225999408,5.62830101760148,3741892355.91982,535811980.038436,3173318640.54194,27384838.9522846,284974.033772791,30164565.2082835,2392022982.93336,18743971.8040542,2626127745.08834,1.61669747976262,56.5280406678059,0.0634268877402022,0.133598215582213,0.015573636910119,15.9250246992202,0.151046686128442,0.820992803794839,0.735442626708323,0.00551972906951912,4.28840319402876e+40,2.8774377011337,3.80813421076772,154910908.815432,0.627557289035735,0.535576178471446,0.0794356386288442,6.54212350638684,4022545365.98292,8984101162.11616,10703988447.8987,151038570.466986,4505654.9421701,151038226.210837,6857710625.44627,602261931.301803,6968210811.00356,1.06002534592511,115903,34.2645908074605,-5.23255427263782,67.7399908619351
7.3368800445604,1.00748426254997,0.3,0.423052221731953,3.40366908715364,1e-05,2.01485467402743,2.00000228871979,0.00430967099604734,1.39469483466006e+36,44.9304747990928,0.332097628005448,2831693044.77608,2.44533436470309,2.59421795991127,-19.3389414159313,1.18518193173784,17137864670.1631,0.00660062085802338,17137864670.1697,42234259.1970749,1.56232456567766e-05,42234259.1970905,22250962385.8427,0.00823104887033966,22250962385.8509,-24.7626820209972,5.0306949355619,0.768793820076674,2.1689715236756,0.239747581017422,7.2458002197146,0.0147360689642846,1.92804848957665,1.97847747937798,0.00809136242889775,1.27510610054402e+37,46.2845076812446,0.823490070425492,2586870598.31032,3.8128760774243,3.82083024782204,-19.3489459727294,-1.06060997075625,25787342320.0239,649101220.635401,26967797514.8781,2887960.02706363,58851.7332168882,3081045.71478031,964462306.980479,17025985.5507193,1057945160.39142,-29.6786805263103,4.14811740537193,0.2211146954908,0.3,-0.359896476180816,1.49619651473969,0.000273204987960203,0.949684471065243,1.13956958447029,0.00386477739747945,3.61132288266902e+35,44.5020326809436,0.147343231559144,1859125538.08068,2.36563464727531,2.53196878004931,-19.403676162156,-6.65500732702322,16221557426.5336,21129130.7215404,16228551652.0553,84843.91660251,383.264373679546,184501.29349187,49214305.2918927,248377.056304872,110833983.307322,-31.1655642743474,6.24545527821196,1.0162214922239,17.7658383282614,0.566725451447093,24.5236059613295,0.14185713604269,2.57941244999276,2.72130032483312,0.0189230289001358,1.9069090957938e+39,49.2661275478208,3.9801118838085,2894864376.43176,4.53235796815428,4.5008035980389,-19.2833087538214,2.69920582350765,31136037350.3587,6799164518.13146,37962708898.1416,26059980.1303121,1170784.93253233,26869290.2662035,4165107079.4263,342395297.313332,4470871385.54691,-27.5338488003189,0.882577530189969,0.547679124585874,1.8689715236756,0.599644057198239,5.74960370497491,0.0144628639763244,0.978364018511407,0.838907894907695,0.0042265850314183,1.23899287171733e+37,1.78247500030095,0.676146838866348,727745060.229642,1.44724143014899,1.28886146777273,0.0547301894265502,5.59439735626696,9565784893.49037,627972089.913861,10739245862.8227,2803116.11046112,58468.4688432087,2896544.42128844,915248001.688587,16777608.4944144,947111177.084093,1.48688374803709,1.21476034265006,0.247427672147227,15.5968668045858,0.326977870429671,17.2778057416149,0.127121067078406,0.651363960416114,0.742822845455135,0.0108316664712381,1.89415803478836e+39,2.9816198665762,3.15662181338301,307993778.121444,0.719481890729977,0.679973350216854,0.065637218908023,3.7598157942639,5348695030.33476,6150063297.49606,10994911383.2636,23172020.1032485,1111933.19931544,23788244.5514232,3200644772.44582,325369311.762613,3412926225.1555,2.14483172599138,5090,189.261321390821,62.2319696577589,66.3600405803874
5.60061741602019,0.724579002323723,75.5308290894093,0.102688622409191,4.74723735341041,0.132723309848216,2.00284194694266,2.00065992068101,0.00514928295144756,2.2553343470861e+35,39.8724416975971,1.48960557102292,2812523738.91366,5.60036375063691,5.60039405396528,-19.7113170595497,7.32307779924737,39418420892.4626,9027845894.4302,48446266786.8928,94030436.4756401,21406979.2786478,115437415.754288,41461950699.2417,9439232154.37719,50901182853.6189,-30.512135747054,5.93253549124354,0.578654352160888,7.22868761335846,0.208262410859006,8.53644116322052,0.0052752236240329,1.90287912099298,1.79724685317069,0.0215461605137524,6.78350185902733e+36,45.8804344770185,1.44297677679482,2557448382.01188,5.76472064960253,5.77700623218774,-19.67318334409,-0.315838891095815,38907268852.3698,303287229.828803,39619502680.7966,10927300.0227984,116123.045237708,13869357.3601577,2273130305.05018,15470790.8560236,2668592462.77484,-32.1302221342836,5.32861906096014,0.260720649384702,1.11983060789898,-0.359288055413265,2.33336851070894,3.24778929549322e-05,1.18016499025641,1.01498881712625,0.00532651075145971,4.1776609062671e+35,41.6570923300966,0.213611104787044,2115060908.12307,5.14541723440682,5.16570541389418,-19.738894367749,-4.03148631736628,34769690180.8913,54259133.6764133,35439027742.8151,559636.804455875,2051.21270952157,1103010.04814819,195557303.675662,471908.452684502,397986990.752382,-33.492555906032,6.63712474573805,0.785833111527181,46.3056279173939,0.757101601590212,26.6571140479532,0.151502232291675,3.1852677067874,2.66829563951287,0.0403509905078568,1.56733665431028e+38,48.7723732376128,6.66312072999385,2979674184.88848,6.42552376804341,6.44966854921714,-19.582519439302,3.38032870888594,43249608072.1816,10467719662.8775,52643058164.4025,122830221.999027,1655879.18963045,123139548.697824,8911613960.99853,291336475.093472,9026068685.89259,-31.3038792417147,0.603916430283404,0.317933702776186,6.10885700545948,0.567550466272271,6.20307265251158,0.00524274573107797,0.722714130736566,0.782258036044436,0.0162196497622927,6.36573576840062e+36,4.22334214692193,1.22936567200778,442387473.888813,0.61930341519571,0.611300818293561,0.0657110236590661,3.71564742627047,4137578671.47852,249028096.15239,4180474937.98154,10367663.2183426,114071.832528186,12766347.3120095,2077573001.37452,14998882.4033391,2270605472.02246,1.36233377174842,0.704589254494509,0.207178759366293,39.0769403040354,0.548839190731207,18.1206728847327,0.146227008667642,1.28238858579443,0.871048786342176,0.0188048299941044,1.49950163572001e+38,2.89193876059428,5.22014395319903,422225802.876598,0.660803118440881,0.672662317029399,0.0906639047879203,3.69616759998175,4342339219.81185,10164432433.0487,13023555483.6058,111902921.976228,1539756.14439274,109270191.337666,6638483655.94835,275865684.237448,6357476223.11775,0.826342892568853,8875,189.15196401271,62.2596504996775,60.9401132045077
3.80121974802188,-1.26364423214871,99.9950726777556,0.601793430175209,0.832353703445131,0.124739219813426,1.99971485508261,2.00200955787089,0.0501186746680072,3.60129859926039e+45,39.9999966624978,2.77887423224672,766652029.767438,2.06573604038236,1.96427996565726,-18.1785959287754,-14.1754110323012,11654288318.8968,9485624647.63766,21139912966.5345,27563157.5451331,22575905.2893337,50139062.8344668,1248698025.73726,1022759758.85063,2271457784.58789,-22.5416071129972,5.08883870828049,-1.78048644114695,16.402808553441,0.0273456006179785,3.05834570235004,0.0373841133937907,1.84231819103594,1.9621001172064,0.0398287736103343,3.79809772640781e+45,37.4232625902341,2.63017928904523,754057149.543879,2.04067083353882,1.92980352902184,-18.2857230563655,-14.5399001245228,13364542590.6714,3199184724.89039,16274628640.7926,9836947.14297374,1638868.009047,20451884.1177561,798695004.391963,92883264.2549191,1477382082.29747,-25.7365395400482,4.48563095457932,-2,4.78124633201789,-0.43431350609109,1.15764015875169,0.00321077437882521,0.842284319288189,1.03732762768885,0.0248661128284502,2.75828660645456e+45,35.8643262541798,2.23854818973941,657953073.895195,1.78750838857089,1.69245382772572,-18.3560367057965,-14.8895853618528,11225004967.8436,311204441.377555,12185727097.4291,384574.487137375,74669.3348068735,892561.179377887,22569426.8630854,4291670.92377503,52546031.5124716,-27.5644144334027,5.7831407994489,-1.54640069716154,64.098123784231,0.669248686764495,18.6140385980333,0.114692707313765,2.62545756140562,2.70683809577128,0.0501187233627272,5.52331142240054e+45,39.4763852074897,3.07947596160411,864358325.096268,2.351932179795,2.22571476111048,-18.2256936293039,-13.8071325108545,15649593412.0717,8707484068.49295,23646230289.9593,43875176.9463926,16559382.4714506,53648072.3042536,2561383601.34125,1215444537.58329,3463418841.47208,-24.313625956805,0.60320775370117,0.219513558853051,11.6215622214231,0.461659106709068,1.90070554359835,0.0341733390149655,1.00003387174775,0.924772489517554,0.0149626607818841,1.03981111995325e+45,1.55893633605429,0.391631099305823,96104075.6486843,0.253162444967931,0.237349701296125,0.0703136494309291,0.349685237329991,2139537622.8278,2887980283.51284,4088901543.36348,9452372.65583637,1564198.67424013,19559322.9383782,776125577.528877,88591593.3311441,1424836050.785,1.82787489335452,0.694302091168407,0.234085743985411,47.6953152307899,0.641903086146517,15.5556928956833,0.0773085939199741,0.783139370369678,0.744737978564873,0.0102899497523929,1.72521369599273e+45,2.05312261725564,0.449296672558877,110301175.552389,0.311261346256187,0.295911232088635,0.060029427061604,0.732767613668319,2285050821.40026,5508299343.60256,7371601649.1667,34038229.8034188,14920514.4624036,33196188.1864974,1762688596.94928,1122561273.32837,1986036759.17461,1.42291358324323,8153,214.924120690059,52.8490558162263,53.9679097064625
700.775274955912,-0.638773113677734,1.71074061701045,-0.0544935573394161,13.9492801183371,2.07390148837072,1.67264658657856,1.57482095620095,1e-04,2.04117018016929e+40,28.5214309016517,0.277840923576238,245726919621.864,550.413082681176,533.563633644897,-19.7103047613831,-2.28254980446395,4234478423239.07,4233888945100.95,8468367368340.03,3211733051.63934,2113235003.16166,5324968054.80101,131745670358610000,86685150241457800,218430820600068000,-26.1894762140232,266.235421826002,0.548409484871668,4.88847128996445,0.121543587766006,12.9305629343451,1.67006731754536,1.71036824058937,1.85798801779368,0.00037028918910086,2.30548382576348e+38,27.7057077589426,0.77470404134851,189896059624.793,238.476453447094,238.778663939439,-19.872904296613,6.19715754547075,1733483893981.87,2049298244653.03,3765010073540.27,25722.5483042939,24121.1278957447,89827.0002413414,27071094911.8677,44704376744.6061,95767516107.5582,-30.3213189711723,204.02273962032,-0.452284343299184,0.729788295671867,-0.383913985732183,5.89389403507526,1.52454922593418,0.72621359875179,0.92583714244707,0.000154526191752447,9.97363123464408e+35,25.6581370360311,0.147561198658719,163100844773.93,175.021778117165,177.08147432604,-19.9753384444966,-0.496390517919131,1254785004030.86,1531678028490.27,2797896476331.35,289.950495109719,1711.42603179003,3629.19677511904,1389193892.66687,2582682736.66753,15739566591.6351,-31.7521121679907,396.368568871534,1.21343927109869,37.7934970174685,0.615167084194129,27.5781553743402,1.8816276829556,2.57901309694825,2.66047768140889,0.000688497650652115,2.35484823826486e+40,30.5770270579492,4.44364554139838,226358623526.047,346.311319931278,342.79699235202,-19.7700189174436,12.4575891123035,2551163706401.91,2913785738434,5440517205585.76,550985.128408436,457182.812029421,1053732.9029745,105545695236.359,142113298857.15,220071418850.627,-28.7343060987366,62.2126822056814,1.00069382817085,4.15868299429259,0.505457573498189,7.03666889926985,0.145518091611177,0.984154641837578,0.932150875346605,0.000215762997348413,2.29551019452883e+38,2.04757072291146,0.627142842689791,26795214850.8633,63.4546753299297,61.6971896133992,0.102434147883546,6.69354806338988,478698889951.014,517620216162.766,967113597208.923,25432.5978091842,22409.7018639547,86197.8034662224,25681901019.2008,42121694007.9386,80027949515.9231,1.43079319681843,130.133147045532,0.665029786227022,32.905025727504,0.493623496428123,14.6475924399951,0.211560365410245,0.868644856358885,0.802489663615214,0.000318208461551254,2.33179340000723e+40,2.87131929900665,3.66894150004987,36462563901.2543,107.834866484184,104.018328412581,0.102885379169408,6.26043156683273,817679812420.038,864487493780.972,1675507132045.49,525262.580104142,433061.684133676,963905.902733156,78474600324.4911,97408922112.5444,124303902743.069,1.58701287243568,5480,214.895621973593,52.8565003682318,61.8537387229987
9956.85423533535,-0.399193298345748,0.300135357643028,0.999907858709579,2.18483535581267,0.539087261427086,2.0049850114141,2.01217071787831,0.0368872342434257,5.6262868081682e+44,38.9306128706144,1.58680472529704,35420239.2448143,2.16077962132433,0.389811321558423,-16.1776121177716,-14.7657915419843,17630360630.7065,8762835019.69144,26393195650.3979,42303192.5610166,21439661.4218503,63742853.9828669,2603904704.55195,1319683736.86772,3923588441.41967,-14.5139059785456,0.0844518721278107,-0.465144656202221,1.60652477424067,0.420346594096811,1.59273331230286,0.000289533348913868,1.64607286658277,1.7729401844201,0.00388893197915534,5.06059260584444e+44,39.1870693072278,1.7886980290608,4890740.45490466,0.013866649496977,0.0124570754347468,-16.1075400881344,-15.7182606429363,50311386.7413117,5045229.69770785,108687106.519374,46.280543247494,58.3024340572306,758.680363829811,259440.952827527,81629.5807790781,1428324.36501727,-17.3147842736676,0.00994115435154523,-1.55511327716514,0.321521142453787,-0.264982216573784,0.0170136662968108,2.17567340909208e-05,0.807977367453015,1.08878176730233,0.000371081297145677,3.57078751851873e+44,34.6528668093526,1.25967608921471,1.1055927336525,4.53637543219867e-08,1.22562548442885e-08,-16.5153523702018,-16.2396376323978,366.954322514003,378680.333334045,14232662.6308742,0.00284809708187823,0.0482008613260838,0.863582444737906,13.0175968829407,4468.81407473012,91833.0673207715,-18.8723070766532,799.05055463061,0.685670970576767,34.723828991657,0.898304561296769,18.7917359936683,0.00396828314292283,2.90271093378769,2.54661334782835,0.0282612894569994,6.70544035135522e+44,40.1432135117779,2.09565810873319,40663838.0385967,0.0961242242891072,0.0930358934455991,-15.7851401740063,-15.0535424279184,541940906.556937,81959283.5884289,1250752152.74481,17124.3732711239,8248.28458025135,43632.2070899023,7647029.81245657,3106980.11910852,39540399.8599713,-15.9482121439985,0.0745107177762655,1.08996862096292,1.28500363178688,0.685328810670595,1.57571964600605,0.000267776614822947,0.838095499129758,0.68415841711777,0.00351785068200966,1.48980508732571e+44,4.53420249787515,0.529021939846092,4890739.34931193,0.0138666041332226,0.012457063178492,0.407812282067408,0.521376989461576,50311019.7869892,4666549.36437381,94454443.8884994,46.2776951504121,58.2542331959045,757.816781385073,259427.935230644,77160.766704348,1336491.2976965,1.55752280298563,798.966102758482,1.15081562677899,33.1173042174163,0.477957967199958,17.1990026813654,0.00367874979400897,1.25663806720492,0.77367316340825,0.0243723574778441,1.64484774551078e+44,0.956144204550156,0.306960079672392,35773097.583692,0.0822575747921302,0.0805788180108523,0.32239991412809,0.664718215017899,491629519.815625,76914053.8907211,1142065046.22544,17078.0927278764,8189.98214619412,42873.5267260725,7387588.85962904,3025350.53832944,38112075.494954,1.36657212966915,57337,34.2324191948354,-5.28062291657354,33.7629354705822
5.00054671202127,0.850175766864406,0.300368961963201,0.322348059700735,29.827304961961,1.4042283407825e-05,2.05142645443906,2.0439620041354,0.0197658117565733,2.34124145247568e+43,42.7144509564048,1.99935049554715,1833928346.5125,1.39788418299508,1.53721544828789,-18.5023529053141,-15.9021410103281,9296298712.96245,10206152.95509,9306504865.91754,25197037.5025725,27143.9974023228,25224181.4999749,2894428748.3796,3118079.51308573,2897546827.89268,-27.6976029196104,5.13644137351112,0.835532670476837,0.329160825931693,0.200271576520261,2.82561875390607,0.00369213824322272,1.81277261327633,1.99203568514885,0.0114012855259369,4.04745160997215e+38,43.9022960984893,0.780784447701452,1882249359.04157,1.06412607447074,1.2286428438584,-18.5107705974571,-4.4629640691827,7033007872.51431,43287467.1236668,7103280120.07991,686911.890597553,902.775874073298,800930.716439615,209251915.007199,520868.780939544,226629645.640504,-30.452870765094,4.71279153570114,0.633313995835267,0.3,-0.110720174408118,0.213902199479599,0.000262836563994805,0.811280196637423,1.07788038074673,0.00256219106028187,3.94058391550187e+36,41.9901856205034,0.149296591814692,1763765455.35172,0.552720309626147,0.742316303610806,-18.588816098674,-13.5023677253576,1563510182.73527,443.908800734803,1573406959.14254,4857.95149291466,0.0434605628469101,5013.15634819782,5878537.68025741,13.9049205397591,7114446.46598106,-32.6229312342671,6.26690529269593,0.933098805629916,0.364940585945093,0.326372022297282,18.4510046778327,0.0308563469974228,2.62771298873637,2.73371510813777,0.0238322666051434,1.70144562091324e+42,46.8826312731556,4.43522299093431,2077643574.03165,1.50194547682936,1.65628811138752,-18.4152801648232,0.291740506275932,10086419086.6326,638638263.200723,10677650736.2236,8670243.71653241,266296.905330318,9354044.9249207,1324691783.52121,53223402.2062932,1443648915.3928,-28.8970188136812,0.423649837809978,0.20221867464157,0.0291608259316935,0.310991750928379,2.61171655442647,0.00342930167922791,1.00149241663891,0.914155304402118,0.008839094465655,4.00804577081713e+38,1.91211047798595,0.63148785588676,118483903.68985,0.511405764844593,0.48632654024759,0.0780455012169128,9.03940365617491,5469497689.77905,43287023.2148661,5529873160.93737,682053.939104639,902.732413510451,795917.560091417,203373377.326941,520854.876019004,219515199.174523,2.17006046917306,1.13046391918481,0.0975661351530793,0.0357797600133997,0.126100445777021,15.6253859239266,0.0271642087542001,0.814940375460043,0.741679422988923,0.0124309810792065,1.70104087575224e+42,2.98033517466629,3.65443854323286,195394214.990077,0.437819402358616,0.427645267529125,0.0954904326338806,4.75470457545863,3053411214.11824,595350796.077057,3574370616.14374,7983331.82593485,265394.129456245,8553114.20848108,1115439868.51401,52702533.4253537,1217019269.7523,1.55585195141286,37806,53.1265354803478,-27.8180930847436,62.762838235524
2876.62045705346,-0.451233071079554,0.315262948872744,0.563908981981513,2.12377576515567,0.766884688267276,1.85106350000977,1.96713929769474,0.0244763106893601,9.271789408625e+43,44.3116267065333,9.99085986890667,1663815981.31255,50.1998698889813,19.1671576057893,-19.5708517248592,-15.8218641165489,390355081961.023,107908274043.426,498263356004.449,583197757.865181,232780274.952898,815978032.818079,54100082085.6386,21593759257.5253,75693841343.1639,-32.0145967841503,2586.57491719132,-0.45171887006338,0.325512171091275,0.568667195101314,2.6197290852785,0.811243560507834,1.65491558676104,1.95084018426357,0.00297301621594298,7.38487525793167e+38,45.6487422857847,0.947998453406735,1962556653.56477,56.8279594963733,22.5366076419531,-19.5706146542617,-3.34837970812912,441090831770.012,118184382021.578,563000319624.223,1384541.85003037,724135.742544109,3083314.64816077,7972331022.74362,4216541837.51773,15743013381.7662,-34.6138744539689,2205.31011953762,-0.455477062750322,0.316477930314301,0.548162239593912,1.85698548575157,0.73362739085494,0.669164862715591,1.01764739314078,0.000246063103088169,6.002470900856e+36,43.7086583411495,0.149615995720849,1611204774.19007,47.1712476323154,18.5342600056609,-19.6293491426006,-10.7467329630545,364879002692.474,96181199631.8485,459486533676.65,2371.10243821191,1062.16470079656,5452.27685657776,419774494.068106,330662641.581441,1977310733.39381,-36.0944554594746,2902.74195314443,-0.447775993667983,0.327422302187061,0.581305263715016,15.9639123397964,0.92795684074245,2.58376605971343,2.6843706014503,0.0269152478576703,4.3060151438718e+41,48.5681789111964,5.16526568990097,2481148542.03047,69.4857071588623,28.5205891367968,-19.4860567450538,1.77867716864013,545777535158.743,153141424753.841,697415473702.804,185809733.509751,73691401.575283,274606359.249025,39910971885.3155,11534034377.5174,47831047519.7683,-33.4393847660669,381.264797653697,0.00375819268694172,0.00903424077697451,0.0205049555074027,0.762743599526935,0.0776161696528932,0.985750724045445,0.933192791122784,0.00272695311285481,7.32485054892311e+38,1.9400839446352,0.798382457685886,351351879.374706,9.65671186405788,4.00234763629213,0.0587344883389811,7.39835325492541,76211829077.5375,22003182389.7294,103513785947.573,1382170.74759216,723073.577843312,3077862.37130419,7552556528.67552,3885879195.93628,13765702648.3723,1.48058100550571,316.167035953119,0.0039428763953967,0.00191013109578542,0.0126380686137018,13.3441832545178,0.116713280234616,0.928850472952391,0.733530417186737,0.0239422316417273,4.29863026861387e+41,2.91943662541168,4.21726723649423,518591888.465702,12.657747662489,5.98398149484368,0.0845579092079056,5.12705687676925,104686703388.731,34957042732.2636,134415154078.581,184425191.65972,72967265.8327388,271523044.600865,31938640862.5719,7317492539.99968,32088034138.0022,1.17448968790204,16066,53.1687245786523,-27.8151967214095,67.3387949852418
0.509199062334096,-1.99847420108144,15.022870845536,-0.325593124437357,16.127442283628,0.186031329159152,1.99947922128044,1.99272995891135,0.050118544025475,1.59317178706316e+44,39.999998658999,0.10000035414297,23717218.5338193,0.0968072924096415,0.0882433969272742,-18.5582558999779,-18.5307315903777,646488048.490071,10066494646.0335,10712982694.5235,1527995.90045251,23352372.6894268,24880368.5898793,69223217.0660071,1057938940.28627,1127162157.35228,-19.1625651363794,0.0134088034210303,-0.265223610341418,3.53814296473297,0.164164620020008,2.02407752956827,0.000344080247885166,1.32237662808641,1.81129528488953,0.0064305167929758,1.60684944095501e+44,33.4673129859312,0.120117846471193,1870578.20586131,0.00721052961279542,0.00666342385556908,-18.6624582119469,-18.6415072253653,37048049.0159165,19431805.9193178,220682946.782578,416.734592536299,1421.2437368477,5524.8163947485,243254.82327288,1006736.68528794,4214365.11085086,-21.7926008640121,0.00235600814451305,-1.16268374207429,0.568790773629189,-0.348916622319401,0.0667139485567354,2.06974266566749e-05,0.71183970192846,1.17794837832884,0.000617191664033085,1.43114193052203e+44,28.1926018117301,0.1,201739.853898842,0.000947845556306157,0.000900006605164473,-18.715166683833,-18.693367305099,4548130.94574477,1224412.87020721,27628697.025626,0.418594567808227,2.13162260870555,11.0647209895676,14706.2516981263,16807.3879265833,212569.268487628,-23.1498045664214,0.106418163012569,0.475675883730107,41.4117323158971,0.718201859563675,20.6409147452581,0.0652513792516395,2.11352005027803,2.61151002795975,0.0323967683036046,1.82958619251072e+44,36.2836167385098,0.192420847670788,16242098.1341423,0.0474334236879074,0.0466370012077507,-18.5958403646581,-18.5662499677312,254507651.539643,3645369848.19925,3790645382.1647,13768.3593214867,182036.994206291,401897.229723154,4940565.36042618,110225813.642527,114489281.411678,-20.866812241444,0.0110527952765173,0.897460131732876,2.96935219110378,0.513081242339409,1.95736358101153,0.000323382821228492,0.610536926157952,0.633346906560693,0.00581332512894271,1.7570751043298e+43,5.27471117420116,0.020117846471193,1668838.35196247,0.00626268405648927,0.00576341725040461,0.0527084718860493,0.0518600797336717,32499918.0701717,18207393.0491106,193054249.756952,416.315997968491,1419.11211423899,5513.75167375893,228548.571574754,989929.297361358,4001795.84236323,1.35720370240937,0.0930093595915384,0.740899494071525,37.8735893511642,0.554037239543666,18.6168372156898,0.0649072990037543,0.791143422191621,0.800214743070216,0.0259662515106288,2.22736751555702e+43,2.81630375257858,0.0723030011995948,14371519.928281,0.040222894075112,0.0399735773521816,0.0666178472888426,0.0752572576341279,217459602.523727,3625938042.27994,3569962435.38213,13351.6247289504,180615.750469443,396372.413328405,4697310.5371533,109219076.957239,110274916.300827,0.925788622568078,3691,214.859091588586,52.7816296171659,40.8330451492953
2.4289973279555,-0.157033306925304,0.401782179160569,0.904413003380794,1.04147523978346,0.128612071410699,2.15282259442405,1.64032707143065,0.00162036116036496,5.54410927413152e+35,42.6098949790753,0.1,190688527.044791,1.92422095429388,1.59328298601182,-18.4544179429389,2.35311374496955,12730031794.5623,2235422205.58527,14965454000.1476,43612866.1345864,1480953.61871707,45093819.7533034,318284054999.435,10807909793.7924,329091964793.227,-22.5248474519205,1.96074631831934,-0.191417575439816,0.370613803452332,0.116259375342701,2.6534228472341,0.000453423661754685,1.83604563017372,1.5862298491479,0.000331952662757795,6.38389465659205e+36,42.9951456191848,0.885258427619006,250826447.929908,1.3429996604447,1.22573909944224,-18.5129649877822,0.577495492190124,9864999948.24514,615927.66770707,9956767870.18031,151.83518836682,0.000528268011672877,158.752709693818,235916138.658302,1015.01592579124,287901853.974646,-24.7098179784213,1.42421105040586,-0.282652879587712,0.3,-0.254101913798148,1.19916968180135,2.73615338159542e-05,1.00087660354489,0.80817202372194,0.000112157890891417,2.53752609479243e+35,40.2693476733829,0.171129488329379,189447871.154098,1.21898942880949,1.13535157601335,-18.5518191449772,-4.55067492892483,9008948143.44128,0.0270485266710011,9043067969.16267,5.95586240907809,8.62692825294694e-11,7.4108851559333,15318263.528105,0.00013172991561557,16973151.6796393,-26.165110118871,2.39470828518006,-0.136641521917549,0.455167578562021,0.466466895764565,18.5895403831641,0.0705433409259607,2.70023469434479,2.36004493566253,0.00135269775890324,6.495669986537e+38,44.7574197337566,5.07715075001886,295384899.433447,1.70455111881268,1.42046266021261,-18.4634822927821,3.91161971057316,11628359530.9549,1150403358.26943,12700679244.4805,21999.5291554037,246.433928892396,24750.4870173504,721491458.576542,23936657.9007778,735016770.772439,-23.7658066411583,0.536535267913479,0.0912353041478964,0.0706138034523318,0.370361289140849,1.45425316543274,0.000426062127938731,0.835169026628826,0.778057825425963,0.000219794771866378,6.13014204711281e+36,2.72579794580197,0.714128939289626,61378576.7758102,0.124010231635217,0.0903875234288933,0.0388541571950718,5.12817042111495,856051804.803852,615927.640658544,913699901.017639,145.879325957742,0.000528267925403594,151.341824537885,220597875.130196,1015.01579406133,270928702.295007,1.45529214044966,0.433961966860729,0.0547760535222666,0.0845537751096888,0.350207520421864,15.93611753593,0.070089917264206,0.86418906417107,0.773815086514629,0.00102074509614545,6.43183103997108e+38,1.76227411457174,4.19189232239986,44558451.5035388,0.361551458367978,0.194723560770371,0.0494826950000444,3.33412421838304,1763359582.70973,1149787430.60173,2743911374.30019,21847.6939670368,246.433400624384,24591.7343076566,485575319.918241,23935642.8848521,447114916.797793,0.944011337262978,41218,53.1210258112419,-27.8159945466206,47.6654529327579
10.6606746655921,0.116615170155783,0.30000474824287,0.413259378004197,1.04413495607396,1.16061252912262e-05,1.96683651968035,2.00194796237434,0.0501183792655341,7.46867812056951e+38,44.5914926602361,0.118026978728347,2614880941.92706,10.0439994560047,10.281612915382,-20.3233799745558,-5.87081113155727,59762198774.0254,5.00011948365136,59762198779.0256,128806190.581988,0.0118983382524462,128806190.593887,5835361337.88371,0.539035450933491,5835361338.42275,-30.3113302129373,18.0053638424795,-0.614840017881694,4.69447515965605,0.377858841244281,10.7243875144467,0.0042796509828934,1.94183377145134,1.76443219693859,0.0466014987791446,1.4129053211467e+37,53.2864931304556,1.46810169571875,4346620802.40574,12.8675344189106,12.3145922598418,-20.3240530501893,-1.64779262715185,85193439334.4084,532114254.275969,86906451838.5699,99150928.1196129,425453.650609858,103444501.693946,6898436536.97619,24228302.2004207,7101704347.01725,-33.8033810211258,12.2051704105436,-1.43822637121949,1.02624949910342,-0.253460265002447,3.04063523948855,2.84168111226728e-05,1.23363673193129,0.985805496310776,0.0255856826955425,8.47630073351229e+35,47.5758875213255,0.223735483253083,3676245474.8001,11.4143667129019,11.1064596446455,-20.3694547724439,-8.63747252870373,76195594371.8908,115788561.889303,77567802938.8043,9658893.16514381,6033.94002898008,15826170.3719998,595536793.899553,307684.029221325,1056609298.60231,-35.5715906113683,32.517063068505,0.0636064197421087,35.1383679646919,0.880497220912453,27.5095656015496,0.0487346584734913,3.16088721957497,2.60775085321022,0.0501187233627272,9.95112295210088e+39,56.4086010643901,6.24293473839337,4763201702.53044,13.964827477601,13.217411293779,-20.2762007784732,1.33809797795913,93138349533.8169,5149479307.36845,94536916750.7039,452829302.927667,6243640.97950687,455306886.719671,21890932587.4752,361922457.123692,21991812967.3182,-32.6236593019482,5.80019343193585,0.823386353337795,3.66822566055263,0.631319106246727,7.6837522749582,0.00425123417177073,0.708197039520052,0.778626700627814,0.0210158160836021,1.32814231381158e+37,5.71060560913011,1.24436621246567,670375327.605645,1.45316770600876,1.20813261519627,0.0454017222546028,6.98967990155188,8997844962.5175,416325692.386666,9338648899.76559,89492034.9544691,419419.710580878,87618331.321946,6302899743.07664,23920618.1711994,6045095048.41494,1.76820959024246,14.5116992260255,0.678446437623802,30.4438928050359,0.502638379668172,16.7851780871028,0.0444550074905979,1.21905344812363,0.84331865627163,0.00351722458358268,9.93699389888941e+39,3.12210793393449,4.77483304267462,416580900.124703,1.09729305869038,0.902819033937195,0.0478522717161098,2.98589060511098,7944910199.40854,4617365053.09248,7630464912.13394,353678374.808054,5818187.32889701,351862385.025725,14992496050.4991,337694154.923272,14890108620.301,1.17972171917762,29048,189.23812830965,62.1369785074471,68.0814126949823
6442.42036867743,-0.380504208566575,0.300005782230585,0.999974981986466,0.669448131003567,2.74157538496422e-05,1.93839020140191,1.99979251203959,0.000339888914811979,1.10533575904344e+42,49.4864954530341,0.145713846054672,96606449.3130926,5.48340849545913,1.07220347829545,-19.052838499806,-13.9791812333343,39023798880.7011,20762.7797368169,39023819643.4808,77303729.7105284,49.1158271983894,77303778.8263556,71458296131538.1,45401862.7281053,71458341533400.9,-15.2469331237404,9579.93374613436,-0.384613744889913,0.3,1,0.742897220019711,9.89694939950899e-05,1.24239414258281,1.87527030983706,0.00614248951362731,3.89989404056367e+39,43.5815022668735,1.64250013906862,104926975.634531,6.05261551043368,1.16294990874524,-19.0418590111964,-6.94741291052901,44096295352.1884,500.246543034911,44096306249.6846,393701.941353723,0.000643566784696284,393702.014154619,227670922.100729,8.59034487468865,227670924.645938,-16.6676511711287,6695.51116791906,-0.385958595324392,0.3,0.994007386333993,0.638593467352534,1.4569873253324e-05,0.728727573630229,0.941950035012555,0.00031343428199349,1.77277805684569e+37,42.5913581070875,0.212938002354137,95536007.1984316,5.45459279471332,1.05835166849078,-19.0884407874174,-12.6049869410271,38448841210.0193,1.60075613037334,38448853562.4264,138.802546518061,4.10066797928374e-06,138.844221932089,43252289.9938726,0.0135949143822583,43252297.9538143,-17.8414601919109,10000,-0.380437139447073,0.3,1,0.890611505245345,0.00453500249923881,1.99298312971389,2.65934491461893,0.0306705467163944,6.41957527682821e+41,48.1056759771943,6.88190967865522,117531864.240333,6.7621316089798,1.30241479140789,-19.0037893799401,-1.39331670293367,50845153655.1414,28570.9568146944,50845154257.1759,10075081.3281637,1.1482498144578,10075099.4243388,2059501430.36357,861.39708053314,2059542329.5129,-15.9792943975829,2884.4225782153,0.00134485043447946,0,0.00599261366600667,0.104303752667177,8.43996207417659e-05,0.513666568952584,0.933320274824508,0.00582905523163382,3.88216625999521e+39,0.990144159785999,1.42956213671449,9390968.43609974,0.598022715720359,0.104598240254461,0.0465817762210428,5.65757403049813,5647454142.16917,498.645786904538,5647452687.25819,393563.138807205,0.000639466116717,393563.169932687,184418632.106856,8.57674996030639,184418626.692124,1.17380902078217,420.066253865638,0.00417660544283949,0,0,0.147714285225634,0.00443603300524372,0.750588987131081,0.784074604781863,0.0245280572027671,6.38057633642257e+41,4.52417371032082,5.2394095395866,12604888.6058018,0.709516098546123,0.139464882662652,0.0380696312562634,5.55409620759533,6748858302.95294,28070.7102716595,6748848007.49132,9681379.38680999,1.1476062476731,9681397.41018413,1831830508.26284,852.806735658451,1831871404.86696,0.688356773545818,16313,189.30032044423,62.1447066984308,30.1952990908162
5.13632329198021,1.80186119146523,1.73698528044399,-0.499971339833465,0.43466794274932,0.125347459648469,1.99968819409852,2.00032210974078,0.0501155866492579,5.43770767492716e+38,42.9650216979441,0.129916308000515,4270674951.84346,1.3675986980859,1.49446955477498,-18.0303667931738,-5.09803491934374,6034847012.1905,2526368730.76636,8561215742.95686,14271763.0524461,5985011.22532896,20256774.277775,646595747.199128,271156604.199191,917752351.398319,-21.622689259498,3.49035128797966,1.60357707069165,3.61437002482886,-0.0918368240103159,5.07560314821861,0.240614873397835,2.02091421834847,1.98962861181115,0.0453457989774842,3.73280777997112e+37,49.2359961727382,0.878687606540161,3497314746.08263,3.05504685935216,3.06430158443024,-18.0734042349129,-1.87770416620305,20159262415.1519,5765969993.67862,25998258099.5814,23108769.5128294,5853348.0125375,33903180.2921548,1551728251.31938,363616341.56663,2066148972.35144,-24.9034856650774,3.15585396299837,1.22869834977221,1.8249223645073,-0.499442175614586,1.66308676030199,0.110370984005104,1.31900467090133,1.07397961626296,0.0272258768634182,9.10229711914688e+35,43.2948120691055,0.183721119339419,3212130457.28834,2.15448940463067,2.22365160952654,-18.1782439842851,-6.30036929577929,14179976832.3758,2330302848.68042,15332486763.5446,2592978.39301926,297229.154210892,8585395.42215085,162954220.254033,17636100.6901243,562080999.901052,-26.429330300256,4.1524070009322,1.81562082195454,34.9548716814812,0.597289725104513,20.1842145118006,0.351905503271054,2.58483433630236,3.04564517096234,0.0501187233627272,3.16429794316873e+39,51.7513052844328,4.42162402193063,3824566486.56293,3.66681723826052,3.6683991855698,-17.9707930732094,2.0217908862775,24233225908.7316,9390232829.56898,33366746545.464,77627448.0498395,22227931.8609545,90352255.1259745,4027850664.10965,1267555297.91522,4936120480.5542,-23.9541584062494,0.334497324981297,0.374878720919441,1.78944766032157,0.40760535160427,3.41251638791662,0.130243889392731,0.701909547447142,0.915648995548196,0.018119922114066,3.64178480877966e+37,5.94118410363268,0.694966487200742,285184288.794292,0.900557454721488,0.840649974903695,0.104839749372136,4.42266512957624,5979285582.77612,3435667144.9982,10665771336.0367,20515791.1198101,5556118.85832661,25317784.870004,1388774031.06535,345980240.876505,1504067972.45039,1.52584463517865,0.662055712952534,0.212043751262891,31.3405016566523,0.689126549114829,15.108611363582,0.11129062987322,0.563920117953885,1.05601655915119,0.00477292438524304,3.12696986536902e+39,2.51530911169457,3.54293641539047,327251740.480303,0.611770378908359,0.604097601139563,0.102611161703546,3.89949505248056,4073963493.57966,3624262835.89036,7368488445.88266,54518678.5370101,16374583.848417,56449074.8338197,2476122412.79027,903938956.348587,2869971508.20275,0.949327258827953,6999,189.295050718495,62.1935818538137,49.8110619750819
23.3720966523406,0.521899542069592,0.3,-0.349306306735285,0.468916072153866,0.0489256325858705,1.67560989689015,2.36996633794782,0.0147825683897923,1.20724506516938e+47,37.1976573471775,3.42392112247578,8026422716.35286,0.571029126954013,1.35156350987231,-19.2392678617338,-16.4221266768754,2767967600.60877,86842185336.2503,89610152936.859,2125273.24113293,433817199.420781,435942472.661914,326432140.594371,66632315456.1015,66958747596.6959,-17.1146238853938,22.5668592907015,0.574302884779818,0.3,-0.419960534601054,0.943650980088431,0.00508646309824869,1.66229513398868,2.17800980168553,0.0037332399259899,1.61558048353373e+47,37.7327244519841,4.16784904259591,6946466951.25525,0.133706560651436,0.427198957584628,-19.2879776366957,-16.57963743436,430596092.836586,10866302175.1792,13203680971.935,2874.74111597645,41406.1175823061,101706.935636851,4571423.9545324,195861507.766644,292066573.966896,-20.4048352318814,17.5311801287652,0.525307179659588,0.3,-0.5,0.0551404530639217,9.34307036650859e-05,0.871800238152025,1.12878720222497,0.000201092999967685,1.08666074136215e+47,36.3406371621232,3.13863890284797,5859903588.08198,0.00195511350180014,0.0142864923713312,-19.3341421669073,-16.7954617118033,60780082.5908612,339234433.389514,1022306190.88376,0.316495535545844,125.937099473134,135.442629779011,536090.360195954,9248133.12837174,24616924.6827946,-22.3783400502365,25.5968848957538,0.681869229289382,0.323902285809927,-0.338897609314628,16.2974512081472,0.0331145333484684,2.30970144784655,2.8933364494986,0.0131353450661903,4.21746545268845e+47,39.1039144169687,5.39333576090986,8317783738.06034,0.567178228482539,1.27448667480904,-19.2398237090911,-16.4731413398941,3189822041.81087,76129955588.9922,77522831225.9112,308254.216796326,3940780.33728719,6414533.16309424,88484342.5123024,4445453912.99756,4539019682.26994,-18.9238967945426,5.03567916193622,0.0489957051202299,0,0.0800394653989462,0.888510527024509,0.0049930323945836,0.790494895836655,1.04922259946056,0.00353214692602222,5.28919742171587e+46,1.39208728986088,1.02921013974794,1086563363.17327,0.131751447149636,0.412912465213296,0.0461645302115947,0.215824277443286,369816010.245725,10527067741.7897,12181374781.0513,2874.4246204409,41280.1804828329,101571.493007072,4035333.59433645,186613374.638272,267449649.284101,1.97350481835512,3.03002560505236,0.107566344509564,0.0239022858099266,0.0810629252864259,15.3538002280588,0.0280280702502197,0.647406313857865,0.715326647813067,0.00940210514020039,2.60188496915471e+47,1.37118996498457,1.22548671831396,1371316786.80509,0.433471667831103,0.847287717224409,0.0481539276045986,0.106496094465925,2759225948.97428,65263653413.8129,64319150253.9761,305379.47568035,3899374.21970489,6312826.22745739,83912918.55777,4249592405.23092,4246953108.30305,1.48093843733882,26895,189.229134905025,62.1461964302696,42.0956486605066
3.4517250968791,0.0813011241266872,0.300038484206463,0.814901132591269,0.928124631101332,4.67424081179938e-05,1.95008833442173,1.99752701316478,0.0501186715393694,1.59895060770826e+40,45.7322441266347,0.102043067523749,679001077.738357,3.33420942034701,3.36293968929816,-19.2177008015176,-9.25796348490809,19419132561.5506,455.899590194225,19419133017.4502,39844055.055018,1.07175229798311,39844056.1267703,1805061553.9574,48.5537645649639,1805061602.51117,-32.1092924199025,4.43931422710285,-0.416516558786276,5.38572505794424,0.229070339614363,3.18855810355458,0.000106544218725291,1.75581466697646,1.68400034662795,0.0297001138225277,6.54540149310307e+37,47.9335859285514,1.16071689750718,982135192.630069,2.67726230642036,2.56775614915156,-19.1905524194731,-3.03236482057817,17931118565.5388,6277521.09265053,17955888414.8715,5391470.02684295,220.869821415151,5404584.49173785,680741053.086903,58742.7860813037,680810352.99701,-37.7947935728619,2.87267124059632,-1.39368826082609,0.597108273012981,-0.370776441345827,0.308229446137114,1.59556829954524e-05,1.03281825928793,1.0747796526693,0.00786377950603669,9.827380895229e+35,43.8348907264496,0.177155514762348,842340542.580886,2.35791809449923,2.26470759290261,-19.2665238153022,-9.97330203604244,9769111815.58062,1.95374144753957,9769111914.77292,334112.247374239,0.000117364665389233,366327.408699435,63248939.5121179,0.0185495031531315,67470616.5133765,-38.9391636761857,5.3840799428885,-0.0233633952822889,29.4566190371596,0.783130392589126,24.1829622077099,0.000805724728149968,2.91065697228143,2.30343645783321,0.0501187233627272,3.11344256136787e+40,50.2495250323453,6.45711063444371,1720272221.10448,4.14121101232496,4.01818589055391,-18.9645256607437,1.77344891065292,27544450827.3936,50165414.2195923,27618743198.6051,38707382.7262609,26712.4921623103,38707382.7262632,2420689464.84349,2240173.24308193,2420689465.05689,-35.9598616436548,1.56664298650652,0.977171702039809,4.78861678493126,0.59984678096019,2.88032865741747,9.0588535729839e-05,0.722996407688529,0.609220693958651,0.021836334316491,6.44712768415078e+37,4.09869520210177,0.983561382744837,139794650.049183,0.319344211921133,0.303048556248956,0.0759713958290398,6.94093721546427,8162006749.95814,6277519.13890908,8186776500.09861,5057357.77946871,220.869704050486,5038257.08303842,617492113.574785,58742.7675318005,613339736.483634,1.14437010332379,0.944765715785651,0.393153163503987,24.0708939792154,0.554060052974763,20.9944041041553,0.000699180509424677,1.15484230530497,0.61943611120526,0.0204186095401995,3.10689715987477e+40,2.31593910379389,5.29639373693652,738137028.474413,1.4639487059046,1.45042974140234,0.226026758729383,4.80581373123108,9613332261.85481,43887893.1269418,9662854783.7336,33315912.6994179,26491.6223408952,33302798.2345253,1739948411.75659,2181430.45700063,1739879112.05988,1.83493192920707,5783,189.177877601602,62.2653700641789,80.2336187452616
31.4031302372174,0.291326974766083,6.57888542286073,0.241434988668409,21.2616906089365,1.87964160383462,1.9996079225756,1.99916189210847,0.000421704841460819,5.35924721093335e+45,46.8824716792359,6.44815155557563,18142716506.0765,31.3206763025594,31.2944118918102,-18.2097754448358,-17.7290934459802,221633189311.718,1139015295122.18,1360648484433.9,524022895.037111,2689750217.1532,3213773112.19031,248210730591459,1274037590401180,1522248320992640,-9.85150869950489,13.4142737653977,0.150423039575086,3.62536181152686,0.529691942377069,14.5063359276022,1.95362299140295,1.84835155134434,1.68813531451661,0.00236313518698732,5.56585473808045e+45,54.2737983413834,0.807152973332114,7254566874.3511,12.4127005753489,12.3646719265392,-18.1041128473644,-17.9015063475825,91595121292.6104,1336693602115.13,1384350105587.67,39538.6527912148,5514524.6225983,11545197.7467366,1562870190.11491,27534537510.3339,46000046012.9273,-13.6364204839555,0.0959796561439896,-0.422518386669573,0.44921063141073,-0.259683280523877,7.27283357533214,1.87660438467654,1.14082534591214,0.944790546967873,0.000190038541161285,4.67806619418813e+45,49.8103881087978,0.144144805204988,53844175.9956799,0.0875949354939721,0.0866378901648124,-18.1907729663844,-18.0403744186782,601090134.932531,1172516111456.77,1257082042644.8,443.131987421806,1777.21105127648,3301.16833856843,12975237.6664231,2323042372.71805,10066543987.535,-15.2773986911988,1249.42311138759,1.06459387187152,37.2121925130989,0.843512068719918,30.0230792252639,2.28395454621152,3.17440754921198,2.50172052438915,0.0270038996430208,6.25727537281501e+45,57.6269579153427,7.61460949156504,16706477635.5551,245.064902991562,144.602004783034,-17.9945362652616,-17.1245863952847,1903822353134.09,2269714041526.43,4192872582395.2,26756499.5394688,1292249825.3165,1876478254.90368,20964844318.553,196527326260.191,213451435453.773,-12.0860087097687,13.3182941092537,0.572941426244659,3.17615118011613,0.789375222900945,7.23350235227004,0.0770186067264063,0.707526205432198,0.743344767548741,0.00217309664582603,8.87788543892326e+44,4.46341023258564,0.663008168127126,7200722698.35542,12.3251056398549,12.2780340363744,0.0866601190199319,0.138868071095711,90994031157.6779,164177490658.354,127268062942.867,39095.520803793,5512747.41154702,11541896.5783981,1549894952.44849,25211495137.6158,35933502025.3923,1.64097820724328,1236.00883762219,0.914170832296435,33.586830701572,0.313820126342849,15.5167432976617,0.330331554808573,1.32605599786765,0.813585209872539,0.0246407644560335,6.91420634734559e+44,3.35315957395927,6.80745651823293,9451910761.204,232.652202416213,132.237332856495,0.109576582102846,0.776919952297845,1812227231841.48,933020439411.305,2808522476807.53,26716960.8866776,1286735300.6939,1864933057.15694,19401974128.4381,168992788749.857,167451389440.846,1.5504117741868,19882,34.3630288992121,-5.30611777664874,26.1403925912619
2.89177677881825,0.801053034390302,0.300424152326025,-0.25724511289725,0.497649216185019,3.95800976671221e-05,2.00760648316084,1.99716435261743,0.000101003581838609,3.77694608850667e+44,47.7382877748208,0.100036123685715,1009378935.14325,0.000636046020272932,0.00242087914391838,-20.3125866565505,-20.2613883041543,10939879.212739,9744635.13703918,20684514.3497782,26437.6490979578,22885.2654699467,49322.9145679045,1051418807744.97,910141383834.208,1961560191579.18,-19.6006045011123,0.157845411260384,-1.01861398112601,2.76094299496148,-0.00357480788819367,0.216381586981775,0.00271417193359471,1.79625310946836,1.99168936113188,0.00299344205302575,4.53036745411655e+44,46.6489052310396,0.26810930547624,28294528.1860554,0.0510256340136203,0.0520193825331582,-20.357775092591,-20.3062149662869,208061445.569787,683137412.710236,1873325524.4024,280.237066560245,6163.4750048179,12690.8809492468,2199831.86552893,11217949.7214965,39275794.1610651,-22.0189966124584,0.00476323228508442,-1.86707934731051,0.440743661893093,-0.413780837571743,0.0139208771301466,0.000248496899033319,0.811036753786952,1.05208906500663,0.000215118725589025,4.05703370240771e+44,44.5840730606149,0.118245085997528,312950.661802378,0.000852811828217426,0.000789484745093293,-20.4125831748785,-20.3697262358928,4262722.89823531,63701249.3825378,336226416.214858,0.227901351122384,0.682167615622484,6.87773884509833,10998.0038708342,773686.585267948,2292465.16238151,-23.2302516651483,1.40716701321287,0.463363133434509,27.020062497922,0.572042854735869,4.47713941576153,0.0204908757579303,2.63218339503559,2.71592724098534,0.0276696690440738,5.2386894881002e+44,48.067269154152,1.61004032795637,448321692.173117,0.856138875803845,0.838812997864191,-20.3079872506656,-20.1849497015561,2867852393.80235,5188885633.37347,7535420392.43246,78047.712952327,1217962.69358421,1535579.43062209,120803813.958976,283594937.654344,417464564.946242,-20.9599534854308,0.153082178975299,0.848465366184493,2.32019933306838,0.410206029683549,0.202460709851629,0.00246567503456139,0.985216355681412,0.93960029612525,0.00277832332743673,4.73333751708834e+43,2.06483217042472,0.149864219478712,27981577.524253,0.0501728221854029,0.0512298977880649,0.0548080822874475,0.0635112696059821,203798722.671551,619436163.327698,1537099108.18754,280.009165209123,6162.79283720228,12684.0032104017,2188833.8616581,10444263.1362286,36983328.9986836,1.21125505268985,1.24932160195249,1.48197711456052,24.2591195029605,0.575617662624062,4.26075782877976,0.0177767038243355,0.835930285567228,0.724237879853459,0.024676226991048,7.08322033983652e+43,1.41836392311232,1.34193102248013,420027163.987062,0.805113241790225,0.786793615331032,0.0497878419254398,0.121265264730809,2659790948.23256,4505748220.66324,5662094868.03006,77767.4758857667,1211799.2185794,1522888.54967284,118603982.093447,272376987.932847,378188770.785176,1.05904312702763,33630,34.343826199814,-5.29543113144404,41.3086925057944
12.7270713184461,0.249561715714684,0.3000004426352,0.0447914356909165,1.51300966773774,1.14584141228489e-05,1.98197558724382,1.99943398454856,0.0470240626430752,7.64095914439538e+38,45.2575932160005,0.100228203300032,4519958264.91504,9.30798568274457,10.2651210695976,-20.1557352791809,-5.9411551706802,58350029545.5919,5.26396752338042,58350029550.8558,131337608.535468,0.0124400129209592,131337608.547908,6341572947.95176,0.600660011183478,6341572948.55242,-18.0392622796351,10.8508449268101,0.204149084576378,7.64583108134487,0.350944111030377,2.92447135236919,0.00522724203616883,1.37572554052334,2.04123613888891,0.0458761665242339,1.24626680864236e+39,42.8366514311438,1.14289866609918,5227130532.36818,10.5646011980557,10.621187309141,-20.1608725192349,-3.14239711865369,68274870491.7612,485718831.861524,69941280857.9664,7019582.21948333,288367.412999854,12777775.7852508,640784936.013902,17801807.3132862,1054917145.85742,-21.9146691337081,8.65970217536138,-0.113127115894098,1.08628790287595,-0.295472892868387,1.18009747954547,8.31230617412244e-05,0.676088166250095,1.11090253409988,0.01108526162872,3.6810285903098e+36,36.4710024085609,0.228866463215077,4814509888.77899,8.58239610974113,8.57339757601314,-20.3225290827759,-10.5041513115265,56922963827.6724,13888.6785426921,58264701438.4958,1183027.23020994,13.5293698328816,1817645.2742585,82639910.3125962,2925.47591218218,132437313.732972,-23.8193384088846,12.7068938897477,0.493140123625382,54.175795649133,0.85227129371397,14.5559036937241,0.045595091020074,2.20434758884536,2.96072035778875,0.0501187233627272,2.07222930691598e+41,44.9584763438547,5.22638407079275,5793337120.15221,11.718183266263,11.5911069202816,-20.0876028659836,2.03136659254014,77264828612.9631,3969654285.78606,80028828984.0981,105995340.096414,5178740.06722379,108322331.928773,8171638234.13918,324290898.893033,8458492378.70811,-20.2498707817191,2.19114275144874,0.317276200470476,6.55954317846892,0.646417003898764,1.74437387282372,0.0051441189744276,0.699637374273245,0.930333604789033,0.034790904895514,1.24258578005205e+39,6.36564902258294,0.914032202884105,412620643.589193,1.98220508831453,2.04778973312783,0.161656563540987,7.36175419287283,11351906664.0888,485704943.182982,11676579419.4706,5836554.98927339,288353.883630021,10960130.5109923,558145025.701306,17798881.837374,922479832.124451,1.90466927517654,1.85604896293753,0.288991039049004,46.5299645677882,0.501327182683593,11.6314323413549,0.0403678489839052,0.828622048322018,0.919484218899836,0.00424255683849328,2.05976663882955e+41,2.12182491271088,4.08348540469356,566206587.784023,1.15358206820731,0.969919611140668,0.0732696532513657,5.17376371119383,8989958121.20194,3483935453.92454,10087548126.1318,98975757.8769302,4890372.65422394,95544556.1435221,7530853298.12527,306489091.579746,7403575232.85069,1.66479835198896,82455,34.3316310581463,-5.26058952521646,46.3034510889742
397.440931167184,1.52668578208455,0.31923313152218,-0.5,9.20431402557721,1.84355544403802,1.93181501850383,2.25589604700636,0.0501187233627272,4.24311469173696e+44,47.4690744448058,0.103566988046842,59084753886.9947,1.35004639650239e-45,1.19128194254702e-38,-15.4150977640997,-15.3976745479158,287137180.077484,195002592381.468,195289729561.546,557523.720948574,814208292.796314,814765816.517262,25257559.5561468,36886169455.5745,36911427015.1306,-13.4338673268966,102.73465825612,1.30920878047312,0.874504604653363,0.119218992398602,16.4435818606897,2.73269240647061,1.76336101978024,2.23376723073085,0.0118694478739198,1.2766332265514e+43,47.3085255894155,1.74573991413381,64532114839.5789,69.1398342369485,69.5185496462229,-15.1032795004963,-9.09681919913121,474428165691.504,557282911777.911,1024043289574.27,4257261.18187612,74025882.5743954,94444009.1367681,3668977727.70317,33225378792.2493,47424296524.0232,-18.5249685002751,84.2113823122334,0.992913090052052,0.317953876630424,-0.184647920363182,8.57444139050808,1.87663275005986,1.03891146547303,1.22714395142772,0.00242208591067065,6.4620097439606e+40,46.0105878402539,0.234850530246874,50139490517.5154,0.00188235888132257,0.00397106338562602,-15.2910166421397,-14.945717626457,320889821.852262,183151838695.508,185072557720.913,112266.162324595,3158917.85034977,4766979.55947323,20895231.8982719,1766975756.76924,4637336534.5201,-19.5796904138581,172.631599464785,1.52668578208455,13.6436211726169,0.804784781062521,31.1307273484308,2.96369113300776,2.42343413722079,2.97481280874035,0.0331707448159946,4.79858029515145e+44,49.0561810846892,6.02837111382659,77932936035.058,88.7725895398771,89.093671750325,-14.8041629534149,-3.60147772677793,623260355837.508,785240114007.612,1399884058509.23,165531755.479354,669336925.490485,904637775.293206,42456560114.655,99038428621.9948,129544027389.75,-17.2082924563415,18.5232759438866,0.316295690421072,0.556550728022939,0.303866912761784,7.86914047018166,0.856059656410757,0.724449554307209,1.00662327930314,0.00944736196324912,1.27017121680744e+43,1.29793774916159,1.51088938388693,14392624322.0635,69.1379518780672,69.5145785828373,0.187737141643421,5.84889842732581,474107275869.652,374131073082.403,838970731853.353,4144995.01955152,70866964.7240456,89677029.5772949,3648082495.8049,31458403035.48,42786959989.5031,1.05472191358304,69.8969412086646,0.21747700161142,12.7691165679636,0.685565788663919,14.6871454877411,0.230998726537143,0.660073117440559,0.741045578009497,0.0213012969420749,4.67091697249631e+44,1.74765549527371,4.28263119969278,13400821195.4791,19.6327553029286,19.5751221041021,0.299116547081344,5.49534147235328,148832190146.003,227957202229.701,375840768934.964,161274494.297478,595311042.91609,810193766.156438,38787582386.9519,65813049829.7456,82119730865.7266,1.31667604393356,38176,34.4134897330075,-5.29104794725976,37.3661427441973
19.0144302772852,0.282257058295463,0.300000062536178,0.111088071401543,10.2244737605132,0.310688071843677,1.97594911293563,1.99225727650182,0.0406414255153439,3.14281400316133e+40,44.890676001568,0.116767454485178,6943058185.92394,13.3020005622388,14.6581669504259,-19.7307055086704,-9.10558148298588,88184359019.1342,30662936952.6507,118847295971.785,195117284.865529,71038745.4065335,266156030.272063,10900711533.9147,3968755879.01662,14869467412.9313,-27.0224031769667,9.81251184924674,0.689479123251668,8.08094684353176,0.145467004727325,6.68829648384378,0.0950581924790669,2.02912858499711,1.89278465571119,0.0124481528153672,2.16373444102502e+41,48.8520441142928,0.987171905944245,6678267464.54848,9.5135463496361,9.53581572986435,-19.8498738230209,-11.731286619502,61620194578.9483,7493093279.89478,72215001768.0016,13604948.3903589,1589672.46555812,20206711.2332433,3369455319.50911,180071891.512808,4240762003.93502,-31.9237837497017,6.46819042688926,0.263400984434093,1.45536199953119,-0.390602051232107,1.68805480931871,9.16232739117241e-05,1.08997600725038,1.33236513347776,0.00231781666151379,9.02990165802694e+36,47.3848603123158,0.161883176733702,5067368140.68138,6.18577388303142,6.22215993580246,-20.2164886264084,-16.7352088035076,43260836357.2555,31776325.3237227,44747682976.6987,126251.707135783,472.153574208691,150359.695818554,170221666.956198,1383334.8109762,293660692.951775,-33.11751482769,13.7536356359682,1.25689404539115,48.3053514136856,0.798040705622166,25.0809848375456,0.389408676678363,3.18970065157454,2.59633097637491,0.0501187233627272,3.63417470383659e+43,51.1270524809828,6.62166881734401,7708057173.00866,12.6711020009415,12.8444577312906,-19.6639262698729,-1.19597680649791,85616815635.1617,50063119326.5813,126010514328.167,212451636.119165,23647627.7032918,245659520.574497,14455632040.7794,2960085339.06391,17058327550.1646,-30.3563903934203,3.34432142235748,0.426078138817575,6.62558484400057,0.536069055959432,5.00024167452507,0.0949665692051551,0.939152577746727,0.560419522233423,0.0101303361538534,2.16364414200844e+41,1.46718380197697,0.825288729210543,1610899323.8671,3.32777246660468,3.31365579406189,0.36661480338746,5.00392218400554,18359358221.6928,7461316954.57106,27467318791.3028,13478696.6832231,1589200.31198391,20056351.5374248,3199233652.55291,178688556.701832,3947101310.98324,1.19373107798837,3.94112378672144,0.567414922139478,40.2244045701538,0.652573700894842,18.3926883537018,0.294350484199297,1.16057206657743,0.703546320663726,0.03767057054736,3.61253735942634e+43,2.27500836668995,5.63449691139976,1029789708.46018,3.15755565130543,3.30864200142625,0.185947553147969,10.5353098130041,23996621056.2134,42570026046.6865,53795512560.1651,198846687.728806,22057955.2377336,225452809.341254,11086176721.2703,2780013447.5511,12817565546.2296,1.56739335628138,72188,34.296344029266,-5.26865538326746,64.3133290379112
41.0010679164011,2.58882213647502,2.92744312535409,-0.474851867178688,16.141617693918,3.27408728642574,2.05793310717331,1.81602390800042,0.00820302352954082,2.56928851543174e+45,19.59575114027,0.100076348453879,53167544343.7901,17.8885074857187,18.5707947473806,-13.1393753709169,-12.3357464909406,126298388873.204,518544657686.085,644843046559.289,347955670.613552,685150917.385233,1033106587.99878,96311466766.2454,189644530561.188,285955997327.433,-13.7379263151369,25.936808500931,2.11613143898676,17.133902647182,0.169904000959498,18.9071600066498,3.20123527590371,1.34222281997384,2.02143292901643,0.00688838031258812,3.50700638068571e+45,17.8448869984818,0.120014159449825,35139535347.1441,23.1047872505384,23.087888704323,-13.3826445049659,-12.463189909477,158827161471.244,528554077576.454,662223241417.275,3424288.76789245,28153018.0876066,73513818.1751618,1199184053.26831,25847827380.2287,32533209596.3014,-17.1592590626538,16.7826616466688,1.30903461378276,2.92403003021074,-0.352508299577378,11.001285442551,3.05047991200586,0.688576015844849,1.13123136356959,0.00150469622296756,2.25393365318047e+45,16.0689624701814,0.1,23312132532.2577,14.9447530724054,15.1261194835558,-13.536534205406,-12.8313346362494,105183400049.499,419928972092.624,585797358374.456,56117.3401853093,913460.169285574,1432463.19463352,147642312.011615,2022626151.67326,6747546541.54476,-18.8870296675247,33.7201317026355,2.73594002981952,73.035596539189,0.684062002564177,31.6227766016838,3.40344882151721,2.24911997882467,2.80882204657247,0.0328474575339245,4.29179832788945e+45,20.607610831001,0.165964465049922,47831720849.8554,31.4660442286231,31.4861292141238,-13.2190014246059,-12.0646817178491,213806741074.834,660631974220.398,828356749048.397,59867262.9384262,615898834.013067,651173400.07376,10280110890.3975,84253563954.276,88406423869.7796,-15.8612682536793,9.15414685426219,0.807096825204004,14.2098726169712,0.522412300536876,7.90587456409873,0.150755363897846,0.653646804128989,0.890201565446835,0.00538368408962056,1.25307272750524e+45,1.77592452830039,0.0200141594498249,11827402814.8864,8.16003417813297,7.96176922076728,0.153889700440175,0.368144726772393,53643761421.7451,108625105483.83,76425883042.8189,3368171.42770714,27239557.918321,72081354.9805282,1051541741.25669,23825201228.5554,25785663054.7566,1.72777060487098,7.78332320170448,0.61980859083276,55.9016938920071,0.514158001604679,12.715616595034,0.202213545613501,0.906897158850834,0.787389117556041,0.0259590772213364,7.84791947203747e+44,2.76272383251919,0.0459503056000975,12692185502.7113,8.36125697808475,8.3982405098008,0.163643080360018,0.398508191627887,54979579603.5899,132077896643.944,166133507631.122,56442974.1705338,587745815.92546,577659581.898598,9080926837.12922,58405736574.0473,55873214273.4782,1.29799080897449,216681,34.4089643226577,-5.148425234163,34.5895914820382
0.395113464966384,0.408859338560437,0.30059356124946,-0.464426773981564,0.149975352071017,0.0170635474686468,1.94805779899958,2.05077648899826,0.0001000249068349,5.76570965618022e+41,38.8590177298065,1.89710124727668,276785206.423045,0.0314570446684852,0.0659256208193352,-16.4275055243443,-7.47579937322583,134055372.387148,255112.136543497,134310484.523691,273393.442034832,690.332443728229,274083.77447856,11205976857697.1,28295665510.3324,11234272523207.5,-16.4656840789638,0.3861662289885,0.424308656360936,0.3,-0.0439387710872768,1.15847187187328,0.00898622515308496,1.97532669675988,2.04922728327342,0.00151329144114214,8.8362628329686e+40,39.7099961329836,0.788657739524913,177653725.766088,0.142905245139727,0.166573523085716,-16.5850632001098,-8.42277285764305,772106545.497063,15187065.3438355,810152685.698849,1444.80835632313,0.725318134773796,2055.77455798975,8983390.3996104,143876.353362704,12238219.7590808,-19.5868252596442,0.336639268836503,0.202419153855508,0.3,-0.461976077266991,0.0580990262089298,0.000921625350888871,0.957506579243835,1.193233691979,0.000108443529174587,9.09156420917471e+39,37.7165918705693,0.147951355974621,129676939.21398,0.0188945139816069,0.0422676466674455,-16.8310749269926,-11.0771406638562,104476753.024244,5557.54864409832,112551645.863805,0.0746990691589278,0.000552855365710214,0.0982455502875818,462851.75623573,95.6393811299922,664972.664393054,-21.5480741035758,0.421441606546266,0.539247744577659,0.35426219431275,0.247933385933874,10.3650624735327,0.0782275311054625,2.82516304420539,2.77739696173558,0.0039264426208126,4.15473569867193e+41,42.5558270686668,3.79476878611004,295395672.171786,0.292444745416547,0.306217045825592,-16.1703439537537,-2.79738906215786,1983437082.3265,274187897.997949,2244704369.75922,24958.8410910188,3299.60139124629,30667.2010004999,105134552.387427,13253277.2229775,122704187.75372,-18.0432274258614,0.049526960151997,0.221889502505428,0,0.418037306179714,1.10037284566435,0.00806459980219609,1.01782011751605,0.855993591294419,0.00140484791196755,7.92710641205113e+40,1.99340426241429,0.640706383550292,47976786.5521081,0.12401073115812,0.124305876418271,0.24601172688282,2.65436780621314,667629792.472819,15181507.7951914,697601039.835044,1444.73365725397,0.724765279408086,2055.67631243946,8520538.64337467,143780.713981574,11573247.0946877,1.96124884393157,0.0352753775577659,0.114939088216722,0.0542621943127504,0.291872157021151,9.20659060165938,0.0692413059523775,0.849836347445504,0.728169678462158,0.00241315117967047,3.27110941537507e+41,2.84583093568321,3.00611104658513,117741946.405697,0.14953950027682,0.139643522739876,0.414719246356096,5.6253837954852,1211330536.82944,259000832.654113,1434551684.06037,23514.0327346957,3298.87607311151,28611.4264425101,96151161.9878162,13109400.8696148,110465967.994639,1.5435978337828,14150,189.110839722917,62.2455390953864,41.5252967646988
3.70028221094171,-0.686426778462752,1.03314236864056,-0.290984336262884,0.0200301406290664,1.00237726099935e-05,2.00026820430891,1.99998417581006,0.00836306842886152,1.173795616665e+44,46.8943967399784,9.9999981491979,1953303856.17033,2.90452380801126,2.83502700748272,-20.2750163343103,-18.6589077583574,5667021747.8473,570922.895332337,5667592670.74263,13423284.0411251,1351.27053593455,13424635.311661,3644359112.43741,366863.658394918,3644725976.0958,-12.6893866300584,2.0314886301421,0.141221484503081,1.87635498926159,0.143841812152088,0.0452198330852934,0.000124532834475216,1.99176185682476,1.98142837909644,0.00100270612439382,1.38788662685897e+44,49.8154388638329,0.186043115577005,2103983786.8658,1.82136481877366,1.82105848131365,-20.1662364649969,-19.1863587142175,5729651256.16149,9722987.52166557,5794268567.67396,4087.78526056554,6.74135858084716,4132.10414986879,190900991.202246,277197.041521434,194622036.192258,-15.515545881815,1.51552675647852,-0.698350630551081,0.749942292351178,-0.441026702843873,0.00951632593785144,1.68267858640664e-05,1.26874544135712,1.14441293783305,0.00020669416817368,9.85053229394969e+43,45.2406518696075,0.1,1459566090.67442,1.37784427993483,1.38167846005159,-20.2635245228807,-19.4513331425617,3839662446.82474,1644497.99029144,3869148404.37997,30.6945139619438,0.0153986034303568,31.159038266687,22034490.0690629,16516.3503919202,24569010.6659153,-17.5008850581045,3.54502469004364,1.50197946419975,28.1853114034658,0.765408612877407,0.21802349005761,0.00223851135679012,2.74655353419592,2.92204769372339,0.00599821002305041,1.72379668756219e+44,52.1124291485717,8.45561201139465,2542907585.3706,3.00109193499234,2.9905664370419,-20.0824558169179,-18.239496928282,8038039818.77446,107175179.11311,8284140061.78736,131469.17632647,3564.73831644558,152253.535635917,471797519.668354,5111597.64803598,472543322.593164,-14.1489577984079,0.515961873663587,0.839572115054163,1.12641269691041,0.584868514995962,0.0357035071474419,0.000107706048611149,0.723016415467636,0.83701544126339,0.000796011956220143,4.02833397464e+43,4.57478699422536,0.0860431155770053,644417696.191378,0.443520538838836,0.439380021262062,0.0972880578838016,0.264974428344186,1889988809.33675,8078489.53137413,1925120163.294,4057.0907466036,6.7259599774168,4100.94511160211,168866501.133183,260680.691129514,170053025.526342,1.98533917628946,1.51353605990154,1.36075797969667,26.3089564142042,0.621566800725318,0.172803656972316,0.0021139785223149,0.754791677371161,0.940619314626957,0.00499550389865658,3.35910060703223e+43,2.2969902847388,8.26956889581764,438923798.504801,1.17972711621868,1.16950795572825,0.0837806480789922,0.946861785935525,2308388562.61297,97452191.5914446,2489871494.11339,127381.391065904,3557.99695786473,148121.431486048,280896528.466109,4834400.60651455,277921286.400906,1.36658808340716,12007,189.086178539587,62.2826835474889,36.1568097120217
1393.20913029792,-1.28567155762903,1.33793320595068,0.56149067445156,16.0785019806011,3.26060042947261,1.78078980602574,1.8618888042714,0.0237059026038811,1.85501260680669e+37,30.9678839933201,0.892768566884291,56657172480.2362,316.664994202681,275.953910785683,-15.223069379194,11.2107084773547,2163381899482.99,1476501125508.07,3639883024991.06,2512815892.47123,2288701688.04258,4801517580.51381,240675681387.692,219210185638.03,459885867025.722,-12.8527501579417,1999.52364291262,-1.33048525311121,1.33276438888295,0.563558093482602,18.9301534371073,3.37835881659717,1.54566873848969,2.18582910131435,0.00761034240175317,9.12689872605725e+38,29.6661984423307,1.47031427215807,61856029311.5335,364.876293160129,313.215635062424,-15.2150795886919,11.4703079835595,2575624382032.94,1865083237757.02,4443421293780.25,163005560.511242,421355303.356748,775326206.867638,49107131874.0114,133597338990.979,237667128486.976,-14.9702972121447,1528.35973340441,-1.35091685614816,1.30376250038773,0.52350193862195,10.6065830262301,3.26269532407765,0.872723843520375,1.11233754321571,0.00373079724310985,6.8509255345209e+35,27.9906367837335,0.210115025594696,56001832506.7003,319.133994100486,278.051598214228,-15.3065451930626,4.2321535274026,2186314447684.09,1492612115519.36,3679464625577.61,21920981.0968008,28888793.6832828,112673236.436726,4775835113.52956,7593886312.80532,44743178065.7931,-16.5080317225655,2306.2501276499,-1.31374377463561,1.34676282918995,0.581895017377479,31.6227766016838,3.48386848716111,2.46201644883948,3.03784029859973,0.023051720398534,8.05729300331912e+40,32.8824504113144,5.6098048710533,72679354098.0643,429.908057207522,370.716944120982,-15.1195886829411,16.6824082534539,3040403109192.21,2228873531762.49,5271387889915.33,984686849.609232,1908653890.0754,2701412732.5945,251997864906.42,345060216288.209,535668958800.931,-13.8306647402709,471.163909508211,0.0204316030369518,0.029001888495213,0.0400561548606517,8.3235704108772,0.115663492519523,0.672944894969312,1.07349155809863,0.00387954515864332,9.12004780052273e+38,1.67556165859715,1.26019924656337,5854196804.83321,45.7422990596432,35.1640368481961,0.0914656043707751,7.23815445615694,389309934348.846,372471122237.664,763956668202.64,141084579.414441,392466509.673465,662652970.430912,44331296760.4819,126003452678.174,192923950421.183,1.5377345104208,306.726484737278,0.0167414784755919,0.0139984403070021,0.0183369238948776,12.6926231645765,0.105509670563934,0.916347710349793,0.852011197285389,0.0154413779967808,7.96602401605855e+40,3.21625196898376,4.13949059889524,10823324786.5308,65.0317640473932,57.5013090585587,0.0954909057507081,5.21210026989433,464778727159.273,363790294005.46,827966596135.075,821681289.09799,1487298586.71866,1926086525.72686,202890733032.408,211462877297.23,298001830313.955,1.13963247187374,1847,189.196905596343,62.284114998907,28.1574454974628
188.644880472424,-1.43218510449157,0.821576987896826,0.264026612173505,1.02281530806993,0.349520166682888,2.01465822366163,1.30719004970867,0.00116317814738027,2.25189557893855e+39,37.856183713751,4.27211177912243,608094270.347964,5.45920575123704,4.20341650675349,-18.9637192001938,4.01737472485302,36128287986.8025,14120578627.2818,50248866614.0843,88987000.930858,2088249.27755531,91075250.2084133,1814763993596.37,42586889758.2642,1857350883354.64,-26.2967367665839,209.118206802293,-1.40823462405723,0.843281782624995,0.305274894988468,1.82728735050318,0.364736885416519,1.75937218829145,1.92303385371761,0.000925121703992475,3.86229111273051e+37,39.1785974800727,0.79304199149655,675506369.211545,6.04009334668428,4.68494115970593,-18.9846066141544,0.322198998225112,42411361142.9095,15351144573.1759,57340841655.8257,13840.4798217211,3087.33451941009,22105.5646291366,783274054.276118,374576193.572191,1419459866.0391,-29.3698501552708,145.008838233022,-1.42198880804073,0.821520293881226,0.264026612173505,1.05530729793152,0.25825181846828,0.767985529165134,0.992597236580445,0.000196840075987459,1.90617505085056e+36,37.1507453651717,0.143974679071567,484426359.274568,4.935382183124,3.73780126239771,-19.0372768017925,-7.71332195339392,33444784276.512,9708157348.22677,43306936066.3037,24.9615538478073,33.1659417887905,117.194905130936,43688442.5566682,16532794.3297757,166057997.241037,-31.2767024686558,349.002245976063,-1.39176757310026,0.852742128486699,0.355378110572213,12.4899419463089,0.50773055400345,2.54840011826337,2.63288557091466,0.00445217905002875,1.79599823343723e+41,42.1292499684057,4.19449322805018,902978473.076602,8.20811005785216,6.36626414898943,-18.9274498863364,4.07348216241876,62103299417.1103,26159031600.9564,87396901121.257,2943886.37158681,527798.138857675,4140064.78295782,3344057568.16148,1232722814.4252,4257437649.26468,-27.9431795508553,64.1093685692714,0.0137541839834974,0.0217614887437693,0.0412482828149622,0.77198005257166,0.10648506694824,0.991386659126315,0.930436617137166,0.000728281628005016,3.67167360764546e+37,2.02785211490099,0.649067312424983,191080009.936977,1.10471116356028,0.947139897308221,0.0526701876381317,8.03552095161903,8966576866.39753,5642987224.94909,14033905589.522,13815.5182678733,3054.1685776213,21988.3697240057,739585611.71945,358043399.242415,1253401868.79806,1.90685231338498,139.88403917377,0.0164670509569747,0.00946034586170363,0.0501032155837456,10.6626545958057,0.14299366858693,0.789027929971918,0.709851717197053,0.00352705734603628,1.79561200432596e+41,2.95065248833298,3.40145123655363,227472103.865057,2.16801671116788,1.68132298928349,0.0571567278179508,3.75128316419365,19691938274.2008,10807887027.7806,30056059465.4313,2930045.89176509,524710.804338264,4117959.21832868,2560783513.88536,858146620.853009,2837977783.22558,1.42667060441548,6191,189.135103888133,62.2978689598861,70.6522594751774
12.4593953973824,0.137247579699223,0.300000029662184,-0.214339323465042,1.77662841503689,1.00000612545485e-05,1.98142245694752,2.00001010808629,0.0501187181903934,5.99541229630905e+37,43.7570865899692,9.99846198097525,3434512145.28345,11.0591205582281,11.7328215464389,-20.3146856476946,-2.2703638854103,70561727245.333,0.161002636381454,70561727245.494,158575841.799942,0.000381091092381679,158575841.800323,7183979858.22167,0.0172646142107295,7183979858.23893,-21.1141403787956,12.0736090924017,0.107943468131283,7.04980486434709,0.157887102899052,6.01642899778039,0.000728833816176125,1.94784740235724,1.84291507261233,0.0488474294027138,7.59930196690518e+36,48.5891982170081,1.22967545542117,3576210926.99795,11.9604454608149,11.8247988861189,-20.3336436021232,-0.881040960298861,79024665719.0627,157011175.268905,79549917724.1407,122702542.543184,127065.778788112,123408713.661703,6262116144.41587,6621834.45685515,6332030792.50796,-23.6628210594914,11.0939308921901,-0.15280700611477,1.40783381087416,-0.380714948792001,1.69736649760975,2.45529968617679e-05,1.22712708270748,1.16128561531894,0.0365546368970192,4.48633556014569e+35,44.3694216046116,0.190199403048395,3142362754.52133,10.9533933208845,10.9677264486696,-20.3817301225127,-4.24745375435278,70103147349.0355,143.382455258143,70623625264.2398,10269501.9529381,0.417190196156102,16083497.9568607,544534371.775563,19.3697600406414,857956600.921369,-25.2749184660544,14.3262125368147,0.235882842062576,48.0967747867153,0.787489134911268,23.9081872342772,0.0156469413965034,3.20064493106675,2.67712446896699,0.0501187233627272,1.46867729450682e+38,51.5306262660499,6.32007311931183,4004321035.17094,12.9574515052551,12.4647566413748,-20.28860050712,2.32185282160554,85922374549.7373,1531745528.09239,86694452540.7262,396022300.329567,3740932.53824915,397181352.692422,20429572130.9894,195159310.643423,20483776627.0833,-22.2902320460048,0.979678200211556,0.260750474246052,5.64197105347293,0.538602051691053,4.31906250017063,0.000704280819314357,0.72072031964976,0.681629457293395,0.0122927925056945,7.15066841089061e+36,4.21977661239649,1.03947605237277,433848172.476616,1.00705213993042,0.857072437449373,0.0480865203895284,3.36641279405391,8921518370.02722,157011031.88645,8926292459.90093,112433040.590245,127065.361597916,107325215.704843,5717581772.64031,6621815.08709511,5474074191.58659,1.61209740656305,2.25260344441299,0.127939373931293,41.0469699223682,0.629602032012216,17.8917582364969,0.0149181075803273,1.25279752870951,0.834209396354652,0.00127129396001344,1.39268427483777e+38,2.9414280490418,5.09039766389066,428110108.172991,0.997006044440244,0.639957755255807,0.0450430950032406,3.2028937819044,6897708830.67452,1374734352.82348,7144534816.58551,273319757.786383,3613866.75946104,273772639.030718,14167455986.5735,188537476.186568,14151745834.5753,1.37258901348655,16639,189.079848959653,62.2564763297346,46.3414902744197
7.57057872145955,1.44060040225541,0.365456276023603,0.963552181856452,8.24884901382378,0.4961014798728,1.99974272880886,2.00059486870041,0.000503130910161249,2.69577397256028e+45,41.6059830148894,1.00743974124971,6913174593.83726,6.57559014581674,6.57959331900304,-19.9943826479912,-19.3382529792229,46425808381.7991,142430676823.247,188856485205.046,109808504.989298,337673669.565168,447482174.554466,30089972551589.3,92530095456637.2,122620068008226,-12.6893855974511,5.47873824088346,1.93174639200805,9.51508953057427,0.180471136509154,8.27122789197485,0.581856735823369,1.93198178737543,1.98652356543152,0.00711052999549461,3.35801223531292e+45,42.8016277652875,1.70376913695714,6757934679.45427,5.12160832210551,5.12416477573076,-19.9100209470166,-19.6439547396787,35713772269.4714,198575772391.565,241166974681.786,555334.200447041,25488804.0545913,42636233.8936338,955838213.290443,9097298329.73454,12145363221.5416,-15.589292801644,2.25404598179322,1.24435006973464,1.75363548345379,-0.357553600040234,2.5682947022154,0.517829769093135,0.951038227477682,1.30012899219712,0.000833291922471264,2.68644776209382e+45,41.4932102687674,0.95520356196244,2614396919.66148,1.80420075977475,1.82649858687396,-19.9810164678473,-19.8112961287943,12292753737.6348,165423917780.562,197590210288.768,11547.9878817881,32876.3544265561,69589.236492392,49811370.169202,1286927231.68471,2750043805.32789,-17.3881703860614,8.77300374362824,2.38785449484975,51.6907290818544,0.820407791817229,24.8744293063506,0.725388060869098,3.20303426524334,2.68553966673705,0.0314233209180012,3.90432687173918e+45,43.6939218830266,2.90820514965384,11319378597.8511,8.62215048550473,8.62271325110401,-19.8308419781029,-19.3726454139761,58689649381.6766,288296084373.107,305954147176.128,36616362.8050245,305246489.116189,335882261.522399,5071708025.02752,37230292459.5467,39564917965.5238,-14.1454714598237,3.22469225909024,0.687396322273409,7.76145404712048,0.538024736549388,5.70293318975944,0.064026966730234,0.980943559897744,0.686394573234402,0.00627723807302335,6.71564473219099e+44,1.30841749652014,0.748565574994703,4143537759.79279,3.31740756233076,3.29766618885681,0.070995520830742,0.167341389115588,23421018531.8367,33151854611.0033,43576764393.0183,543786.212565253,25455927.7001647,42566644.6571414,906026843.121241,7810371098.04983,9395319416.21369,1.79887758441737,3.29426550274478,0.4561081028417,42.1756395512802,0.639936655308074,16.6032014143757,0.143531325045729,1.27105247786791,0.69901610130553,0.0243127909225066,5.46314636426269e+44,0.892294117739048,1.2044360126967,4561443918.39681,3.50054216339922,3.49854847537325,0.0791789689136344,0.271309325702592,22975877112.2052,89720311981.5418,64787172494.342,36061028.6045774,279757685.061597,293246027.628765,4115869811.73708,28132994129.8122,27419554743.9822,1.4438213418203,8231,53.1858467600794,-27.8100225147368,32.4793167751512
21.56500131481,0.190147510061196,0.300007375323909,0.311691637559535,21.7805592245123,0.511383880786505,1.91879411062066,1.96737653010594,0.050118175872093,9.73751096946012e+40,46.6184591075792,9.99793430251078,6341778039.905,18.8321885726026,19.7208695766547,-19.4859119277052,-9.53047264928017,125162399454.503,52571972518.4649,177734371972.968,233438032.115675,113486525.571923,346924557.687598,10575584833.3868,5141348938.53741,15716933771.9242,-24.2105885568212,13.9463387019563,0.284682403904417,4.36367017441387,0.465033564036204,7.14426290077765,0.302343953977417,1.90167327510853,1.51823150769502,0.0501187233627272,2.65221381766898e+40,47.1622707456785,0.617498273039117,6220553043.73037,13.5607453518119,13.6908869410068,-19.5520755623876,-8.07222864338223,89395381108.4624,26067809253.579,116758401721.544,134260787.963936,13018836.7203866,174770702.288873,6532560626.59928,601253385.262369,8407303754.35014,-28.8249887023212,11.0704542400984,0.048744657746607,0.402722831252854,-0.19417961647024,2.18776918353716,0.185589769587503,1.38253463697796,0.648152432999908,0.0444917114862567,2.22384543167003e+36,41.5948719959716,0.135794862845133,5437878371.75608,10.8363688616324,10.8365631428049,-19.6689899852948,-14.9332473006022,70828876789.384,14799600654.5468,86615085461.7182,26337923.7535432,697359.675490316,52062407.0285998,1210914398.19628,33869705.9826906,2460490738.66881,-30.4559237588992,18.8100318659376,0.542534431121737,33.6462491175332,0.924725110582137,24.6711135815832,0.452421840678047,2.51897546291709,2.75980388202282,0.0501187233627272,8.01391491698825e+42,48.9749603651253,2.91894393888479,7046453003.56996,17.4532323789155,17.3449434975457,-19.4686859884496,1.28493242587236,114892115628.726,43976340610.9864,158161438821.477,346559297.794399,87026707.8345982,396758677.941871,16475280839.2384,4042709692.9416,18606799717.2338,-26.4878960619528,2.87588446185792,0.23593774615781,3.96094734316102,0.659213180506443,4.95649371724049,0.116754184389914,0.519138638130564,0.870079074695115,0.0056270118764705,2.65199143312581e+40,5.56739874970688,0.481703410193983,782674671.974283,2.72437649017955,2.85432379820193,0.116914422907158,6.86101865721999,18566504319.0784,11268208599.0322,30143316259.8258,107922864.210393,12321477.0448963,122708295.260273,5321646228.40301,567383679.279678,5946813015.68133,1.63093505657801,4.86369316398128,0.257852027217319,29.2825789431194,0.459691546545933,17.5268506808055,0.15007788670063,0.617302187808567,1.2415723743278,6.93889390390723e-18,7.98739277881156e+42,1.81268961944681,2.30144566584568,825899959.839599,3.89248702710359,3.65405655653892,0.083389573938021,9.35716106925459,25496734520.2634,17908531357.4074,41403037099.933,212298509.830462,74007871.1142116,221987975.652997,9942720212.63909,3441456307.67924,10199495962.8837,2.33709264036834,5654,53.1031947774776,-27.7449386852846,67.0753301241824
7.62066812763889,0.414022213318106,1.41756934867271,0.993646173531668,16.0402341132476,0.000206765277989758,2.00002646631166,1.99990540344427,0.04904929992392,2.51679441044568e+40,44.2134850536403,1.69842571595507,5518474237.79445,7.42431084123633,7.44588630618073,-19.5999978319355,-8.97157884872044,49427637121.5334,63265031.8535133,49490902153.3869,116999819.135187,149704.383983317,117149523.51917,5416021914.67995,6929944.2543622,5422951858.93431,-12.689385364047,6.5709175613613,0.448875414143637,12.1591200560971,0.250373262767231,2.30855547262918,0.00613711045662054,1.50989509149518,2.08691772883271,0.0321406835030339,5.78272223745436e+39,42.2181723839354,1.35619777692645,5822745982.1789,6.43863894645524,6.43950048082039,-19.6092100900392,-5.79639133790153,41510704628.6551,317973553.35284,42453082383.631,8398418.42944547,181403.091611237,11944402.1393006,799684480.764327,12460424.0587094,1060368720.63042,-15.7497078405024,5.91600313599303,0.200392208384435,2.05728799029736,-0.356454738829692,1.20761989591542,0.000407141857535151,0.707998689396329,1.1158702152006,0.0220798965339397,2.30348902188805e+37,36.0206670245282,0.252271367443333,5507730901.57582,5.88037137827522,5.88850376558264,-19.6723886831736,-10.9335134540498,37073784542.1706,16209.9827678406,37670317872.5321,803336.665645949,7.16760811523132,1247243.17665257,55660026.9440432,483.665102080662,91869047.24937,-17.1894132929938,7.01698663793588,0.868652017909385,66.1948357077679,0.790119391314498,13.3457932290899,0.0373336431554554,2.50446666871388,2.97135834161178,0.0416640781542618,2.649821603974e+41,44.39807740329,6.40712890975879,6199767860.72301,6.87703898280768,6.87144975998345,-19.5588447647301,0.871876217371743,45170745065.6872,2331686833.07939,46526144869.8953,93770274.5451638,2710817.29907739,94783419.597922,7291246139.22194,213289945.076002,7550053367.58306,-14.5924762693297,0.654914425368269,0.248483205759202,10.1018320657997,0.606828001596924,1.10093557671376,0.00572996859908539,0.801896402098848,0.971047513632115,0.0100607869690942,5.75968734723548e+39,6.19750535940717,1.10392640948312,315015080.603084,0.558267568180019,0.550996715237758,0.0631785931343458,5.13712211614827,4436920086.48452,317957343.370073,4782764511.09893,7595081.76379953,181395.924003122,10697158.9626481,744024453.820283,12459940.3936073,968499673.381053,1.43970545249133,0.446069076574581,0.419776603765748,54.0357156516708,0.539746128547266,11.0372377564607,0.0311965326988349,0.994571577218701,0.884440612779066,0.00952339465122789,2.59199438159946e+41,2.17990501935458,5.05093113283234,377021878.544105,0.438400036352443,0.43194927916306,0.0503653253091159,6.66826755527328,3660040437.0321,2013713279.72655,4073062486.26427,85371856.1157183,2529414.20746615,82839017.4586214,6491561658.45762,200829521.017292,6489684646.95264,1.15723157117274,26730,53.1606663326869,-27.7918209892422,30.5439536224185
582.864050915288,-0.22629152712426,0.3,1,7.17400512091835,1.04866918096002,1.96283002726357,1.98832251479331,0.000164742326653965,1.00392559877513e+35,52.8783721925714,2.28858477467375,6158965648.38042,161.647709264496,71.7403193184563,-20.187113879948,6.43892225632881,1263795173904.55,397038099860.388,1660833273764.93,2692306280.80195,909791332.13625,3602097612.9382,23497695399914200,7940404014379790,31438099414294000,-20.5703672486465,531.502441927306,-0.234250712099993,0.3,0.897438816589667,11.04459265738,1.01871765201487,2.18751366065178,1.87066163405875,0.00277801238103898,9.83640246095354e+36,54.0264429404606,0.771622095877062,5918422709.30497,144.294043994168,68.2659878455253,-20.2043014999835,1.41576624942174,1127619884276.54,369444743962.172,1491139827004.05,6567304.79995137,2193148.46653375,14845775.0088096,60501152494.9174,12335093471.3123,79979227802.2647,-22.9607620848428,427.086241966486,-0.243869239040417,0.3,0.807543318574518,4.96907794095909,0.968107284045397,0.998440821806523,1.01832593731561,0.000212978322484251,3.21399723929407e+35,52.0289546238297,0.147409398156688,5346282771.45479,131.405227989102,61.8644745533162,-20.2567624153856,-4.21556126849841,1023350757878.68,333912859467.006,1373212505574.95,5577.66771936865,1557.28298443706,12293.8951145469,1873132362.18579,839448330.990824,15339846138.6883,-24.7158369668707,604.393083978864,-0.229216241728077,0.3,1,27.7495003779041,1.09348858965584,2.97743735021335,2.64918496246327,0.0268593297504091,1.89999541342069e+39,56.842409009716,4.33096047646279,6858103514.90875,163.178076614206,78.5442218552343,-20.1425450912613,5.03199539096691,1273590189604.86,430852301186.38,1695380153281.86,1623342128.8292,210893099.728456,1918321104.55977,191377669765.684,36323043065.8094,218869309921.611,-21.8084054733232,104.41619996082,0.00961852694042437,0,0.0898954980151483,6.07551471642088,0.0506103679694774,1.18907283884526,0.85233569674314,0.00256503405855473,9.51500273702413e+36,1.99748831663093,0.624212697720374,572139937.850184,12.8888160050661,6.40151329220912,0.0524609154021789,5.63132751792015,104269126397.865,35531884495.1657,117927321429.102,6561727.132232,2191591.18354932,14833481.1136951,58628020132.7316,11495645140.3215,64639381663.5764,1.75507488202788,72.8906420515582,0.00503447037191604,0,0.102561183410333,16.7049077205241,0.0747709376409633,0.789923689561564,0.77852332840452,0.0240813173693701,1.89015901095974e+39,2.81596606925534,3.55933838058573,939680805.603777,18.8840326200381,10.2782340097089,0.0617564087221858,3.61622914154518,145970305328.315,61407557224.2085,204240326277.807,1616774824.02925,208699951.261923,1903475329.55096,130876517270.766,23987949594.4971,138890082119.347,1.15235661151965,43130,53.1310768535564,-27.7903786055739,44.6450396662577
8.58422753951664,-1.99414950468228,3.41548396704906,0.998022554862232,0.00494559512947325,0.000627545974056804,2.00152677734644,2.00019252997301,0.03750311114186,2.79882410375624e+40,45.4617552614531,1.80856679117075,1603746035.50305,3.97072912191779,3.78882958460643,-20.1717181976034,-9.35637085916582,4552775608.24262,6954.32795766275,4552782562.57058,10821331.2018612,16.4690576116633,10821347.6709188,655151030.033789,997.078811903588,655152027.112601,-12.6893876484283,7.10874744487237,-1.6409743554518,2.83948732473228,0.983050901082907,0.0138105732753094,8.47159567518978e-05,1.93892090185635,2.03813941265352,0.0377511971552852,1.48516958083825e+38,51.6133626824421,0.926399923340899,1673583380.58166,3.86706224675636,3.71480846860491,-20.103733533981,-4.22936117571107,4849132094.15986,7.44738144100847,4849132427.85086,6657140.8758849,0.00496432063775833,6657140.92514662,385054925.613251,0.290980419086354,385054973.517277,-15.1570471835322,5.71668064192738,-2,2.66452188924495,0.883724950786499,0.00454248413802308,1.54971653672616e-05,1.11770358512046,1.21790998911455,0.0317182541840329,1.61500529202581e+36,45.7369169379549,0.203718858002214,1551096850.5422,3.69899662635518,3.56853169149852,-20.1592642822894,-9.95801468312684,4200476156.97131,0.0885126295307691,4200478044.30003,371492.134167299,6.68656303559503e-05,371492.843943787,21469631.331049,0.0041067908791542,21469668.3035656,-17.1156777810692,7.82762142476316,-1.23318656265978,3.64659428368173,1,0.0502065572193127,0.00111193377467213,2.59907978459361,3.06839092870455,0.0501187233627272,3.68235662563875e+40,54.1130177764388,4.64891677840369,1819304072.34734,4.04006324331829,3.86354931604446,-20.051022071873,0.592082884758962,6608783564.67813,4847.16620413683,6608783578.96327,17533016.0151186,4.55825874931812,17533016.0228343,1006316330.43854,273.779594990823,1006316952.56695,-13.8265776149078,1.392066802945,0.359025644548201,0.174965435487332,0.0993259502964073,0.00926808913728628,6.92187913846363e-05,0.821217316735897,0.820229423538966,0.00603294297125227,1.469019527918e+38,5.87644574448723,0.722681065338685,122486530.039468,0.168065620401175,0.146276777106389,0.0555307483083922,5.72865350741577,648655937.188548,7.35886881147771,648654383.550829,6285648.7417176,0.00489745500740238,6285648.08120284,363585294.282202,0.2868736282072,363585305.213712,1.95863059753699,0.718873979890783,0.407787792792022,0.807106958949448,0.0169490989170934,0.0363959839440033,0.00102721781792023,0.660158882737254,1.03025151605103,0.012367526207442,3.66750492983037e+40,2.49965509399667,3.7225168550628,145720691.765675,0.173000996561934,0.148740847439551,0.0527114621079683,4.82144406047004,1759651470.51828,4839.71882269583,1759651151.11242,10875875.1392337,4.55329442868036,10875875.0976876,621261404.825288,273.488614571737,621261979.049669,1.33046956862437,15006,53.1557286955655,-27.8371835220526,35.360996762517
24.8654345958082,1.67091338852311,0.300000583053854,-0.499980345536687,2.92981485253287,1.00163418074359e-05,2.00030744451241,1.99966971882397,0.00210845849549599,2.99257270913783e+45,34.5710911890623,2.85584942716236,3789996771.07543,3.96822886876986e-74,1.09941578041255e-63,-16.3403395237297,-13.2820617710483,22353849.4255314,450295.543823242,22804144.9693546,52954.5219902673,1064.84633561303,54019.3683258803,170847366.060963,3435517.58870737,174282883.64967,-15.3159121088475,19.988116503745,1.70939953657589,0.303658923775041,-0.454142928872888,0.432985113948843,0.00296789931143202,1.79953659652532,2.00723117392817,0.00232157489784562,2.24424532670644e+45,32.6002256868401,1.97515031689633,3687098806.77632,9.32304664873493e-40,9.18496043193656e-35,-16.3979283515011,-14.0896506644136,22705625.5168838,121529947.079313,143739175.769728,119.059082448181,506.208937244239,1190.3519646323,488426.567112058,1436655.24336481,2425280.92855428,-18.1018401161342,15.6142999085195,1.60536430242732,0.3,-0.5,0.0358905627643649,0.000194817263426326,0.821906450822975,1.08251339259442,0.00123078732368718,1.78605368709216e+45,28.4442507132236,1.71138327900854,3252542187.10229,7.99940066875736e-73,1.12007915149422e-62,-16.5710564397449,-14.8095533472023,19496322.7626804,7923081.5481897,30032463.185757,3.36210404121795,18.9636925211104,36.6380294258327,19414.1874181729,100026.28198981,325791.886181538,-20.0009338570064,23.502678757364,1.71290117099363,0.412808639339661,-0.262795546997055,4.51591537836692,0.018928180794766,2.62684517757926,2.7218365147429,0.00378422576622417,2.99257270913783e+45,36.5094064058173,2.98672540545266,3994552462.04196,7.23244867007257e-15,1.77660516167845e-13,-16.2242755350871,-12.7141827986711,26230278.9895389,923008798.071674,950104261.40688,1471.97162642546,17198.5838421463,18757.4707861523,1609472.57967592,34155224.4165386,35181566.2895828,-16.7430284570393,4.37381659522548,0.104035234148568,0.00365892377504146,0.045857071127112,0.397094551184478,0.00277308204800569,0.977630145702346,0.924717781333752,0.00109078757415843,4.58191639614283e+44,4.15597497361646,0.263767037887787,434556619.674028,9.32304664873493e-40,9.18496043193656e-35,0.173128088243853,0.719902682788684,3209302.75420342,113606865.531124,113706712.583971,115.696978406963,487.245244723128,1153.71393520646,469012.379693885,1336628.961375,2099489.04237274,1.89909374087223,3.51456225361904,0.00350163441773876,0.109149715564619,0.191347381875833,4.08293026441808,0.015960281483334,0.827308581053942,0.714605340814731,0.00146265086837856,7.4832738243139e+44,3.90918071897718,1.01157508855633,307453655.265643,7.23244867007257e-15,1.77660516167845e-13,0.173652816413963,1.37546786574248,3524653.47265503,801478850.992361,806365085.637152,1352.91254397728,16692.3749049021,17567.11882152,1121046.01256386,32718569.1731738,32756285.3610286,1.35881165909494,19573,53.1965717472941,-27.757063142296,37.3165382328309
3.14003141058475,0.586222361129515,0.300000060984982,0.140997639363488,0.869868549604912,1.00026513504434e-05,1.99327658337901,1.99998402884245,0.000100000076209251,8.08653485439992e+43,50.2267209403591,0.116769172706325,1356910200.61516,0.890620768726219,1.05425977441276,-19.5531220233023,-18.6602755611875,6201764827.55644,564693.175205231,6202329520.73164,14408808.3842719,1336.52538270976,14410144.9096547,591049630973697,54824300051.062,591104455273748,-15.1806580720332,2.3611250710318,0.46864444409186,0.507485193281089,0.501703779804389,4.87043720821597,0.000201590833955141,1.47598717488583,2.08273689128424,0.000361017629056251,6.63591754403507e+43,49.6157757882517,1.33292743773146,1413147408.32832,1.81458039292703,1.84281324310534,-19.5862922336377,-18.3693025008777,13020554601.7796,17742991.9955273,13414812720.9449,112.591039276724,0.871012652102037,120.398607932544,105905904.288887,465380.665581907,110844467.179332,-17.9980423178144,1.81334787752255,0.0451845294823402,0.3,-0.141339600553074,0.987793223129118,1.64601763452821e-05,0.830612449099182,1.06101130895373,0.0001129053570958,5.36686860873534e+43,48.4658076242886,0.175910318053143,1072085167.51383,1.47521137595231,1.54643556965078,-19.6365506780891,-18.5603652399374,10059866533.4385,1400096.87136681,10340543404.9735,5.77650517989622,0.0133327421805273,6.17030796135794,12246866.6887127,18362.1865724308,14770075.1446582,-19.8902827469827,2.85175072815579,0.847891585930665,9.98473488891799,0.878513765112776,22.691883841153,0.00629048468176586,2.21770717397891,2.97540973745785,0.00157380380727276,7.87441078414743e+43,50.8798275316913,6.08195754590215,1745128289.52039,2.4162679968697,2.46206640809833,-19.5394755864769,-18.1223671215085,16728923180.6508,471621582.921593,17276992195.9416,5533.73802827903,52.8777006864375,5610.7882059496,493444015.312804,9423246.33707152,523846011.674815,-16.9028870607928,0.547777193509256,0.42345991460952,0.207485193281089,0.643043380357463,3.88264398508686,0.000185130657609859,0.645374725786643,1.02172558233051,0.000248112271960451,1.26904893529974e+43,1.14996816396311,1.15701711967831,341062240.814488,0.339369016974712,0.296377673454564,0.0502584444514262,0.19106273905965,2960688068.34111,16342895.1241605,3074269315.97142,106.814534096828,0.85767990992151,114.228299971186,93659037.600174,447018.479009476,96074392.0346737,1.89224042916825,0.490625657123985,0.379247141838805,9.4772496956369,0.376809985308386,17.821446632937,0.00608889384781072,0.741719999093089,0.89267284617361,0.0012127861782165,1.23849324011236e+43,1.26405174343956,4.74903010817069,331980881.192077,0.60168760394267,0.619253164992988,0.0468166471608633,0.24693537936918,3708368578.87125,453878590.926066,3862179474.99666,5421.14698900231,52.0066880343354,5490.38959801705,387538111.023918,8957865.67148962,413001544.495483,1.09515525702164,24249,53.1937761308745,-27.7478688703034,37.0170335376371
5628.18752717042,-1.99998693800874,0.30000900663047,-0.396456616655598,3.72407457728665,1.18931033522455,2.18739061075352,2.10649501174859,0.0501179758286103,8.24502174202795e+39,41.5779224751846,9.1385966332892,59544423402.1152,209.969711605929,190.420860218954,-20.0443332008705,-3.46213642873573,1392312552936.9,716754130048.169,2109066682985.07,5118740399.24819,2217894327.44105,7336634726.68924,231898328278.634,100479013725.288,332377342003.922,-16.8305334662148,5484.20787199189,-1.91976670161245,0.3,-0.392385773618203,9.13030844532866,1.23572159206111,1.98496264978984,2.11391099820397,0.0432274868838827,3.70457080789221e+38,42.7333982261351,0.926696011304664,62075759016.477,222.589109113387,201.739177701052,-20.0536165824208,-0.447427898381044,1486791125810.47,786309699008.638,2277874628193.38,400061065.238294,619808664.519072,1592112584.10257,95191821953.0512,73330006254.7688,176260033482.439,-19.4576717318767,5015.15467310419,-2,0.3,-0.394729760463292,3.95331118840155,1.1791253865094,0.909481257346037,1.29241183119146,0.00323643956493497,6.11417435665401e+36,40.7126098951653,0.15285145913067,57208521200.7669,204.33901456966,185.232284690474,-20.1021332610563,-8.7401556379489,1359849724662.41,709436888967.538,2077446229830.64,27307771.6533955,17507787.9601311,82056461.4752181,2910013535.77874,6850965805.84098,35076395226.1189,-22.3378202723059,6070.5239033618,-1.84780034883581,0.3,-0.386595063216202,25.562462508725,1.4996166143017,2.72233854689735,2.78537532275056,0.0501187233627272,5.04498256979305e+41,45.6833321595934,4.79405121255268,72114756434.601,261.564408772392,236.509634927101,-20.0023629489233,3.27377607997035,1847988846244.78,1413254693541.36,3256408265785.38,5480802823.69283,3049530377.58785,7928546387.73043,277248790817.505,170198769731.133,405120230838.119,-18.088435450524,469.053198887693,0.0802332983875491,0,0.0023439868450888,5.17699725692711,0.0565962055517038,1.07548139244381,0.821499167012509,0.0399910473189477,3.64342906432567e+38,2.02078833096987,0.773844552173994,4867237815.71007,18.2500945437279,16.5068930105784,0.0485166786355258,8.29272773956785,126941401148.069,76872810041.0996,200428398362.741,372753293.584898,602300876.55894,1510056122.62735,92281808417.2725,66479040448.9278,141183638256.32,2.88014854042912,586.31603136991,0.0719663527766374,0,0.00579071040200174,16.4321540633963,0.263895022240589,0.737375897107502,0.671464324546582,0.00689123647884452,5.04127799898516e+41,2.94993393345821,3.86735520124801,10038997418.124,38.9752996590041,34.7704572260486,0.0512536334975415,3.72120397835139,361197720434.308,626944994532.718,978533637591.999,5080741758.45453,2429721713.06878,6336433803.62786,182056968864.454,96868763476.3644,228860197355.68,1.36923628135274,46496,53.1311472914982,-27.7731932132561,45.5418051642572
4.13618567363326,-0.969440827451374,44.1976959117496,-0.456720340207779,5.37094401716177,1.08425436195426,1.99837113979873,2.00071929312061,0.0332968501794152,1.12778908939001e+45,39.4506780905257,0.693819339042138,2190690789.49,3.33112037208512,3.26932696737125,-16.8443655552953,-16.2026178399256,22110284618.9664,62413114299.5262,84523398918.4926,52099161.016981,148019153.44023,200118314.457211,3552676091.71354,10093523528.5533,13646199620.2668,-12.6894763747767,1.80537999649858,1.44078485821433,13.180098750734,0.257413291115568,11.8789631439315,1.06415778813374,1.79872663956862,1.96683629777084,0.00228474529651789,1.25002875718896e+45,38.5500692844626,0.657947336435724,1826297691.33482,1.68888731062711,1.68880204904932,-16.9019256617923,-16.3126268390804,11927427347.6027,64684863385.4699,73465143056.149,50740.8342525072,422732.989780871,819912.403820092,241251634.363536,2211563305.69739,2896562080.97994,-15.4289137938241,0.884314838840399,0.287682963054367,2.02766634397418,-0.343364496165585,4.51690796025754,0.961681272306002,0.89797535071912,1.34589467644759,0.000384872767039493,1.11966154399274e+45,36.5862805543289,0.589250509871771,1002839833.27492,0.785383150157324,0.788449930870473,-16.9669763439791,-16.6570834579522,5566250493.96442,53345220430.561,62957118457.7871,90.5584892967609,1387.10946327149,2060.99998320535,13466772.6350292,396514678.775092,894344714.330489,-16.9014043353037,3.10832740409857,2.17881849163275,57.7008360088863,0.817682351006692,28.8982119499214,1.15501781210554,2.95883312076325,2.74818414503973,0.017168148683243,1.32795610070322e+45,39.9144544299724,0.779931822334998,3449771387.36571,2.91993285446777,2.91659214492105,-16.8108704493851,-15.9402915766089,20648985446.2843,71959556337.7299,91743708297.5007,3127876.95269901,59676211.9621048,68946061.2959985,1417417330.81135,8330885749.23063,9050697733.45816,-14.1378743557456,0.921065157658184,1.15310189515996,11.1524324067598,0.600777787281153,7.36205518367393,0.102476515827735,0.900751288849495,0.620941621323257,0.0018998725294784,1.30367213196214e+44,1.96378873013375,0.0686968265639528,823457858.059895,0.903504160469787,0.900352118178844,0.0650506821867793,0.344456618871714,6361176853.63831,11339642954.9089,10508024598.3619,50650.2757632104,421345.880317599,817851.403836887,227784861.728507,1815048626.9223,2002217366.64946,1.47249054147962,1.30294740759999,0.73803363341842,44.5207372581523,0.560269059891123,17.0192488059899,0.0908600239718034,1.16010648119464,0.781347847268892,0.0148834033867251,7.79273435142621e+43,1.36438514550976,0.121984485899275,1623473696.03089,1.23104554384065,1.22779009587174,0.0910552124071629,0.37233526247149,8721558098.6816,7274692952.25999,18278565241.3517,3077136.1184465,59253478.9723239,68126148.8921784,1176165696.44781,6119322443.53324,6154135652.47822,1.29103943807848,40808,53.1295271665393,-27.7996524352095,30.373329211171
9875.83588103143,-1.97751370670753,0.740232201570633,-0.00513463084349295,31.1706833364778,3.90004766840563,1.59356110675162,1.67546424745373,0.0499699760740269,1.14754211081634e+45,49.9707308007566,9.98119040102958,42202461339.9348,241.688902517792,205.292536538129,-13.1464973871996,-11.0008869527445,1617512753488.07,1276560689157.27,2894073442645.34,876434457.60298,979567420.811368,1856001878.41435,39823400180.7672,44509552385.3585,84332952566.1258,-16.0917867167368,10000,-1.93585776875086,0.757844950820245,0.0122284488356677,20.0110656436896,3.90471592604893,2.50305841004951,2.1576729138384,0.0501187233627272,8.25982529406201e+40,51.1645613592556,0.830767996864432,45929159911.9186,265.718681537493,225.82796151472,-13.1124167087256,-0.595091504155583,1776818112112.09,1127769997387.43,2899874108274.26,6347791692.29463,2557378699.10129,8974754050.85687,310848305042.865,136182354766.529,452675653462.114,-19.4894574670346,8953.3404397701,-1.95713061033792,0.740232201570633,0.00330990242649956,12.0033070608814,3.81672162075841,1.77830363940097,1.52346846978539,0.0415721362578651,2.1091906771251e+39,49.2270693065537,0.140846045835627,42295792497.8342,245.658519900654,207.873580536545,-13.2656570562389,-8.48922176146125,1644374897587.63,1024697046846.79,2696481103425.56,1474512057.403,528186091.334731,4475825088.41135,87362667886.0419,25466105207.7442,241609137418.643,-21.0231737825866,10000,-1.87196645779155,0.761394019642945,0.0254087372165224,31.6227766016838,3.97045774064747,3.14859786590078,2.97317268960894,0.0501187233627272,1.31295591179704e+44,54.0285940589878,4.26478226957282,51904821708.8679,293.44124967774,249.982609193126,-12.9879794274519,3.29071164016811,1963723341070.99,1260160737014.64,3170304331642.1,9899060152.62483,5252398157.76792,13009117891.8464,468476563761.052,263170685211.071,614548578461.595,-18.5084356951475,1046.6595602299,0.0212728415870642,0.0176127492496128,0.0089185464091681,8.00775858280815,0.0879943052905201,0.724754770648546,0.634204444053004,0.00854658710486207,8.0489062263495e+40,1.93749205270193,0.689921951028805,3633367414.08442,20.0601616368393,17.9543809781756,0.153240347513286,7.89413025730567,132443214524.462,103072950540.634,203393004848.704,4873279634.89163,2029192607.76655,4498928962.44551,223485637156.823,110716249558.784,211066516043.471,1.53371631555198,0,0.063891310959314,0.00354906882270001,0.0131802883808548,11.6117109579942,0.0657418145985416,0.645539455851269,0.815499775770544,6.93889390390723e-18,1.31212992926764e+44,2.86403269973219,3.43401427270839,5975661796.9493,27.7225681402473,24.1546476784059,0.1244372812737,3.88580314432369,186905228958.897,132390739627.209,270430223367.837,3551268460.3302,2695019458.66664,4034363840.98953,157628258718.187,126988330444.542,161872924999.481,0.981021771887193,5201,215.054198730171,52.9259141813777,42.2712045513181
17.9320839154014,0.0330238584206669,0.300012184121619,0.464550508382096,1.64508897965457,0.237935058115817,1.97162600477356,1.98965783030872,0.000100009672350635,2.08528782264913e+44,39.9967573731475,3.00027311949362,3496266317.32083,17.4876714178482,17.3774178038021,-20.8407549489387,-9.44033804879595,130941701662.372,48171589246.6599,179113290909.032,286152485.267866,110795827.32392,396948312.591786,11734489993361700,4543495492697610,16277985486059300,-11.8538985619864,15.6716138795859,-0.0727940051012516,0.372383902841783,0.655631345802653,6.42773489696067,0.0173560585978826,1.81495233475787,1.98088886827206,0.00500598629694082,1.20673956829751e+43,38.652027147075,0.843764250880701,2368700906.18644,14.3381704780122,13.3040420485817,-20.8696611316549,-13.0129055978931,99532263595.9143,2418921573.16828,102208322794.709,2174958.79581751,31246.707063714,2703515.31781564,3128465387.05611,64364496.6742967,3593666687.38694,-15.0292556580628,13.956357816836,-0.125428174539427,0.3,0.135533663696666,1.28452000391185,0.00242362397062454,0.847652618691747,1.09823973924572,0.000617112533371782,1.19694338357017e+42,36.1355908979784,0.146867234895649,1956500241.0311,13.181491594229,12.4302047002256,-20.9228933697375,-16.1255634655922,89825281418.2596,185858160.161959,92731476252.0975,7384.24899016507,225.214321139347,8714.74612078266,152468694.701797,2017622.04413859,194020536.600643,-16.4009566031048,17.4550621406739,0.0276595530904053,0.407514614427291,0.992438907598835,21.5115961896302,0.144801155752814,2.68635785353733,2.71105530974686,0.0136597329748166,1.06102882825567e+44,40.9983100090099,3.97317619448769,3115326091.69183,16.086373942341,15.5543982630798,-20.7984964341981,-7.0839784062606,112993565062.535,26068694147.3099,136201936245.87,40220675.2117922,757919.390047945,41009828.4333103,11994991834.2289,1000151845.47665,14096440032.1077,-13.7412848866872,1.71525606274982,0.0526341694381755,0.0723839028417834,0.520097682105987,5.14321489304882,0.0149324346272581,0.967299716066123,0.882649129026339,0.00438887376356904,1.08704522994049e+43,2.51643624909659,0.696897015985052,412200665.15534,1.15667888378319,0.873837348356091,0.0532322380826216,3.11265786769913,9706982177.65471,2233063413.00632,9476846542.61171,2167574.54682735,31021.4927425747,2694800.57169486,2975996692.35431,62346874.6301581,3399646150.7863,1.37170094504194,1.783448261088,0.100453558191657,0.0351307115855074,0.336807561796183,15.0838612926696,0.127445097154931,0.871405518779456,0.730166441474799,0.00865374667787582,9.40354871425917e+43,2.34628286193483,3.12941194360699,746625185.505392,1.74820346432885,2.25035621449809,0.0711646974568048,5.92892719163249,13461301466.621,23649772574.1416,33993613451.1613,38045716.4159747,726672.682984231,38306313.1154947,8866526447.17284,935787348.802352,10502773344.7208,1.28797077137566,15034,189.067940264524,62.2751344499157,28.7272434050163
1.93402744330231,0.705276661258769,0.300010635298934,0.230144429559913,0.392959331732567,0.000310516463696081,1.98996849047336,1.99972737058154,0.000100003669541114,6.33637661142302e+43,38.8795385656766,9.99991575441555,875186221.734891,0.519313009228425,0.593177662180179,-18.421859653392,-3.84308623488027,2993328694.5463,171617.83274889,2993500312.37905,6890708.60537504,405.901421682058,6891114.50679673,282625531994927,16648230510.1254,282642180225437,-18.9557754071663,1.64699676145689,0.40308014706446,0.318872432615661,0.201758147360859,1.7314869170823,0.0262745974150857,1.5892087241825,2.21147154373049,0.000249687411519721,3.77546533270267e+39,39.3759072985638,1.69680388615579,791233157.82,0.816559755920234,0.93117593875001,-18.4256189178363,-1.39552356452583,5821471870.51047,380527252.106856,6190865130.61064,22.1012003473098,4.14631594214197,28.9982475282256,57471719.900104,4952081.80892295,119902056.263736,-21.8662914041109,1.44129807314961,0.274820335959949,0.3,-0.158554793727863,0.112395629846541,0.000492672169556727,0.787760973987357,1.34462936445543,0.00010387573397768,4.160989706317e+36,37.6422458523698,0.229912784278975,596932732.685154,0.459137680624941,0.546601690903588,-18.4827221806291,-9.31616163014947,1735135798.43779,1771.00069044292,1735220597.28256,0.259110793467872,5.10776678579111e-06,0.277608071364224,2615786.57127355,73.2190070353726,2659464.29402759,-23.4207576325362,1.88462911564239,0.757604786427318,0.395426292292485,0.496817093105431,13.7780816208487,0.103431464863888,2.40764573519921,2.9799673698515,0.00101120525372186,1.51758802139554e+42,42.602384620634,6.94638073799917,918458241.186575,1.27676091646198,1.31022165686521,-18.370739965101,2.94870074615867,8949740990.36516,1852422272.38148,10300813099.5405,2002.23525705314,238.939324194436,2607.43569087453,315626834.536769,91259476.724111,373877953.775217,-20.7593403927456,0.205698688307274,0.128259811104511,0.0188724326156606,0.360312941088722,1.61909128723576,0.0257819252455289,0.801447750195147,0.866842179275055,0.00014581167754204,3.77130434299636e+39,1.73366144619398,1.46689110187682,194300425.134846,0.357422075295293,0.384574247846422,0.057103262792797,7.92063806562364,4086336072.07268,380525481.106166,4455644533.32807,21.8420895538419,4.14631083437519,28.7206394568614,54855933.3288304,4952008.58991591,117242591.969708,1.55446622842528,0.237632354185503,0.354524639362858,0.0765538596768245,0.295058945744573,12.0465947037664,0.0771568674488023,0.818437011016707,0.768495826121015,0.000761517842202143,1.51381255606283e+42,3.22647732207021,5.24957685184337,127225083.366575,0.460201160541743,0.379045718115202,0.0548789527353186,4.3442243106845,3128269119.85468,1471895020.27462,4109947968.92989,1980.13405670583,234.793008252295,2578.4374433463,258155114.636665,86307394.9151881,253975897.511482,1.10695101136528,12320,53.1758126924809,-27.8166317021619,43.3107450592171
42.7908086685136,1.61918823601966,0.615997393498652,-0.5,17.4236621309156,2.4039267190899,1.98830014460561,2.08795770415098,0.00225061218581971,2.33137751871183e+45,41.9499293201429,1.45769611911328,21252471468.0756,3.49822174526331e-07,2.22957982563154e-06,-14.2369052768281,-14.1334907051783,129615534.139656,236634706353.392,236764321887.532,296988.37391184,701294988.265064,701591976.638976,782716149.367074,1848270710247.41,1849053426396.77,-12.4785902241408,18.399622719318,1.61723711904595,0.992348064228265,-0.0481846695282584,17.2881875073993,2.39880187084848,1.71331213083924,1.87668195463608,0.0135515754455885,2.18513228474681e+45,41.1369836404972,0.847663871479597,16591853149.0992,4.15763560615435,4.34750943854589,-14.4117399506715,-14.0030295451221,28370533077.5654,233925709275.949,254770178059.125,1481122.51503197,44200230.878595,79040000.9037068,408143955.883608,10500086405.5416,13202995286.6637,-15.0030656054579,7.87067474362272,1.26809500567849,0.558211511258453,-0.472185612924926,8.70450001236193,2.24705389332869,0.979724429554068,1.14293775773518,0.00249589101697546,1.42969674714864e+45,39.9785402260496,0.682632897670871,9673671684.58532,0.0452658243768607,0.0737485309180863,-14.6596555864437,-14.3066753093421,388659909.678201,192220518974.343,223637286305.718,6878.82997607103,1235811.8992115,1979702.18289262,4823357.88435903,819270018.293716,3164683501.89921,-16.7739127341958,35.8743244909453,2.2139805209751,12.798847254928,0.722223229788014,31.1405112301451,2.48601794325809,2.61877964131728,2.47186765614889,0.042462219842704,2.74048526813342e+45,43.2737120836446,1.39039391146026,22954148316.2884,9.96769893328131,9.99599059735704,-14.2385356489237,-13.1237400886568,69697201755.1634,265846475781.426,306866812950.8,52360283.0995669,532513759.390733,548622833.942576,6270881062.87429,37993212848.9902,40092874428.5452,-13.8520535338236,10.5289479756953,0.349142113367458,0.434136552969813,0.424000943396667,8.58368749503738,0.151747977519796,0.733587701285174,0.733744196900906,0.0110556844286131,7.55435537598171e+44,1.15844341444764,0.165030973808726,6918181464.51391,4.11236978177748,4.2737609076278,0.247915635772195,0.303645764219942,27981873167.8872,41705190301.6059,31132891753.4066,1474243.6850559,42964418.9793835,77060298.7208142,403320597.999249,9680816387.24784,10038311784.7645,1.77084712873789,17.4747017716273,0.596743401929149,11.8064991906997,0.770407899316272,13.8523237227458,0.0872160724096083,0.905467510478035,0.595185701512805,0.0289106443971155,5.55352983386613e+44,2.13672844314738,0.542730039980667,6362295167.18917,5.81006332712697,5.64848115881115,0.173204301747719,0.879289456465374,41326668677.598,31920766505.4771,52096634891.6756,50879160.5845349,488313528.512138,469582833.038869,5862737106.99069,27493126443.4487,26889879141.8815,1.15101207163429,48965,53.1014553873187,-27.82171648551,30.6592894311857
17.6443599801199,3.74113949354805,0.845975941999549,-0.450463925050075,8.12789543265707,0.248709599138699,2.00705621411484,1.99734800479885,0.0477145293913453,2.41073204267832e+45,40.1548728161877,2.16388725273175,7998729808.44176,5.76789173663202e-30,1.64412412577786e-28,-17.2543986502537,-17.2443337645141,22591892.4465141,16914963685.4928,16937555577.9393,54514.7019852992,39744925.0359758,39799439.7379611,2594125.8012372,1891294123.40669,1893888249.20793,-12.6895200110872,1.7930625718399,0.405124971967869,0.763889955028411,-0.0684097004186624,5.42933225758931,0.452779211059444,1.9940090771364,2.10914383022476,0.00506113091490566,2.71353587132072e+45,40.1243981620876,1.75094505083015,277986761.387761,0.0264251878730885,0.0284240300225243,-17.2259207077988,-17.1274545457228,183950933.236259,32629271209.9346,32965097738.5974,1789.32089405547,804301.247461124,931313.299437491,7165897.59100646,1909191990.06065,2058522774.8366,-16.0507190576968,0.00406212024749581,-0.634872846389552,0.3,-0.276023566088377,2.00716118433864,0.363228380173481,1.10171121262075,1.263235961421,0.000245949113579737,2.49969643340354e+45,35.3175200992404,1.37493279800689,3321583.85215442,0.000500036891144662,0.00059642260871313,-17.3521606004224,-17.2742478620814,7100522.48254025,25613795080.7272,25986965222.8572,5.44749045404863,497.074449930416,796.531548027336,43303.3716134928,190684127.341448,269911463.945885,-17.8992203509706,10.7472773159754,3.52088928805239,4.76365288882243,0.253675972945495,21.2767710724284,0.712449316230674,2.67167846017029,2.92674113833507,0.0379576852829869,3.11580799821356e+45,40.1577995133801,1.87326668495039,2550410619.10309,2.14308680513632,1.62870102205792,-17.1226567764952,-16.1510186626581,15801239501.4903,55444506233.5844,71447112616.876,379341.758987185,37711383.7812416,39144046.3567863,713483098.338582,4432074592.37261,4842039646.28696,-14.3110715668643,1.7890004515924,1.03999781835742,0.463889955028411,0.207613865669715,3.42217107325068,0.0895508308859628,0.892297864515644,0.845907868803756,0.00481518180132592,2.13839437917178e+44,4.80687806284725,0.376012252823256,274665177.535607,0.0259251509819439,0.0278276074138111,0.126239892623648,0.146793316358629,176850410.753719,7015476129.20736,6978132515.74019,1783.87340360143,803804.173011194,930516.767889464,7122594.21939296,1718507862.7192,1788611310.89071,1.84850129327376,8.9542147441355,3.11576431608452,3.99976293379402,0.322085673364157,15.8474388148391,0.25967010517123,0.677669383033891,0.817597308110315,0.0328965543680813,4.02272126892841e+44,0.0334013512925253,0.122321634120245,2272423857.71533,2.11666161726324,1.6002769920354,0.103263931303573,0.976435883064759,15617288568.2541,22815235023.6498,38482014878.2786,377552.438093129,36907082.5337805,38212733.0573488,706317200.747576,2522882602.31196,2783516871.45036,1.73964749083251,211293,34.4495886151842,-5.14939916271593,36.8826495171384
7.68862548755708,-0.489221069899806,1.27501932312232,0.951899777260526,0.904318980481544,0.241383811505425,1.94447191981903,1.97865156677979,0.0501095663591577,2.12590288347502e+45,40.1950638213762,7.93867004536785,1394032455.44858,5.72494573746856,5.37565370784844,-19.2056081100979,-17.2815577940418,33128709171.0853,18918283686.955,52046992858.0403,66841185.1474891,42182559.6699192,109023744.817408,3028667051.3275,1911350439.56861,4940017490.89611,-20.3934041203073,2.93120621614033,-0.349500924188489,2.28562812708036,0.0756019046384207,2.79541813553698,0.238572441884213,1.85025638972312,2.08512954628798,0.00976225796261057,4.45853298650197e+44,43.236187524547,4.60604797534752,1163634091.67324,2.49541389965409,2.44498158247405,-19.2527618546432,-18.4603470159789,16962963210.9372,20731569715.6015,32201118523.6037,752377.154662521,1193421.86052074,4410557.74912345,461271206.317512,800685588.294488,1661316132.01594,-25.6878390392256,0.490012670668266,-0.958991870493955,0.666333858155542,-0.430018864425456,0.995864932649615,0.0195034435499622,0.951335212427931,1.31223130144764,0.00139750733997328,2.03524981177446e+44,41.2991397734282,1.51029798511345,184945212.540436,0.154456326681917,0.199852597232331,-19.5133560650838,-19.0492210326018,1006776537.77217,1429403583.30827,20205678739.7306,614.668233898282,8460.89772763683,80941.0915888969,7275635.48081392,29204465.7089312,157127756.192969,-26.8338704449956,6.79604092499747,0.181890767032759,17.644156365928,0.833680965367821,16.9486553007843,0.323517876297153,2.59871648537139,2.67826658278511,0.0354842516029197,7.11643311887999e+44,44.3870602683918,8.39848973565893,1550317535.95311,5.66680308430273,5.26706728585372,-19.1137972702176,-17.7849036649249,35238617167.4881,30426453924.4748,57478080031.6995,14524221.5670884,33394820.2455831,48903658.8695075,1987111491.89287,3347755871.86614,5263306078.80919,-23.9587599253442,2.44119354547207,0.609490946305466,1.61929426892482,0.505620769063876,1.79955320288737,0.219068998334251,0.898921177295186,0.772898244840341,0.00836475062263729,2.42328317472751e+44,1.93704775111878,3.09574999023407,978688879.132801,2.34095757297218,2.24512898524172,0.260594210440534,0.58887401662286,15956186673.1651,19302166132.2932,11995439783.873,751762.486428623,1184960.9627931,4329616.65753455,453995570.836698,771481122.585557,1504188375.82297,1.14603140576997,3.86483470885713,0.531391691221248,15.3585282388476,0.758079060729401,14.1532371652473,0.0849454344129407,0.748460095648272,0.593137036497131,0.0257219936403091,2.65790013237802e+44,1.15087274384482,3.79244176031141,386683444.279875,3.17138918464864,2.82208570337967,0.138964584425651,0.67544335105406,18275653956.5509,9694884208.87335,25276961508.0958,13771844.4124259,32201398.3850623,44493101.1203841,1525840285.57536,2547070283.57165,3601989946.79326,1.72907911388145,55521,34.3751775844999,-5.28087399983631,53.636702968653
9.65586707628921,1.66854741103729,0.300046398941623,-0.436377920700495,3.50760783603698,0.0282949849808771,2.00002797526551,1.99993035245069,0.0501183108387138,2.78202405829628e+45,43.3171679460255,2.00000221228352,1600554502.48704,1.53567385244035e-54,2.00777336404342e-47,-21.2311811234225,-21.2294384341975,6414885.58305597,18313402048.9276,18319816934.5106,15184.6944370446,43338074.2878992,43353258.9823363,687919.574536031,1963365792.37383,1964053711.94836,-20.5637993786764,0.179905628863152,0.845074658055092,1.74142166491259,0.115594350768586,1.57475157560189,6.78232144129882e-05,1.49203715223435,1.6757978105034,0.00537257687253133,3.86348693142471e+45,42.2689535228717,2.46455037416684,109591101.247137,0.0551994206844998,0.0591673426608504,-21.259196823246,-21.2416340831331,242216413.490137,47641406.6132813,555588522.037283,2330.36401762749,1127.76391306434,15508.6701551941,2601300.34470729,1003710.84784721,13923236.5477223,-23.3073080637414,0.0137219042497264,-0.147359882300471,0.383267591599221,-0.40555711328988,0.0335282293732343,1.44192132957999e-05,0.811021505134318,0.953807163832171,0.000490783559969028,2.6818467277901e+45,41.8469618894187,1.82427983480334,6838764.94556494,0.00132914968548698,0.00152832245906542,-21.2929189428567,-21.2810591084537,10756989.1421801,10137450.6258813,81438721.1818717,1.96683080562021,2.28837015674567,10.9325949548734,78650.1336880723,52954.6786114965,1052205.67730949,-24.584352071612,1.7772312462855,1.59500758211172,32.9979865579061,0.706983108625432,21.4842649071988,0.000999661468087782,2.34024706954662,2.54117512751217,0.0327176470746638,4.60495275806675e+45,43.1670798103507,2.80509761902824,952696151.98546,0.516252884616756,0.527061391665199,-21.2248291971809,-21.1974518431881,3008566530.66373,684010212.107429,4741325037.68201,196646.407661602,119440.948712016,740544.946819019,40679049.5728093,32073320.2493557,116287081.853272,-22.2418391073037,0.166183724613425,0.992434540355563,1.35815407331336,0.521151464058466,1.54122334622866,5.34040011171883e-05,0.681015647100031,0.721990646671226,0.0048817933125623,1.18164020363461e+45,0.42199163345304,0.640270539363501,102752336.301572,0.0538702709990129,0.057639020201785,0.0337221196106938,0.0394250253206181,231459424.347957,37503955.9873999,474149800.855411,2328.39718682187,1125.47554290759,15497.7375602392,2522650.21101922,950756.169235713,12871030.8704128,1.27704400787058,1.59732561742234,0.749932924056624,31.2565648929935,0.591388757856846,19.9095133315969,0.000931838253674794,0.848209917312274,0.865377317008778,0.0273450702021324,7.41465826642043e+44,0.898126287478988,0.3405472448614,843105050.738323,0.461053463932257,0.467894049004348,0.034367626065098,0.0441822399450373,2766350117.17359,636368805.494148,4185736515.64473,194316.043643974,118313.184798951,725036.276663824,38077749.228102,31069609.4015085,102363845.30555,1.06546895643776,239709,34.4931026721279,-5.1310217039562,45.4796992478383
126.527994503116,2.42994626307382,0.319577621007084,0.326216068114715,23.7265616485013,0.38281607592096,1.91151600846644,1.81723356615829,0.0481200376101159,2.56530005011406e+44,40.5707870382381,0.146072802197097,52117420928.2025,0.972600284064019,1.1017622274796,-18.6179549027674,-18.4234100582662,6627698600.28166,49158044835.0865,55785743435.3682,12082133.9539372,65234257.6190937,77316391.5730309,570093020.376754,3078065108.35657,3648158128.73332,-22.8126096233057,84.6146593397184,2.42749005706302,0.319577621007084,0.426467884297914,6.17137189976582,0.487642881047029,1.83635345741972,1.99198416397253,0.0479529772979345,4.11242749294875e+43,40.1744302870882,0.198985278249305,49545683441.2577,6.459198231272,6.79976778543365,-18.4717063156101,-15.6930540361817,42733672229.5899,53757435359.5329,95315293185.0871,37709544.3400586,70043558.483022,149341975.818422,1936725063.47986,3842622162.7824,8599963521.54432,-25.4193507886974,73.7836667097945,2.20602880434807,0.3,0.394029264113819,1.97873282717503,0.349648289129439,0.819161667794462,1.0626701502218,0.0334619325575956,7.15303441785506e+41,37.8718681400754,0.101414018359216,43503006469.0347,3.21936674843219,3.49991327184474,-18.5979607045432,-17.9242329592175,21553751287.8177,33960293418.4501,67389068801.4205,1033695.53554987,3636755.29971014,16623910.1344815,56950663.2944372,203245075.435632,907850964.922187,-26.6421639151667,108.776961052093,2.48784956288462,0.399031484744332,0.453231950328205,22.254640313279,0.589040531149092,2.67687524423229,2.73213954812933,0.0501187233627272,2.31940863631532e+44,43.083501198524,0.824976824640998,55852500869.9992,8.8034446005438,9.23835163529739,-18.3731868886737,-10.8113866223327,57751810206.7416,71622070579.9729,126125787884.774,177744775.408389,207909017.154039,336833483.035306,8751534308.55446,11030914708.5577,17221350713.5853,-24.2751433661575,10.8309926299238,0.22146125271495,0.0195776210070845,0.0324386201840949,4.19263907259079,0.13799459191759,1.01719178962526,0.929314013750736,0.0144910447403389,4.0408971487702e+43,2.30256214701277,0.0975712598900894,6042676972.22305,3.23983148283981,3.29985451358892,0.126254388933081,2.23117892303573,21179920941.7722,19797141941.0829,27926224383.6667,36675848.8045088,66406803.1833119,132718065.683941,1879774400.18542,3639377087.34677,7692112556.62213,1.22281312646928,24.1623017123748,0.0603595058215984,0.0794538637372478,0.0267640660302912,16.0832684135132,0.101397650102063,0.840521786812572,0.7401553841568,0.0021657460647927,1.90816588702044e+44,2.90907091143583,0.625991546391693,6306817428.7415,2.3442463692718,2.43858384986374,0.0985194269364236,4.881667413849,15018137977.1517,17864635220.44,30810494699.687,140035231.06833,137865458.671017,187491507.216884,6814809245.07461,7188292545.77526,8621387192.04095,1.14420742253995,22942,53.1488594606372,-27.8211814564934,49.0936151329559
256.828528652551,0.757193686449879,0.518497331943216,-0.439632492034816,15.741837086081,3.41225810137494,1.9876033033698,1.98956836571037,0.049686797454509,8.59778904609443e+35,41.5179460906655,0.104566690783388,166558021409.425,13.6315156006858,22.0252549966542,-11.6532696442419,10.7990381745307,89720864823.04,593279423110.812,683000287933.852,205176466.42137,1364215873.50765,1569392339.92902,9375934752.12737,62340478130.4488,71716412882.5762,-12.6899201883258,266.554697057637,0.681551313290034,0.499097228881399,-0.469733205611673,19.5139210575943,3.69746709325228,1.87057412577167,2.02097966699859,0.0431894164743437,7.87703289003535e+36,43.8438661041176,1.77687325574473,173125223654.315,27.1569331090632,44.1371164636184,-11.8701693661331,9.89409201235406,178701480197.034,800002980205.722,966042532889.605,145975955.439943,969334360.790864,1290830637.8342,10302370936.6427,63484017667.9749,83081442698.7868,-15.6674639149829,229.411588821755,0.564276637010819,0.402117594402746,-0.5,11.6219734608526,3.42539902495278,0.83311665864824,1.39978279773782,0.0258234905766827,3.44014508679498e+35,41.9828775254189,0.206099277693982,161638624061.179,10.9843361758996,19.8052648807582,-12.3378152276573,5.9244020062446,72250650721.3984,599480576415.29,687406905290.422,6378409.37027572,151145703.305448,272001411.3567,390081594.294215,10852539610.61,19756490866.0331,-17.7314702377311,304.941293708107,0.757193686449879,0.670404525681159,-0.282554560731089,31.6227766016838,3.7726198197756,3.19975229870564,2.58770244136031,0.0501187233627272,1.93942320554764e+38,46.0407499704437,7.78996807950023,196659539763.228,73.3089987633342,84.1206631024666,-11.5487104800182,13.2005616683945,502637367362.026,900574165577.838,1399626555410.8,721670133.114724,2400930276.65785,2958177809.08707,38281576773.2313,135739565166.838,156335877908.852,-14.1995299497549,37.1431082358819,0.117274676279215,0.0969796344786523,0.0302667943883267,7.89194759674171,0.272068068299498,1.03745746712343,0.621196869260765,0.017365925897661,7.53301838135585e+36,1.86098857869864,1.57077397805074,11486599593.1357,16.1725969331636,24.3318515828602,0.467645861524195,3.96969000610947,106450829475.636,200522403790.432,278635627599.183,139597546.069668,818188657.485416,1018829226.4775,9912289342.3485,52631478057.3649,63324951832.7537,2.06400632274824,38.38659665047,0.0756423731598449,0.171307296799761,0.187178644880585,12.1088555440895,0.0751527265233252,1.32917817293398,0.566722774361726,0.00692930688838353,1.86065287664729e+38,2.19688386632608,6.0130948237555,23534316108.9138,46.1520656542709,39.9835466388481,0.32145888611484,3.30646965604041,323935887164.992,100571185372.116,433584022521.19,575694177.674781,1431595915.86699,1667347171.25287,27979205836.5886,72255547498.863,73254435210.0653,1.46793396522804,20371,53.1614288254978,-27.8111445996627,34.0471732356166
271.720940222895,0.931864285661827,0.603391219406362,0.254339914182491,31.6227766016838,3.64633154849579,1.30154270624562,1.17913160257289,0.000196199110667882,6.41302984418601e+40,41.6474780693868,1.62371404585327,195461920088.651,143.847282785523,150.953509313784,-14.232940540554,0.817285666931468,1063088835790.54,1768667166833.7,2831756002624.24,153249333.698848,148714140.108227,301963473.807075,778098716053896,755072003801739,1533170719855640,-18.5881981128932,197.266133672002,0.56030180066542,6.0582499308372,0.163248924008555,20.618629691549,3.61682583122804,1.29543735017622,1.51593444377247,0.000324931628574247,1.5505073008374e+40,38.4925203911972,1.31281357510895,166148950034.004,190.836113501863,190.838246768427,-14.3593212352762,7.7485202042588,1379458424976.29,1787979444298.82,3136252703786.48,8314.9939274331,15040.9752042415,32189.0201454076,5583596611.44942,15892136527.2328,42984446442.5002,-21.5590360583927,167.966808252891,-0.14728396615582,1.05333094236669,-0.38763138870777,12.1303965615581,3.53574768828442,0.623456584352913,0.887869770422133,0.000124826614675854,1.43979142570125e+36,34.4952998668703,0.16723469734574,131143967372.877,163.076963549841,163.622986832684,-14.5373618063865,-1.99315002211054,1200957465477.14,1611884917376.98,2872094938362.37,280.497553381217,518.422590508297,1822.23170764758,759391170.424957,2044880214.77386,8107761718.6826,-23.1186500909451,268.128191980288,1.52650525569257,46.2586570746901,0.729541019627404,31.6227766016838,3.78922350881494,2.25258990800744,2.29764700723601,0.000880468642208784,1.7463012521019e+42,40.926360722051,7.54723226216349,205237657095.27,250.057725024649,249.366705070726,-14.2029641770897,15.9211433268279,1832200283416.45,2266780948818.1,4070772389298.2,147341.574029311,348164.243829063,611818.446512398,61043862009.1321,81424563755.5144,131968803836.557,-20.3167955730319,29.2993254191108,0.70758576682124,5.00491898847051,0.550880312716325,8.48823312999096,0.0810781429436176,0.671980765823304,0.62806467335034,0.000200105013898393,1.55036332169483e+40,3.99722052432686,1.14557887776321,35004982661.1265,27.759149952022,27.2152599357433,0.178040571110248,9.74167022636934,178500959499.144,176094526921.831,264157765424.104,8034.49637405188,14522.5526137333,30366.78843776,4824205441.02446,13847256312.4589,34876684723.8176,1.5596140325524,70.8620583082867,0.966203455027145,40.2004071438529,0.566292095618849,11.0041469101348,0.172397677586898,0.957152557831228,0.781712563463533,0.000555537013634538,1.73079617909352e+42,2.43384033085385,6.23441868705453,39088707061.2667,59.2216115227861,58.5284583022984,0.156357058186579,8.17262312256912,452741858440.16,478801504519.285,934519685511.725,139026.580101878,333123.268624821,579629.426366991,55460265397.6826,65532427228.2816,88984357394.0569,1.2422404853608,40623,53.1269282533846,-27.8046860627397,49.0130751741733
20.4587338052225,3.63848548952936,37.759749639324,0.663295934888262,16.3341467939899,3.10253057487757,2.00414629134355,2.01455157948411,0.0180814264650377,2.03557470688225e+39,38.1282839332162,0.230818592038945,61442202903.0842,20.375519323203,20.3774321680501,-12.681796174679,2.07198009054206,136522165355.363,197821476349.916,334343641705.279,326829337.733923,487111396.586466,813940734.320389,41040853137.6048,61167909305.7248,102208762443.33,-12.6895346302646,21.9107749681638,5.82350496162883,28.4207699416679,0.248352764977362,19.3623580729189,3.32116736910135,1.83855673266935,1.5724400401138,0.00798115610299301,2.02127315161311e+38,39.9474451536276,1.25635490685885,76695938226.3416,21.0680593071885,21.0737080535928,-12.4675758188238,6.5041357531284,147917545046.29,248175699455.465,394623213688.336,20557408.6717248,14472902.6835177,94010877.5420049,6758953951.34887,5372375688.52268,25465616009.1853,-15.0644422166075,20.204088138161,3.40359771457498,9.33881704733055,-0.333942920173395,10.5657273232547,3.13377633503048,1.04094918503001,0.873261914972477,0.00473598039705069,1.19906026626574e+37,37.9788892893467,0.210100734304701,61379458132.6355,19.734314319729,19.7399449613123,-12.6771915300103,2.76476683790484,135828435830.516,205017124139.481,342312629912.806,1606457.07896118,1279470.53729466,14305837.5067436,418675905.351102,409824845.459715,6201002487.67714,-16.5095516220385,23.398236409555,6.72085346597302,68.9124314523241,0.860643264747845,31.6227766016838,3.3915560529722,3.0459174576499,2.72590627726428,0.0151557657853962,4.99870328297201e+39,42.6245921518475,6.1821444822361,82774249594.7371,22.3230268583094,22.3310737392478,-12.3286032053169,12.2132859263345,155723095897.535,272880091218.67,427133650294.577,115517772.531958,223657356.8797,290126943.069601,25871457362.8193,42124790892.3375,47493098555.3295,-13.8431872125203,1.70668683000278,2.41990724705386,19.0819528943373,0.582295685150757,8.79663074966418,0.187391034070877,0.797607547639332,0.699178125141319,0.00324517570594232,1.90136712498653e+38,1.96855586428089,1.04625417255415,15316480093.7061,1.33374498745952,1.33376309228059,0.209615711186533,3.73936891522356,12089109215.7737,43158575315.9839,52310583775.53,18950951.5927636,13193432.146223,79705040.0352613,6340278045.99777,4962550843.06296,19264613521.5082,1.44510940543098,1.48746144139119,0.897348504344185,40.4916615106562,0.612290499770483,12.2604185287649,0.0703886838708514,1.20736072498055,1.15346623715049,0.00717460968240319,4.7965759678107e+39,2.67714699821994,4.92578957537725,6078311368.39551,1.25496755112091,1.25736568565492,0.138972613506846,5.70915017320606,7805550851.24487,24704391763.2047,32510436606.2415,94960363.8602334,209184454.196182,196116065.527596,19112503411.4704,36752415203.8148,22027482546.1441,1.2212550040872,39860,53.161634503182,-27.7470159705401,27.7992674574599
44.1893493980963,4.18794815806161,7.36466926209508,-0.442631811579019,27.7203197360813,2.83446554002773,2.00051202761811,2.00015998324079,0.0330356689602043,1.87227633547769e+41,45.8725534221003,9.43560529655454,104890382543.568,34.0576455553916,34.2885339989071,-13.7225460227501,-3.83581835450499,226641775601.331,305655736011.303,532297511612.634,537198512.006181,723781173.845599,1260979685.85178,36921533538.4993,49745318141.1031,86666851679.6024,-12.6893854891528,48.7721006124873,3.6948070934344,6.95044685298145,0.713444904682986,19.1766295817599,3.09432807571508,2.01404407643993,1.85374598295125,0.0149576991857555,5.28893980440903e+36,45.5737856794726,1.14173488990282,108668098251.552,43.6140369725209,43.6655234560826,-13.6112751663419,8.02207092320004,297466537522.59,428289085838.405,726910778487.102,166837842.009541,152132001.229791,402741235.409959,24934102459.8214,24800304408.2091,67577932092.8742,-14.9856726535021,43.1617178168518,2.96973670340617,0.528607895892486,-0.13376915184312,10.4049181241142,2.99458848861945,1.10648160670031,0.946245357728402,0.0103698566509554,3.54356701963503e+35,42.7324156279173,0.184139645966258,99435095704.5104,38.3445981677625,38.3619457020371,-13.7037194343706,1.85268452074126,259854642020.645,380070851161.985,633842241753.206,8882507.1771373,6466639.40939995,129351127.49486,1263437620.32733,988953231.631283,19705527911.608,-16.6255442339186,55.6238455818925,4.40230287069929,45.7935295798838,0.928993932214557,31.6227766016838,3.14130394873677,2.9692380982379,2.69841870139694,0.0256591383881571,1.91251460326206e+39,49.2240545040641,5.67157822539571,117149557941.478,46.8568353861616,46.8786007362933,-13.5090077208506,11.0078620983462,318426813617.297,454578543923.095,770449062104.65,411900756.3425,666434326.435187,875378323.200418,63572537366.2913,76661979432.3811,111435843110.341,-13.9792267770541,5.61038279563547,0.725070390028228,6.42183895708896,0.847214056526106,8.77171145764571,0.0997395870956321,0.907562469739622,0.907500625222851,0.00458784253480015,4.93458310244552e+36,2.84137005155529,0.957595243936561,9233002547.0419,5.26943880475831,5.30357775404552,0.0924442680287392,6.16938640245878,37611895501.9458,48218234676.4196,93068536733.8955,157955334.832404,145665361.820391,273390107.915099,23670664839.494,23811351176.5778,47872404181.2662,1.6398715804165,6.85174496940519,0.707495777264893,38.8430827269024,0.215549027531571,12.4461470199239,0.0469758730216876,0.955194021797971,0.844672718445686,0.0107014392024016,1.90722566345766e+39,3.6502688245915,4.52984333549289,8481459689.92595,3.24279841364078,3.21307728021066,0.102267445491254,2.98579117514614,20960276094.7069,26289458084.6896,43538283617.5486,245062914.332959,514302325.205396,472637087.790459,38638434906.4699,51861675024.1719,43857911017.4671,1.00644587644799,19435,53.1765898121728,-27.7855167515068,28.0259048781503
93.5069576565571,0.79878191440507,0.802725712537016,-0.105423129111918,29.6960786323891,2.06299441520076,1.94053862181758,1.95015068078614,0.0501170710892382,2.28172502041718e+37,40.6496621998782,0.101378618231309,63294390167.0309,51.9482616332951,55.6668479057691,-16.1932771881116,3.62458142903284,345084735086.544,352333568758.659,697418303845.203,688049979.949133,723050024.97055,1411100004.91968,31171832930.4408,32757496163.8678,63929329094.3086,-18.4035291585283,87.0435937434438,0.830980506117336,1.79776054861646,0.129688491054559,15.0995386993493,2.20831665012403,1.83605494266261,1.92667491921679,0.0350266931173747,6.16961155434344e+37,41.8127617304623,0.732255272566682,64903956329.6218,76.591500331055,76.594845757916,-16.2450294771385,4.67742343855218,509856063801.458,442342172072.025,943043643626.648,207129992.447042,282305174.601721,805181471.882201,22550301303.5268,32937930733.6065,78135816498.7651,-20.3513404532756,76.5972682319454,0.169706270599395,0.813719276780301,-0.418486812810812,7.44571601279053,2.04854936079984,0.851504110818357,1.13826851123335,0.0095168322137546,5.15306156924093e+35,39.8031421797427,0.138894674303279,58241821310.8907,48.9470193490293,51.1912055807355,-16.4109172269417,-0.600479952148653,325605156944.017,359622719424.411,678596816544.248,9901836.56152623,25019895.5186833,112289696.350357,1021918537.83849,2437318418.97004,11915933518.4826,-21.9467188860072,120.159238397707,1.24726798789756,16.4509849582642,0.641547731335771,29.9986410901773,2.58819921729209,2.71524267887958,2.65307574031847,0.0501187233627272,6.80394328681161e+39,44.6769071044394,4.34222631552074,71747667909.4457,118.615071465752,118.381095244589,-16.0877648169254,8.95385227960678,809695067367.834,784014389712.106,1594400705392.53,1713918753.61645,1181993076.61181,2648392772.54378,93953260657.7605,88425245340.0149,165770434091.793,-19.5526122766172,10.4463255114984,0.661274235517942,0.984041271836157,0.548175303865372,7.65382268655873,0.159767289324191,0.984550831844252,0.788406407983436,0.0255098609036201,6.11808093865103e+37,2.00961955071967,0.593360598263403,6662135018.73111,27.6444809820257,25.4036401771806,0.165887749803254,5.27790339070083,184250906857.441,82719452647.6138,264446827082.4,197228155.885515,257285279.083038,692891775.531844,21528382765.6884,30500612314.6365,66219882980.2825,1.59537843273162,33.1156446542629,0.416287481780225,14.6532244096477,0.511859240281212,14.899102390828,0.379882567168056,0.879187736216974,0.726400821101677,0.0150920302453526,6.74224717126818e+39,2.86414537397711,3.60997104295406,6843711579.82387,42.0235711346971,41.7862494866731,0.157264660213052,4.27642884105461,299839003566.376,341672217640.081,651357061765.882,1506788761.16941,899687902.010092,1843211300.66158,71402959354.2336,55487314606.4084,87634617593.0281,0.798728176658369,44883,34.3309565851872,-5.28748137645798,38.489306229283
0.001,2.57909146395054,0.3,-0.184399540263867,1.48438426372122,0.0668879025415126,1.95356104292735,1.9629775101442,0.0501187233627272,2.11925263899663e+45,37.5051789498954,10,360321.089495866,2.24097167090871e-49,1.80342155269133e-46,-7.31078650558573,-7.31261988755989,1158.30317879352,1167912843.60031,1167914001.90349,2.40123436103025,2489115.96565872,2489118.36689308,108.78338912432,112764699.29892,112764808.082309,-46.1305290928101,0.00135362795227066,1.87135647412133,1.04097606098126,0.0778018627224353,1.7739362915538,0.00520580912025566,1.45659354791178,2.13560550501857,0.0082361727314588,1.79618955435057e+40,36.1577903335581,4.10786749750162,1425169.69399128,0.000653848154581275,0.000628335918660863,-9.40533791048567,-1.70112989834804,2345545.16561549,9544.33927607536,5496786.21285026,2.02533478937771,1.37220437613442,21.9290288126526,8497.42021688833,637.27135964954,36980.7421635797,-51.3086705702494,0.001,-0.368116053142713,0.34180778316716,-0.347471438603198,0.158339147910181,8.08576586386465e-05,0.840609689254078,1.15225734255858,0.000397285187492268,1.66752838674083e+38,35.2179475381658,0.629275450057723,370479.741409309,1.5892566411964e-15,6.39436728921331e-15,-10.9993169937808,-7.2645610069009,5104.67250146273,15.6517112308873,27906.487188942,0.0115336281010473,2.07411579356865e-05,0.0292715130037856,48.2238453592555,0.668777991077769,507.505538497332,-52.2135730427088,0.00402582887929486,3.17486661946607,15.0508482053373,0.729359249848805,15.8058741170956,0.109703905206589,2.03752532945787,2.95184662714781,0.0377439192339485,1.83277707724411e+43,37.3911633495868,10,2587581.38036271,0.00127927763752754,0.00125073582018435,-5.42820465487949,6.52606072513918,7730412.81864741,12968170.5062943,20989326.5352326,469.042608032146,1787.37780008837,9615.84608419868,195970.697056414,401588.627974551,1089156.07092526,-50.5445705852638,0.00035362795227066,2.23947252726404,0.699168277814098,0.425273301325633,1.61559714364362,0.00512495146161701,0.615983858657704,0.983348162459997,0.00783888754396654,1.77951427048316e+40,0.939842795392309,3.4785920474439,1054689.95258197,0.000653848154579686,0.000628335918654468,1.5939790832951,5.56343110855286,2340440.49311403,9528.68756484448,5468879.72566132,2.01380116127666,1.37218363497649,21.8997572996488,8449.19637152907,636.602581658463,36473.2366250824,0.904902472459419,0.0026722009270242,1.30351014534474,14.0098721443561,0.651557387126369,14.0319378255418,0.104498096086334,0.580931781546085,0.816241122129241,0.0295077465024897,1.83098088768976e+43,1.23337301602874,5.89213250249838,1162411.68637143,0.00062542948294627,0.000622399901523483,3.97713325560618,8.22719062348722,5384867.65303192,12958626.1670182,15492540.3223824,467.017273242768,1786.00559571223,9593.91705538603,187473.276839526,400951.356614901,1052175.32876168,0.764099984985627,185028,34.4680618467243,-5.16568694099282,99.9550221633356
23.528675103949,-0.161461246006625,0.314254454591461,0.710622437735453,19.3459792352903,0.370896649532112,1.88149027277202,1.96155277323812,0.0500477877947046,9.9897191486525e+40,45.0171749653689,3.47157620172706,1328220716.6686,16.6868361510524,12.5671710241481,-19.9558786662554,-9.63728898362998,118623306687.517,39154733050.2988,157778039737.816,196298162.747361,83101981.3818906,279400144.129252,8905522083.00614,3770114401.37863,12675636484.3848,-26.8791747488868,14.6153052457632,-0.153751445854713,0.3,0.815504427330107,2.60384340601845,0.102581317378798,1.26250249025026,1.75532666430464,0.00902864615505088,3.25604883595256e+37,39.4372746179541,1.67489334775938,846488612.219669,9.53627011159982,7.12440081066409,-20.0886823193821,1.41578629289064,69266821966.7862,6904844784.46655,72023200674.2075,1221076.76680896,24340.5060717198,2009826.22005609,509584246.113571,30231236.090235,1112438107.12033,-30.2105742162942,9.82269854095263,-0.181540999175189,0.3,0.634800556424036,0.805543276739519,0.000184304532365056,0.688803928693745,0.938633733779533,0.00153424291693235,4.2812605165287e+35,38.1758881125297,0.198108779906256,566942232.223369,7.5104359505717,5.78978288309167,-20.3315880258229,-5.07442549683802,51965732774.8892,57.6243495254965,52401848837.5798,31724.7118965963,0.025310618773801,66412.0398795374,73012416.8560989,5.2864209253674,107829511.071274,-31.6433994423474,22.2329761068815,-0.128840822718452,0.365468779696864,0.977087081092144,20.566906972046,0.374792655610074,2.02450282065152,2.6525408326482,0.0347689958273526,2.49199394463141e+40,44.5453815096861,6.89127732010269,1257811011.61863,16.206160301041,12.1529916247043,-19.9371699879354,5.47332965184841,122944977477.179,39635882986.3175,161385900690.605,27342907.1294849,3856567.8442733,34430832.8585395,4996546283.53185,1437952750.48354,5988277878.16519,-28.3756286081533,4.79260670481055,0.0277895533204762,0,0.180703870906071,1.79830012927893,0.102397012846432,0.573698561556513,0.81669293052511,0.00749440323811853,3.21323623078728e+37,1.26138650542445,1.47678456785313,279546379.996299,2.02583416102812,1.33461792757242,0.242905706440812,6.49021178972867,17301089191.8971,6904844726.8422,19621351836.6278,1189352.05491236,24340.480761101,1943414.18017655,436571829.257472,30231230.803814,1004608596.04905,1.4328252260532,7.61767086111836,0.0249106231362606,0.0654687796968639,0.161582653762037,17.9630635660275,0.272211338231277,0.762000330401259,0.897214168343558,0.0257403496723018,2.48873789579545e+40,5.10810689173199,5.21638397234331,411322399.398959,6.66989018944123,5.02859081404019,0.151512331446668,4.05754335895777,53678155510.3931,32731038201.8509,89362700016.3975,26121830.362676,3832227.33820158,32421006.6384834,4486962037.41828,1407721514.39331,4875839771.04486,1.8349456081409,52539,34.3991545879267,-5.28302180379709,59.1199259492736
11.6128906152537,0.399918018384842,0.300172019648575,0.248876179445779,31.4277854212637,0.220018941283149,2.03214667031313,1.86405053423765,0.0499568539570015,4.02752820026593e+45,39.7752129182464,9.99766956847207,4705489652.31681,6.98814286008545,7.63487409554977,-19.1427027250931,-7.85539708599568,46378459165.8647,19735030932.892,66113490098.7567,119643078.330997,30814892.3540553,150457970.685053,5437766232.37043,1400533849.80148,6838300082.1719,-34.9124768997448,10.2595987698049,2.00726567870445,0.457811620372454,0.430828619125891,5.9503648080904,0.126563947524399,1.27524496821949,1.84283844973112,0.00274926164523728,4.6901604660523e+44,34.9436420811768,2.25815756756138,6942869731.58288,2.46104843148263,2.5432504451688,-19.2065228544656,-12.4266430833139,16565318951.3059,9337669794.90076,25312388192.0914,44908.9438332667,1399.52906753925,92218.3706150169,66526245.2376932,84094095.2263088,631619900.806076,-39.9728059511817,2.22749077866211,0.851736609389331,0.3,-0.0792996888560373,1.31833347694618,9.98375923918164e-05,0.799984703030505,1.05566594613026,0.000372019388818589,1.91248919204415e+43,33.6614926556135,0.189095415142377,3046451587.77622,0.665494554843195,0.798882729548151,-19.4432358785986,-18.1088519073036,4467382945.9745,465804.668914642,10446495329.9768,44.9239951813483,0.0174571999468648,115.822221998799,12210568.6328527,2517.16899362623,18532131.889509,-41.3602399652644,15.0668763077111,2.80990523377568,21.5415534419104,0.674787042811856,25.3295488939364,0.47516412212379,1.91817997371911,2.65190028016467,0.022674802574725,1.45872084327263e+45,37.9342167721837,7.88213441045226,10621288802.9751,3.75137640578636,4.03154770665045,-18.1820998618288,-6.6656045077808,25310136044.1441,32584295072.3069,52467441232.2265,1409468.8030806,24930674.9168949,28626054.2971965,747744682.627256,2919307164.06123,3383917111.62572,-38.0298752886183,8.03210799114275,1.15552906931512,0.157811620372454,0.510128307981928,4.63203133114422,0.126464109932007,0.475260265188982,0.78717250360086,0.00237724225641869,4.49891154684789e+44,1.28214942556322,2.069062152419,3896418143.80666,1.79555387663943,1.74436771562065,0.23671302413301,5.6822088239897,12097936005.3314,9337203990.23184,14865892862.1146,44864.0198380853,1399.51161033931,92102.5483930181,54315676.6048405,84091578.0573152,613087768.916567,1.38743401408276,4.80727753790629,0.802639555071224,21.083741821538,0.243958423685965,19.379184085846,0.348600174599391,0.642935005499627,0.809061830433552,0.0199255409294877,9.89704796667398e+44,2.99057469100698,5.62397684289088,3678419071.39222,1.29032797430373,1.48829726148165,1.02442299263687,5.76103857553314,8744817092.83823,23246625277.4062,27155053040.1351,1364559.85924734,24929275.3878273,28533835.9265815,681218437.389563,2835213068.83492,2752297210.81965,1.94293066256343,160077,34.3735824458376,-5.18499199984155,84.0940417825487
6.21650666711956,0.157331062731067,0.300048211894719,0.213221549646477,30.9346662211173,0.000259625775937583,1.95298589018549,1.99754735020097,0.0501183369984486,2.07233684260188e+37,46.782410888388,2.32094628218636,1795750093.65843,5.56762638046007,5.81542848930255,-19.5352826291492,-1.7587022902724,37002002431.9472,76339380.5111674,37078341812.4584,76576840.7327121,179472.631487717,76756313.3641998,3469195933.99926,8130731.39951778,3477326665.39878,-27.2368618583232,6.75772855571323,-0.212878631434277,4.70396154816743,0.167237189051205,7.07829570649501,0.112944951056589,1.60353509728369,2.23568805947067,0.0185049762100109,1.01453137127465e+37,47.75267486776,1.44863894980216,2434864866.08222,6.16952013190393,6.00546334461142,-19.5186193472415,-0.869674204594375,41526432720.0628,6554298649.96595,47741639056.926,2471421.1505902,207649.474021049,3918164.76824239,916399856.495938,125732253.561302,1267014368.1287,-31.6357325441837,5.52658024930721,-0.402112536273616,1.12365299879082,-0.344339152854001,2.05872692582551,0.000334109401867202,0.803120835070555,1.33416271448599,0.000842907727291832,3.63150386942522e+35,46.0565370809572,0.216520181874435,1877389920.1363,5.26050756789465,5.15906789495783,-19.6315698709697,-5.20264859370534,35186150897.6374,61642507.1786444,36155537720.401,15355.6667114778,1059.15942819898,30272.7698743439,60219023.7062247,8859851.99716136,143347560.837757,-32.8976883618308,8.59776195372464,0.266748661546667,26.78155548346,0.80907531392954,23.7858994847233,0.256507753441474,2.33019675413243,2.9713522020754,0.0501183369984486,5.32877115474804e+38,51.0478466965353,5.69597471686695,2908912700.31687,7.1957926723461,6.98100788794007,-19.4417340592076,2.85175347625992,49029175850.4391,16654043616.1026,64957655781.0804,40121514.7257833,6479952.45635497,47009101.3630283,4155215269.88176,1129453933.23598,5643436250.6598,-30.1086276681058,1.23114830640602,0.18923390483934,3.58030854937661,0.511576341905206,5.0195687806695,0.112610841654722,0.80041426221314,0.901525344984686,0.0176620684827191,9.78216332580395e+36,1.69613778680286,1.23211876792773,557474945.945922,0.909012564009279,0.846395449653594,0.112950523728248,4.33297438911097,6340281822.42533,6492656142.78731,11586101336.5251,2456065.48387872,206590.31459285,3887891.99836804,856180832.789713,116872401.564141,1123666807.29095,1.26195581764702,1.84003339801141,0.479627292980944,22.0775939352926,0.641838124878336,16.7076037782283,0.143562802384885,0.726661656848735,0.735664142604727,0.0316133607884377,5.22731801762057e+38,3.29517182877523,4.24733576706478,474047834.234652,1.02627254044217,0.975544543328647,0.0768852880338784,3.72142768085429,7502743130.37634,10099744966.1366,17216016724.1544,37650093.5751931,6272302.98233392,43090936.5947859,3238815413.38582,1003721679.67468,4376421882.53109,1.52710487607793,148827,34.3642243220332,-5.19771658103113,63.8538929149916
3.82031287917438,-1.26634215789667,0.313086852122556,0.997963204086459,0.00566449321249937,1e-05,1.99999997749381,2.0000003390157,0.0500990178167684,1.96381677890349e+44,44.0471934410931,0.186814927819748,5.37847077649411e-232,5.38542743150022e-239,5.46190841928047e-240,-19.300178015035,-19.2990055019849,3.03912037937239e-229,1018469.68268585,1018469.68268585,7.19335704828929e-232,2410.63940793144,2410.63940793144,3.26009639400283e-230,109252.422593251,109252.422593251,-30.1754746656424,0.0132504439647189,-0.237887431288532,5.83571697266818,0.282327127115937,0.60126051890922,0.00129573124188569,1.59786716694551,1.92845042277968,0.00141622603565639,1.94265861018077e+44,45.3319226232761,0.22087875374993,3916329.7953648,0.00562717431381479,0.00545279026967822,-19.3057652605042,-19.2908705787091,29754620.4066509,133310040.328491,236430098.539946,13.9836315226995,71.2900870424065,160.039163569772,341224.761905472,2007264.02500278,5221663.40222246,-31.9129600808055,0.00203937265928189,-1.60781550380752,0.590842367958637,-0.291663235379316,0.0173867442513377,1.85740426403497e-05,0.824049134411497,1.22772976968998,0.00018143166567404,1.85862818464526e+44,42.1577278655358,0.109526470386567,517636.149140279,0.000993086270719358,0.000973458738428984,-19.3544098892955,-19.3423860471255,5240298.77186512,1861712.22718658,26353842.6724443,0.0211259173908278,0.0674242508904764,0.265529832531643,15710.972691201,23556.6498926888,155118.048789318,-33.1878124421992,0.158700463682046,0.91548033589785,53.7499198171965,0.811325097174108,6.32422182862147,0.0297117291486572,2.78411001243139,2.6919623311016,0.0222938430065026,2.04406676568119e+44,47.0146562909965,0.414748097018149,27318001.1546503,0.041195960256617,0.0396339897543368,-19.2555313484864,-19.2351262936019,182415492.911172,3009925439.51973,3108322170.35501,8376.78317003257,897778.70468301,1214574.61745712,5570609.50553754,167053069.555613,196083096.391739,-31.0461881562191,0.011211071305437,1.36992807251899,5.24487460470954,0.573990362495253,0.583873774657882,0.00127715719924534,0.77381803253401,0.700720653089701,0.00123479436998234,8.40304255355102e+42,3.17419475774035,0.111352283363363,3398693.64622452,0.00463408804309543,0.00447933153124924,0.0486446287913545,0.0515154684163726,24514321.6347857,131448328.101305,210076255.867502,13.9625056053087,71.222662791516,159.77363373724,325513.789214271,1983707.37511009,5066545.35343314,1.27485236139376,0.145450019717327,1.15336776718638,47.9142028445284,0.528997970058171,5.72296130971225,0.0284159979067715,1.18624284548588,0.763511908321918,0.0208776169708462,1.01408155500419e+43,1.68273366772036,0.193869343268219,23401671.3592855,0.0355687859428022,0.0341811994846586,0.0502339120178057,0.0557442851071812,152660872.504521,2876615399.19124,2871892071.81506,8362.79953850987,897707.414595968,1214414.57829355,5229384.74363206,165045805.53061,190861432.989516,0.866771924586384,76998,34.4736894165724,-5.26437494299025,60.8104128018056
19.6963641480938,-0.0600674961158755,0.300038629841032,0.999981582678918,23.8156002517595,0.724878833075481,1.51526585005779,1.68535341636452,0.000100034493813826,1.05685373574125e+39,47.9753688901874,0.10157822118655,1880108348.74901,18.3964875515794,16.1769687397084,-19.3350530811597,-4.42795572529739,141601087075.307,74464125452.8251,216065212528.132,54185524.4812659,59509371.7036191,113694896.184885,2220321566904360,2438473055145130,4658794622049490,-17.7387886033938,11.1828107255786,-0.128426269344105,0.484497168089843,0.764979380306265,11.5254509899054,0.528569615701156,1.0957259266201,1.66216788876395,0.00016507018584782,3.35410647316639e+37,45.1439805719253,1.17940575720487,1711737401.73586,10.2814321376276,9.75320495379249,-19.36906091266,-0.850082351706689,76729020552.9342,41908991720.3914,118287209086.598,40.3491007661657,64.843320707129,158.471077449011,154618107.329292,546533379.753648,1330403741.90563,-21.6068835194663,10.1761019872823,-0.216287491284876,0.3,0.506055171995315,3.75778325107356,0.435859761510886,0.518898543817394,0.929344406051267,1e-04,3.14861171855279e+35,42.8958524124405,0.173098936340811,1435021968.48798,8.74166249618338,8.15644484283047,-19.4460746830582,-6.41491019170701,64361924000.3409,31755854179.7585,96461408726.9845,2.75571616014308,4.35414387285937,21.9938315955988,41838298.1770097,48070139.7747627,270424256.261725,-23.0471902462714,15.7960611064768,-0.0254456682973407,0.593120179649888,1,29.1228012326804,0.631953431188968,1.83990128972229,2.41497320629785,0.000522660981370972,5.50761509620396e+39,49.6531650016389,6.52876439826755,1901434865.83956,13.7818203522797,12.2857749348394,-19.3141717483682,4.3250181775485,103454191595.951,55111934802.8773,156281689000.94,948.888855549684,2958.60872139557,4269.60694489431,1801813347.80628,2208401655.06958,4192015298.85566,-20.2939022467306,1.00670873829629,0.0878612219407711,0.184497168089843,0.25892420831095,7.76766773883183,0.0927098541902693,0.576827382802704,0.732823482712686,6.50701858478203e-05,3.32262035598086e+37,2.24812815948481,1.00630682086406,276715433.247874,1.53976964144421,1.59676011096201,0.0770137703982101,5.56482784000032,12367096552.5933,10153137540.6329,21825800359.6133,37.5933846060226,60.4891768342696,136.477245853412,112779809.152282,498463239.978885,1059979485.64391,1.44030672680507,4.61325038089827,0.102980601046764,0.108623011560044,0.235020619693735,17.597350242775,0.103383815487812,0.744175363102195,0.752805317533901,0.000357590795523152,5.4740740314723e+39,4.50918442971361,5.34935864106268,189697464.103699,3.50038821465207,2.5325699810469,0.0548891642918221,5.17510052925519,26725171043.0167,13202943082.4859,37994479914.3418,908.539754783519,2893.76540068844,4111.13586744529,1647195240.47699,1661868275.31594,2861611556.95003,1.31298127273573,27764,189.209526948069,62.1639598030993,42.8780463426274
2.52486558965117,1.27953963157188,99.9999241946482,0.852601281991966,12.6820686145788,1.00000003554108e-05,1.99082888392828,1.99999481767571,0.000949093165088753,1.4144390409956e+44,50.0000000008359,10,2206693160.29658,2.52466492924117,2.52467860671806,-20.0710323014088,-19.2651456994304,17816372095.7904,4157562.45975876,17820529658.2502,41112322.8739751,9840.48120817312,41122163.3551833,1575112231200.69,377012565.293549,1575489243765.98,-29.0857226146424,11.0054009199007,-0.520795894715583,0.624193029296388,-0.301532485486279,1.21397574811881,0.00543994031554772,1.78714810246674,1.99706293309256,0.00210480226463003,7.5616348665705e+38,51.1655212392796,0.823611780549572,2497120103.82253,6.60011481534553,6.24097592238433,-20.2524192206877,-6.07489425353244,43602067382.3974,57997912.6322353,44635323272.9248,90099.208191467,32.6330202888725,95949.7208384574,643905996.610935,464120.912459067,690972625.067402,-31.5820193744429,4.12851939261237,-1.10281264601205,0.3,-0.5,0.308028137696351,0.000358008208413274,0.794159548869456,1.06333936392958,0.000497619648359132,6.13538607521047e+36,49.1547268997261,0.148121924727502,2113854341.36593,3.92501599192106,3.9322385887314,-20.31302749719,-13.6156764057358,18255658140.8082,484.38962843059,18261203407.5477,762.993505985297,0.00114711344006533,871.444697264453,41185667.3798099,6.75153852088765,52751084.9290881,-33.0669854352282,23.1580423137047,0.906793774465608,19.6663402493381,0.718242714695228,7.13754733872103,0.0462323405364749,2.61863371463795,2.72331589085585,0.011196205935188,7.78469043819285e+41,54.0305565250528,4.60118580479573,3278485442.77552,8.08266930777195,7.61392155830378,-20.1130895099683,-0.705926535500171,54795662556.7243,3607777230.4559,57107441035.2505,21094746.7063171,822749.830541771,22420693.0195879,4889436927.67357,209860043.610079,5146739423.00951,-30.5805608560624,6.87688152728833,0.582016751296469,0.324193029296388,0.198467514513721,0.905947610422463,0.00508193210713445,0.992988553597279,0.933723569162978,0.0016071826162709,7.5002810058184e+38,2.01079433955353,0.675489855822069,383265762.456597,2.67509882342448,2.30873733365293,0.0606082765023501,7.54078215220337,25346409241.5892,57997428.2426068,26374119865.3771,89336.2146854817,32.6318731754324,95078.2761411929,602720329.231125,464114.160920546,638221540.138314,1.48496606078525,12.152641393804,1.42758966918119,19.0421472200417,1.01977520018151,5.92357159060222,0.0407924002209272,0.831485612171214,0.726252957763294,0.00909140367055802,7.77712880332628e+41,2.8650352857732,3.77757402424616,781365338.95299,1.48255449242642,1.37294563591946,0.139329710719387,5.36896771803227,11193595174.3269,3549779317.82366,12472117762.3257,21004647.4981257,822717.197521482,22324743.2987494,4245530931.06263,209395922.69762,4455766797.94211,1.00145851838048,93088,34.2585372393075,-5.25177082079435,61.0540406696302
31.073189887193,-1.19182518323126,1.00359615767832,0.0932377367532734,29.6820950136753,0.234632144876714,1.96733535450258,1.98368571764452,0.000101610650583854,4.2320715037799e+39,46.5547742088782,4.78796369245301,1411451626.77166,7.04543427751427,6.22618082473136,-19.7336007013125,-6.86299075331964,54270828461.3015,16975495215.7869,71246323677.0884,117139849.263667,38394554.1977407,155534403.461408,4572881550051410,1498838777896180,6071720327947590,-23.8917698467917,21.2101250176099,-1.42233035582292,0.659235266198439,-0.484514549873071,4.47087071061076,0.022149341504178,1.74317945591108,1.9981172895561,0.000318385032443981,3.24078760449977e+38,47.6070249422035,0.82819567118878,1223356553.67705,4.43504103167912,4.06135134841449,-19.7603828969675,-4.87805255779121,31656424818.3315,1186688767.22182,32986421603.4815,203.853936462358,16.9881122274861,288.018739701701,594434839.546142,15065274.2667242,757095326.509595,-27.7609809165251,15.9849339575706,-1.90925053951783,0.538233788769079,-0.5,1.374474697693,0.00191797852562419,0.78287333730198,1.10115566512286,0.000124983979446295,1.43538820551686e+36,45.6299043463608,0.149049953132209,1063223909.35101,4.04312583739796,3.73410884824888,-19.8089275820153,-10.8268089159763,28896225353.9836,27623015.8213387,29542485761.8626,10.9161537971968,0.0803104546573914,21.3715546201114,25268152.8091124,109109.792129574,48944060.022513,-29.233830650505,28.8086576300834,-1.10129548493502,1.01912731054565,0.0905710650067955,18.3813062032215,0.127165924682021,2.59661506108431,2.70095117392817,0.00102345948109887,1.03903356053298e+41,50.4568328179278,4.44547722131384,1387588979.71744,5.91149406601833,5.15916375669103,-19.7176327443345,1.00742222829786,42924503071.5748,7940609466.56734,51214620662.4013,23267.2794269313,270.69557831409,24328.8824542031,2138342360.40311,276736648.13051,2373236052.84165,-26.4281355267898,5.22519106003922,0.486920183694915,0.12100147742936,0.015485450126929,3.09639601291776,0.0202313629785538,0.960306118609096,0.896961624433242,0.000193401052997686,3.2264337224446e+38,1.97712059584276,0.679145718056572,160132644.326045,0.391915194281155,0.327242500165608,0.0485446850478688,5.94875635818505,2760199464.34788,1159065751.40048,3443935841.61885,192.937782665161,16.9078017728288,266.647185081589,569166686.73703,14956164.4745947,708151266.487082,1.4728497339799,7.59853261247348,0.321034870887894,0.359892044347214,0.575085614879867,13.9104354926107,0.105016583177843,0.853435605173239,0.702833884372074,0.000705074448654893,1.03579277292848e+41,2.84980787572425,3.61728155012506,164232426.040384,1.47645303433921,1.09781240827654,0.0427501526330047,5.88547478608908,11268078253.2433,6753920699.34552,18228199058.9198,23063.4254904689,253.707466086604,24040.8637145014,1543907520.85697,261671373.863786,1616140726.33206,1.33284538973532,965,214.793740189188,52.8147458942666,55.3588893241907
19.2816305857291,0.202150449608769,0.300000550889755,0.391783562192589,2.14766926801254,0.688952414542357,1.97957144882081,1.98780696945291,0.0414000953436418,1.66446586747844e+41,45.1109999662974,0.787203096466036,5737202908.85534,16.8120747189342,17.534833392992,-18.9640825536658,-9.44573341390561,108957409721.556,59694712785.265,168652122506.821,243581285.576289,136589713.384151,380170998.96044,13358897347.3307,7491084364.23252,20849981711.5632,-16.1736332683516,11.9485192270578,0.392679307662416,4.84810572545306,0.233768390420419,10.282582233133,0.615128217574946,1.36133980111623,1.76060562421828,0.00962975097147897,4.22274172322975e+37,43.3507714978774,1.3629486304883,6716594541.3908,11.3417155842162,11.3490687789561,-19.1560768240221,0.0462110102872728,79824438719.2489,56777493652.3406,139479048194.049,1657355.79906219,2653901.14416457,10764236.3410941,617560478.611431,1754268747.52256,4412343908.80148,-19.6153225158019,10.3904217889901,-0.103247078281483,0.900835119330167,-0.350349188863374,2.95135438167598,0.51952342401804,0.757600267019169,1.06546240918551,0.000567300586959528,3.00359706531151e+35,38.5488384243899,0.174985048940742,6027552923.68941,9.95879553399278,9.98307984748244,-19.2239306075751,-5.22542456074027,69717072034.8459,40477857384.6589,118087698672.627,2039.92488360022,4965.69762651469,9620.88920751625,81224002.1581837,148280611.416221,829115118.31334,-21.41361178595,18.2775873064926,1.34061810863323,42.4134794614561,0.762683306330878,28.695201023079,0.700775245631045,2.20289345780479,2.59589530127984,0.0361302503194584,2.56848566785682e+39,45.8632895071813,7.55877018218098,8809570621.15811,16.3759211958318,15.9968735456014,-19.0246252290074,5.48698735098243,108984936661.207,69948465152.5136,168171489405.589,49338305.1454874,63003272.3658197,138117764.110756,6735897993.22958,5922578506.27305,11040073624.7766,-18.5149021234439,1.55809743806775,0.495926385943899,3.9472706061229,0.584117579283793,7.33122785145701,0.0956047935569059,0.603739534097063,0.695143215032773,0.00906245038451944,4.19270575257664e+37,4.8019330734875,1.18796358154756,689041617.701394,1.38292005022344,1.36598893147363,0.0678537835530229,5.27163557102755,10107366684.403,16299636267.6817,21391349521.4221,1655315.87417859,2648935.44653806,10754615.4518866,536336476.453247,1605988136.10634,3583228790.48814,1.79828927014811,6.32906807943473,0.947938800970809,37.5653737360031,0.528914915910459,18.412618789946,0.0856470280560994,0.841553656688558,0.835289677061562,0.0265004993479794,2.52625825062452e+39,2.51251800930394,6.19582155169268,2092976079.76732,5.03420561161554,4.64780476664529,0.13145159501466,5.44077634069516,29160497941.9578,13170971500.173,28692441211.5398,47680949.3464252,60349371.2216552,127353527.769662,6118337514.61815,4168309758.7505,6627729715.97509,1.10042039235793,5318,214.839926770355,52.8200732503257,37.8374592735585
16.3901664902709,-0.0644469151435999,0.519673589869409,0.253820143250942,13.5474105457836,0.753684981714538,1.82953348745791,1.91613643550699,0.0501182024496447,2.39565875454432e+41,46.6667939182971,0.116936384815815,4094602057.26349,15.6554496478016,15.1681014283838,-18.5513532114316,-10.1838517254687,104313674097.577,48494577742.2939,152808251839.871,144608243.483128,89697855.5525981,234306099.035726,6551271537.50328,4063634229.29883,10614905766.8021,-22.5004362248962,17.6441209411857,-0.448232842242552,3.91510428267743,0.392975406576432,10.1070333152024,0.609962677293447,1.27887859868659,2.19521208565331,0.0478245934525018,7.38869753258946e+41,41.7802945492322,1.40681084101441,3892514405.57306,11.7166160662834,11.2666731004001,-18.6041309750259,-9.65955316656345,77930001587.1949,34244898079.6666,112128470497.404,12484636.6611876,74597517.6688674,108423374.516975,849043854.851888,4232483620.704,6298001088.42653,-26.1869998250208,14.0605331972376,-1.22292708682898,0.3391347038112,-0.0982545070793518,3.29786350608492,0.491551668708515,0.684397870537188,1.25254594757274,0.0249360579572551,1.58205125314637e+40,40.7497705221239,0.196480882936772,3422491075.8997,10.3168527315217,9.82806809031109,-18.7647469069207,-13.4644185226652,68657038180.7171,26034884321.9773,94551498060.838,2134688.30554862,5465305.78840944,23680620.9302969,121653405.802854,401428368.642253,1672779359.33242,-27.9245538203091,23.0153535515518,-0.0316972387453834,42.9546242961018,0.903292106285038,27.3048263118102,0.892269938186624,1.98299074990427,3.00666875247435,0.0501187233627272,1.40520239903757e+43,43.2312978993474,6.02934172614655,4325574548.16793,19.1117944528121,18.2747969419235,-18.5234643138247,-5.40579626875068,129068734175.725,69332289713.4785,198728208853.902,115777424.907116,150280268.42413,248074446.630668,7146954589.96489,7647006067.38299,12577582985.3775,-24.8236316310419,3.58358774394809,0.774694244586427,3.57596957886623,0.491229913655783,6.80916980911745,0.118411008584931,0.594480728149401,0.942666138080565,0.0228885354952467,7.23049240727483e+41,1.03052402710833,1.21032995807764,470023329.67336,1.39976333476167,1.43860501008905,0.160615931894842,3.80486535610173,9272963406.47772,8210013757.68931,17576972436.5655,10349948.3556389,69132211.8804579,84742753.5866781,727390449.049034,3831055252.06175,4625221729.09411,1.73755399528832,5.37123261036609,0.416535603497169,39.0395200134244,0.510316699708607,17.1977929966079,0.282307260893178,0.704112151217678,0.811456666821044,0.00229412991022541,1.33131542371168e+43,1.45100335011518,4.62253088513214,433060142.59487,7.39517838652869,7.00812384152334,0.0806666612012066,4.25375689781276,51138732588.5304,35087391633.8118,86599738356.4981,103292788.245929,75682750.7552631,139651072.113693,6297910735.11301,3414522446.67899,6279581896.95099,1.36336819397895,2620,189.227698651308,62.2517682587616,56.6939408745034
6.66525424395462,0.101393138872416,0.300027129194523,0.997301682150949,0.753874066564472,0.000300816207066813,1.94101733279711,1.99565571285879,0.050104118845647,7.2646597595335e+39,48.6044634627898,0.295752073880941,1330108695.82191,6.41678485757203,6.48463435353441,-20.0068392421385,-8.44496279406177,35409943115.0339,1397.29312148225,35409944512.327,70704544.3342475,3.2678809966545,70704547.6021284,3204069549.59492,148.088331403176,3204069697.68325,-26.2707110273205,6.45243390329589,-0.122097665130096,3.23714482175901,0.37692328726433,1.48732093154879,0.000294240219277312,1.97027884747986,1.51957084155499,0.000522137860009221,1.31614960359464e+37,50.1797009312625,1.41723333721937,2127278667.79786,5.57101179188546,5.41043415617433,-20.1700263537629,-1.65459526166015,37738743026.6689,1287.23146486282,38097122582.4241,2465.08886549084,0.0399959023633561,2619.02366467708,1245166542.40838,49.0634754390943,1280478189.86354,-31.1996437221369,5.25718416887008,-0.740824717206795,0.662740630835219,-0.307085011748798,0.427412999379253,2.3661781335309e-05,1.02374210256303,0.814191028755264,0.000181819747150452,4.39177968082006e+35,47.9744854121919,0.243493398234852,1859243778.30368,5.06461922533956,4.94952055200265,-20.2597217760161,-5.8438932026991,25342736432.5812,0.257258665675399,25342737881.6135,76.2917945760896,7.20864296698579e-09,77.3073653895495,62376838.7711348,0.00103377136270382,66232353.0166998,-32.7321108752361,7.74760816810081,0.195198599526721,28.2617534294712,0.869700903866764,16.2248726692332,0.0253535528475915,2.66225274668505,2.28407369190371,0.03808217765118,6.57660541164472e+38,52.1021332051155,6.94218136579163,2592322123.11948,6.23929705592066,6.15719601868969,-20.0276133868318,2.1463994746872,43910122341.7514,1901648571.99068,45823187688.2015,13808857.3840297,49.3054996101145,13808857.3840339,3330826933.0826,39186715.5403164,3372012222.52932,-29.8173029156794,1.19524973442581,0.6187270520767,2.57440419092379,0.684008299013128,1.05990793216953,0.000270578437942003,0.946536744916836,0.705379812799723,0.000340318112858769,1.27223180678644e+37,2.20521551907058,1.17373993898451,268034889.494174,0.506392566545898,0.460913604171678,0.0896954222531683,4.18929794103896,12396006594.0877,1286.97420619715,12754384700.8106,2388.79707091475,0.0399958951547131,2541.71629928754,1182789703.63725,49.0624416677316,1214245836.84684,1.53246715309925,1.29517426480492,0.317296264656817,25.0246086077122,0.492777616602435,14.7375517376844,0.0250593126283142,0.691973899205189,0.764502850348721,0.0375600397911707,6.44499045128526e+38,1.92243227385296,5.52494802857227,465043455.321618,0.668285264035204,0.746761862515357,0.142412966931104,3.80099473634734,6171379315.08251,1901647284.75922,7726065105.77743,13806392.2951642,49.2655037077511,13806238.3603692,2085660390.67422,39186666.4768409,2091534032.66579,1.3823408064575,6964,189.176070205265,62.2563308799037,62.8721417746359
100.346606793854,-0.846911666266908,0.742356034220677,0.147314414480925,13.9516791497633,0.541138157363365,1.88595244153551,1.94432394612124,0.000100005711913158,6.37558842911811e+39,53.2996565528879,0.215928815479797,4503169099.68323,27.4596174936207,23.5810153027234,-20.3307511191122,-6.94101723960292,211772141449.272,105867762199.577,317639903648.849,355610669.557264,213506125.729045,569116795.28631,14584609162457500,8756495977540390,23341105139997900,-30.1866405986058,74.1802834330846,-1.5525815778524,0.598685356883713,-0.468889379034244,7.87222259923627,0.0453405121404777,1.75770752058329,1.79285607113826,0.00829784824430682,5.98326501766977e+37,54.5700172964505,1.61437956407411,3553749147.12951,11.8540090736328,10.9681060309932,-20.2844627796911,-3.17768381401817,79629990762.6273,4166165688.90693,81429704135.9879,671530.63762079,791.690177317212,676175.470037675,2416019252.60403,39487998.2282092,3612917792.10604,-35.0406556987233,36.3567990966174,-1.94914758216239,0.380614947521037,-0.5,1.41095979171756,3.08041011946753e-05,0.891825919359226,1.06860519962012,0.000129652885617514,4.84500130568833e+35,52.9050628061818,0.18699700014694,2655435742.32261,9.16111292508671,8.50376244277368,-20.3511949256691,-7.12655061758518,60213194291.0698,28087185.3036878,60697733328.0273,304.03416458429,0.89020470577008,405.893934202313,148378330.937057,61241.7695556924,227538331.8455,-36.2554686094098,104.639673597545,-0.936092157098864,0.853537118483198,0.0302006808955381,26.8279651727861,0.525666862791085,2.95395222068133,2.49046233192242,0.0407770373699005,5.45777359399558e+39,56.7389726090346,7.61550282362185,4849709180.01013,24.1565940955516,21.3219181296115,-20.1725645135097,2.17083676491167,182164340405.895,95374969131.6169,276989346685.329,41164420.9704426,327455.106877907,42505620.5269719,12314034925.1666,1825801749.67734,13092636537.9276,-32.7913872638036,37.8234843364672,0.396566004309991,0.218070409362676,0.0311106209657562,6.46126280751871,0.045309708039283,0.865881601224065,0.724250871518143,0.00816819535868931,5.93481500461289e+37,1.66495449026874,1.42738256392717,898313404.806904,2.69289614854605,2.46434358821953,0.0667321459780119,3.94886680356701,19416796471.5575,4138078503.60324,20731970807.9606,671226.603456206,790.799972611441,675769.576103472,2267640921.66697,39426756.4586535,3385379460.26054,1.21481291068655,30.4593901644601,0.616489420753532,0.254851761599486,0.499090059929782,18.9557425735498,0.480326350650608,1.19624470009803,0.697606260784162,0.0324791891255936,5.39794094381888e+39,2.16895531258405,6.00112325954774,1295960032.88062,12.3025850219188,10.3538120986183,0.111898266181427,5.34852057892984,102534349643.268,91208803442.71,195559642549.341,40492890.3328218,326663.41670059,41829445.0569342,9898015672.56256,1786313751.44913,9479718745.82151,2.24926843491973,6576,214.978146284417,52.8795210050113,70.9673585893785
55.4636702795516,-1.06006103835817,0.511972189049874,-0.130992302266851,1.30669475413749,9.67610648053373e-05,1.95244236972908,2.01673580920697,0.00106276850459816,4.60032041018513e+44,51.0557019771511,0.100009597309546,1534950576.51836,8.43191714021907,7.28633022862053,-21.2421910628281,-20.5475915768027,57171109805.7835,31064460.8947449,57202174266.6782,118126912.313727,76941.5403637105,118203853.854091,3187027924464.39,2075859199.96957,3189103783664.36,-17.2926044626237,130.762010775856,-1.15388434746249,0.509778695212324,-0.0975069065690348,3.28315271127684,0.00279393255270951,1.82387719237681,1.99208720632516,0.00759410703391424,4.04880519309172e+44,52.3389380494684,0.65554031519309,1609348347.53071,10.2432033795091,8.58307035191424,-21.2274158514643,-20.3950873388702,67537056414.0142,965934467.508324,70775348812.4421,1985447.00078275,41894.7754403656,2490462.50779205,2052719330.84249,25245915.7556682,2361902716.99549,-19.8432948503399,62.5923518440581,-1.27998058925258,0.457507728630402,-0.144562210624741,0.60624172885842,0.000497034091538387,0.833346617424103,1.05303579349588,0.00130089568956771,3.51918765661273e+44,50.8885635103505,0.128172868511606,1209118664.24935,7.90314558996238,6.57795436513635,-21.2868450320112,-20.6069017931806,49519684743.3629,159422322.436753,51522223233.6798,28233.4001620762,556.097731235051,39277.94804355,82382393.0144086,1537648.91223399,121867270.797771,-21.2724810318278,176.095345987533,-0.951465688648421,0.534027029015193,-0.070045633631697,17.5377682250071,0.0155354347516524,2.66399463630075,2.72375100147731,0.0278664700664096,4.95585874186176e+44,54.8680877466303,5.02917663409924,2278772200.27412,12.5609267842665,10.7345728159156,-21.1207637543182,-20.2113589653315,86838634934.9695,5604444499.26303,89575668173.3507,67615057.3853487,1560675.01100179,70739134.4348899,10214062934.6422,398037777.037068,10545714241.1481,-18.7606945765132,68.169658931798,0.126096241790086,0.052270966581922,0.0470553040557058,2.67691098241842,0.00229689846117112,0.990530574952702,0.93905141282928,0.00629321134434654,5.29617536478991e+43,1.4503745391179,0.527367446681484,400229683.281353,2.34005778954671,2.0051159867779,0.0594291805468998,0.21181445431041,18017371670.6512,806512145.071571,19253125578.7622,1957213.60062068,41338.6777091306,2451184.5597485,1970336937.82808,23708266.8434342,2240035446.19772,1.42918618148789,45.3333352116769,0.202418658814073,0.024248333802869,0.0274612729373378,14.2546155137303,0.0127415021989429,0.840117443923948,0.731663795152144,0.0202723630324953,9.07053548770038e+43,2.52914969716184,4.37363631890615,669423852.743412,2.31772340475741,2.15150246400137,0.106652097146029,0.183728373538667,19301578520.9554,4638510031.7547,18800319360.9087,65629610.384566,1518780.23556143,68248671.9270979,8161343603.79971,372791861.2814,8183811524.15256,1.08260027382675,9801,214.86168189589,52.8184405233584,37.5462267765549
23.9716161252817,0.189706949922496,0.300048066502505,0.3592650010823,2.85528205309987,0.849132109651202,1.97258309579539,1.98029368546104,0.0334719763511223,4.06216544200223e+37,38.0798436858703,6.9236415638034,7098409278.97268,21.0407845357997,21.9509128452124,-18.8430718465391,12.0124686902495,138080295023.731,85925770388.4817,224006065412.212,302584434.714462,192486945.751413,495071380.465875,20525477220.8856,13057137007.2845,33582614228.1701,-12.0679863597358,23.394866378249,-0.0931612260137156,4.23258953197622,0.0898740400224041,8.403349665281,0.728111665104314,2.0726539660807,2.11968137455401,0.0310559692493583,1.44088135913851e+37,40.2395346624109,1.27734190497897,7917194228.82167,18.4609581904132,18.1795813711196,-18.8985113245867,3.630925378512,123150372662.228,65068377769.6561,188945178355.697,90643541.0092636,63404029.4940652,176377863.16076,9804487822.07826,5483862944.1024,15116757007.6808,-14.2361049623767,15.6105580880812,-0.97542009288113,0.380328971165835,-0.382074532843252,2.98606969190627,0.582903763542968,0.94200620026036,1.30832873466278,0.00330030936773476,4.50586706663154e+35,38.627258658017,0.176239866853114,6959739822.53694,14.7922154058177,14.7900600292792,-19.0656648058106,-1.90257313822392,97963705111.1503,46449578004.688,146576940548.813,1316858.50232341,687286.71932828,4815727.2557073,250698782.056337,587541115.532732,3702550776.89345,-15.6603510844364,30.8135797608958,0.25719178896489,36.0769497809286,0.749436437665222,24.7937550533042,0.976454190119669,2.79371335601153,2.94901638941953,0.0501187233627272,1.26294407249356e+39,43.5505918214178,6.23974863735632,9528561999.93649,24.0303716688299,23.6840347186289,-18.7234398427464,7.7946766972882,168773739729.02,130022073122.204,293994379124.571,387742989.913122,246490093.325146,574413551.009013,25010342442.5003,15361217439.9402,38126790556.7762,-13.345318900959,7.78430829016784,0.882258866867414,3.85226056081039,0.471948572865656,5.41727997337472,0.145207901561346,1.13064776582034,0.81135263989123,0.0277556598816236,1.39582268847219e+37,1.61227600439396,1.10110203812586,957454406.284732,3.6687427845955,3.38952134184035,0.167153481223878,5.53349851673592,25186667551.0776,18618799764.9681,42368237806.8837,89326682.5069402,62716742.774737,171562135.905053,9553789040.02192,4896321828.56967,11414206230.7874,1.42424612205975,7.41871338264672,0.350353014978606,31.8443602489523,0.659562397642818,16.3904053880232,0.248342525015355,0.721059389930831,0.829335014865515,0.0190627541133689,1.24853525890217e+39,3.31105715900694,4.96240673237735,1611367771.11482,5.56941347841674,5.50445334750933,0.175071481840281,4.16375131877621,45623367066.7921,64953695352.548,105049200768.874,297099448.903859,183086063.831081,398035687.848253,15205854620.422,9877354495.83779,23010033549.0954,0.890786061417641,4234,214.929218447638,52.8850504244693,26.4512793944764
18.6618433068238,2.26794613830406,99.9999423226494,0.42130962342693,11.9091321103246,1.53336058803161,2.07260821508931,2.06250007904153,0.0501187210529178,7.33769147528925e+38,38.9998021150052,2.61972431053185,25615522059.4501,18.6571558314313,18.6573379457873,-16.3889392100944,6.01385792169143,124278726146.03,103362208651.323,227640934797.353,354993899.895526,288015119.340876,643009019.236402,16082329136.8689,13047981801.9344,29130310938.8032,-23.8021623854337,19.6651065213316,2.01610039228605,5.07020475315356,0.322702203818806,12.7497736431313,1.49378318439012,2.00815088882207,1.87868373943239,0.04684120032082,4.6305472350332e+37,39.7657538057495,1.77687325574473,22945247420.0653,16.6401564269023,16.644602064032,-16.4915195502568,4.11009975105549,110764475262.44,97229327358.1918,209569333654.108,150452063.948092,107835023.581786,350673662.395135,8633327739.45128,6513803678.89529,20513306715.191,-26.5541196632531,17.1984781399851,1.63083207276363,1.23245196910931,-0.235318359484762,5.74022320355655,1.31000294789686,1.06103520083389,1.20952218046972,0.0268303365301734,2.49836616127535e+36,38.101167274186,0.183794374357171,20630939029.1926,11.9653801981995,12.2292587764832,-16.6479091990387,0.0143658717198977,79350542123.3906,73735818354.8324,155091693537.114,5490927.19055134,10548857.0396529,107646524.493711,354477426.563008,602858349.367326,7029200462.91031,-28.290935533221,22.0909686103843,2.27008713793421,44.2472586564891,0.786986293276581,28.836341312975,1.67132935785373,3.18128653275816,2.71505572765803,0.0501187233627272,6.77272569038962e+38,42.1464206782968,6.78006541650447,26396220177.7871,20.4169925785166,20.4215243386579,-16.2511938364142,11.2854721606998,135891314242.588,122834309687.185,260769684540.081,625593078.193703,371306866.394509,767071572.527273,33149821149.8543,21833623255.493,39935768848.4303,-25.4572974800411,2.46662838134646,0.385268319522421,3.83775278404426,0.558020563303569,7.00955043957474,0.18378023649326,0.947115687988184,0.669161558962669,0.0200108637906466,4.38071061890567e+37,1.66458653156347,1.59307888138755,2314308390.87272,4.67477622870272,4.41534328754883,0.156389648781882,4.09573387933559,31413933139.0492,23493509003.3594,54477640116.9934,144961136.757541,97286166.5421328,243027137.901423,8278850312.88827,5910945329.52797,13484106252.2807,1.73681586996795,2.4258620890527,0.25398674564816,39.1770539033355,0.464284089457774,16.0865676698437,0.17754617346361,1.17313564393609,0.836371988225643,0.00327752304190725,6.3096709668863e+38,2.38066687254733,5.00319216075975,3450972757.72173,3.77683615161437,3.77692227462596,0.240325713842601,7.1753724096443,25126838980.1485,25604982328.9934,51200350885.973,475141014.245611,263471842.812723,416397910.132139,24516493410.4031,15319819576.5977,19422462133.2393,1.09682218321196,140605,150.077157477132,2.38035559878489,52.0723014200107
2.54623794923781,0.126726812786835,1.03933929317748,0.763268065370116,1.37305983647156,0.105434475473445,1.98620220810921,1.99032940596462,0.000100040614002996,2.49079336279141e+45,40.0409051646807,9.99918708435516,1176924467.20867,2.50356871787302,2.50181885484642,-19.3043959609015,-16.1246681282899,18512050695.2701,6942432990.77323,25454483686.0433,42167718.6437772,15997752.5545389,58165471.198316,1727548844939480,655404177320837,2382953022260320,-15.8784786954575,3.10826971108542,-0.63738332060068,6.05400164215333,0.127217650386663,1.81865152972317,0.00780547814056663,1.81716964308942,2.00115524367242,0.000307515675463976,2.20554830445679e+43,37.5275274218287,1.93636877644702,1168102052.24871,2.25255030918803,2.21515284328311,-19.290371440904,-11.6131639424247,15593074743.8352,200072886.433296,16054864792.485,167.771881355835,2.28638613793439,191.911460561677,330319879.922938,1841496.03676362,383526388.754072,-19.0027241890899,2.26326813650605,-1.6555696305015,0.906382495637378,-0.413132509946213,0.613946180294599,0.000862500099967444,0.830628340713521,1.10870842174755,0.000118972714120087,4.9776101900213e+41,34.9007185116219,0.14216432119321,956963105.460947,2.00916109877318,1.96632865525099,-19.3492398991127,-16.4368467180434,12685262409.1652,1179357.7100294,12815854999.2588,15.0509617957226,0.0172320959473652,17.0445639292736,13685360.610134,10580.5127355136,16469999.4432937,-20.3376901011444,4.00351095042223,0.312044035481089,36.350741256446,0.789410749705584,13.0753211759263,0.0608747635315827,2.65246743540311,2.72870834823037,0.00114341007420527,3.9605626522201e+44,40.1512615700608,9.22840881077915,1364792755.22593,2.52001454189612,2.50403355028481,-19.2305399497369,-5.96840183491072,18060407060.1914,2327245399.81374,20264407125.0911,4694.70896911574,71.5643261841787,4997.69932100958,1058166498.60159,102180684.227564,1145683285.99773,-17.8127494242736,0.84500157457937,1.01818630990082,5.14761914651595,0.540350160332876,1.20470534942857,0.00694297804059918,0.986541302375903,0.892446821924875,0.000188542961343889,2.15577220255657e+43,2.62680891020684,1.79420445525381,211138946.787761,0.243389210414849,0.248824188032116,0.0588684582087566,4.82368277561875,2907812334.66998,198893528.723267,3239009793.22622,152.720919560112,2.26915404198703,174.866896632404,316634519.312804,1830915.52402811,367056389.310778,1.33496591205449,0.895241239336814,0.949427356081769,30.2967396142927,0.662193099318921,11.2566696462031,0.0530692853910161,0.835297792313689,0.727553104557946,0.000835894398741299,3.74000782177442e+44,2.62373414823206,7.29204003433213,196690702.977226,0.267464232708087,0.288880707001702,0.0598314911670776,5.64476210751397,2467332316.35623,2127172513.38044,4209542332.6061,4526.9370877599,69.2779400462443,4805.7878604479,727846618.678651,100339188.1908,762156897.243661,1.1899747648163,130533,150.078308861471,2.36475144654217,36.7660232502341
9877.78601440885,-1.23006829186702,0.300133397249076,-0.127950139745255,3.56229680788128,1.18286628444103,1.84345282978584,1.86163997619994,0.00269269785863664,7.95882476764215e+43,47.5328616451367,7.96444761488991,4852347053.54021,50.7484327171459,36.7640875985188,-18.9830206801281,-15.1384099532063,359975901729.446,205826518373.585,565802420103.031,523893653.303899,318780361.4852,842674014.789099,791878242292.487,481844417733.063,1273722660025.55,-12.94310232745,10000,-1.22650250719579,0.3,-0.128807109773911,9.46929166188735,1.18880509874663,1.80059698476506,2.07055476781486,0.00384878507303813,3.69224309936705e+38,48.6986662720698,0.922219469407807,5204737594.54025,54.1338816844857,39.2932469877075,-18.9805012865162,-1.8317947252724,384144116512.002,204956566271.571,588527587607.691,8802364.53719408,7898525.56054372,22295717.4747025,10520359664.0468,8975277721.01882,24895084864.5296,-14.9295713815587,9599.33575059382,-1.23474528010823,0.3,-0.132969022861561,3.84967892206646,1.15338701009417,0.821916142760586,1.09442926650713,0.00241209976732882,2.85938452456617e+36,46.6736881271986,0.147811212758163,4812147034.8848,50.3676263380683,36.4637835349716,-19.0182708356576,-10.3595665005402,357925920285.339,188504267363.92,548766420804.867,821125.517471061,733476.288683539,4741167.57176391,459342355.584174,523748294.35217,4516643127.22568,-16.4035077359813,10000,-1.21786705520172,0.3,-0.127950139745255,24.6792310304125,1.22953443987325,2.69789986499905,2.83831727904316,0.00586284664577001,7.07952588859037e+41,51.5625773370235,4.81189892107982,5550997074.92725,57.2452894757683,41.6724247540903,-18.9428299644185,3.3498447222673,406829208911.018,219205896059.301,625633665419.091,36349522.5948848,35585989.6454742,69776194.581216,29495087692.2748,20100560276.2486,44204445893.4738,-14.0013393949417,400.664249406183,0.00824277291243636,0,0.00416191308765032,5.61961273982089,0.0354180886524595,0.978680842004471,0.97612550130773,0.00143668530570931,3.66364925412138e+38,2.02497814487125,0.774408256649644,392590559.655452,3.76625534641741,2.82946345273594,0.0377695491414301,8.52777177526781,26218196226.6635,16452298907.6506,39761166802.8237,7981239.01972302,7165049.27186018,17554549.9029386,10061017308.4626,8451529426.66665,20378441737.3039,1.47393635442262,0,0.00863545199407123,0,0.000856970028655979,15.2099393685251,0.0407293411266187,0.897302880233989,0.767762511228293,0.00201406157273188,7.07583364549101e+41,2.86391106495366,3.88967945167201,346259480.386996,3.11140779128257,2.37917776638275,0.0376713220976939,5.1816394475397,22685092399.0156,14249329787.7306,37106077811.4005,27547158.0576908,27687464.0849305,47480477.1065135,18974728028.228,11125282555.2298,19309361028.9442,0.928231986616954,3405,214.867871050576,52.8508748237664,27.8650788713872
9911.5127096903,-1.0881844739743,0.503432942475686,0.152740196727966,2.32490693207165,0.684427109951829,1.93443196032699,1.98773910956682,0.0265099071131587,4.32342720614985e+37,41.5072282163346,9.65073872711757,12188608533.2782,148.586398010074,102.405164456149,-21.3730355499936,0.924879342378432,1047096028624.83,440181183919.947,1487277212544.78,2049425065.70994,1007003471.68987,3056428537.39981,175530210333.278,86248350403.0108,261778560736.289,-16.9624543469885,9798.92685803863,-1.09291020225265,0.515942088998127,0.149839507409745,6.1634660801794,0.712955097680763,1.77485280591167,2.05424299831586,0.0180469483457314,8.73951311089343e+37,42.680585322065,0.810144991569211,12789526906.0521,154.069863610441,106.429196407438,-21.361785507125,-0.543501976411214,1088490095401.43,463672996799.839,1551548224465.7,287706891.468129,196036467.367168,668335443.191159,51815408931.5959,35181759930.4822,106338141801.642,-19.0746217594199,8776.98037728037,-1.10602870791032,0.506266996576888,0.148033364632169,2.52475027782133,0.658626105640443,0.774067429302112,1.15063063608796,0.00526343759751834,5.62831770144099e+35,40.6477687120257,0.147391403947598,11921147381.135,143.136092784431,98.9428213545541,-21.4035148695266,-5.7251424225007,1013061171355.61,411463342630.371,1421941828958.88,11155042.2009382,7670146.4986651,47864188.1089572,1420002949.25398,2206676123.11638,18192747870.0572,-20.6763789966615,10000,-1.08143032410386,0.518803686585122,0.16186530064675,22.6396083955712,0.803380208878705,2.67740853039603,2.75712290533517,0.0364391089170378,8.30746628871567e+39,45.54772560928,4.4706136351123,15452654962.4632,178.497829348532,125.733099320282,-21.3009733538765,4.79867490521692,1270046183932.99,583403359783.102,1851801793409.54,1683437883.31561,1068280435.56395,2383319055.61301,206043775569.153,91321103685.5536,271615790609.288,-18.0680551932072,1021.94648075826,0.0131185056576744,0.00967509242123898,0.00180614277757546,3.63871580235807,0.0543289920403195,1.00078537660956,0.903612362227899,0.0127835107482131,8.68322993387902e+37,2.03281661003933,0.662753587621613,868379524.917069,10.9337708260104,7.4863750528834,0.0417293624015969,5.18164044608949,75428924045.8253,52209654169.4683,129606395506.824,276551849.267191,188366320.868503,620471255.082202,50395405982.3419,32975083807.3658,88145393931.5846,1.60175723724153,201.073141961371,0.011479878148791,0.00286159758699533,0.0120257932370049,16.4761423153918,0.0904251111979427,0.902555724484358,0.702879907019308,0.0183921605713064,8.22007115760673e+39,2.86714028721503,3.66046864354309,2663128056.41112,24.4279657380906,19.3039029128447,0.0608121532485733,5.34217688162813,181556088531.556,119730362983.263,300253568943.836,1395730991.84748,872243968.196787,1714983612.42185,154228366637.558,56139343755.0714,165277648807.646,1.00656656621273,8507,189.233047870637,62.2367850381644,36.704681687738
20.7249965535729,1.6854555105096,0.303902536969111,0.466338294693918,8.91494268461231,1.07138091672833,1.99302277119198,2.02915357337089,0.0111295664610267,8.98156230399585e+46,39.7602795452524,9.99336488098442,11022632356.8296,4.1303825773849,4.32974234973856,-16.7228774076389,-8.93314791558775,28586175980.1533,800609431162.376,829195607142.53,66368566.9027095,2049251317.06057,2115619883.96328,13539799349.5765,418066156084.542,431605955434.119,-12.473303851373,21.6874426588538,1.35013712415056,0.664974660764715,0.281872496881185,10.8757113198662,1.32817792533114,1.82096167095919,1.98765421779597,0.0181831897696499,6.29786843908523e+44,35.814131048276,1.52090013943536,13562992810.1018,5.94780287431055,6.45020612550478,-16.3473453495483,-11.0556827007376,40516035732.3451,90186171925.2206,159538605485.91,5465415.83004346,20365646.2240963,54987632.8255364,1014346951.97055,6039840418.11854,10697474521.4201,-16.0612789423814,17.7364339753194,0.979552296724083,0.3,-0.414702597018791,4.54671271294726,1.16527430194162,0.818051593559045,1.03621873609181,0.00320512348236516,4.64216749903151e+43,32.7740432919387,0.275207599076884,10758568988.6566,2.31250790305646,2.73020493865211,-16.666544272786,-14.6008036601138,15979341011.0026,64108635237.4985,83458823484.8541,93505.1276525521,1332302.70928354,2123500.07306583,71587359.7562693,306737978.839074,1174571343.07667,-17.5788977994823,28.8695517451363,1.59491779049607,1.17689350414149,0.480200726734371,26.2311643036466,1.63958984067379,2.62953958686587,2.76979846781355,0.0452275739058007,7.07197564846793e+45,39.5269787040008,7.0594983831405,17955763493.6137,13.7673183940803,14.3262796881178,-16.0689634660585,-6.99081925523696,92011789351.3603,145524454383.861,247882491136.988,99940173.6488905,139274269.619632,223642636.171682,8275698467.36379,17800872109.1326,22215963503.0394,-14.6463969346464,3.9510086835344,0.370584827426474,0.364974660764715,0.696575093899976,6.32899860691896,0.162903623389511,1.00291007740014,0.951435481704165,0.0149780662872847,5.83365168918208e+44,3.04008775633731,1.24569254035847,2804423821.44515,3.63529497125409,3.72000118685267,0.319198923237771,3.54512095937618,24536694721.3425,26077536687.7221,76079782001.0557,5371910.70239091,19033343.5148128,52864132.7524706,942759592.214279,5733102439.27947,9522903178.34345,1.51761885710081,7.18210908628255,0.244780666345513,0.511918843376777,0.198328229853186,15.3554529837804,0.311411915342658,0.808577915906676,0.782144250017583,0.0270443841361508,6.4421888045594e+45,3.71284765572477,5.53859824370515,4392770683.51193,7.81951551976971,7.87607356261307,0.278381883489764,4.06486344550066,51495753619.0152,55338282458.6407,88343885651.0779,94474757.8188471,118908623.395536,168655003.346146,7261351515.39324,11761031691.0141,11518488981.6192,1.41488200773501,11701,34.405870226589,-5.3129642442951,33.4717713102303
253.298491728051,-0.201283919537946,0.3,1,20.8759113710565,1.19445971237964,1.34934167619787,1.59506226888983,0.000466078546971876,7.17661179753395e+35,22.9085511396063,9.75795978148878,4389511248.86063,99.9955635100216,50.6280950040988,-19.3873964195542,22.0033462037341,778971814184.856,281544021112.369,1060515835297.23,139578241.784542,153553216.778774,293131458.563316,48483211843736.5,53337490451158.6,101820702294895,-13.6543346999229,123.164301131742,-0.18516327514988,0.3,1,11.6367620314625,1.12293971643664,1.15256760160128,1.9557069669589,0.00670666671503121,2.91506611805477e+36,23.7808702478744,1.34825687633848,3960468698.01817,69.7353839225309,44.305608368508,-19.4378858472843,8.96523536051501,539716872645.541,237383961329.303,776573680638.468,5430181.15849953,7500305.02177725,47468854.51112,2283316885.40141,9534832479.11553,21102304823.8416,-15.4299534538566,105.663149566128,-0.203710992782997,0.3,0.892358595891142,5.25642455992721,0.98712545774146,0.628027880668043,1.06510896849934,0.000312407851988906,3.36681283430297e+35,22.2001365660287,0.19025567936759,3324187264.78128,58.8195798900194,36.3943444839236,-19.5439551903774,4.55890720767756,453650601283.405,188873186386.812,646811818884.947,1318.41505630229,5885.5455631539,8621.31684451989,481116670.011727,619527995.639198,3460737672.01281,-17.0815888413987,269.669094140283,-0.175090407930627,0.324964075258628,1,28.4736776534994,1.21441412447297,2.07160303380281,2.83597716587725,0.0330196073142461,1.76360425549362e+38,27.0895809719953,5.5891226405186,4517616807.98187,104.463105587114,52.1086289646032,-19.3465216664357,16.261780856962,812736293230.643,291721966840.083,1107113077609.1,229433984.853416,289860941.078318,568222349.024286,32394801547.9004,37845751885.0281,60002390983.6664,-14.6030589014397,17.5011515656142,0.018547717633117,0,0.107641404108858,6.38033747153529,0.135814258695184,0.524539720933239,0.890597998459558,0.00639425886304231,2.57838483462448e+36,1.58073368184576,1.15800119697089,636281433.23689,10.9158040325115,7.91126388458433,0.106069343093132,4.40632815283745,86066271362.1367,48510774942.4907,129761861753.521,5428862.74344323,7494419.4762141,47460233.1942755,1802200215.38968,8915304483.47633,17641567151.8288,1.65163538754218,146.504793008541,0.0100728672192522,0.0249640752586277,0,16.8369156220369,0.0914744080363297,0.919035432201524,0.880270198918348,0.0263129405992149,1.73445359431307e+38,3.30871072412088,4.24086576418012,557148109.963698,34.7277216645833,7.80302059609518,0.0913641808485615,7.29654549644699,273019420585.102,54338005510.7801,330539396970.632,224003803.694917,282360636.056541,520753494.513166,30111484662.499,28310919405.9125,38900086159.8247,0.826894552416835,27685,34.3651023349215,-5.300122806878,29.6285503325377
16.0638187226291,0.00625425635388359,0.300001043306059,-0.114858294903956,1.32636271663514,0.405496527473243,1.97896926285438,1.99222028657773,0.0501187233627272,7.53601209450848e+36,44.2838568022474,1.26002050284932,3694707091.73635,15.7018584272745,15.274805943801,-19.5828636609282,0.891927042262736,97497337996.2099,36746862900.5693,134244200896.779,217588763.647121,85124991.7900589,302713755.43718,9857448122.95162,3856427034.52297,13713875157.4746,-25.3811230168318,8.33977025820735,0.459398304883119,16.5180314804295,0.310291049906018,6.8935765059865,0.00655898978908738,1.46978881042692,2.1089975334925,0.0401123705523968,5.34789501655948e+38,39.1206150214891,1.57519668699565,3925570806.32694,8.06248046313662,8.06758587048559,-19.8522452062695,-0.629549792377752,52978330714.4197,428179198.131377,53629893362.7671,13775391.9660556,325094.589181461,16900228.3020422,954305108.135657,18167602.2708567,1180243731.42306,-29.8195872393854,7.10748485238401,0.100648322628213,1.63214004274923,-0.247111054796011,1.8345430823457,5.56260690426976e-05,0.905869719385151,1.0426888396908,0.0228583612317337,1.24275643629778e+36,38.1518062831,0.261176450551117,3427035763.19926,7.01190745236437,7.02059216907164,-19.9419645857465,-6.36876900433522,45700800367.7393,39103622.5883732,46318029817.4875,1880489.1111353,2786.45906543017,2504682.92461691,111825819.80617,145086.190930112,139304620.239598,-31.0875578382109,10.002032811592,0.779034032307471,67.4622259000371,0.865054916127153,25.0588052185061,0.144892988290288,2.07979743614401,2.99636287265341,0.0501187233627272,3.40669442822646e+40,40.4190127083059,6.44712410952447,4482759584.84789,9.93248649948771,9.91904264824846,-19.731748480244,6.20107851241791,66248836614.9121,11693212027.1036,79523737561.6402,91203286.2252802,7367750.10934233,107863528.677606,5713806199.27065,470354729.396371,6675448079.0573,-28.6849656476286,1.23228540582334,0.358749982254906,14.8858914376803,0.557402104702029,5.0590334236408,0.00650336372004469,0.563919091041765,1.0663086938017,0.0172540093206631,5.3354674521965e+38,0.968808738389122,1.31402023644453,498535043.127674,1.05057301077225,1.04699370141396,0.0897193794770246,5.73921921195747,7277530346.68039,389075575.543004,7311863545.27958,11894902.8549203,322308.130116031,14395545.3774253,842479288.329488,18022516.0799266,1040939111.18346,1.26797059882553,1.66226255338466,0.319635727424352,50.9441944196076,0.554763866221135,18.1652287125196,0.138333998501201,0.610008625717089,0.887365339160919,0.0100063528103304,3.35321547806086e+40,1.29839768681685,4.87192742252882,557188778.520958,1.87000603635108,1.85145677776286,0.120496726025554,6.83062830479566,13270505900.4924,11265032828.9722,25893844198.8732,77427894.2592246,7042655.52016086,90963300.3755639,4759501091.13499,452187127.125514,5495204347.63424,1.13462159175681,78529,150.081606355261,2.29374216877298,59.0179199129934
84.4250643105828,2.90133319492293,0.865327123266547,0.459280045109532,30.0149577240813,2.65923119887554,1.99930094218484,1.99869111133986,0.0501186700569255,1.26922922080948e+36,48.5724905589143,6.35995024142737,100806686818.61,32.3998306593135,32.9457750471665,-13.9470158699831,8.20208730528739,215857588393.85,291305854871.202,507163443265.052,509936315.529245,687018678.914763,1196954994.44401,23101726570.8447,31124117239.7764,54225843810.6211,-12.6893926216937,70.5632333064518,2.78646884688077,2.67719796133539,0.443989608187149,19.0358542887615,2.93327490867801,1.26760436055091,1.86141203388934,0.0487691464201419,4.97600532351772e+36,47.6782567414801,1.60594027074353,106460230703.005,51.8565405494311,52.2521159659744,-13.7636286552892,7.70596692528933,345351966165.691,398890229636.907,741034912053.055,49337061.807953,539205715.760906,881323712.276011,2520328109.95295,26972239127.0149,45658257261.6802,-14.8979719291629,60.3444809330262,2.01785120334666,1.05445004896577,-0.13130523304707,9.88752104717214,2.81488744752816,0.615136892949167,1.09719171666187,0.0364624968028422,2.19941768868293e+35,42.5722737045649,0.182196853773496,98007697888.959,38.753293607272,39.3830813852663,-13.9237042505033,4.25387520280172,257869365410.782,346450802197.486,610287077066.529,8491299.62778432,30112100.114454,122153134.964715,426258359.099814,1530322037.96072,6009330965.18506,-16.592710162307,84.6818081389634,3.09281536230896,38.2734367259873,0.694268286047033,31.6227766016838,3.07767896120569,2.17816969698817,2.67598421588937,0.0501187233627272,1.0742628373975e+38,50.4191024972001,7.73155083743916,114734294341.27,65.3562844928748,65.477000309053,-13.648428618104,11.1808242764589,435308845159,473520742769.369,923195019758.844,760853073.836833,1576042191.29572,2030191461.64087,40285008166.1025,82762099189.2893,107982452719.996,-13.914989298679,10.2187523734256,0.768617643534109,1.62274791236962,0.57529484123422,9.14833324158939,0.118387461149853,0.652467467601745,0.764220317227462,0.0123066496172997,4.75606355464942e+36,5.10598303691522,1.42374341697004,8452532814.04598,13.103246942159,12.8690345807081,0.16007559521406,3.45209172248761,87482600754.909,52439427439.4208,130747834986.526,40845762.1801687,509093615.646452,759170577.311296,2094069750.85314,25441917089.0542,39648926296.4952,1.69473823314407,14.1185748325116,0.30634651542819,35.5962387646519,0.250278677859883,12.5869223129223,0.144404052527675,0.910565336437262,0.814572182000034,0.00134957694258531,1.02450278416232e+38,2.74084575571997,6.12561056669563,8274063638.26453,13.4997439434437,13.2248843430786,0.115200037185192,3.4748573511696,89956878993.3093,74630513132.4616,182160107705.789,711516012.02888,1036836475.53481,1148867749.36486,37764680056.1495,55789860062.2744,62324195458.3162,0.982982630483917,146132,150.129273932131,2.36955695633955,32.1128542808256
1.77312641881406,0.0161986630611862,0.664203797842518,0.999999994752214,0.70231634798485,0.0793966550640799,1.851582217875,1.98144769307933,0.0133005153160095,1.64514689937211e+36,45.1961862630931,2.5017367288371,508701742.253328,1.73416486913029,1.72265425919759,-18.59756962542,1.49469339038503,10110156592.0988,1342252356.35735,11452408948.4562,15131632.7697338,3016706.39791425,18148339.167648,2583124632.79671,514982667.432578,3098107300.22929,-12.8812751053158,1.54787077881623,-0.0577721283574791,1.16064714709327,0.823288854725864,1.01711512750136,0.00304382388833099,1.69229541622923,2.10181957531051,0.00434475461825052,4.63184069784058e+36,45.2848914814539,1.54864679935968,630514408.780981,1.43409757314445,1.42208170376211,-18.6427422112712,0.0112587446198091,9405260459.27132,372.116881084747,9475953448.90003,125919.024419873,0.0479040180035087,136920.686643059,171002094.430722,44.8564380629252,178782311.31327,-16.5101420921312,1.27649885979039,-0.497078064315045,0.444422851772484,0.469635379526814,0.397427311556551,4.90049675280026e-05,0.845614497211865,0.883270227321081,0.00218233467222355,3.22667525208952e+35,43.6398469730551,0.201468293673318,545503420.38803,1.22495667148191,1.21353790641638,-18.6893831623948,-4.44375369884598,6315085395.44478,0.300841627389202,6360036198.63167,14884.4034440808,5.8114448793857e-06,15208.6592872489,10250665.9647713,0.00194584779446928,10561575.597021,-18.175611462178,1.74033639195097,0.233823866183011,1.85025763535984,1,9.02270582457682,0.0237508283841159,2.5372016573112,2.95625062395671,0.0115999359426741,3.29660295838727e+38,48.5181189300874,5.70689259207452,715780978.880003,1.56283527869727,1.56157010880737,-18.5966862173857,2.61535737130814,10648095834.5409,382495347.133307,10971634218.0496,3410050.48551956,9233.77259227135,3457529.73438395,909317671.183217,12505149.3887795,946007452.326607,-15.1809009591508,0.271371919025845,0.439305935957566,0.716224295320786,0.353653475199051,0.619687815944806,0.00299481892080299,0.846680919017361,1.21854934798943,0.00216241994602697,4.30917317263163e+36,1.64504450839888,1.34717850568636,85010988.3929509,0.209140901662541,0.208543797345733,0.0466409511235639,4.45501244346579,3090175063.82654,371.816039457357,3115917250.26837,111034.620975792,0.0478982065586293,121712.02735581,160751428.46595,44.8544922151307,168220735.716249,1.66546937004685,0.192465613134733,0.29159599454049,0.689610488266566,0.176711145274136,8.00559069707546,0.0207070044957849,0.844906241081976,0.854431048646206,0.00725518132442354,3.25028455140886e+38,3.2332274486335,4.15824579271484,85266570.0990218,0.128737705552824,0.139488405045258,0.0460559938855241,2.60409862668833,1242835375.26961,382494975.016426,1495680769.14958,3284131.46109969,9233.72468825335,3320609.04774089,738315576.752495,12505104.5323415,767225141.013337,1.3292411329804,159133,150.096406580984,2.39511118818305,38.6464363246356
1.22897094458288,0.494942841239913,33.5946939317373,0.999957618275366,3.22647206298776,0.0205579695472903,1.99816847766324,2.00004405896034,0.0120041171912712,2.05354260378472e+38,43.5042254771639,0.618855832784945,1686392042.72299,1.22218114017873,1.22115012723612,-18.0930626558085,-3.71979088194362,8377247488.90278,320870627.567489,8698118116.47027,19728546.932512,759567.385110758,20488114.3176227,3731581302.9955,143669346.877925,3875250649.87342,-12.6893871243897,0.989123967334095,2.1878321396926,36.6501318609244,0.132766304756805,1.02466588902552,0.00231039523851678,2.61446207191671,2.44196072129181,0.00953460315414258,1.13968037441082e+42,38.9231353443553,1.01732105496276,1801478320.39596,0.982792045198098,0.983857370976809,-18.1624648910723,-10.2862243914508,6084053728.31506,1709412.57439303,6127489890.25525,2832451.3082645,58.5890908342632,2876054.94568096,639392701.618503,161308.575042396,706609069.131762,-15.416061093504,0.913820248121673,0.644037262248007,6.70207879928879,-0.383085625276304,0.458241676360542,3.12137407182494e-05,1.43929320783454,1.29029219910412,0.00100665905254959,1.21484189220573e+40,36.0602203720378,0.212553782328534,1584086739.26855,0.890159393198273,0.891336557890427,-18.2651725206655,-13.8638108051569,4725378856.58311,840.744338031113,4796476287.67733,6609.22730751393,0.236816193650314,8660.72558742687,62393649.3742996,35.7963314436098,122793852.392746,-16.9325809137347,1.22207897431078,3.3133149053294,92.9508625272561,0.731822247610336,12.2265535941961,0.0431953836600354,3.42748448632701,3.35429604743373,0.0191180020247735,3.74567933349231e+43,43.4216265922391,3.62218977130132,1982544987.24008,1.1351427740068,1.14397544314665,-18.0637892643415,-7.01771150465868,7718999129.52894,511322894.235043,8717527806.51651,10680746.4517731,10447.2109972038,10739686.8728077,1603501284.46014,38992156.2962777,1608466271.72369,-14.189754868987,0.075303719212422,1.54379487744459,29.9480530616356,0.515851930033109,0.566424212664978,0.00227918149779853,1.17516886408217,1.15166852218769,0.00852794410159299,1.12753195548877e+42,2.86291497231753,0.804767272634229,217391581.12741,0.092632651999825,0.0925208130863816,0.10270762959313,3.57758641370612,1358674871.73195,1708571.830055,1331013602.57792,2825842.08095699,58.3522746406129,2867394.22009353,576999052.244204,161272.778710953,583815216.739016,1.51651982023064,0.23295500697669,1.1254827656368,56.3007306663317,0.599055942853531,11.2018877051706,0.0408849884215187,0.813022414410302,0.912335326141923,0.00958339887063089,3.63171129605123e+43,4.49849124788376,2.60486871633856,181066666.844113,0.152350728808705,0.160118072169837,0.0986756267308309,3.26851288679207,1634945401.21388,509613481.66065,2590037916.26125,7848295.14350863,10388.6219063696,7863631.92712677,964108582.841635,38830847.7212353,901857202.591932,1.22630622451697,8112,214.885562634603,52.8350530078307,30.3059091541767
539.042682791245,-0.255154908371666,0.434438616859011,-0.5,31.5257220741897,4.5444916690124,1.47253697444276,1.52085240615967,0.0501187233627272,2.85986738418463e+44,25.017320710005,0.13978669520512,241488861226.477,461.58122497006,445.996107042736,-11.812747726392,-6.69139721047988,3076943044485.83,2403518085469.6,5480461129955.43,969844866.177238,943199937.153559,1913044803.3308,43936990566.1007,42729892363.1043,86666882929.2049,-14.1180916837856,495.903420593903,-0.510901780062144,1.41469010313196,-0.294400562363201,21.9703695797416,4.58236188857952,1.41661581817571,1.76960481090682,0.0446368348204911,4.90951885740915e+44,19.8645707251499,1.20253736647026,249039543749.356,409.780447253635,403.490975622918,-11.6369409555238,-0.876113516059498,2731427097955.83,2455401571792.35,5371475875597.13,653904417.47716,2443911933.2954,6035636474.18676,40751506358.472,137792753264.587,376008302472.867,-16.7785185941981,435.289358520817,-1.367012749548,0.391557196650602,-0.5,13.3969738122033,4.49470174789268,0.644397317413774,0.921225672210172,0.0246449614944198,2.57936919972749e+43,17.6118795975847,0.161822901985471,210169112719.733,374.117289454502,370.275808412537,-11.8576505153616,-4.90909027268949,2510221803891.25,2194355475554.95,4739525316078.54,59848715.6092563,101623938.783187,431879056.906691,3499845480.01158,5561769901.21958,23428608770.1657,-18.4127149154922,585.46269128363,0.021737707273977,14.7295758241047,0.16187114434772,31.6227766016838,4.79554994465799,2.57945048417663,2.7741341935364,0.0501187233627272,6.16755576453572e+46,22.4539359609392,7.12574270023702,276421339967.783,475.938740233925,463.000890904819,-11.350729303632,4.32854879746552,3175912392090.03,3692666656526.85,6804954696250.13,9351698266.88253,9845311693.43265,16430449959.501,491327908554.503,669321029696.829,1053474525333.3,-15.5411657860671,60.6140620730861,0.856110969485856,1.02313290648135,0.205599437636799,8.57339576753834,0.0876601406868431,0.772218500761932,0.848379138696645,0.0199918733260713,4.6515819374364e+44,2.25269112756516,1.04071446448479,38870431029.6236,35.6631577991329,33.2151672103805,0.220709559837811,4.03297675662999,221205294064.581,261046096237.404,631950559518.587,594055701.867904,2342287994.51221,5603757417.28007,37251660878.4604,132230983363.368,352579693702.702,1.63419632129402,89.5592706897267,0.532639487336122,13.3148857209728,0.45627170671092,9.65240702194215,0.213188056078475,1.16283466600092,1.00452938262959,0.00548188854223611,6.11846057596163e+46,2.58936523578939,5.92320533376676,27381796218.4271,66.1582929802895,59.5099152819013,0.286211651891794,5.20466231352502,444485294134.192,1237265084734.5,1433478820653,8697793849.40537,7401399760.13725,10394813485.3142,450576402196.031,531528276432.242,677466222860.435,1.23735280813108,134028,150.098546392493,2.3653554114868,32.9355327291376
5.3832697523122,0.231561040121629,0.586511671447934,0.0829386391319781,1.31323390264621,0.362435710105277,2.22389967119071,1.39374068270261,0.000837831018076317,1.93583276689181e+39,42.7209912498128,1.24555072711879,2648002900.81803,4.99075703464796,5.09918226073458,-19.166615726168,-4.79704676223734,33707749189.1185,20272912492.4098,53980661681.5282,132887245.667605,4452761.17641618,137340006.844021,7493682058654.04,251096908296.561,7744778966950.6,-21.6253013233353,4.57443859707293,-0.0893824759294312,2.63788033480232,0.243448233176416,4.57949617953618,0.189931375881607,1.92648822498561,1.56315601181758,0.0023156092398252,3.87037028556387e+38,47.2250866597854,1.43205717648082,2236603988.84651,3.87145494221366,3.80978701287193,-19.2490988016335,-3.97958565153571,26119058077.0159,9000934914.0229,33969402719.9008,109400.906554931,3181.90489025702,165305.512392146,929778098.914437,34538033.8045625,1180055053.79748,-24.7259134513868,3.57797707727784,-0.536313374088806,0.701481431737991,-0.347644885758988,1.24189453754426,0.00106019821444288,1.05993457373101,0.84741136033963,0.000400498977392619,1.43160846657306e+36,44.4672477378285,0.228845380498965,1838521927.25254,3.33412514254127,3.29386169121463,-19.3329023161599,-8.23542561161998,22981255961.4996,64434101.7623085,24292525635.0989,1205.50134604892,34.1487841233898,1828.81243511742,73338534.5313346,1467047.00550566,142277632.364688,-26.1369203303079,5.32923299464112,0.838265154148443,30.4776527091586,0.890611983363655,20.9890875876261,0.30362280391967,2.63743127635051,2.29256203991741,0.0151293839834056,1.10041596106343e+40,48.561020858657,6.54714884773148,3163406741.57484,4.77241839791302,4.73374137122306,-19.1632351594974,1.59077101887462,33352995542.0789,16490343551.1806,49262461752.8882,10772831.8479838,253473.608032444,12772545.5441405,2652460413.7776,378646653.335792,3079936315.3935,-23.3110335163444,0.996461519795094,0.446930898159374,1.93639890306433,0.591093118935404,3.33760164199192,0.188871177667164,0.866553651254594,0.715744651477952,0.00191511026243258,3.85605420089814e+38,2.7578389219569,1.20321179598185,398082061.593961,0.537329799672391,0.515925321657305,0.0838035145263802,4.25583996008427,3137802115.5163,8936500812.26059,9676877084.80189,108195.405208882,3147.75610613363,163476.699957028,856439564.383102,33070986.7990569,1037777421.4328,1.41100687892117,0.754794397568189,0.927647630077874,27.8397723743563,0.647163750187239,16.4095914080899,0.113691428038063,0.710943051364901,0.729406028099827,0.0128137747435804,1.06171225820779e+40,1.33593419887163,5.11509167125066,926802752.728338,0.900963455699355,0.923954358351122,0.0858636421361432,5.57035667041033,7233937465.06303,7489408637.15769,15293059032.9873,10663430.9414289,250291.703142187,12607240.0317484,1722682314.86317,344108619.53123,1899881261.59602,1.41487993504238,54465,150.089842513388,2.25040870558463,48.3521748695577
96.7427181743399,0.128192517167745,0.300000001020338,0.535271828732256,31.5478359958251,2.36339230096808,1.62499999625755,1.64887991627547,0.0132153265077573,1.12130364282959e+35,41.8557363363134,0.461419997306138,24112091268.5451,90.0691478130257,92.3745384324799,-16.5733306332478,10.9018537292027,627622677171.087,545163346306.06,1172786023477.15,389530148.647206,374451563.020533,763981711.66774,66925436848.1407,64334774909.3362,131260211757.477,-18.490371085584,82.6125746248296,0.0564032903009732,0.397964402963214,0.588801937936559,15.092767560369,2.31899113044974,1.77217953087396,2.0305409179616,0.00635175767281062,9.34129402802374e+36,43.0212575747572,0.762314355217547,25915361243.5411,79.7944478389992,79.9582698771666,-16.6338280367959,6.06598916401769,561605971208.058,530296825646.264,1096157681063.12,14550465.7511723,29585406.5161266,93279213.7511675,18263955345.5161,29628224173.4193,59264354626.9291,-20.679917335387,71.5271352691189,-0.0225423535320057,0.3,0.000127180113550046,7.56950368614323,2.21853172552851,0.785713017162808,1.16621775640605,0.00240085237779474,3.17347317598668e+35,41.0324350731707,0.142988311017017,23277756030.2243,66.7741280294506,67.6565875867005,-16.7216860963788,0.332522653943829,468483549677.111,435873717092.688,912481292687.623,1927405.97414355,4826692.07908268,13242836.2777972,707566856.719812,2364067779.02884,12858340276.7015,-22.0465209540487,108.291457944627,0.184865566662194,0.69162241608712,0.951524686904846,30.1249092154804,2.41193355592522,2.6734148779261,2.78458166063268,0.0141474188341331,1.98564277627639e+39,45.8947212742113,4.38107812686044,30397865653.0512,103.678734233792,102.888075638499,-16.55520760232,9.21524048361297,722810359544.615,626122367969.047,1335808886854.79,234958723.35613,267798619.937705,442357131.421391,66737484513.1829,67758565835.9164,110011089802.072,-19.7775178707734,11.0854393557107,0.0789456438329789,0.0979644029632137,0.588674757823009,7.52326387422573,0.100459404921225,0.986466513711152,0.864323161555559,0.00395090529501587,9.02394671042508e+36,1.98882250158647,0.61932604420053,2637605213.31682,13.0203198095486,12.3016822904661,0.0878580595828851,5.73346651007386,93122421530.9476,94423108553.5765,183676388375.495,12623059.7770288,24758714.4370439,80036377.4733703,17556388488.7963,27264156394.3904,46406014350.2276,1.36660361866172,25.678883319797,0.128462276361221,0.293658013123906,0.362722748968288,15.0321416551115,0.0929424254754805,0.901235347052144,0.754040742671076,0.00779566116132253,1.97630148224837e+39,2.87346369945411,3.6187637716429,4482504409.51006,23.8842863947924,22.9298057613326,0.0786204344759298,3.14925131959528,161204388336.556,95825542322.7825,239651205791.677,220408257.604957,238213213.421578,349077917.670224,48473529167.6668,38130341662.4971,50746735175.1431,0.902399464613609,59715,150.088824240896,2.26159468307975,39.9287030986351
2.33617487421022,2.57752261668909,99.9993033411371,0.039917411625788,0.00316228355014299,1.00000100038742e-05,2.00278886131031,2.00000980552691,0.050118614323237,2.85357582711318e+38,35.1899984919773,0.430141871555097,3597241591.10316,2.33540355056627,2.33543017240181,-19.5366837228443,-3.24836717246641,2169541119.90669,0.453305056376848,2169541120.35999,5174567.04608611,0.0010729661284284,5174567.04715907,234424500.305412,0.0486088104108556,234424500.354021,-37.0952556393549,2.29297610990252,0.929969442009724,10.031978753285,0.0625421778698129,0.0179892557410596,0.00063741539061655,1.80406792706402,1.99198416397253,0.0268523071431529,2.14203063643107e+38,36.3616524056881,0.723216209684359,2381246507.6803,2.21595727729363,2.21489826230192,-19.5634326172871,1.00003493419785,3390400152.41426,5.54508290742524,3390401261.01589,1479265.1640729,0.00259941403321382,1479419.19520004,160958064.706008,0.266442137047097,160958555.697279,-40.1922753593196,2.04470334950723,0.0932623241968908,1.87475831968775,-0.409367482537867,0.0043158730141307,7.38041606685901e-05,0.829863903377271,1.07475810807132,0.00610997063735206,6.71251671699513e+35,34.3694976163622,0.141331518742876,1831599271.14896,2.00786974435855,2.00788291748645,-19.6309710068878,-6.31319808811726,2570252523.29124,0.0963490851350343,2570252694.09354,33912.2937975043,4.80636520532664e-06,33912.3497622406,5453097.8223724,0.000912412468565004,5453098.13278296,-41.8058264732563,2.61732374607931,1.99112093860787,49.2984393921603,0.825219511954053,0.0752264821615883,0.0043544430856982,2.62819568537595,2.70705794100969,0.0501187233627272,2.17481651440987e+40,39.2417901927259,4.440989099474,3124633724.99332,2.43829389792486,2.43652113196322,-19.4829776368362,6.3345688116677,5074127895.63268,732.910969217508,5106378955.12283,8894391.19853431,0.15826769744763,8894391.19863306,669959837.110152,26.9646001842877,669959837.663727,-38.7485915630805,0.248272760395281,0.836707117812833,8.15722043359721,0.47190966040768,0.0136733827269289,0.00056361122994796,0.974204023686749,0.917226055901213,0.0207423365058008,2.13531811971408e+38,1.99215478932594,0.581884690941484,549647236.531338,0.208087532935078,0.207015344815475,0.0675383896006032,7.31323302231511,820147629.123018,5.44873382229021,820148566.922348,1445352.87027539,0.0025946076680085,1445506.8454378,155504966.883636,0.265529724578532,155505457.564496,1.61355111393668,0.324347636176797,1.06115149659815,39.2664606388754,0.76267733408424,0.0572372264205287,0.00371702769508165,0.824127758311929,0.715073777037156,0.0232664162195743,2.15339620804556e+40,2.88013778703779,3.71777288978964,743387217.313019,0.222336620631225,0.221622869661299,0.080454980450984,5.33453387746985,1683727743.21842,727.365886310083,1715977694.10694,7415126.03446141,0.155668283414416,7414972.00343301,509001772.404143,26.6981580472406,509001281.966448,1.44368379623911,61115,150.086471728623,2.26429281309888,79.7634084156846
10.3538404198767,3.44243274910891,0.302175652468757,-0.353070730325654,0.00380259365064893,4.36460754464586e-05,2.03422373747324,2.00641213153961,0.0500165810754344,1.51155986052431e+44,40.4572190927135,0.978086994361773,1168052802.87562,5.84648835779169e-255,2.72665949037953e-238,-16.6968752501588,-16.6948382419904,3142487.91768837,617988.000080109,3760475.91776848,8150.64350977695,1488.6080512989,9639.25156107584,370003.585288447,67576.2981670282,437579.883455475,-17.2746464174684,0.00831735279248303,2.67908602166296,2.33136424520347,0.159409991736388,1.56885688479289,0.00774216179493424,1.62882113996338,1.95457825600465,0.00500705969757028,1.85890406839583e+44,39.3436590529571,0.822240598827892,11330524.5985715,0.00197009986254163,0.00197562689423052,-16.7536646540612,-16.721222302791,10699599.890424,119368221.36607,222499651.537971,95.5416722387933,278.695635194763,1304.92245082741,255000.433431513,2336547.09252057,4265568.21531879,-20.500041862234,0.00163650539932919,0.877124118768683,0.353179371338208,-0.35109299813235,0.100246956576772,2.86211275450067e-05,0.910470743636169,1.23816913281883,0.000224825579129241,1.68527014243312e+44,36.8482932074984,0.711032051234554,1977889.75397309,2.00972670907306e-15,5.56566179833059e-15,-16.8734174661339,-16.8524344043859,3005708.687533,450767.30725296,5742278.56127168,0.129743408221935,0.235941292591788,0.819233613248341,16481.6297267907,8506.71271418122,202722.507139451,-22.0071977046962,5.19508053179918,3.42111204151385,22.3968035623701,0.769130919929676,12.7753417350042,0.0837988607532203,2.67711676016372,2.74009015037682,0.0368170666220116,2.01221893515245e+44,40.4356607866189,1.08035199520732,819694113.213908,0.0131737299939814,0.013345021829568,-16.6275155064548,-16.5834980927148,75698096.4325858,1192924862.42749,1370742455.46851,4212.46981076493,264889.697068039,342759.026344129,2224189.26384643,64848226.6179357,67674152.6416637,-19.5090344225683,0.00668084739315383,1.80196190289428,1.97818487386526,0.510502989868738,1.46860992821612,0.00771354066738924,0.718350396327208,0.716409123185821,0.00478223411844104,1.73633925962712e+43,2.49536584545873,0.111208547593339,9352634.84459838,0.00197009986253962,0.00197562689422495,0.119752812072743,0.131212101594901,7693891.20289105,118917454.058817,216757372.976699,95.4119288305714,278.459693902171,1304.10321721416,238518.803704722,2328040.37980638,4062845.70817933,1.5071558424622,5.1867631790067,0.742026019850889,20.0654393171666,0.609720928193288,11.2064848502113,0.0760566989582861,1.04829562020034,0.785511894372162,0.0318100069244413,1.53314866756618e+43,1.0920017336618,0.258111396379432,808363588.615336,0.0112036301314397,0.0113693949353374,0.126149147606391,0.137724210076183,64998496.5421618,1073556641.06142,1148242803.93054,4116.92813852614,264611.001432844,341454.103893301,1969188.83041492,62511679.5254151,63408584.4263449,0.991007439665687,61573,150.083477528228,2.2660460011479,39.1409565014198
0.983729953509509,2.50717187692573,75.8349965788657,0.739359152652406,2.63298344509263,0.488194562381959,2.00000629753241,1.99952795552326,0.019488569825311,3.27536682173934e+44,44.2171095446054,1.99993105302786,1509576970.32437,0.983220102662826,0.983237779630083,-18.1736946073589,-17.9239163175379,6482445076.52103,27148643765.1637,33631088841.6847,15343700.273954,64175322.6444934,79519022.9184474,1787632215.26702,7476806255.08516,9264438470.35218,-12.6894091217168,0.435486425375226,1.06461747749421,7.46585761104257,0.304331358350071,9.06308634453249,0.631360709836453,1.46873197131298,2.30332194488891,0.00626305240930402,3.47149664548095e+44,45.5240955400958,1.02426762119599,422159792.730149,0.401543449161263,0.403693719809401,-18.1170432222461,-18.0219382260343,2795013450.74066,40298218255.3644,42978042774.5663,4043.62933548406,1630706.75096837,2307568.52985635,15835886.5376582,3019013811.37111,3120009558.15379,-16.6185270544262,0.0128323424526974,0.182198025728155,0.781224103241418,-0.256476225871476,2.88955609463818,0.548914819202707,0.856080927486076,1.12642687253843,0.000221924073601461,3.13432647498881e+44,44.7758131490078,0.533971485757398,9449087.07712258,0.0081880070058089,0.00835486485684889,-18.1806013501949,-18.1275712405621,57010943.234098,33177336753.2903,36221437409.2676,5.10916742053831,291.570729088589,309.902158863336,287541.771978291,96174130.5263269,209657770.664011,-17.9740525349209,0.884699789254752,2.05813994350667,50.7956591661332,0.828288868985208,26.895982639868,0.676734736091425,2.14139851242231,3.05603297473223,0.0335217146166416,3.6737359915634e+44,46.6352812741229,1.53226080646055,999368165.608818,0.849151820035419,0.850338509882436,-18.064641465085,-17.8711690876626,5844543393.94694,46126283648.3172,49129081249.4327,537146.549481597,68026755.1378427,68466229.55983,193309492.618854,7459165369.09939,7475761230.35714,-15.2469353510926,0.422654082922529,0.882419451766054,6.68463350780116,0.560807584221547,6.1735302498943,0.0824458906337456,0.612651043826905,1.17689507235048,0.00604112833570256,3.37170170492139e+43,0.748282391088047,0.490296135438591,412710705.653026,0.393355442155454,0.395338854952552,0.063558127948788,0.1056330145278,2738002507.50656,7120881502.07413,6756605365.2988,4038.52016806352,1630415.18023928,2307258.62769749,15548344.7656799,2922839680.84478,2910351787.48978,1.35552548049474,0.449213363879526,0.99352246601246,43.3298015550906,0.523957510635138,17.8328962953355,0.0453740262549724,0.672666541109327,0.752711029843321,0.0272586622073376,2.02239346082451e+43,1.1111857340271,0.507993185264558,577208372.878669,0.447608370874157,0.446644790073036,0.0524017571611033,0.150769138371665,3049529943.20628,5828065392.95278,6151038474.86631,533102.920146113,66396048.3868743,66158661.0299737,177473606.081196,4440151557.72829,4355751672.20335,1.37159170333352,72482,150.128732733192,2.26979848684563,32.6011777750613
24.1809301310874,2.75933974613412,0.300002133986817,-0.013956852849093,23.4129705763576,0.381719821895465,1.99958794204081,2.00274072136049,0.0501186115176756,1.05193174210342e+45,40.5359909111233,2.00000024071539,6816003266.07664,3.39690159995363e-19,2.29640969552354e-18,-17.2815215283133,-17.2686318119982,21764506.4360294,17326376829.0164,17348141335.4525,51456.5207041353,41319652.9137936,41371109.4344977,2331145.72124352,1871913039.88644,1874244185.60768,-19.2443651715404,0.0516014454725005,2.38442834830809,1.57513180861547,0.0208231936290875,1.89198569453058,0.0229771792813369,1.71904370307287,1.92874696671951,0.00831077895522731,1.02621723334329e+45,40.1646950827187,1.62881542224418,62639214.164186,0.00492111622386627,0.00498428461926876,-17.5973715431758,-17.5374500211814,28657736.8726964,1099062902.32747,1425567183.52432,444.770509362993,16697.631553149,109813.804772081,851142.046130252,33383290.4811097,56285877.3951782,-24.5144838950427,0.00430414740266511,0.783712330523747,0.475912044513183,-0.417197248123495,0.36286524273263,0.00094457760592472,0.982089578469761,1.22782540374814,0.000310954221220594,9.12580590646976e+44,40.1055144985227,1.44030878550417,4758980.58278282,9.34763756657114e-16,4.28398278090393e-15,-17.6897812794301,-17.6471532373012,7613047.26268541,44601673.1494617,225558963.995833,2.01336475886488,2.62241438381906,12.2110659253428,43329.0556150527,506145.64686445,3730599.37322487,-25.6567245908168,7.69648473945516,2.92239950480104,33.9689262792712,0.63547608399176,16.1524159716467,0.140318307403468,3.00758856110217,2.7302718132798,0.0439020665569027,1.16877716351091e+45,40.2634081473741,1.98002174638073,3267054026.16727,0.0587719287355005,0.0591678807546597,-17.4490523132205,-17.3514573345003,333085527.648512,6285696241.80062,6385367887.01543,53188.6988608595,5651585.16421144,5864626.33751363,17046464.8947546,514522493.623176,541709977.465072,-23.3186453267844,0.0472972980698354,1.60071601778434,1.09921976410229,0.438020441752582,1.52912045179795,0.0220326016754122,0.73695412460311,0.700921562971366,0.00799982473400672,1.13636642696313e+44,0.0591805841960351,0.188506636740009,57880233.5814032,0.00492111622386534,0.00498428461926447,0.0924097362542931,0.109703216119733,21044689.610011,1054461229.17801,1200008219.52849,442.757144604128,16695.0091387652,109801.593706155,807812.990515199,32877144.8342452,52555278.0219534,1.14224069577415,7.64488329398266,0.537971156492947,32.3937944706557,0.614652890362673,14.2604302771161,0.117341128122131,1.28854485802929,0.801524846560288,0.0355912876016754,1.42559930167621e+44,0.0987130646553567,0.351206324136551,3204414812.00309,0.0538508125116342,0.054183596135391,0.148319229955259,0.185992686681114,304427790.775816,5186633339.47315,4959800703.49111,52743.9283514965,5634887.53265829,5754812.53274155,16195322.8486243,481139203.142066,485424100.069894,1.19583856825833,73098,150.085721338953,2.28510936147679,50.2398844988545
403.218331826901,-1.98521997667541,0.302295715767117,-0.359442995518271,0.871520256893236,1.2060636097883e-05,1.97926311946408,2.00247598882358,0.025430688271556,1.01599669288935e+40,41.9656717496613,0.623214580711983,1567782768.80694,7.14757902406192,6.27764712866826,-20.0154530843241,-7.61442606764467,42192741405.8831,28.9307295698673,42192741434.8138,94241963.9001276,0.0689435324311336,94241963.9690711,8414227480.69158,6.15550165967212,8414227486.84708,-13.6842493136745,388.327762071515,-1.91626280064566,0.3,-0.358689616296218,3.3411413413625,0.00249695370173522,1.62927684940212,2.07278011255018,0.0151061227509536,2.41179126006127e+40,41.9814375991484,1.20145656590852,1761936727.347,8.06710156565555,7.08929484811394,-20.0723110131828,-7.40200153995482,55946183495.3268,216251002.702479,56678763865.583,8175885.79894172,29972.7324514187,9758049.68305178,1504428075.25118,5052554.3457757,1728324049.42285,-16.296411759824,353.998254619307,-1.97152543307528,0.3,-0.360274937001877,0.814622698258702,2.79000074627507e-05,0.867738320172595,1.02470437068558,0.00775299446534873,9.31027000090882e+35,40.4149566081572,0.198598004923381,1535779596.91789,6.96464498057436,6.11966055241827,-20.1391866910043,-11.2865654160872,40736983264.0626,852.593471658006,40737216050.8048,577676.308041376,0.181635726447893,700825.586402647,96533764.2668635,16.4156236829946,119714168.885774,-17.7110344986026,419.433812744517,-1.86653986276888,0.3,-0.356885545634937,16.9643197210984,0.04822506596403,2.43671058985819,2.92598282985057,0.0245024710564856,4.58115785841058e+41,45.272910330543,4.90483925294827,1875646282.10037,8.61265472803913,7.55951467795213,-20.01770368604,1.77951018328445,59987162669.5483,3891424677.10822,63745766063.375,51903234.7496632,1922898.63939162,54017247.4156401,7583986258.46043,513694523.651306,7869881441.42298,-15.3438120011956,34.3295074522081,0.055262632429615,0,0.00158532070565892,2.5265186431038,0.00246905369427247,0.76153852922953,1.0480757418646,0.00735312828560484,2.41169815736126e+40,1.56648099099127,1.00285856098514,226157130.429107,1.10245658508119,0.969634295695672,0.0668756778214785,3.88456387613237,15209200231.2642,216250150.109008,15941547814.7782,7598209.49090034,29972.5508156923,9057224.09664913,1407894310.98431,5052537.93015202,1608609880.53708,1.41462273877859,31.1060506730022,0.0497229378767807,0,0.00180407066128158,13.6231783797359,0.0457281122622948,0.807433740456066,0.853202717300396,0.00939634830553205,4.33997873240446e+41,3.29147273139461,3.70338268703975,113709554.753377,0.545553162383587,0.47021982983819,0.0546073271428469,9.18151172323927,4040979174.22145,3675173674.40574,7067002197.79194,43727348.9507215,1892925.9069402,44259197.7325883,6079558183.20925,508641969.305531,6141557392.00013,0.952599758628365,87115,150.119547073635,2.29190252314856,31.2908029923134
7.28040429364433,-0.160519617626409,0.300449507272056,0.652844509310176,0.272996958647352,0.0509687870719577,1.98132804083561,1.99186691384668,0.0500074787838845,1.00303324945224e+44,46.2415247546767,6.01901955445104,411322751.077355,5.16590301963373,3.88468173432556,-20.2589530403314,-18.242775359726,23752690382.3316,1996821784.20887,25749512166.5405,53365976.7740549,4621136.2800214,57987113.0540763,2423023014.34293,209817569.84069,2632840584.18362,-15.0950217419479,5.49973422161625,-0.199728378249932,0.334504738266255,0.548518285924703,0.143465392090489,0.0041234340492142,1.89378122951311,1.99636008521033,0.000869235676853441,6.13001829883137e+43,48.5352628758275,1.80389812929302,457950140.244959,3.87617150615857,3.25380638742257,-20.2814129568125,-18.1614329632623,14360010070.3133,123525977.765891,14426447185.5512,3630.96738102916,36.9576129657298,4059.94983903866,384922985.372779,1315100.2038012,423009352.585279,-18.6547485873675,3.72931311216362,-0.231251169315434,0.3,0.229373267243747,0.0171345779355455,0.000346792994067552,0.879815457641716,1.03690969660203,0.000220259282048593,4.11929874965129e+43,46.4603067742019,0.160458457961021,369618305.575388,3.26563103617519,2.89367647174923,-20.3331336921882,-18.4500228968056,8537053166.5833,11007757.9471634,8592126218.15381,31.2402535826557,0.167574442012946,34.5898934413671,15624453.0970476,80368.0522341841,17334870.1641651,-20.8737392951131,7.01471107463119,-0.106276330093641,0.524838581541733,0.869271943274681,0.312171319307992,0.0289470392336104,2.64612766069241,2.70694219375314,0.00281055648401585,7.27183337892057e+43,51.6215024552164,7.42826668918083,705218364.696567,5.17547242126061,4.01337598225793,-20.237592466072,-17.6369214237478,27140010217.1056,1053246459.11318,28570072802.3809,156173.721291391,1568.81579508972,172821.196565519,1166823152.0455,40950298.9326873,1224590554.68219,-16.9312827245984,1.77042110945263,0.0315227910655023,0.0345047382662552,0.319145018680955,0.126330814154943,0.00377664105514665,1.01396577187139,0.959450388608306,0.000648976394804847,2.01071954918007e+43,2.07495610162557,1.643439671332,88331834.6695716,0.610540469983383,0.360129915673344,0.0517207353757172,0.288589933543211,5822956903.73003,112518219.818727,5834320967.39734,3599.7271274465,36.7900385237168,4025.35994559729,369298532.275731,1234732.15156702,405674482.421114,2.2189907077456,1.51497685301494,0.0934520481562908,0.190333843275478,0.320753657349979,0.168705927217503,0.0248236051843962,0.752346431179301,0.71058210854281,0.00194132080716241,1.1418150800892e+43,3.0862395793889,5.62436855988781,247268224.451608,1.29930091510204,0.759569594835352,0.0438204907405364,0.524511539514553,12780000146.7923,929720481.347288,14143625616.8297,152542.753910361,1531.85818212399,168761.24672648,781900166.672719,39635198.7288861,801581202.096914,1.72346586276909,86751,150.083085665809,2.30300788832743,53.9051554275892
18.9316387331932,1.67126427778437,0.314322066739884,-0.493333207421863,0.300994802645096,2.53601115913481e-05,1.9998832853705,1.99987547679406,0.00121440555030569,8.15412990750288e+44,40.4035535650722,2.56667415343582,6212546940.22806,1.42478975494949e-62,6.1118297412739e-54,-18.0626163165163,-17.7033719179868,33122887.3113461,991750.365623474,34114637.6769695,78374.099112899,2346.59109884274,80720.6902117418,1398433656.4407,41870362.8835175,1440304019.32422,-12.6893853501448,20.7737933797593,2.07045366206194,0.400600106852975,-0.0647352850519102,0.928837104136144,0.00187438141455514,1.66851322361473,1.80368469227459,0.00266468713835122,7.94556221502895e+44,40.4852756564449,2.69917378653646,7096547719.79301,1.80978202833944e-06,3.97137996397038e-06,-18.0744725358787,-17.8440737999562,35408769.078064,67467658.6555634,111141154.175667,172.305490494132,159.587705042981,1480.87300478503,891809.263870039,1048006.37983162,4021700.80853542,-15.9110554690958,16.5850419386164,1.83709947945166,0.3,-0.263458891271946,0.0564358490808629,1.95831226467412e-05,0.908960795063613,1.06045534634939,0.000416522754072135,5.63953502241944e+44,40.2657220318581,2.13352122860892,6507272501.28849,7.60300621654694e-21,5.27050762534522e-19,-18.1665476560502,-18.0924614114818,32823928.4910471,815355.086787415,35762194.1277971,1.38745588861092,0.327834311459903,3.76277376564848,62842.194768056,9631.51692322802,540847.044784302,-17.6217742102699,24.6019993741338,2.3446357799158,0.489365297767991,0.0537985669975498,8.34150414072068,0.0385862694086625,2.69090586448428,2.74421918899717,0.011879345387845,1.01047726087468e+45,40.8553633797254,3.71552177642029,8082417608.99299,0.000953467861695895,0.00145555453328404,-17.9599795081212,-17.436987473042,40928455.7476567,2082924134.14553,2195588464.25601,4468.84822867515,132368.807826385,156426.771778257,3002018.65301669,87757827.2212105,88185474.3710554,-14.6041543589331,4.18875144114294,0.233354182610271,0.100600106852975,0.198723606220036,0.872401255055282,0.0018547982919084,0.759552428551121,0.743229345925195,0.00224816438427908,2.30602719260952e+44,0.21955362458683,0.565652557927543,589275218.504521,1.80978202833943e-06,3.97137996396985e-06,0.0920751201715042,0.248387611525612,2584840.58701683,66652303.5687759,75378960.0478697,170.918034605521,159.259870731521,1477.11023101938,828967.069101983,1038374.86290839,3480853.76375112,1.7107187411741,3.82820599437446,0.274182117853864,0.0887651909150161,0.11853385204946,7.41266703658454,0.0367118879941073,1.02239264086955,0.940534496722583,0.00921465824949379,2.15921039371784e+44,0.370087723280484,1.01634798988383,985869889.199982,0.000951658079667556,0.00145158315332007,0.114493027757575,0.40708632691419,5519686.66959273,2015456475.48997,2084447310.08035,4296.54273818101,132209.220121342,154945.898773472,2110209.38914665,86709820.8413789,84163773.56252,1.30690111016275,86583,150.081088254843,2.30401462720915,31.2650938661668
4.83664329171228,2.58663216578706,0.911602071833147,-0.273476842532953,1.53561805320516,0.333149711353299,2.01387031869878,1.96935619972483,0.0501024772835569,2.83971507562568e+45,40.0206856792392,2.41664334663331,2751001398.52585,0.000130177701380893,0.000213224672711897,-15.3885105786839,-15.3616512899549,10456217.2976494,18229138044.895,18239594262.1926,25700.0904729616,39577057.17329,39602757.263763,1164671.60684833,1793545233.65739,1794709905.26423,-12.9855798101852,0.101640348641093,0.468127234790243,1.08879191988179,-0.193707698920347,0.513203321372642,0.00539441164638053,1.80940709188011,1.99139455829124,0.00760842060602947,2.39036587494718e+45,39.1837547113491,2.08103715497343,61136282.8668208,0.0304464539873359,0.0305987833746701,-15.7867977412175,-15.1946546936176,88567066.3320223,297968227.134796,546474121.021319,1100.3760140198,11913.4609533864,30034.5061863485,685630.995103523,5376049.05061409,11809477.6250047,-16.0169934342873,0.0371525970418044,-1.43176728858073,0.360791907734036,-0.488219010523707,0.0251597000643192,0.000334980195566273,0.812870794600082,1.0530121366148,0.000424005735820445,2.29711356734242e+45,38.5217190945005,2.0198539870088,22068621.2139548,3.33023714163206e-08,1.03534182880507e-07,-16.1177956826196,-15.2866537176996,5442422.93135717,18094446.0366834,105117238.362268,2.03386988427176,1.32253804875525,9.06737875124143,80564.7960496029,162230.603012666,842390.522203689,-17.4994942249984,3.04213284971209,2.21617174891614,16.6125480742815,0.252298275814433,9.9783144532582,0.123837584089174,2.63954832034678,2.7103103151106,0.0364133877600803,2.56835506458581e+45,39.7403366334359,2.18033945441346,1257878433.19605,0.0696589831767779,0.0698171581040014,-15.0561323542248,-14.8977159396634,373577978.372195,6139834226.68345,6646106682.31108,73529.5067975018,4372295.01619942,4757328.02033714,14977007.7138018,701371275.322341,774194371.96352,-14.9377658952411,0.0644877515992891,1.89989452337097,0.728000012147757,0.29451131160336,0.488043621308323,0.00505943145081425,0.996536297280027,0.93838242167644,0.00718441487020903,9.32523076047547e+43,0.662035616848606,0.0611831679646318,39067661.6528659,0.0304464206849645,0.0305986798404872,0.330997941402103,0.0919990240819715,83124643.4006651,279873781.098113,441356882.659051,1098.34214413553,11912.1384153376,30025.4388075972,605066.19905392,5213818.44760142,10967087.102801,1.48250079071109,2.94049250107099,1.7480445141259,15.5237561543997,0.44600597473478,9.46511113188555,0.118443172442794,0.830141228466666,0.718915756819359,0.0288049671540508,1.77989189638632e+44,0.556581922086799,0.0993022994400259,1196742150.32923,0.039212529189442,0.0392183747293313,0.730665386992733,0.296938753954239,285010912.040173,5841865999.54865,6099632561.28976,72429.130783482,4360381.55524603,4727293.51415079,14291376.7186982,695995226.271727,762384894.338516,1.07922753904617,98300,150.105394574117,2.31282702157775,31.1661971865197
43.6435462458846,-2,1.04925563020989,-0.417156814048088,15.6326259489192,0.933714768540445,2.42561052849341,2.45751728993439,0.0215109171529295,4.1792991480937e+44,47.1122542785024,0.417797527472263,5291169404.87536,12.4160693599846,11.7861420875568,-18.5844144724616,-17.6687351136277,83119635092.4013,118177137797.666,201296772890.068,447506937.542801,662015760.954751,1109522698.49755,47235539549.4956,69877512582.6439,117113052132.139,-16.754039972869,36.3628867686075,-1.9148310522638,3.62524643510446,-0.333346559666045,8.03042151513238,0.851646999849725,1.77585479273393,1.97950286576453,0.0246168238671648,6.75073639301032e+43,44.8053812065277,0.618708389078872,8324256867.62846,17.197285342147,16.568253334473,-18.6748631853119,-15.6727133366275,115412357182.695,84358861168.1953,198043331502.623,71128421.5654129,70991461.8629099,181218043.99655,5818597108.93913,6692363265.04813,15783468271.2001,-20.4696659609703,29.9789625093726,-2,0.694662577486629,-0.5,2.8033685639746,0.783758954422366,0.799081490217935,1.00609776412866,0.0146895807606725,3.41443813946799e+42,42.505228088823,0.143013240237624,6073306715.25929,14.2626469713719,13.6287306786175,-18.7266700647858,-17.4827868811777,95215561823.683,69504791467.4939,179488610743.354,1680078.56324091,2987502.05341112,14345785.169529,177036689.318852,258372541.202925,1624511586.14089,-21.6450314519114,65.5521956615791,-1.56565637106902,19.068014248202,0.167074014526384,24.5843135650653,0.906093331388384,2.64406449968417,2.70174991587335,0.0425946350629238,3.1367824177162e+44,47.4636765994359,3.84294524660979,9102142202.37404,19.11849959772,18.3252590099563,-18.589532028246,-12.2641470603648,127933577424.734,100984383971.167,216243130333.918,253491692.702666,191878941.697637,402314562.100973,21616536933.4832,16671613553.099,34734346077.9341,-19.2001618720115,6.38392425923496,0.0851689477362003,2.93058385761783,0.166653440333955,5.22705295115778,0.0678880454273592,0.976773302515991,0.973405101635875,0.0099272431064923,6.40929257906352e+43,2.30015311770468,0.475695148841248,2250950152.36917,2.93463837077514,2.93952265585551,0.0518068794738298,1.81007354455023,20196795359.012,14854069700.7014,18554720759.2681,69448343.002172,68003959.8094988,166872258.827021,5641560419.62028,6433990723.84521,14158956685.0592,1.17536549094107,29.1893088929716,0.349174681194782,15.4427678130975,0.500420574192429,16.5538920499329,0.0544463315386586,0.868209706950247,0.722247050108817,0.017977811195759,2.46170877841517e+44,2.65829539290814,3.22423685753092,777885334.745588,1.92121425557296,1.75700567548333,0.0853311570659621,3.40856627626272,12521220242.0391,16625522802.9722,18199798831.2958,182363271.137253,120887479.834727,221096518.104422,15797939824.5441,9979250288.05083,18950877806.734,1.26950408895877,9766,189.173350197374,62.2304101894983,39.3639457902658
17.9905365821196,0.0334880790317989,1.12592075571658,0.839276631901301,4.99875030587669,1.08829718873181,1.9892917563939,2.00072360497834,0.00967459690113569,4.03374043893164e+40,47.1040219537266,0.217918441755437,8739973713.59657,17.6090327166185,17.5514400444843,-18.2397125892159,-7.30049626546991,123771796078.954,99344519841.1833,223116315920.137,284386894.932919,235608589.735663,519995484.668581,66742848251.0176,55295052731.1495,122037900982.167,-12.6897272286344,13.3107798120645,0.6141268669226,0.768752765460404,0.326728902450224,9.83312053946274,0.886199612498383,1.80762654607804,1.79693401624696,0.00484323865406545,5.88400181453166e+38,49.0776171975745,1.61317252011393,9663109266.0618,9.71266932141021,9.97429441334647,-18.3189804343163,-3.30391606606111,68465795120.9337,66685937597.3589,137003770415.169,1863348.21546893,1488866.94100517,6794039.73196741,2036411620.06198,2101796151.17461,5324819131.92627,-15.8660625526833,8.07381650686888,0.346250912939539,0.3,0.00164769242019795,3.7831363970602,0.811271549042546,0.88910216619908,1.19965195763521,0.00112374284203631,1.1006359136317e+36,47.5073746762055,0.180352469291922,8543350422.14871,7.67839069245607,7.87757563511895,-18.3899178749589,-10.1162819905553,54044730731.4642,57040550077.9561,111758917945.819,12895.5661837219,45935.0235623821,92186.1489127488,88585418.7598009,282903047.208649,1536170435.11556,-17.9118635770433,19.3328178668267,2.5006153399623,23.8823733294943,0.762273489777619,27.6767251887359,0.997321198246313,2.90849969437563,2.55376724904326,0.012398645051327,4.11723807375055e+41,51.2309526088922,7.68864391945199,13341231095.2491,12.8619112066215,13.3929964873573,-18.2350699215541,3.29270038630736,88128311142.3581,83895778726.85,164671775766.22,67238378.2783314,29271811.2172713,90514058.5171754,14235176161.6532,6980921088.58697,18908256241.5623,-14.2171142895066,5.23696330519562,0.267875953983061,0.468752765460404,0.325081210030026,6.04998414240254,0.0749280634558365,0.918524379878961,0.597282058611749,0.00371949581202914,5.87299545539534e+38,1.57024252136898,1.43282005082201,1119758843.91309,2.03427862895415,2.09671877822752,0.0709374406425383,6.81236592449415,14421064389.4695,9645387519.40279,25244852469.3502,1850452.64928521,1442931.91744278,6701853.58305466,1947826201.30218,1818893103.96596,3788648696.81071,2.04580102436001,6.02203805476219,1.8864884730397,23.1136205640339,0.435544587327395,17.8436046492732,0.11112158574793,1.10087314829759,0.756833232796299,0.0075554063972616,4.11135407193602e+41,2.15333541131772,6.07547139933806,3678121829.18732,3.14924188521126,3.41870207401083,0.0839105127622091,6.59661645236847,19662516021.4244,17209841129.4911,27668005351.0509,65375030.0628624,27782944.2762661,83720018.785208,12198764541.5912,4879124937.41236,13583437109.636,1.64894826317662,9246,189.171737651453,62.2379808581733,33.5257200154593
18.2692605077778,-0.0176505008512429,0.564733992082335,0.944609792439692,10.4032528169792,0.895444074705866,1.83877117532084,2.26434396832363,0.0139474986640779,2.35083247528764e+39,43.8721697695107,6.49841113228268,4232553685.47564,17.7947793035815,17.5106904649092,-18.7088174811563,-3.86825163369669,124095349986.376,79450149258.6355,203545499245.012,177690622.66083,336614366.778967,514304989.439796,28926521820.8168,54797955457.7737,83724477278.5905,-16.7640334309459,10.4638027744287,1.04316983699992,3.17124207270852,0.537863592596291,10.4082637769627,0.844855309280383,1.84914820017774,1.78960193723072,0.000225923927440731,2.08581829065204e+37,50.0327082501271,1.68707171681495,8769229266.0724,10.0149813934544,10.0102539397741,-18.7121119358914,0.222773231078392,74824080590.6454,72319433352.2155,149671615724.507,484.538204566371,528.474740742497,1299.10822863232,1994879740.6045,1644889460.30622,5472482199.13305,-21.1301289334745,8.20370005747854,0.136663246553126,0.33628134177169,-0.188632454157152,3.2410087392877,0.755219034302936,1.02634898916016,1.08572254013592,0.000102495043405472,1.13575688704134e+36,44.3092092374951,0.232924308380184,4525399897.72512,7.86266571988161,7.87702855617504,-18.7931425912203,-6.85012093032575,57622754570.5821,57856971852.9563,116095686942.361,35.2717236225776,18.0039672088564,133.468515646952,179080730.502132,166439470.279686,1527960934.56397,-22.5497105974971,16.0562678855169,1.83725772554619,42.9456932494506,0.970667128654457,27.7291468191492,0.900397618607182,3.10359087177265,2.63940662908371,0.00755454625391159,2.35448615327052e+40,53.1124327187299,6.43900468650876,10460997586.6439,14.9908378957328,15.1789723732697,-18.6556683121696,3.36469922908438,104569076912.871,82328029010.254,183676896396.253,2433934.46699894,3389065.43265396,8152292.63460237,5863444398.8983,5699793416.26846,8225689102.90461,-19.4822149768949,2.26010271695019,0.906506590446796,2.83496073093683,0.726496046753443,7.16725503767497,0.0896362749774469,0.822799211017578,0.703879397094801,0.000123428884035259,1.97224260194791e+37,5.72349901263197,1.45414740843477,4243829368.34728,2.15231567357284,2.13322538359909,0.0810306553289841,7.07289416140414,17201326020.0633,14462461499.2593,33575928782.1467,449.266480943793,510.47077353364,1165.63971298537,1815799010.10237,1478449990.02653,3944521264.56908,1.41958166402254,5.59246511108813,0.79408788854627,39.7744511767421,0.432803536058166,17.3208830421865,0.0555423093267983,1.25444267159491,0.849804691852987,0.00732862232647086,2.35240033497987e+40,3.07972446860289,4.75193296969381,1691768320.57154,4.97585650227834,5.16871843349561,0.0564436237217088,3.14192599800599,29744996322.2254,10008595658.0385,34005280671.7457,2433449.92879437,3388536.95791322,8150993.52637374,3868564658.2938,4054903955.96224,2753206903.77156,1.64791395657963,2803,189.209186094701,62.2642883964941,41.6586100463679
0.539577499214691,1.33555375470778,6.31693753628656,-0.213116842512017,1.11162288870886,0.037128801077308,1.99999999592283,1.99999998952939,0.0069184257980855,3.66854394029919e+41,44.7265607456168,2.54015929579737,503776864.41015,0.526649544866141,0.527528288306102,-17.4057306626073,-11.8874520541137,3448311006.55581,236084921.810922,3684395928.36673,8161879.24269571,558794.315625735,8720673.55832144,2678618804.01285,183388765.859298,2862007569.87215,-1.83787706640935,0.293753194026161,0.762685649449579,33.7388464138332,0.123392265851755,0.0811024204872915,0.0011309309494513,2.59547094183658,2.46022974886525,0.00486888850865204,1.06405381245502e+42,41.6646644126722,1.16195723569168,129821294.824228,0.208812085308679,0.208123886489561,-17.5201421017093,-10.274285913593,577747986.189068,383011.525790058,1111619624.67613,83205.4445623126,11.2080876461801,128795.174259791,29875393.691619,22884.5729384909,65843603.515803,-2.73620023973134,0.00646371478070333,-0.191381628774453,1.61649187915926,-0.386543358812243,0.00773876561728119,2.26805041361922e-05,1.47927165631229,1.52728580371462,0.000409356610830739,1.65919988987468e+39,36.1710870504232,0.192577805329748,2709133.474818,0.00513109020772516,0.0050697186707549,-24.3681153226697,-14.8479655284461,17121078.0347048,1231.70406644847,31927783.1546482,54.9543795959902,0.00322605666511078,288.472248715906,890549.078763305,38.010838736572,2208376.72217147,-3.6663132157606,169.685480130804,1.38511519015894,92.1869944417047,0.735500509285748,5.66867394536252,0.104276281442002,3.44454996961225,3.38606499784676,0.0243392805088649,2.17483800420285e+44,44.1846081096365,6.19252831904439,137983564719.664,151.362758232063,151.769150979866,-12.6723635989167,-5.10940968164503,449019792477.002,153617530.103886,693887587413.343,5117301.16300956,22112.5555007834,8513880.56543152,26843302103.0208,19705590.8804448,52798193686.4943,-2.06981160177654,0.287289479245458,0.954067278224032,32.1223545346739,0.509935624663998,0.0733636548700103,0.00110825044531511,1.11619928552429,0.932943945150631,0.0044595318978213,1.06239461256514e+42,5.49357736224897,0.969379430361932,127112161.34941,0.203680995100953,0.203054167818806,6.84797322096038,4.57367961485313,560626908.154363,381779.82172361,1079691841.52148,83150.4901827166,11.204861589515,128506.702011075,28984844.6128557,22846.5620997543,63635226.7936316,0.930112976029259,169.391726936778,0.622429540709366,58.4481480278715,0.612108243433993,5.58757152487523,0.103145350492551,0.849079027775669,0.925835248981515,0.0194703920002129,2.1641974660783e+44,2.5199436969643,5.03057108335271,137853743424.84,151.153946146754,151.561027093376,4.84777850279258,5.16487623194793,448442044490.813,153234518.578096,692775967788.667,5034095.71844725,22101.3474131372,8385085.39117173,26813426709.3292,19682706.3075063,52732350082.9785,0.666388637954808,10835,189.104234032495,62.2845839079817,0
4.76722750371156,0.1968634892819,0.300004300670906,0.999375957944079,19.8112933983643,0.214030762032813,1.91419626618271,1.87360689608002,0.0121708633679022,3.10949213943677e+44,50.6387834777932,0.100021783268879,1239447824.40989,4.44577502511535,4.50272441565281,-20.1061621904635,-19.5444900467579,31131264111.8489,39432852638.2671,70564116750.116,57232416.9573674,63573296.7418325,120805713.6992,10676987529.7022,11859909691.3943,22536897221.0965,-13.9504971996778,2.23989030110451,-0.0862018499326292,7.71439483735581,0.18200138093391,3.01634614937093,0.172498508996438,2.0018360098608,1.98869367105902,0.00132939676271068,3.84795516741854e+44,49.877129090235,0.317997386720825,1288490358.25995,1.99138331877369,1.98844520483307,-20.1091043626227,-19.809489849029,13378576054.7533,34646400216.247,46531551526.007,6207.42831223708,32086.7902286488,67351.6936624109,420394974.698688,1199268405.09792,1751316554.39418,-17.7167698720548,0.362171637837991,-1.43359372852839,0.743745624240339,-0.346505731238635,0.94382075568128,0.121210119711689,0.946830558755,1.02139231852578,0.000201626458721331,3.03021624878626e+44,48.3834741612334,0.107417149311537,107761030.308828,0.188207512187145,0.177228379349848,-20.1754446119911,-20.0516073222696,1299637029.19071,23804692198.8185,33855449056.9757,25.6983564529211,182.782488414049,346.992224422551,3328769.55315733,62712014.9478513,296890782.414521,-19.4522104423141,3.308394201689,0.857007233679715,47.1255873653943,0.806317912966623,20.0175596170994,0.223033132596175,2.72742162104738,2.92616432556956,0.00965201597822225,4.60533625092394e+44,51.0119498294205,7.02133941176455,2052414922.93382,2.91407695330196,2.88051523855744,-20.0604815965387,-19.6331923014208,20928488595.5075,45954465873.9319,61489418600.6141,1229576.18843745,3394173.95446911,7962296.90946351,1464284234.76139,3240485847.01664,4388948721.50737,-16.0015898682336,1.87771866326652,1.34739187859576,6.97064921311547,0.528507112172545,2.07252539368965,0.0512883892847489,1.0550054511058,0.967301352533241,0.00112777030398935,8.17738918632278e+43,1.49365492900154,0.210580237409289,1180729327.95112,1.80317580658654,1.81121682548322,0.0663402493683591,0.242117473240612,12078939025.5625,10841708017.4285,12676102469.0312,6181.72995578416,31904.0077402347,67004.7014379883,417066205.145531,1136556390.15007,1454425771.97966,1.73544057025931,1.06850390058449,0.943209083612344,39.4111925280385,0.624316532032713,17.0012134677285,0.0505346235997374,0.725585611186578,0.937470654510535,0.00832261921551158,7.57381083505404e+43,1.13482073918546,6.70334202504372,763924564.673873,0.922693634528268,0.892070033724368,0.0486227660839873,0.176297547608215,7549912540.75424,11308065657.6849,14957867074.6072,1223368.76012521,3362087.16424046,7894945.21580109,1043889260.0627,2041217441.91872,2637632167.11318,1.71518000382121,17029,189.106518829541,62.2306308220322,43.3272228049734
196.039467891305,1.44463289876664,0.555082085267,-0.497305756390622,30.1418646383876,1.1768355794967,2.03994592831572,1.97368584035156,0.0071230339790839,1.80252115759213e+38,44.4927355311251,4.49565222390867,63837070665.9697,3.28941980467949e-06,2.4438053383331e-05,-15.5042726402218,-0.481358933327961,484732809.213837,131281806960.888,131766539770.102,1275979.43201001,288598712.214229,289874691.646239,406730455.885205,91993556355.2689,92400286811.1541,-12.6907735851185,328.611570771257,1.66012803352092,0.475541530492821,-0.490366622623755,10.3594853005398,1.32170762817192,1.79965285392459,1.90909248131151,0.0039131157380759,1.64195767060531e+38,45.6579733810795,0.792187464099149,77200953092.3835,3.92889157367048e-13,1.67259599823061e-11,-15.7180879594356,-0.399907377032399,564411651.443817,160300265679.792,160860877783.689,15430.1227396629,5479254.9164394,5523549.17875457,15398988.0730545,5828644861.65502,5837121344.80593,-14.8080665340249,263.403500321781,1.54992318202714,0.432864133909066,-0.5,4.55246793591604,1.21429189685522,0.807935941475971,0.979078119079057,0.00264345639908096,6.14845974794417e+35,43.6298745386883,0.148587181347911,70790714034.4656,1.02708308955732e-18,2.62027594553404e-16,-15.8722120013514,-5.18017880988797,510685970.068909,138785048930.894,139324472416.869,862.938868559109,473454.434762908,530854.925298603,591123.40508314,274894243.23006,288172962.196842,-16.3813202406399,405.399324184695,1.68861619990377,0.525791752154906,-0.373113668428396,25.2365947114793,1.43534971629057,2.62440393876658,2.64969434405113,0.00621985478356911,1.66335091668476e+40,48.5236283882741,4.33854740467095,89551462720.0146,1.57079018426349e-07,1.15970992026257e-06,-15.5131603561624,5.34267495800885,629863459.411414,188575049292.791,189248236688.917,119229.986901557,28412413.7921155,28515619.0477408,55832871.5924321,15303841863.0693,15354299139.6984,-13.73278127194,65.2080704494756,0.110204851493779,0.0426773965837553,0.00963337737624503,5.80701736462374,0.107415731316698,0.99171691244862,0.930014362232457,0.00126965933899495,1.63580921085736e+38,2.02809884239116,0.643600282751237,6410239057.91794,3.92888130283958e-13,1.67256979547115e-11,0.154124041915811,4.78027143285558,53725681.3749085,21515216748.8982,21536405366.8193,14567.1838711038,5005800.48167649,4992694.25345596,14807864.6679713,5553750618.42496,5548948382.60909,1.57325370661503,76.7877534134381,0.0284881663828462,0.0502502216620844,0.117252954195359,14.8771094109396,0.113642088118653,0.824751084841989,0.74060186273962,0.00230673904549321,1.64693133997871e+40,2.86565500719463,3.5463599405718,12350509627.6311,1.57078625537192e-07,1.15969319430258e-06,0.204927603273154,5.74258233504125,65451807.9675964,28274783612.9992,28387358905.2289,103799.864161894,22933158.8756761,22992069.8689862,40433883.5193776,9475197001.41429,9517177794.89244,1.07528526208485,9026,214.850572615136,52.8660295029147,28.2604271957697
229.971094404955,-0.164637823749879,0.300000978454544,0.999998758162297,8.41769894210232,0.4532594512455,1.73919801557195,1.91813846847738,0.000190527102125272,1.52994914658644e+40,48.3352492111735,1.97448136981731,7545348835.06844,136.722512254183,83.8557764578631,-21.8915981647311,-7.92961130270026,1059681429057.42,317191916785.246,1376873345842.66,1050204867.26564,590378959.263727,1640583826.52937,5839894146250640,3282931488644200,9122825634894840,-15.3490753578976,136.585779634978,-0.17009592686584,0.3,0.697332547058585,14.8326873221855,0.323523833474406,1.56639929901491,1.7382570381565,0.00312235962698638,4.20995855204988e+37,51.0270720637842,1.86247556060553,6657246725.70362,90.9942920552739,65.3859690675056,-21.9483416378654,-2.1719602868971,702779248438.623,196363185781.871,902037811752.646,3102755.82665811,1567485.70216979,7369917.06936843,8716908861.19725,3404645155.18182,18982342122.0823,-18.3694970486137,102.139539548782,-0.187208119493628,0.3,0.54255280098865,6.33664029217696,0.180591187730547,0.790716759437735,1.17701877902788,0.000413510505820192,9.01873050687554e+35,49.5800856043957,0.203056614204525,5553700095.04909,67.999815626761,51.0746064117942,-22.0537827683573,-7.0153166391314,511964655231.544,100163168776.092,612857324820.309,4254.556876455,3371.56744572317,18847.1718928627,588952595.134097,493617005.652564,3869265513.67517,-20.7028710317446,179.546317585739,-0.158351538574046,0.30907793498268,0.888395918150218,30.6279369623189,0.418775456135228,2.7693356747645,2.41654592305939,0.0190954126278651,4.94161133774708e+39,53.1861913303276,7.69157095860889,7391986088.99176,114.679230792386,77.3405125709632,-21.8775836770741,2.07470624576764,887670681836.894,274908993105.216,1158290627517.04,475393408.707996,61325966.9345639,685538648.891312,77561458728.0799,16001135015.7804,83854604314.8277,-16.9313027869936,34.4462400861955,0.0171121926277877,0,0.154779746069935,8.49604703000852,0.14293264574386,0.775682539577171,0.561238259128612,0.00270884912116618,4.11977124698112e+37,1.44698645938854,1.65941894640101,1103546630.65453,22.9944764285129,14.3113626557113,0.10544113049195,4.84335635223429,190814593207.08,96200017005.7787,289180486932.337,3098501.26978165,1564114.13472407,7351069.89747557,8127956266.06316,2911028149.52926,15113076608.4072,2.33337398313089,42.9605379507611,0.0117443882917943,0.00907793498268034,0.191063371091634,15.7952496401334,0.0952516226608219,1.2029363757496,0.678288884902897,0.0159730530008787,4.89951175222658e+39,2.15911926654334,5.82909539800335,734739363.288139,23.6849387371124,11.9545435034576,0.0707579607913118,4.24666653266474,184891433398.27,78545807323.3457,256252815764.392,472290652.881338,59758481.2323941,678168731.821943,68844549866.8826,12596489860.5986,64872262192.7454,1.4381942616201,9980,214.863779383405,52.8803629241462,44.0928692302606
112.271981453324,-1.99875220577454,0.664282461952192,-0.20935439549238,0.92226436352564,0.0769267124309462,1.99189646446227,1.99413297226056,0.0501187047696741,1.93246073188404e+44,60.0450521985054,2.00069885707384,1386674966.30813,6.00179514813682,5.33552169740559,-20.1637590841369,-19.3971953005354,34986631205.0788,11859101277.8801,46845732482.9589,80974326.2663532,27618331.3341891,108592657.600542,3668390330.45201,1251196821.03064,4919587151.48265,-22.157206899035,7.0771847898621,-1.64887894094687,3.15146397503336,-0.169232407720919,1.54723492771019,0.0740776716501369,1.79625310946836,1.98646083039562,0.0242198378882548,2.76943494953832e+44,61.147347748131,0.724102110189905,1033708376.26812,2.82908508844857,2.65716071299732,-20.1771949977355,-19.7890456687177,17755697669.036,13672673773.5512,28798988971.2735,1312853.92829871,1343996.12793976,6248061.70882369,247196007.526431,223909135.966928,1304592804.24516,-26.0294656715794,0.0202235602121857,-1.99662066148098,0.619692617407716,-0.434771038817195,0.435673826427415,0.00420525701963134,0.816565382096781,1.08213981474633,0.00348619204798318,1.26581050267057e+44,59.1417278581659,0.147411033993878,748394.315582021,0.0020154750846743,0.00183322032598686,-20.2356663991568,-20.1152713869566,12437980.8244121,489831598.549718,17040949575.6633,103.919749906683,35809.5283703969,202373.880889853,39604.3460119522,8604793.96835114,62147896.6472424,-27.495210936423,88.3628330805436,-1.04037030967173,25.5038679555164,0.542898860478365,13.4892116510488,0.170045452400674,2.62413404793274,2.66101915248518,0.0501187233627272,3.96704138728231e+44,64.1139730891529,4.05058162707564,2291146509.20441,5.53659013668575,5.24184469749748,-20.0830168394699,-19.0498340676723,30283630858.1713,34793132856.1383,50138810689.6411,33740365.3201088,20239840.8793651,57963822.9358997,3365155663.76586,3154510546.84539,6238819907.99509,-24.2595814242718,7.05696122964991,0.347741720534117,2.53177135762565,0.265538631096276,1.11156110128278,0.0698724146305055,0.979687727371583,0.904321015649291,0.0207336458402716,1.50362444686775e+44,2.00561988996505,0.576691076196027,1032959981.95254,2.8270696133639,2.65532749267133,0.0584714014212189,0.326225718238891,17743259688.2116,13182842175.0015,11758039395.6102,1312750.0085488,1308186.59956936,6045687.82793384,247156403.180419,215304341.998577,1242444907.59792,1.46574526484351,81.2856482906815,0.608508631275133,22.352403980483,0.712131268199284,11.9419767233386,0.0959677807505374,0.827880938464375,0.674558322089555,0.0258988854744724,1.19760643774398e+44,2.96662534102191,3.32647951688573,1257438132.93628,2.70750504823718,2.58468398450016,0.0941781582656667,0.739211601045387,12527933189.1352,21120459082.5871,21339821718.3676,32427511.3918101,18895844.7514253,51715761.227076,3117959656.23943,2930601410.87846,4934227103.74993,1.76988424730762,113148,34.2935330843951,-5.23456825783281,52.2380543956057
262.882058428544,-1.99979384934549,1.06861061546953,0.0850103983823262,1.08447155615842,0.111178463363483,1.95656956871164,1.9943574988347,0.0501176389326769,3.32224094255506e+38,48.0665941474605,1.93083298672276,1973638713.98188,11.0775680755985,9.48132799118729,-19.9790401100603,-4.66045703489709,67131207644.9946,8382549110.58523,75513756755.5798,140409734.097771,19534051.5026588,159943785.60043,6361135542.84545,884972470.803284,7246108013.64873,-23.1256325268361,223.701835631866,-1.95222407214604,1.30304158438145,0.196785082181291,4.06216968298266,0.166180113438414,1.74610532603523,1.99459033608888,0.0355402008025469,2.19166066344331e+38,49.2146648953498,0.771622095877062,2403575567.84294,12.7175137997645,11.0078501306144,-20.0014705047828,-4.17380419185422,84322854607.1922,14446045330.0575,98654986720.4405,38261472.7759872,7593194.90498453,63623302.0406578,3464103562.29117,920745701.322853,6245187040.66082,-25.6986347366937,152.167326967677,-2,1.10462145902208,0.0684595528596198,1.16808689885495,0.0828696022559389,0.774961215728919,1.07866596627443,0.0116849059025832,7.03371358265054e+35,47.1906367012107,0.144649893956267,1985220406.9837,10.9574924115843,9.41149114750919,-20.0747008060865,-9.16266098102124,70362084424.9644,6451859975.05132,78982507446.1061,1372120.89655319,407518.576368679,3470641.72337608,113160626.972146,39244927.4427515,470227700.097215,-27.4312467343277,249.377956414611,-1.88621249262877,1.36934224693878,0.280359807064711,18.969233974771,0.28272175766296,2.58959115729525,2.71919093280808,0.0501187233627272,2.31721544798774e+40,52.1068558986057,4.40692159718778,2714343364.23547,14.7176535566797,12.7296071939246,-19.9229021684062,2.09016110877574,100679944023.478,28125093575.1247,127799372187.87,264108003.260571,41103546.5561047,288191140.31338,15687724842.091,3664448253.12172,17752690034.5915,-24.5177403801174,71.534508664189,0.0477759278539589,0.198420125359373,0.128325529321672,2.89408278412771,0.0833105111824747,0.971144110306312,0.915924369814443,0.0238552948999637,2.18462694986066e+38,2.02402819413904,0.626972201920794,418355160.859236,1.76002138818016,1.59635898310523,0.0732303013036812,4.98885678916702,13960770182.2278,7994185355.0062,19672479274.3344,36889351.879434,7185676.32861585,60152660.3172817,3350942935.31902,881500773.880102,5774959340.56361,1.73261199763396,25.6761207827445,0.0660115795172758,0.0663006625573279,0.0835747248834196,14.9070642917883,0.116541644224546,0.843485831260015,0.724600596719199,0.0145785225601804,2.2952988413533e+40,2.89219100325594,3.63529950131071,310767796.392535,2.00013975691523,1.72175706331019,0.0785683363766268,6.26396530062996,16357089416.2861,13679048245.0672,29144385467.4297,225846530.484583,33510351.6511202,224567838.272722,12223621279.7998,2743702551.79887,11507502993.9307,1.18089435657633,126454,34.3093903197024,-5.22194049858565,51.1374202983231
4.83237434230203,2.08075718034825,1.26416669440676,-0.228463429356379,6.81583548351456,0.19965739133712,1.99964042916017,1.99846188557637,0.0242805460240687,8.59735653575638e+42,45.4441832089036,5.79279571862406,5628154826.88822,0.434219341189164,0.492092567533522,-16.6802350180071,-15.0254077718796,2889997324.20845,2871200332.95379,5761197657.16223,6833634.426171,6767192.25183667,13600826.6780077,639030120.008529,632816947.340718,1271847067.34925,-12.6893865965262,4.7514006774279,2.31036282432612,1.10067578341667,-0.00953495537761692,5.16207596071309,0.000336428691733772,1.82876858959128,1.43855385817582,0.0274550480965065,3.11601067267667e+39,48.3244892481394,1.13550432174477,5266057365.25728,0.434156914844542,0.480934356902626,-16.7726378310999,-7.35782823106698,2858265597.01193,2851.1680299741,2935746545.49256,1735474.40998074,0.2536094654968,1911472.99237872,165070368.900853,21.836430177091,174059801.069536,-15.1616287923428,4.5488818787656,2.06011603041992,0.955505565508322,-0.0638270217959996,1.48512174975885,2.07348938117819e-05,1.01722494264861,0.606331320922538,0.0198899500163923,1.8278563419208e+36,45.9875038603835,0.198559062776257,5023419205.72759,0.31835886512382,0.351771656176249,-16.8394962727721,-11.8428184044319,2026825969.99885,0.0589055689801921,2033723452.4408,96198.065015614,9.38152451706751e-06,123810.715897936,7777335.63399833,0.000672468352525321,10038610.9194113,-16.813722462942,5.07544989185678,2.59175767783178,1.15691437846647,0.0288042151215947,21.5006466740819,0.0363272297225133,2.54974593068667,2.12795446285576,0.0410912805097515,2.60664337410043e+41,50.4246309333996,6.04825103227868,5602458015.46635,0.540604330724109,0.597145335469527,-16.6693922990065,0.827306346675482,3599571067.74429,421542295.210755,3888645081.23624,6982836.43521111,151225.692632653,7227522.34651968,485853250.871019,10882162.7641684,492598133.853111,-13.9375113560392,0.2025187986623,0.250246793906206,0.145170217908344,0.0542920664183826,3.67695421095425,0.00031569379792199,0.811543646942674,0.832222537253287,0.00756509808011425,3.11418281633475e+39,2.3369853877559,0.936945258968513,242638159.52969,0.115798049720722,0.129162700726378,0.0668584416722098,4.48499017336487,831439627.013079,2851.10912440512,902023093.051755,1639276.34496512,0.253600083972283,1787662.27648078,157293033.266854,21.8357577087385,164021190.150124,1.65209367059921,0.32404921442888,0.281394853505659,0.0562385950498041,0.0383391704992116,16.3385707133688,0.0359908010307795,0.720977341095388,0.689400604679933,0.013636232413245,2.57548326737367e+41,2.1001416852602,4.91274671053391,336400650.209065,0.106447415879567,0.116210978566901,0.103245532093318,8.18513457774246,741305470.732363,421539444.042725,952898535.743678,5247362.02523038,151225.439023187,5316049.35414096,320782881.970167,10882140.9277382,318538332.783575,1.2241174363036,21646,189.032160502803,62.2508181838641,29.8591458402309
1477.61750834997,-0.242173035978502,0.300000168201576,0.999999711012065,25.4712147999841,1.24385033105088,0.937500297412333,1.25000006368503,0.0338536631830279,2.67002487383263e+40,49.0987264797092,0.125242755336446,10540959756.6316,303.613401055852,122.999921635003,-20.2639045568978,-6.56496849925089,2381917610060.3,714034614254.137,3095952224314.44,80135028.4201027,81707378.1993431,161842406.619446,5374582849.65251,5480038907.05674,10854621756.7093,-18.0287502535035,1378.7295608545,-0.242229392169159,0.3,1,16.0788463750439,1.22468762550128,0.968712049163036,1.18325212024849,0.00526016999126979,1.14299934183007e+37,50.7603971513307,0.873976031997207,10174180118.0986,289.796270361414,118.599932370843,-20.2722891052421,1.80512395516282,2272359785163.61,685388394114.48,2960742457719.75,8794532.90614583,2788534.06906935,16744844.6024505,4058632398.78359,2544549793.49787,10641988186.7748,-19.6145401800114,1142.45476052657,-0.243436001767372,0.3,0.978215493872232,8.4944861656233,1.17403132997898,0.449426324418198,0.45761586106794,0.000529971662038555,4.03341572640863e+35,48.3497253740667,0.168605088980904,9305642606.57051,260.591310584399,108.548200224241,-20.315214979941,-1.59463797467204,2041254917308.18,618745308694.984,2661693303929.94,19169.0155452279,8283.51181999808,37171.7737857303,1581955147.50956,424876858.724554,3064979273.42999,-21.2062415685839,1554.94706425409,-0.238998847834885,0.3,1,29.752210721764,1.26656768913508,1.38029346729299,1.70192473833787,0.0280253746411795,2.5161218961429e+38,52.2023690552866,5.14441421575803,10917452649.7117,313.564278823615,127.318258189081,-20.2362155627967,5.45674881392068,2459177954123.59,740177948609.741,3198046483896.99,71686816.2538967,136298849.518419,257751618.811805,16789143563.6509,18779554733.8861,34466088629.1097,-18.7760401227079,236.274800327927,0.00120660959821289,0,0.0217845061277683,7.58436020942061,0.0506562955222984,0.519285724744838,0.725636259180545,0.00473019832923123,1.10266518456599e+37,2.410671777264,0.705370943016303,868537511.528132,29.2049597770151,10.0517321466016,0.0429258746989412,3.39976192983486,231104867855.422,66643085419.4965,299049153789.815,8775363.8906006,2780250.55724935,16707672.8286647,2476677251.27403,2119672934.77332,7577008913.34485,1.5917013885725,176.21750339959,0.00323054433427392,0,0,13.6733643467201,0.0418800636338033,0.411581418129949,0.518672618089381,0.0227652046499097,2.4018219619599e+38,1.44197190395581,4.27043818376082,743272531.613052,23.7680084622012,8.71832581823833,0.0360735424453509,3.65162485875786,186818168959.985,54789554495.2614,237304026177.235,62892283.3477509,133510315.44935,241006774.209355,12730511164.8673,16235004940.3882,23824100442.3348,0.838500057303563,9555,189.14804334866,62.2560780372435,38.3949482050792
328.206074064369,2.85590710365743,0.345508310947094,-0.49999807152469,10.9519735114465,1.0000392940875e-05,1.99997947647228,1.99978736906118,0.0472899412424957,2.25226446920515e+44,49.9999856731805,9.99998452728532,53733770990.4611,1.42785952360413e-242,3.28889989925332e-221,-19.7782994678087,-19.7702320199385,170367242.373428,1576065.87490082,171943308.248329,403223.031507383,3728.24281125357,406951.274318636,19359966.0631038,179004.294548979,19538970.3576528,-20.5737723744177,165.516329735997,2.83613419125492,0.482544425984411,-0.306853333657658,0.820996611058718,6.51113359025529e-05,1.65393088219987,1.75209002178744,0.0490858235189041,2.21373410958725e+44,50.4973809887432,1.87802579135372,50669785642.0109,1.52169286386211e-30,5.30068464594746e-29,-19.7509228415119,-19.7383130185161,168907302.176285,10068882.4667511,180968289.625702,111439.260101915,7370.79923662967,256496.997553903,5954437.49570147,372658.118085774,13772240.9986688,-22.7785433562727,116.312800192031,2.5687197271148,0.305321496030993,-0.5,0.0166049736690648,1.41079833151863e-05,0.851716512157185,1.11455572609611,0.037555925188051,2.06047418942869e+44,49.5475548366184,0.256862300463221,48219419366.3419,1.23134899846824e-69,1.48742208486067e-64,-19.8217994703104,-19.8108417243059,163531579.859872,2116676.06561401,169945073.042939,6299.82231176789,574.967617443496,21596.7231657919,313385.592759551,29204.3364210566,1131749.88111648,-24.5826257924405,267.406882710076,2.8559193274102,0.647979284008129,-0.117887288455654,18.1047509665092,0.000639335367449317,2.82627710684819,2.48853006638379,0.0501187233627272,2.38014384430718e+44,52.4742901502616,7.55936485165718,52860867818.0147,1.42899523232452e-11,5.53004632655506e-11,-19.6735794591462,-19.6595981988484,175046824.624757,96362501.6157579,264974845.546704,721411.862846051,139615.482983462,829888.350798183,38113971.7225915,7228059.90954869,42946396.7220797,-21.7848263075449,49.2035295439658,0.267414464140111,0.177222929953418,0.193146666342342,0.804391637389653,5.10033525873666e-05,0.802214370042688,0.637534295691332,0.0115298983308531,1.53259920158559e+43,0.949826152124729,1.6211634908905,2450366275.66898,1.52169286386211e-30,5.30068464594746e-29,0.0708766287985796,0.072528705789793,5375722.31641236,7952206.40113709,11023216.5827625,105139.437790147,6795.83161918617,234900.274388111,5641051.90294192,343453.781664718,12640491.1175523,1.80408243616775,101.890552974079,0.0197851361552868,0.165434858023718,0.188966045202005,17.2837543554505,0.000574224031546765,1.17234622464832,0.736440044596344,0.00103289984382309,1.66409734719934e+43,1.97690916151841,5.68133906030345,2191082176.0038,1.42899523232452e-11,5.53004632655506e-11,0.0773433823656191,0.0787148196676881,6139522.44847229,86293619.1490068,84006555.9210024,609972.602744136,132244.683746832,573391.35324428,32159534.2268901,6855401.79146292,29174155.7234109,0.993717048727856,15484,189.064586331183,62.2738256546791,46.5070232099519
12.0392251208286,1.09525242488181,0.337203206068385,-0.499995119003083,9.54915478268654,3.72841759694065e-05,1.99900484214214,2.0003966774427,0.0017625881034822,6.11598948343313e+44,39.6006823159102,0.53507330955688,6268817105.46856,1.18724026849158e-14,4.9959856288162e-12,-19.2027616171971,-19.0204199236746,36252042.9903297,3511175.97729492,39763218.9676247,85571.0958363471,8319.74104458528,93890.8368809324,481123330.59286,46777728.8805124,527901059.473372,-12.6893892105993,18.0239851527386,1.87771197423709,0.382659758204537,-0.0813794476823138,0.910390685928479,0.00248933823660822,1.84616444670449,1.9430121466509,0.002093962335345,5.50920702394004e+44,38.0384991903288,0.456506744857641,8330723823.75501,9.04102368592433e-05,0.000235995788894396,-19.2346195539131,-19.0960917068914,48369806.3834343,233591792.960062,455702235.457335,195.159395085736,148.601595132088,1293.91028528444,1533645.88957441,4331372.02264386,13435968.9431073,-15.7272055751957,11.0423599104739,1.20826808978952,0.3,-0.481759139026892,0.0960418185975016,2.33466633490486e-05,1.0307793362269,1.23622248235979,0.000266327959017736,4.67877024823913e+44,36.8518013079455,0.358987702114951,5661239147.16211,6.76278189834967e-21,1.83859979095971e-18,-19.336022038302,-19.230691642077,37063396.502766,2370445.89386231,47664044.9425504,1.02526166549943,0.712477018679111,4.6280138634408,133638.800490632,35538.7335053243,1059236.10779034,-17.5584371776417,22.8829819496083,2.21850540478873,0.490370992755834,0.13766787426726,13.5407524522776,0.0209624818730819,3.18701802916078,2.71281255988206,0.00659466314653535,6.62317597410196e+44,39.2812822686507,0.542133617519916,10328049412.2195,0.0345063806331145,0.0522537704158354,-19.143242367546,-18.9351456631906,226184443.816075,2345453272.03678,2561336352.0796,6642.03048101659,41811.835490398,96390.189118675,9931520.70962552,92579727.2813607,150701914.05165,-14.2341676731013,6.98162524226474,0.669443884447575,0.0826597582045371,0.400379691344578,0.814348867330978,0.00246599157325918,0.815385110477587,0.706789664291106,0.00182763437632727,8.30436775700916e+43,1.18669788238336,0.09751904274269,2669484676.5929,9.04102368592433e-05,0.000235995788894394,0.101402484388846,0.134599935185648,11306409.8806683,231221347.0662,408038190.514784,194.134133420237,147.889118113409,1289.282271421,1400007.08908378,4295833.28913853,12376732.8353169,1.83123160244594,4.85899679686968,0.340793430551635,0.107711234551297,0.219047321949573,12.6303617663492,0.0184731436364737,1.3408535824563,0.769800413231156,0.00450070081119035,1.11396895016192e+44,1.24278307832185,0.0856268726622758,1997325588.46451,0.0344159703962553,0.052017774626941,0.091377186367076,0.16094604370074,177814637.432641,2111861479.07672,2105634116.62226,6446.87108593085,41663.2338952659,95096.2788333905,8397874.82005111,88248355.2587168,137265945.108543,1.49303790209444,942,189.197549495719,62.2913394656315,33.265498290885
913.517918530696,-0.245279454565086,0.300029391626244,0.999671756025139,3.14054661442876,1.16013030675206,2.18066634691917,2.08966196434857,0.000101384620440523,8.78998375793893e+40,43.9576873779359,0.563882860539992,5924203104.15691,174.011832675752,69.1239678408004,-19.8682019348469,-7.35770140924309,1358964307406.99,400722202503.362,1759686509910.35,4929749833.4257,1192381999.40984,6122131832.83553,193779729268150000,46870423213603400,240650152481753000,-12.9550265239609,1106.63391446626,-0.248494360831957,0.3,1,3.72847078605059,1.20026636926975,2.41130103532707,2.2742529330032,0.00218953047370664,2.04282684640285e+39,45.05351205596,0.799486474200512,6382349061.92553,190.949138943929,74.420302002371,-19.8517558625065,-3.51981828093973,1494779901539.64,434902727610.809,1930559826024.39,14097354.6097084,3987330.59049511,22318795.878045,101929090109.261,26487618074.1062,124808354820.49,-16.6431340339545,1005.37371370088,-0.254955130122092,0.3,0.975944449326575,3.00772294511676,1.16062147353929,1.70938091867563,1.60943065730024,0.000200232121854723,1.16639744581403e+37,43.2151323614179,0.147843240220401,5871973478.2631,175.989614955717,68.4603931919462,-19.8842055197954,-10.2858255855074,1376321976679.75,398202708575.778,1771365807552.14,12969.6667430011,3285.9729120246,18823.8293052663,26132849220.4872,6765678320.36925,51856482892.9394,-18.5505479593144,1251.82695555127,-0.247554486925087,0.3,1,8.58854065381047,1.24216095009686,3.06399298637925,2.96645941864645,0.0253655258633694,9.11238977928977e+41,48.2218885651969,4.4123212881154,7129716723.78681,212.240454936557,83.1860050322374,-19.8178813674841,2.25344104914678,1663950853024.59,486843381985.064,2143282356382.32,2128241229.21539,564143309.601851,2569702666.38702,283648022377.593,59809429988.1098,337357634342.076,-14.8001107430064,101.260200765379,0.00646076929013509,0,0.0240555506734254,0.720747840933829,0.0396448957304612,0.701920116651437,0.664822275702966,0.00198929835185192,2.03116287194471e+39,1.83837969454207,0.651643233980111,510375583.662428,14.9595239882124,5.95990881042474,0.0324496572888258,6.76600730456767,118457924859.885,36700019035.0306,159194018472.253,14084384.9429654,3984044.61758309,22299972.0487398,75796240888.7735,19721939753.7369,72951871927.5505,1.90741392535986,145.193041085008,0.000939873906870586,0,0,4.86006986775988,0.0418945808271121,0.652691951052183,0.692206485643251,0.0231759953896628,9.09196151082574e+41,3.16837650923691,3.61283481391489,747367661.861284,21.2913159926276,8.76570302986644,0.0338744950224417,5.77325933008651,169170951484.95,51940654374.2552,212722530357.93,2114143874.60568,560155979.011356,2547383870.50897,181718932268.332,33321811914.0037,212549279521.587,1.8430232909481,12216,189.133914999581,62.2424344366106,38.8095713877795
453.212631541553,-0.287838717959149,0.300333049319025,0.999234809178593,19.324196286949,0.509734985874373,2.03294514123427,1.97244320785161,0.0480087491257436,1.10575193811242e+44,54.0462404884845,0.109318813513992,777283112.554494,28.787060137673,8.98701057796972,-19.6231486302346,-17.6233814669672,228310428917.194,57415591670.9144,285726020588.109,590201410.378435,125767992.012134,715969402.390569,27913088217.4877,5948093302.11531,33861181519.603,-22.3903901850207,420.271309393562,-0.298161065508336,0.3,1,0.965063295596214,0.258490704200826,1.1339925699878,1.84302824056756,0.00499628231575432,2.2811569110403e+37,50.326148314407,1.2729993412768,489495491.913449,19.1063165218296,5.6446454717173,-19.8741578342505,-1.34150031806116,140678454082.801,18313771296.5261,157021959674.55,995529.745653357,487518.792172276,2861937.19088608,528415452.188099,711101605.769933,1849893792.1191,-25.4722191878583,375.706953555967,-0.299523703638003,0.3,0.996453823260168,0.730341390294117,0.199336877618,0.56583113182365,1.05105212725046,0.000460019187688461,3.00462532767184e+35,45.2023456827077,0.169250601229733,410139090.191076,16.1749249011238,4.72130169728463,-19.9376680427908,-15.8833018615626,113437501044.55,12626655412.2337,127731419677.006,744.649730946634,589.564546343205,2657.19981771911,97278305.7045255,36532068.1249017,368776674.722554,-26.9065408570936,570.026970423574,-0.296093841432325,0.300065052671016,1,1.72624427445856,0.405631167769968,1.81738911883643,2.64619230022828,0.0283395279156137,1.5293683231511e+43,52.1246389984725,7.29396619992608,757787012.045146,29.1336047066646,8.74066828769652,-19.7797191081173,3.23164885427539,227267494501.304,38697659953.6694,268949771367.938,23397337.9171951,24929491.2457614,52246027.8670617,6876154013.49051,3026671121.40879,9126921033.72067,-24.2140394737015,44.5643558375954,0.0013626381296678,0,0.00354617673983149,0.234721905302097,0.0591538265828254,0.568161438164149,0.791976113317099,0.00453626312806586,2.25111065776358e+37,5.12380263169931,1.10374874004707,79356401.7223727,2.93139162070584,0.92334377443267,0.0635102085403752,14.5418015435014,27240953038.2508,5687115884.29242,29290539997.5446,994785.09592241,486929.227625932,2859279.99106836,431137146.483574,674569537.645031,1481117117.39655,1.43432166923532,149.755661030012,0.00206722407601101,6.50526710161969e-05,0,0.761180978862346,0.147140463569142,0.683396548848626,0.803164059660721,0.0233432455998594,1.52936604199419e+43,1.79849068406551,6.02096685864927,268291520.131697,10.0272881848349,3.09602281597922,0.0944387261332089,4.57314917233655,86589040418.5036,20383888657.1433,111927811693.388,22401808.1715417,24441972.4535891,49384090.6761756,6347738561.30241,2315569515.63885,7277027241.60157,1.25817971415674,16972,189.058317421305,62.2725587141236,48.833734697705
20.0703473515803,0.0713923944430773,0.419810391949323,0.463949193722761,7.04976134966663,0.945589709104808,2.00054355101095,1.99907723214402,0.0296825498854865,4.49444260821897e+39,40.7744948656084,0.351768937174638,5440409516.71117,19.5663596097497,19.6030713289925,-18.4928332408882,-4.42486325476177,129917799586.094,79815865754.5697,209733665340.664,307964813.929018,188438830.479598,496403644.408616,23557431066.5198,14414421903.0876,37971852969.6074,-12.6893859911902,27.3409256406841,-0.246398542574841,0.775668514131279,0.656860641541314,11.8121261214231,0.981771002943865,1.74601776390549,2.01483429764972,0.0400754776767622,2.75623175845049e+37,45.9648978247931,1.14823933291145,5513075043.03973,23.7713136496513,22.4392941141829,-18.4785641196078,0.723144267479988,158692562289.655,87336941089.8578,242728066477.723,96834853.1022817,111427222.6207,299842962.957665,7504971795.57054,7604908581.44993,20145117935.7407,-14.9206354714344,22.7968404709853,-0.3089904011757,0.447084914890876,0.286982730832891,4.57138290110985,0.929182979366342,1.01701330310522,1.25144033979243,0.0215203048554246,1.44278532289741e+36,43.9937199631725,0.182704570202279,5090133237.26101,19.9029170791601,19.5220760409465,-18.5256757699559,-2.09967451220725,134675950342.736,77171074523.1266,213328064125.995,8128683.88550836,8941696.92582717,88296993.1799025,490414344.55621,661506177.985934,6971777992.21372,-16.4949132042238,30.282006851022,-0.0741786524013457,0.988716514084939,0.962681693136957,28.5334601364699,1.03299275821927,3.03213918547745,2.73069698721683,0.0501187233627272,3.73621637488067e+38,48.5985689658339,6.13525153670607,6022555996.92868,26.2954508163402,24.6567410121159,-18.4339606738478,3.96906504433418,175433786584.005,97820875740.8902,272380760227.482,689722704.784671,324451584.345771,833724178.156675,38892524792.988,17527316020.5032,44892014594.3941,-13.7941359881081,4.54408516969881,0.0625918586008588,0.328583599240404,0.369877910708424,7.24074322031321,0.0525880235775239,0.729004460800271,0.76339395785729,0.0185551728213376,2.61195322616075e+37,1.97117786162059,0.965534762709173,422941805.778719,3.86839657049118,2.91721807323631,0.0471116503481674,2.82281877968723,24016611946.9193,10165866566.7311,29400002351.7283,88706169.2167734,102485525.694873,211545969.777763,7014557451.01433,6943402403.464,13173339943.527,1.57427773278948,2.94108121033792,0.172219890173495,0.21304799995366,0.305821051595643,16.7213340150468,0.0512217552754072,1.28612142157197,0.715862689567115,0.010043245685965,3.46059319903562e+38,2.63367114104078,4.98701220379462,509480953.888948,2.52413716668897,2.217446897933,0.0446034457600071,3.24592077685419,16741224294.3499,10483934651.0324,29652693749.7586,592887851.68239,213024361.72507,533881215.19901,31387552997.4175,9922407439.05326,24746896658.6534,1.12649948332625,20197,189.337089016745,62.2485152399926,29.1192619479314
410.877461284998,-0.225524869454815,0.300000015204246,0.999999988533458,13.9781411884556,0.723602727319266,1.92073356665445,1.97887605010348,0.000353875003130349,8.43755286455107e+35,62.1773398491871,2.41863382033341,4162436390.22787,110.056777151315,48.4934768373032,-20.6396173605416,3.24939583843163,860970161384.94,240645147200.151,1101615308585.09,1615512938.06012,536915166.664566,2152428104.72469,1317870400543650,437993772182258,1755864172725910,-30.5388164223814,228.699910440524,-0.244876886751761,0.330503206790764,0.925243943983721,13.5085842478526,0.651097679257667,1.206209725237,2.23804080144273,0.00428165873254868,7.46640099838642e+38,59.2718598384739,1.74536619458669,3839959085.59286,76.7909984464686,42.4375615285391,-20.6410194970835,-4.42941973527029,597251943568.455,193721409869.25,788165716455.613,2332764.80891304,3951698.3168876,11158486.748427,2331553302.31268,11752899438.9602,18747473612.6197,-33.0290163082626,141.642857648174,-0.258431941950107,0.312039958007933,0.643992016344934,5.38274286280791,0.577083919464978,0.616229454584707,1.09525534432521,0.000324594886171018,6.11199646509965e+35,58.3284710198426,0.279563301673047,3410041658.51936,57.6439813875818,36.2031887013382,-20.6968423123385,-8.49275289158237,447083125683.32,155661102480.21,602399052568.573,3536.94321416677,4733.21452484372,12682.9963879599,520601232.073945,437387255.587893,3461396090.31931,-34.5925675969597,298.34921957585,-0.224287809643124,0.350874134463357,1,29.3704143746837,0.701327550766319,1.94094989759323,3.01865987194554,0.0268043325533456,3.23615960095575e+40,60.546506206037,6.45899356236284,4193343184.16789,93.8915359466646,47.0350118338595,-20.591152134264,3.48571639663388,732230701814.254,224240053908.721,954237314676.038,55195602.3590195,267353619.879748,399422448.059316,20882172615.9721,32702577294.1063,48121187993.0921,-31.8481995430736,87.0570527923504,0.013555055198346,0.0184632487828308,0.281251927638787,8.12584138504471,0.0740137597926891,0.589980270652297,1.14278545711753,0.00395706384637766,7.46028900192132e+38,0.94338881863132,1.46580289291365,429917427.073492,19.1470170588868,6.23437282720084,0.05582281525502,4.06333315631208,150168817885.135,38060307389.0395,185766663887.04,2329227.86569887,3946965.10236276,11145803.752039,1810952070.23874,11315512183.3724,15286077522.3004,1.56355128869712,69.6493091353257,0.0205890771086367,0.0203709276725922,0.0747560560162786,15.8618301268311,0.0502298715086518,0.734740172356229,0.780619070502807,0.0225226738207969,3.16149559097188e+40,1.27464636756313,4.71362736777614,353384098.575038,17.100537500196,4.59745030532047,0.0498673628195263,7.91513613190416,134978758245.799,30518644039.4706,166071598220.425,52862837.5501064,263401921.56286,388263961.310889,18550619313.6594,20949677855.1461,29373714380.4724,1.18081676518892,1547,189.305768517986,62.2108848259866,64.8172781814964
35.7593596125371,-0.944929413141676,94.4706241007035,0.310519574703179,4.50704904315059,0.586826958759097,2.01356341035062,2.00690696081531,0.0501181082859943,1.01706517047648e+35,57.2628431628379,8.52868065155074,5806778111.39702,19.8221138399225,18.5675537393845,-19.1598222088538,5.17773763897836,131649864907.112,51224326224.4417,182874191131.554,323312219.722191,123555213.909221,446867433.631411,14647229447.9661,5597504385.00568,20244733832.9717,-27.8485342376472,58.406986083988,-1.41096725972623,6.24735811603,0.0975176604298538,8.49199030760805,0.71141523784437,1.98270768397424,2.26955302955302,0.0212613968646025,1.55895472851044e+36,60.4373259459134,1.16012442018975,6009926175.78855,20.722145791915,19.2323860592008,-19.1695783461935,2.63493852201962,140409793126.681,72131366399.0746,211380176808.759,37437363.3018831,19262400.3778979,124557425.968187,8077562783.72881,7269981156.225,17744139605.9357,-30.8808988507451,35.3747316453157,-1.89960137556517,2.28355773992804,-0.353269283222193,3.03541457191078,0.571380811884747,1.02890457854356,1.26837146012304,0.0017770177702964,2.33655021996298e+35,58.80612831604,0.172017952333315,5317768821.17298,18.6114223141208,17.250675727793,-19.2543405303366,-2.73770432609306,123976311585.74,49720339758.4559,176124676886.31,272157.120703021,635716.95828306,1301680.25069979,353377020.704383,456994345.956113,3218068153.87257,-32.4704893508023,80.5920816448697,-0.728584181624342,40.526657031616,0.82961933387302,23.7533565648721,0.892728773345114,2.70789556982952,3.00748747260284,0.0501187233627272,2.2641469841886e+38,63.6901426751912,5.59403517575706,7087709503.45099,24.8247214241466,23.27044429404,-19.1100842078266,4.58128483429863,173888376129.931,122479862670.29,296660493206.882,360819496.329447,155381591.078637,470287875.937161,24930287542.5021,13439847629.769,33378723820.3045,-29.3762576462602,23.0322544386723,0.488634115838944,3.96380037610195,0.450786943652047,5.45657573569728,0.140034425959623,0.953803105430683,1.00118156942998,0.0194843790943061,1.32529970651414e+36,1.63119762987337,0.988106467856432,692157354.615568,2.11072347779421,1.98171033140789,0.0847621841431092,5.37264284811268,16433481540.9403,22411026640.6187,35255499922.4493,37165206.1811801,18626683.4196149,123255745.717488,7724185763.02442,6812986810.26888,14526071452.0631,1.58959050005715,22.1850955608816,0.682383078101886,34.279298915586,0.732101673443166,15.2613662572641,0.181313535500744,0.72518788585528,0.737934443049822,0.0288573264981247,2.24855743690349e+38,3.2528167292778,4.43391075556731,1077783327.66244,4.10257563223159,4.03805823483917,0.0594941383669081,1.94634631227901,33478583003.2501,50348496271.2156,85280316398.1231,323382133.027564,136119190.700739,345730449.968974,16852724758.7733,6169866473.54401,15634584214.3688,1.50464120448488,11269,189.265427095898,62.1993781148801,61.8512599246968
13.6919821201582,-0.321576853424456,4.5064027897848,0.991964272481756,1.12309256191977,1.00043793064144e-05,1.98910726365732,1.99708577581286,0.0501163138930505,3.03945160573782e+43,49.50449793749,9.99534443475982,2463864504.67455,10.8384751176328,10.1399306162077,-20.3636036468027,-17.5404964719012,65676693457.8523,202369.715278626,65676895827.5675,150825587.817795,475.161934059476,150826062.979729,6833197000.46182,21527.3492351393,6833218527.81105,-23.204297357289,12.0771281662759,0.152356019173186,12.9826414240128,0.283505070051993,4.87043720821597,0.000209900859328505,1.27874371107802,1.81210761052363,0.0373102908171909,1.51470557981658e+43,44.1483438592501,1.50231446891475,3529314322.88475,11.4925015840051,11.2253782295453,-20.3940876325245,-16.1907358490155,75828096093.0666,133691177.901226,77643265172.2771,4739694.28629018,30618.020743689,5084970.95299435,564452029.880197,3871968.93598719,679687125.310243,-26.1357700153602,9.2701571093936,-0.354998809015486,2.29662757841051,-0.24785313198063,1.3170015835357,1.74180301851727e-05,0.765834758106128,0.944202662911901,0.00907016738883044,5.98189960769559e+40,43.1316075321246,0.19156125324681,2694046885.96451,9.01094146741751,9.02273263981441,-20.4359964815954,-17.6342468596479,61620493988.4645,1314556.72465546,62615122392.6316,522941.806274071,440.612562106134,631567.861427214,101911991.20901,82782.3841965844,110564205.103431,-27.6456565178384,15.4581863947943,0.638884964139767,65.5740206519935,0.805631357622836,22.0336803631709,0.0325471555066396,1.8753836893851,2.61296336729126,0.0501187233627272,5.29430883089177e+43,48.3618141351342,6.59194203799444,4544148139.16225,12.4669876226491,11.9649745442049,-20.3520405723697,-10.075528583291,83268301857.6636,3653526389.39905,85366026804.2317,53911543.2323345,426541.938347511,54770942.1756566,3663871658.97694,55111890.8853004,4146804104.48874,-24.8404333989836,2.80697105688228,0.507354828188672,10.6860138456023,0.531358202032623,3.55343562468027,0.000192482829143332,0.512908952971896,0.867904947611731,0.0282401234283605,1.50872368020888e+43,1.01673632712551,1.31075321566794,835267436.920249,2.48156011658761,2.20264558973086,0.0419088490709285,1.44351101063231,14207602104.6021,132376621.176571,15028142779.6455,4216752.48001611,30177.4081815829,4453403.09156714,462540038.671188,3789186.5517906,569122920.206812,1.5098865024782,3.3810582285184,0.486528944966581,52.5913792279806,0.522126287570844,17.1632431549549,0.0323372546473111,0.59663997830708,0.80085575676763,0.0128084325455363,3.77960325107519e+43,4.21347027588409,5.08962756907969,1014833816.2775,0.974486038644015,0.739596314659661,0.0420470601547756,6.11520726572451,7440205764.59699,3519835211.49783,7722761631.95456,49171848.9460443,395923.917603822,49685971.2226622,3099419629.09674,51239921.9493133,3467116979.1785,1.29533661637656,16900,189.082660314825,62.2524803877119,51.6981602772992
13.7245419613543,1.09734940541613,99.9980581782988,0.761362105900731,0.745425996661788,0.225954769802223,2.00688594779296,2.00234916872674,0.0501187233627272,5.32250870179648e+38,43.6783818927616,7.87680695903292,9787022893.46083,13.72373663133,13.7238005670689,-19.9609524016463,-4.00796404254547,74641681308.2364,25375860377.2211,100017541685.457,180028566.866963,60451083.139266,240479650.006229,8155854322.59932,2738622188.1749,10894476510.7742,-12.1894050126759,15.4451322017112,0.767149181824767,11.4385821406278,0.18977850952749,3.96401410062469,0.246368276409649,1.83982479072719,1.97593691526422,0.0396022279127594,1.14981341152411e+38,43.5585613508858,1.27642871275583,8954743824.22904,14.1811313917711,14.1888266557491,-20.0552462916465,-1.96903655247021,90335890962.3867,29372804205.775,118461645470.578,82652627.8647947,13132810.1326009,171725932.064164,6174116740.02628,1479296728.87169,11790862768.5661,-15.0355987127566,12.9947998699212,0.0376590359123877,0.762672299426799,-0.308676971131252,1.18420315982313,0.00711748113298055,1.04360764012604,1.22313107947121,0.0185248734449055,2.13256677361222e+36,40.3281918281688,0.203048897544362,8232225633.4393,11.2010049251718,11.3829480601799,-20.1189436617879,-8.87476603707443,73482168104.4025,677566387.019937,75367228294.9446,5638789.8037002,231017.028445981,26971716.454075,326952982.846599,15412543.4433598,1866309141.53281,-16.4051399222076,22.1007398070786,1.11119697213912,61.3621370191214,0.775751757411243,21.1303188774636,0.356528482501762,3.16369558670105,2.79483714006589,0.0501187233627272,6.18208072976014e+40,47.8933743380525,5.52733170565169,9819375518.25557,21.3263838831835,21.0574974771837,-19.9495269836668,1.9028124375882,140962262776.378,47651724222.2137,183971535221.261,306787578.291493,126389117.793513,343714755.632195,20723611248.5019,7799675413.7732,23707335355.793,-13.9722592611761,2.45033233179,0.729490145912379,10.675909841201,0.498455480658743,2.77981094080156,0.239250795276669,0.796217150601146,0.752805835793005,0.0210773544678539,1.12848774378799e+38,3.23036952271694,1.07337981521146,722518190.789734,2.98012646659934,2.80587859556922,0.063697370141405,6.90572948460422,16853722857.9842,28695237818.7551,43094417175.6338,77013838.0610945,12901793.1041549,144754215.610089,5847163757.17969,1463884185.42833,9924553627.03328,1.36954120945108,6.65560760536732,0.344047790314349,49.9235548784936,0.585973247883753,17.1663047768389,0.110160206092112,1.32387079597387,0.818900224801672,0.0105164954499678,6.17058259564489e+40,4.33481298716674,4.25090299289586,864631694.026535,7.14525249141241,6.8686708214346,0.105719307979719,3.87184899005841,50626371813.9913,18278920016.4386,65509889750.6831,224134950.426698,113256307.660912,171988823.568031,14549494508.4756,6320378684.90151,11916472587.2269,1.06333945158048,4119,214.949462941075,52.8454227064745,29.2296048535163
49.7698857880588,0.236472287584185,0.300130340304255,0.125580142222938,1.51018521975599,0.369177468697828,2.02862661204053,1.99380429436203,0.0326285107459183,3.78707652758855e+43,42.0705760417328,0.414755026215432,17234611893.1479,38.66673238212,41.8225246311351,-20.8532237068574,-15.9250187142865,243694039617.775,109151357090.942,352845396708.717,622901835.066774,253967737.11414,876869572.180914,43346136484.6849,17672961574.2358,61019098058.9208,-19.6212558918941,25.4791103565883,0.728325341997169,6.42298406389296,0.163053988589976,6.5076683903207,0.00184314162590575,1.36713148347807,1.84075516628343,0.0426412530871036,4.22149061760806e+38,40.01514264033,1.83385515101531,19024623639.2881,25.0484655129737,25.0647621602887,-20.9904485848678,-2.42466423179935,164475801358.938,540931729.352208,168082937295.774,35949224.7252105,597173.276198194,69425251.8446727,2155801867.59522,36799608.6509483,3967216502.72332,-24.9135371183235,22.5466699759356,0.207370625478563,0.985896647024965,-0.332499434372358,1.46657815589215,2.69826369554198e-05,0.799663849262901,1.29345105825403,0.0234695450957135,6.46342694336891e+35,34.3972518798303,0.187568481754622,17787579327.4394,22.0850779925113,22.1131774674857,-21.1405607801463,-17.7269219810679,144388998503.796,60897524.3723874,145409609682.985,3728710.07186301,3584.70271370492,4770594.12305679,258323844.795589,257936.792583708,339228058.343141,-25.9960119903426,37.4633129464087,1.18809207849796,54.5626065083871,0.731002517319355,24.7793370685395,0.262168061802842,2.11554558075197,2.60714627035468,0.0501187233627272,2.39786134617187e+44,42.1106551117276,8.41378583138634,20399519767.7336,34.9502867448632,36.0798181203963,-20.8386052655172,7.72360319111554,218709562135.27,71364962155.3374,298453931869.643,322214837.295213,57576355.0822262,398501748.360959,22005636005.4721,2898899284.88633,23730595012.571,-21.7285290504085,2.93244038065269,0.520954716518606,5.437087416868,0.495553422962334,5.04109023442855,0.00181615898895033,0.567467634215174,0.5473041080294,0.0191717079913901,4.21502719066469e+38,5.61789076049974,1.64628666926069,1237044311.84861,2.96338752046246,2.95158469280295,0.150112195278531,15.3022577492685,20086802855.1422,480034204.979821,22673327612.7893,32220514.6533475,593588.573484489,64654657.721616,1897478022.79963,36541671.8583646,3627988444.38018,1.08247487201911,11.9842025898203,0.459766736500794,48.1396224444941,0.567948528729379,18.2716686782188,0.260324920176937,0.748414097273891,0.766391104071243,0.00747747027562362,2.39785712468125e+44,2.09551247139754,6.57993068037102,1374896128.4455,9.90182123188945,11.0150559601077,0.151843319350558,10.1482674229149,54233760776.3317,70824030425.9852,130370994573.869,286265612.570003,56979181.806028,329076496.516287,19849834137.8769,2862099676.23538,19763378509.8477,3.18500806791508,5357,214.896496723333,52.8708816957982,52.9458506812857
29.8153823489792,2.01711146663535,0.302135055896448,0.985748178544302,12.6078652543618,2.59505704510421,1.99776839824834,1.99857364145986,0.0479526595287942,3.67359896561355e+44,39.3202202102292,1.46803959792272,35999525344.7093,26.0997349684176,26.103763526295,-13.9280449654807,-9.04071081513506,173829141118.64,186066998739.242,359896139857.882,408918820.595572,438680289.503629,847599110.099201,19362099000.6047,20771289476.5088,40133388477.1135,-12.689509888224,31.3987351981382,1.76742985604442,3.42406311604904,0.396883594846516,15.938195609742,2.65322362674007,1.86242375360624,2.0784643543189,0.0494187995461745,4.44990474294972e+40,41.5874332388949,1.33499137415913,41063252230.3025,27.9024250265662,27.957407566967,-13.8664216526843,-1.0716745306865,185724195709.852,193362886113.464,380988815120.604,223898814.643056,401333133.467463,738279715.519666,11668183236.2492,19628826383.3865,38024900403.1824,-15.2939254106081,28.5162535650448,1.09436143410611,0.627798454343865,-0.344079963644872,8.51640194803667,2.56886024903052,0.963019181040948,1.22999918673566,0.0388540272249125,3.59632475022827e+38,39.5769809024511,0.170752096287117,37338015539.1015,24.6961374236778,24.772795274737,-13.9916617033374,-8.18676024299588,164456039871.429,173825797508.068,340939061565.804,9285309.14210837,27956986.5290237,145987692.171714,450810375.476527,1401821814.11711,6890699403.76963,-16.9439318468776,35.215876957459,2.39298433010673,34.6379227575463,0.973699492484416,30.6343678578051,2.73296176765353,2.63566912480022,2.99766872859282,0.0501187233627272,1.14280232921649e+44,45.1681835827978,5.9093865893378,44416600164.5448,32.9265983343078,32.9330306615155,-13.7391701214089,2.77773168756924,219252229734.468,216007649926.206,431957006472.546,752005270.815791,915703828.34391,1414436749.55331,37088678885.7519,48167612140.3853,72276954610.8855,-14.2367770117289,2.88248163309342,0.673068421938312,2.79626466170518,0.740963558491388,7.4217936617053,0.0843633777095456,0.899404572565288,0.848465167583244,0.010564772321262,4.41394149544744e+40,2.01045233644379,1.16423927787201,3725236691.20097,3.20628760288838,3.18461229223002,0.125240050653122,7.11508571230938,21268155838.4237,19537088605.3964,40049753554.8001,214613505.500948,373376146.938439,592292023.347952,11217372860.7726,18227004569.2694,31134200999.4128,1.65000643626951,3.8171417593208,0.625554474062314,31.2138596414973,0.5768158976379,14.6961722480632,0.0797381409134612,0.773245371193983,0.919204374273914,0.000699923816552713,1.1423573387422e+44,3.58075034390286,4.57439521517867,3353347934.24235,5.02417330774162,4.97562309454852,0.127251531275341,3.84940621825574,33528034024.6162,22644763812.742,50968191351.9427,528106456.172736,514370694.876447,676157034.033643,25420495649.5027,28538785756.9988,34252054207.7031,1.05714839887921,6944,214.896711505705,52.8497991007546,28.9287475746023
630.152923562628,-1.99998599905738,17.8323846587339,-0.499459804132028,25.0628283729549,3.70683753269286,2.11105223538145,2.08482547907047,0.0501187114516708,1.73099557542115e+35,29.7007854741757,0.208915398533759,185423584892.466,335.318680310308,324.535357750476,-13.7046309286933,14.1937659244828,2235220979945.68,1708784431702.73,3944005411648.41,6988846086.59397,5026665413.38424,12015511499.9782,316616552049.179,227723640179.092,544340192228.271,-13.9990335045519,441.678461441691,-1.20106069057322,32.9992468180366,0.32650251157273,20.3897501243042,3.71238586105648,1.94284506361806,2.31116213617826,0.0472135447512413,5.48691641798585e+36,34.8436948199684,0.896060720581229,187590260595.965,325.296110025024,317.092212631082,-13.7457671613178,12.6431602201103,2166124128902.65,1744907769695.55,3929732212726.61,3108492548.13853,4519038987.49087,8767014151.68605,161025094096.224,251452095140.559,510558641527.976,-16.0923319422286,362.077357998124,-1.67544743550363,9.38771384261912,-0.257947945991805,11.4717957499014,3.64302315250308,1.04535989940591,1.56427282213139,0.0318966486263701,3.97029127556929e+35,31.0673876207539,0.154368205007162,173297343747.664,303.857972267631,298.013464132773,-13.8466302013797,8.5352806365682,2024702316562.67,1616775831405.29,3664282046658.14,113129218.606998,805322636.296942,3921657501.23372,7094074754.79492,44300576840.7153,223437243185.918,-18.0516805842305,542.158205324003,-0.604957583666668,88.807163280007,0.829417732188271,31.6227766016838,3.77371698032879,2.99912889369233,3.03846331061428,0.0501187233627272,1.23327138033974e+39,39.486386091505,4.56999869407728,204662531053.175,344.578133041908,335.92911463092,-13.6053157362359,19.0573665154605,2300842420176.59,1902048921707.99,4185037221060.19,10442508524.1869,8007323408.73228,14451356961.3898,516768330545.667,440033431266.557,703574322214.403,-14.9805598069641,79.6011034435666,0.474386744930412,23.6115329754175,0.584450457564535,8.91795437440278,0.0693627085533923,0.897485164212149,0.74688931404687,0.0153168961248711,5.08988729042892e+36,3.77630719921454,0.741692515574066,14292916848.3004,21.4381377573933,19.0787484983086,0.100863040061896,4.10787958354213,141421812339.973,128131938290.259,265450166068.464,2995363329.53154,3713716351.19393,4845356650.45233,153931019341.429,207151518299.844,287121398342.058,1.95934864200181,100.479743882312,0.596103106906548,55.8079164619704,0.502915220615541,11.2330264773796,0.0613311192723156,1.05628383007427,0.727301174436013,0.00290517861148596,1.22778446392176e+39,4.64269127153655,3.67393797349605,17072270457.2102,19.2820230168834,18.8369019998377,0.140451425081936,6.41420629535014,134718291273.946,157141152012.441,255305008333.58,7334015976.04836,3488284421.24141,5684342809.70372,355743236449.443,188581336125.998,193015680686.427,1.11177213526454,3514,214.876292906244,52.8523537198611,31.2401012238313
10.7318359214261,-0.160554325465982,18.637344343193,-0.109095495321394,4.3985242916064,1.33827038939187,2.02772747899583,2.42630192996971,0.000206953327234198,1.66143968904837e+45,41.1983919640852,2.18568823341856,6707500058.32963,10.2672238418794,10.1828994970596,-17.6589343802752,-16.0335780761157,75690461138.8249,152100263068.232,227790724207.057,193015048.234651,819615235.941971,1012630284.17662,830584074703074,3526975583426000,4357559658129070,-13.4998259694967,8.17036574255048,0.473103676355005,12.7690194348254,0.0859452354999037,10.2251089771534,1.2459341857568,1.78107802036015,1.94783306423781,0.000678349730732695,2.05115302128254e+45,41.1302245488169,3.17469025899049,6085362099.93782,7.79062620542197,7.76227201612069,-17.6685575641188,-16.3129439067599,56058864449.827,143444110646.652,196194769570.593,3279.60739369478,17614.7236533762,25015.3866415315,1031768182.96917,3907952810.23091,5990436714.736,-17.0005932235732,4.99280221366777,-0.407816769905328,2.09565235676958,-0.383285919819367,4.11009671785719,1.16251777556532,0.837358275072266,1.14878811476611,0.000164173583082554,1.4489043442314e+45,40.441956536959,2.04436211216951,3896725342.44224,4.8738756126392,4.87478865648713,-17.7600907344504,-17.1434942908245,32874587050.5798,116095078359.808,159760032489.196,111.829848419979,410.957168486221,707.413625009733,57585134.0633003,459428504.773588,1376189472.3075,-19.0667717774657,11.0262368838765,1.36941372808642,54.9649274327522,0.709713168681843,25.5756335252405,1.33827038939187,2.62148298968305,2.63281145000966,0.00676470535038496,2.58391259014174e+45,41.9961238853214,4.24840541699065,7927935296.17692,10.3171721689898,10.2151584284958,-17.5645116654277,-15.5467740806955,76565115363.3198,162150647890.763,230705609100.542,2616517.25142995,7405620.47469013,16729451.7141826,4184880998.0574,10504150036.3708,12759456137.7587,-15.1611654111796,3.17756352888271,0.880920446260332,10.6733670780558,0.469231155319271,6.11501225929622,0.0834164101914776,0.943719745287889,0.799044949471698,0.00051417614765014,6.02248677051134e+44,0.688268011857915,1.13032814682099,2188636757.49558,2.91675059278277,2.88748335963356,0.091533170331612,0.830550384064598,23184277399.2471,27349032286.8447,36434737081.3962,3167.7775452748,17203.76648489,24307.9730165218,974183048.905874,3448524305.45733,4614247242.4285,2.06617855389246,2.85587114132604,0.896310051731418,42.1959079979267,0.623767933181939,15.3505245480871,0.0923362036350703,0.840404969322897,0.684978385771852,0.00608635561965227,5.32759568859202e+44,0.865899336504498,1.07371515800016,1842573196.2391,2.52654596356779,2.45288641237514,0.104045898691098,0.766169826064434,20506250913.4929,18706537244.1111,34510839529.9491,2613237.64403626,7388005.75103676,16704436.3275411,3153112815.08822,6596197226.13987,6769019423.02265,1.83942781239362,6171,214.916374444695,52.8913253914987,39.5918950155774
2.39827342407501,2.0002727273753,0.30171830011827,0.44982384213124,0.00933321767365109,0.000474358041404919,1.36975924438598,1.88326973092813,0.000896490272942191,7.91074332670899e+45,27.6020299497464,8.20582073877621,1420470327.22307,0.284608494394939,0.300363331037111,-17.800377581156,-8.40441327256933,628116801.85508,24364923.1506348,652481725.005714,123580.212235128,40555.7170371018,164135.92927223,5650079307.80634,1854204758.99979,7504284066.80613,-19.5735778571584,1.84630979716189,2.03302450765025,0.309438451324763,0.442485539840262,0.0597754872527707,0.00121461032285287,1.77174630738651,2.03223174578165,0.00305022119188948,7.12401642048014e+44,24.7415713942171,4.0015659553795,1327716956.99742,0.368772408627467,0.385333190183684,-17.8148930027344,-8.75313494991923,907643230.164862,6598373.98705673,924443681.066993,6450.06761383474,40.9826259840912,7320.86873484574,22057827.9013139,188876.415926626,24139640.0662311,-24.1640880649108,1.64062098822539,1.59872846497058,0.3,0.40339949530438,0.00942862109140986,0.000130751322273881,0.823747929967006,1.11754314126003,0.000438346239332216,5.43617934626622e+43,21.7326519543292,1.04802263061977,1151643048.88943,0.281985144159659,0.297281215872037,-17.8666005547126,-11.4772665879776,669303122.691974,543935.657952271,675214864.612899,37.7452771603191,0.282896000220443,40.2608587142037,1097123.3861425,8777.07579294274,1342029.00213881,-25.4654857075103,2.47578161131409,2.28259273983426,0.526622105913398,0.482941450030224,0.318629613735039,0.00824019554730063,2.56862016194092,2.70292758929024,0.0118309997207839,6.50891056707494e+45,27.6538480094315,8.4780690037565,1472163157.98285,0.457552363999729,0.47234052038042,-17.7348695253983,-6.93404058602016,1885503872.19562,94509129.0281445,2156938646.71678,370992.088614764,3411.33194555402,385122.927959178,147624600.325961,3448604.54922995,153733251.726142,-21.9997428117625,0.205688808936505,0.434296042679677,0.00943845132476262,0.0390860445358818,0.0503468661613609,0.00108385900057899,0.947998377419503,0.914688604521613,0.00261187495255726,6.58039848585352e+44,3.00891943988797,2.95354332475974,176073908.107988,0.0867872644678078,0.0880519743116475,0.0517075519781258,2.72413163805836,238340107.472887,6054438.32910446,249228816.454094,6412.32233667442,40.6997299838708,7280.60787613153,20960704.5151714,180099.340133683,22797611.0640923,1.30139764259951,0.6294718141522,0.249568232184011,0.217183654588636,0.0404559101899625,0.258854126482269,0.00702558522444776,0.796873854554409,0.670695843508589,0.00878077852889442,5.79650892502693e+45,2.91227661521443,4.476503048377,144446200.985429,0.0887799553722621,0.0870073301967364,0.080023477336109,1.81909436389906,977860642.030759,87910755.0410878,1232494965.64979,364542.02100093,3370.34931956993,377802.059224332,125566772.424647,3259728.13330333,129593611.65991,2.16434525314833,11723,214.890535330704,52.8929768778752,50.9654345942312
29.2138147406113,0.137166480209145,0.300016690621198,0.548983442768385,1.72243739489257,0.508349989480583,1.97565063702397,1.99678044035806,0.0501120549472675,3.54279803663446e+41,74.0957413952854,0.131461622678669,7294590948.40199,27.2390607107841,27.9203891565145,-19.9411008929972,-11.3918377377655,173811356241.832,76941439451.1706,250752795693.003,384248134.92745,180505347.109995,564753482.037445,17409952716.5951,8178542125.8348,25588494842.43,-23.2586881524172,25.8934834936158,0.108855250136021,0.392724067595463,0.363578882174919,9.3275184908067,0.435599082886937,1.56539268133805,1.77413615645315,0.0486835639896697,4.39870532435623e+37,74.0791730353272,1.60917897518531,8099120685.98272,24.3238043008965,24.5565880619566,-20.0031204107897,-2.21089289384517,161025664545.023,61698649253.6281,219603303056.516,69522637.2400521,40908273.1991523,228149733.172428,3705629156.08499,2100905010.68412,12032976557.1942,-25.9759085600095,16.6015735896521,0.0160494926804424,0.3,-0.0905699519812272,1.88725697749651,0.166977118547149,0.899350331491164,1.09199564161848,0.0365006707684737,2.53080968308065e+36,72.6781703491563,0.200712808009832,7454789711.79927,16.2862444604223,16.2925968287346,-20.1409597313647,-4.88601770054495,107622397855.369,19498383802.8341,131453140877.006,5503654.77291371,2561016.94796762,38136173.0640045,284930307.763345,140943694.191513,1847085636.0816,-28.4925682040647,30.1737692280286,0.208011957003436,1.67879994672464,0.876474426418289,29.0346054189846,0.517522425481428,2.54116990222111,2.53374906745559,0.0501187233627272,6.53532811354709e+38,76.0343663210464,7.92333254464521,8641550077.53293,28.7416255186141,29.2423614951567,-19.9392200869567,1.14643104833258,190687121046.327,80321855864.2065,271143888373.132,615396279.111807,205848469.589307,671746884.281169,29446337834.0993,10268809197.9505,33059432483.1365,-24.6427737315637,9.29190990396373,0.0928057574555789,0.092724067595463,0.454148834156147,7.44026151331018,0.268621964339788,0.666042349846886,0.682140514834677,0.012182893221196,4.14562435604817e+37,1.40100268617086,1.40846616717548,644330974.183458,8.03755984047414,8.26399123322202,0.13783932057499,2.67512480669978,53403266689.6539,42200265450.794,88150162179.51,64018982.4671384,38347256.2511846,190013560.108424,3420698848.32164,1959961316.49261,10185890921.1126,2.51665964405522,4.28028573441284,0.0991567068674144,1.28607587912918,0.51289554424337,19.7070869281779,0.0819233425944915,0.975777220883065,0.759612911002439,0.00143515937305755,6.09545758111147e+38,1.95519328571926,6.31415356945989,542429391.550205,4.41782121771762,4.6857734332001,0.0639003238330496,3.35732394217774,29661456501.304,18623206610.5784,51540585316.6155,545873641.871755,164940196.390155,443597151.10874,25740708678.0143,8167904187.26639,21026455925.9422,1.3331348284458,3723,214.860838500406,52.7847751067615,79.7228018574905
4.56170439112928,0.22339134559989,0.30054039288293,0.13792648952785,24.8373634770565,0.236573679140344,1.9946343191209,1.97014778434666,0.0501011561085057,4.85649861855371e+38,49.0357417557987,3.11294596790576,1502933188.66746,3.65544914780632,3.92972639671994,-18.4358998601065,-4.85566590324229,24268336738.7837,6097660154.99083,30365996893.7745,56596513.7794298,13268839.8805682,69865353.659998,2564897230.18775,601330512.867094,3166227743.05484,-25.4973875553259,2.98945432665586,0.399279593955797,4.78837724995589,0.20316840988143,9.70578096156948,0.210590311964817,1.24935679076669,1.77638726493991,0.0282835464006864,6.11849185228621e+37,45.191018789902,0.966271117721508,1539920258.22479,2.72762481169548,2.73136269149115,-18.5896150111183,-1.53649339069545,18806665410.0077,5658288405.97785,25775538390.4984,1246029.62238958,124327.094992585,3181204.56677689,137935564.234766,89754087.2887829,513372844.617331,-30.7288177360269,2.34547723494334,-0.0381380856362064,0.563703102114731,-0.276495158101913,2.29412815649861,0.00021414995929102,0.734966273104259,1.2038020049885,0.0011525997463488,2.79241226329413e+35,39.8385759710553,0.153294593964278,1354541982.15514,2.23718051372247,2.26322072241466,-18.6616349031723,-9.85624805532644,14840304881.115,22569560.8833576,14958886293.9463,8210.45517261304,784.796609033417,23113.1108048029,22373018.1472693,1396339.03779905,66988181.3464576,-32.1225451056788,4.24540014969005,1.01306266903393,59.7912126921532,0.803333967420898,27.9150260069361,0.268053289217772,2.00025400710872,2.54576525632079,0.0501187233627272,6.43006082233076e+40,46.9223772236647,6.69676514847778,1801247717.13819,3.95146944666915,3.95872046101827,-18.4274770179675,4.39296219547753,26257754287.5468,7828187553.41567,32560947179.3966,14990564.6979552,6371197.01254664,26716156.2746031,1207374293.98613,582487471.824694,1663850506.71699,-28.4143880926449,0.643977091712519,0.437417679592003,4.22467414784116,0.479663567983342,7.41165280507088,0.210376162005526,0.514390517662427,0.572585259951407,0.0271309466543376,6.09056772965327e+37,5.35244281884675,0.81297652375723,185378276.069647,0.490444297973016,0.468141969076491,0.0720198920539481,8.31975466463099,3966360528.89263,5635718845.09449,10816652096.5521,1237819.16721697,123542.298383551,3158091.45597209,115562546.087497,88357748.2509839,446384663.270874,1.39372736965183,1.25594582303419,0.61378307507813,55.0028354421973,0.600165557539468,18.2092450453667,0.0574629772529552,0.750897216342039,0.769377991380878,0.0218351769620408,6.42394233047847e+40,1.7313584337627,5.73049403075627,261327458.913405,1.22384463497366,1.22735776952712,0.162137993150818,5.92945558617298,7451088877.53912,2169899147.43782,6785408788.8982,13744535.0755656,6246869.91755406,23534951.7078262,1069438729.75136,492733384.535911,1150477662.09966,2.31442964338201,39590,53.1328468636368,-27.8018639848232,66.1367336963467
25.9422219679297,-1.22449999569559,1.38925936628668,0.410752760908494,11.7057788359077,0.114493173103798,1.94796850029979,1.99192529585309,0.000100001755243922,2.58260118129308e+38,46.8000950413972,0.346839625784584,1216826307.89687,6.34667164743381,5.59164532975163,-19.9363590723143,-4.35208336901599,48920105394.9323,8472065545.35542,57392170940.2877,99741388.6445605,19609629.906075,119351018.550636,4091180965504820,804345575117508,4895526540622320,-27.2060818069246,16.1320183429366,-1.25125204546617,1.45355538701838,0.308350742220184,5.3904244376632,0.00960192026933096,1.70244413457049,1.98789335423481,0.000140451197631469,2.31273458908234e+38,47.9794657619114,0.761406186093067,1231076079.51149,4.72028724386914,4.31352567303296,-19.9383558548887,-4.61874500090324,35449490318.3275,500252378.545445,35957762283.2265,43.684998828158,0.381673887689651,48.3127208156564,529665436.806743,4466800.96845389,617434319.924746,-29.7266759850919,12.1771378727217,-1.50929932303039,0.460946265680725,-0.5,1.19161978641783,0.000877771275771012,0.741853673672214,1.03840093551343,1e-04,6.53209254052975e+35,46.1128997732723,0.142843588014409,1068525755.74841,4.42360915994396,4.06099750718977,-19.9748589076941,-9.29912053285745,32189031620.3382,1361.65278142464,32580964106.6956,1.61251155879132,1.35505446818709e-05,2.53549894393098,25796652.6790369,36.8996825807493,35925348.3838846,-31.6103549157995,23.2555141002263,-1.11374861692446,1.98156161505832,0.601222113256789,17.3244046299309,0.0554219330173059,2.54518655293733,2.72433102291669,0.000270856446751779,2.04222058095334e+40,50.8555542883506,4.3987139696229,1324632302.41835,5.16557913324544,4.69105175295498,-19.8935235618792,1.82971126439354,38576931429.514,3315738827.21565,40777488972.3696,357.666612386942,12.2170092877212,371.521355881315,2037246603.65113,173370073.807219,2158644141.26326,-28.7790877548445,3.95488047021486,0.258047277564219,0.992609121337656,0.808350742220184,4.19880465124538,0.00872414899355994,0.960590460898274,0.949492418721379,4.0451197631469e-05,2.30620249654181e+38,1.86656598863906,0.618562598078658,162550323.763081,0.296678083925179,0.252528165843186,0.0365030528054078,4.68037553195421,3260458697.98922,500251016.892664,3376798176.53091,42.0724872693667,0.381660337144969,45.7772218717254,503868784.127706,4466764.06877131,581508971.540861,1.88367893070754,7.1234957572897,0.137503428541708,0.528006228039939,0.292871371036605,11.9339801922677,0.045820012747975,0.842742418366843,0.736437668681878,0.00013040524912031,2.01909323506252e+40,2.8760885264392,3.63730778352983,93556222.9068625,0.445291889376299,0.377526079922027,0.0448322930094385,6.44845626529678,3127441111.18653,2815486448.6702,4819726689.14306,313.981613558784,11.8353354000315,323.208635065659,1507581166.84439,168903272.838765,1541209821.33852,0.94758823024744,47215,53.1139368849843,-27.8061957265115,59.9407185879176
10.5465013269829,0.141715903138642,0.3000006027458,0.130841365302383,18.5399046457167,0.00116248329887945,1.92307702214899,1.99826649022993,0.05011849156935,1.37081736283108e+40,47.3425921140658,5.2789954103567,3007557490.50649,9.56158539597474,9.97191196028562,-20.1166303029408,-8.89286999433878,63542335983.5904,203183521.899352,63745519505.4897,120101035.607971,478629.646547469,120579665.254518,5440975827.77105,21683512.7535449,5462659340.5246,-25.7891117822753,10.2099490862454,-0.00805097725634287,0.650949931778292,0.347960769903632,4.5080913545394,0.000823517360742036,1.74460159757084,2.15073500469424,0.0475442643033964,2.61907990289136e+39,46.1837883435131,0.90819725644363,2984872768.86278,9.49116872943629,9.30041382598877,-20.1313383518723,-6.48369531122014,61978248900.5232,111181123.158544,62518273318.0606,29231755.1110355,34848.8380436774,31696505.025172,2315461168.44076,2270204.6649108,2366001524.59978,-29.5481212989353,7.74590011013948,-0.230071110840114,0.312062213276085,-0.350215761620295,0.742730611727764,2.62303536902049e-05,0.804274741645775,1.19308057925656,0.0234954931413686,3.16948659693198e+36,42.407852872283,0.213321852437139,2552138408.97727,7.3805207981347,7.335540808225,-20.2803011593787,-12.236036969968,40841811842.2124,0.963547912927284,40841830367.5392,1302409.15829737,0.000871032489975134,1817403.1592431,104663178.988812,0.0550346713630877,146959729.071575,-31.8372840636853,11.5399813375115,0.17500368807519,14.5149659401648,0.854251414124216,20.3487606191169,0.0157957963381868,2.34507418467423,2.95415243378357,0.0501187233627272,5.10430161052003e+41,50.2047681375369,4.07006016640747,3385352148.39359,10.6236161299319,10.4893761649578,-20.0347983367976,-0.0202156752126948,70699366136.9427,1212712978.87882,72543414191.3817,135761379.28803,2171481.98613506,138890405.063063,7284129018.43571,107908615.837442,7327432951.83765,-27.6804927623678,2.46404897610594,0.222020133583772,0.338887718502206,0.698176531523927,3.76536074281164,0.000797287007051832,0.940326855925069,0.95765442543768,0.0240487711620278,2.61591041629443e+39,3.7759354712301,0.694875404006491,432734359.885511,2.11064793130159,1.96487301776376,0.148962807506425,5.75234165874789,21136437058.3107,111181122.194996,21676442950.5213,27929345.9527381,34848.8371726449,29879101.8659289,2210797989.45195,2270204.60987613,2219041795.52821,2.28916276474997,1.33003225126604,0.183054665331532,13.8640160083865,0.506290644220584,15.8406692645775,0.0149722789774448,0.600472587103387,0.80341742908933,0.00257445905933083,5.07811081149112e+41,4.0209797940238,3.16186290996384,400479379.530814,1.13244740049557,1.18896233896904,0.0965400150746909,6.46347963600744,8721117236.41952,1101531855.72028,10025140873.3211,106529624.176995,2136633.14809138,107193900.037891,4968667849.99495,105638411.172531,4961431427.23787,1.86762853656755,39625,53.1307625844144,-27.8039162466462,67.1928472958307
11.2485790889779,1.69008779557466,9.16476115280296,-0.252723341165532,4.80021220434271,1.26700523617651,2.26998042542226,2.83675730466985,0.0199563162037868,1.06317135127953e+45,35.9433323809942,0.730104072309621,18123705145.1714,11.0419506454541,11.0531489087328,-17.1456341387733,-15.1838740644672,73365465794.1399,113064570560.311,186430036354.451,313838797.880153,890825915.199807,1204664713.07996,35707076226.2133,101353908672.798,137060984899.011,-12.416192105729,12.1004204987732,2.45682668565041,15.9477436338784,0.391682873977489,12.2368968834093,1.28968432618638,1.43752971911105,2.41612230594325,0.0150895166986846,1.15657824501452e+45,34.1640611101712,1.05762975383755,22471845396.2134,11.8988411362196,11.9014227131968,-17.1153275785758,-13.7737750701226,81442174887.5502,118150759349.341,210010116405.806,4030617.45991021,37576193.4545401,47932220.5707009,977113663.284866,12535404274.9027,13614609687.0671,-14.7371626754838,11.0671998702391,1.68986903970123,2.94144652926639,-0.210779193648029,5.29975521655633,1.2196250477498,0.815512996853771,1.1628922824748,0.00324955535731497,9.67272053563723e+44,32.965430178423,0.497909213182244,19195807782.4828,10.532970414395,10.5421226115898,-17.1977524434141,-15.4563820930775,72953157852.6943,102375188043.547,181147483688.405,310948.576386512,1510006.89109647,4953201.47375484,123125754.543893,552069277.534245,2776514998.36561,-16.0348401358049,15.7311652158166,3.34759256231461,58.5560309897837,0.887789836509856,28.951753703448,1.49398659339607,2.19525492109445,3.07041554323846,0.0320385568694617,1.39562038904726e+45,35.511291279489,1.92998122236905,26136819680.1724,14.6693554771854,14.6975125921174,-17.0125758994373,-11.4694581189425,98716764636.3536,162933213553.025,242568993071.541,71184967.3533159,271449912.218597,343909445.909983,8070238297.56188,27398897131.5304,35093769553.8932,-13.7488923145897,1.03322062853415,0.766957645949179,13.006297104612,0.602462067625518,6.93714166685302,0.0700592784365808,0.622016722257276,1.25323002346845,0.0118399613413697,1.89306191450794e+44,1.19863093174813,0.559720540655307,3276037613.73069,1.3658707218246,1.35930010160696,0.0824248648382913,1.68260702295496,8489017034.85591,15775571305.7943,28862632717.4009,3719668.8835237,36066186.5634436,42979019.0969461,853987908.740973,11983334997.3685,10838094688.7015,1.29767746032105,3.63074471704333,0.890765876664207,42.6082873559054,0.496106962532366,16.7148568200386,0.204302267209688,0.757725201983406,0.654293237295202,0.0169490401707771,2.39042144032742e+44,1.34723016931784,0.872351468531496,3664974283.95893,2.77051434096578,2.79608987892063,0.102751679138503,2.30431695118009,17274589748.8034,44782454203.6837,32558876665.7355,67154349.8934057,233873718.764057,295977225.339282,7093124634.27702,14863492856.6276,21479159866.8261,0.988270360894154,6730,214.885837996692,52.8397399161541,27.4021339231166
11.1577080799709,0.441678283391024,0.617572429323904,0.369356151036404,7.55277415239221,0.701268994761019,1.15847221304678,0.798399215545196,0.000107278404967839,4.15765076153771e+44,39.773668458925,6.11377451171552,6449383087.99638,9.53904641276841,9.76520161967088,-19.1482116987842,-6.30210064372246,73017937313.9266,68490184508.8519,141508121822.779,5626616.75398062,1540921.01923722,7167537.77321784,185633388259089,50838079497468.1,236471467756557,-15.6419727124525,9.85728290593013,-0.315672942377159,3.5804979135485,0.320404287041447,5.46308490174164,0.519085759125012,2.02601018321148,2.1474827577753,0.000372394780990586,2.19282714547124e+39,37.965146650441,1.13127698994911,5560113757.30803,7.54217791641858,7.48460912044582,-19.201628520794,-1.57168954972168,53586087654.2162,39090210112.0033,91739007261.3619,1341.85460036535,866.54028446758,2869.98271215216,1726827303.06229,1276279552.86289,3258533280.53017,-19.2890559204584,8.41978933192823,-1.63275220395481,0.345407628174547,-0.294680271696595,1.91816585726245,0.395288758010797,1.22983987496586,1.28123068409745,0.000120915211641338,1.38068232208496e+37,36.2092269341259,0.175805587144484,4304034802.64924,5.99484715852892,6.01824195235473,-19.2724845565539,-9.16845273834395,42668352173.0998,26436192429.6913,69528871394.0872,82.2152699261857,64.6830840302983,193.320699368046,159351890.198765,146518479.128873,1050217046.71232,-20.6191474596541,11.2012510579855,0.698321485692911,29.5083635650053,0.744013055038953,22.2652569956146,0.632920806058105,2.73493413430132,2.93226813167276,0.00140430763652908,6.694661767615e+42,40.7672034908585,5.47544199812733,6504806901.00889,8.89726970777708,8.80828609172406,-19.1424054286276,2.71740882556224,65673904490.5657,55364033981.5756,120305172314.978,111572.680860395,85256.4214091087,232127.75068326,3994333335.64316,3126520235.83527,6310002117.35261,-18.1313154952453,1.43749357400189,1.31707926157766,3.23509028537395,0.615084558738042,3.54491904447919,0.123797001114215,0.796170308245624,0.866252073677848,0.000251479569349248,2.17902032225039e+39,1.75591971631517,0.955471402804629,1256078954.65879,1.54733075788966,1.46636716809109,0.0708560357598529,7.59676318862227,10917735481.1164,12654017682.3119,22210135867.2747,1259.63933043917,801.857200437282,2676.66201278411,1567475412.86352,1129761073.73402,2208316233.81784,1.33009153919573,1.34396815205539,1.01399442807007,25.9278656514568,0.423608767997506,16.802172093873,0.113835046933092,0.708923951089836,0.784785373897461,0.0010319128555385,6.69246894046953e+42,2.80205684041742,4.34416500817821,944693143.70086,1.3550917913585,1.32367697127824,0.0592230921664161,4.28909837528393,12087816836.3495,16273823869.5723,28566165053.6161,110230.82626003,84389.8811246411,229257.767971108,2267506032.58088,1850240682.97238,3051468836.82244,1.15774042521308,43857,53.1503521513221,-27.7555865179943,38.2661572440513
3.46900018421025,-1.68580141825319,3.80957909385542,0.996210003375237,0.00665637020660376,0.000477011864258637,2.00031319142672,1.99999356153968,0.000100398241518294,2.0234062508528e+44,52.2389770978308,0.106879684355597,749648002.367103,1.7851534136735,1.71012144983388,-20.4014672404691,-19.6548718605742,5163484433.7889,67296735.8678818,5230781169.65678,12232084.1812361,159283.230047535,12391367.4112836,495617283155377,6453807916844.69,502071091072222,-12.6893854659627,4.12017027175348,-0.865211260475006,1.57955717097738,0.62099713799482,0.0281548081294076,8.56096116030555e-05,2.06082888777265,1.59948564245535,0.00126189836690417,1.70867668815469e+44,53.0214815850544,0.443098336148361,890313294.201231,2.44098595612133,2.36532976270439,-20.3957809529106,-19.4600293683379,5782450491.21036,9420213.24705124,5822437068.09473,4338.48546969932,3.85326045696823,4493.22190091875,259291527.306571,93517.8824988443,260975642.861552,-15.3329923106193,2.90626105027189,-1.49523801824071,0.791032372578882,0.19909105614735,0.0053630730351724,1.48042363215558e-05,1.26634403986288,0.809190186039255,0.000130444901986438,1.05341824706986e+44,50.7262800985025,0.118593834868481,551595253.747754,1.90780738991783,1.77779493601481,-20.4449692461706,-19.6312788377649,4464616050.48396,1644247.48841461,4507398954.31289,15.4005253658848,0.003917057715396,15.4745929361105,24044833.0055465,6000.12998743325,28099013.3453774,-17.1248249269976,5.26310453458097,-0.0832010623812154,2.5643296056356,0.935324695109978,0.116334660985057,0.00156672235975504,2.64622550682132,2.39457496423412,0.0321168201811532,1.97762372975875e+44,54.801227385967,3.2374948891173,1240995262.47918,3.60773831999873,3.49794666470165,-20.3457504258146,-18.9407873449534,9312171844.8815,143609888.617159,9601353383.2822,3885617.74442651,16335.2948702495,3921010.84882238,736605462.1397,4596971.48131703,744675554.925327,-14.0620425679859,1.21390922148159,0.630026757765707,0.788524798398494,0.421906081847471,0.0227917350942352,7.08053752814997e-05,0.794484847909775,0.790295456416098,0.00113145346491773,6.55258441084825e+43,2.29520148655193,0.32450450127988,338718040.453477,0.533178566203508,0.587534826689572,0.049188293259995,0.171249469426947,1317834440.7264,7775965.75863663,1315038113.78185,4323.08494433344,3.84934339925284,4477.74730798264,235246694.301024,87517.7525114111,232876629.516175,1.79183261637828,1.14293426282748,0.78201019809379,0.984772434658223,0.314327557115158,0.0881798528556496,0.00148111274815199,0.58539661904867,0.795089321778764,0.030854921814249,2.6894704160406e+43,1.77974580091261,2.79439655296894,350681968.277953,1.1667523638774,1.13261690199727,0.05003052709597,0.519242023384514,3529721353.67114,134189675.370107,3778916315.18747,3881279.25895681,16331.4416097926,3916517.62692146,477313934.833129,4503453.59881818,483699912.063775,1.27094974263341,46858,53.1492861071381,-27.7486793714999,31.3351944712896
48.7853320992159,-0.672287029864231,0.436432519653208,-0.158379984572813,0.754041295690511,0.107577436854915,1.93017742239686,1.98114388801775,0.0501182230453864,2.94839808464345e+44,49.9732842534841,9.9940566705318,3838072306.51893,17.9979181151839,16.0323338182383,-21.0494596625048,-19.7692055669008,99663620523.7344,31474919798.0529,131138540321.787,192544565.119352,70678880.0295475,263223445.1489,8722955070.99495,3202005180.37899,11924960251.3739,-15.3750634271069,48.09189798427,-0.628567669988247,0.586238474305062,-0.0347715962026822,1.20716478540649,0.0505419670768333,1.81081575784046,1.98387985503564,0.0473083486595444,9.03449471690342e+43,51.2608494625432,0.808750627086547,5056481430.02392,22.138204244242,20.0624502282767,-21.0919411635262,-18.5825980222451,126316890197.589,11688022926.1629,146854464144.868,99565473.5690051,5993938.1522747,157342908.319082,6836602921.99705,322062568.798491,10603433705.7086,-18.6343766187192,34.0630177459789,-0.735599964442534,0.31656486444358,-0.19400652126134,0.802299989435651,0.0037725947460723,0.853800143961871,1.07068061323851,0.0325291199762087,6.22202221540104e+42,49.4150016844884,0.146858203407912,3058525619.551,16.073689644687,14.2063728072338,-21.1369717293467,-20.1979688832803,99824906137.4439,206812155.725762,129565078789.89,4982358.29203706,73815.1549650025,8942154.5347084,248550974.011241,3657980.72517907,447855638.431145,-20.5216683758549,53.8650352809294,-0.447465632884554,0.694548071930307,0.0603722550762906,4.38707026039566,0.134885389095442,2.59717774238803,2.72925827651338,0.0501187233627272,4.21170090360993e+44,54.093202198979,5.5524462103972,5974497173.48479,24.8912513099514,22.6348530191903,-21.0468508272107,-15.7515684658724,154994128590.259,41462327296.4358,165702047232.282,455561121.972838,89754084.8667168,513659887.075736,24005455459.5667,5595950460.75607,28616055690.3592,-17.1354205652624,14.0288802382911,0.107032294454287,0.269673609861482,0.159234925058658,0.404864795970837,0.046769372330761,0.957015613878591,0.913199241797136,0.0147792286833357,8.41229249536331e+43,1.84584777805473,0.661892423678635,1997955810.47291,6.06451459955499,5.85607742104291,0.0450305658204968,1.61537086103528,26491984060.1456,11481210770.4371,17289385354.9787,94583115.276968,5920122.9973097,148400753.784374,6588051947.98581,318404588.073312,10155578067.2774,1.8872917571357,5.77313729665936,0.181102037103693,0.108309597625245,0.0951438512789728,3.17990547498917,0.0843434220186085,0.786361984547571,0.745378421477738,0.00281037470318283,3.30825143191959e+44,2.83235273643588,4.74369558331065,918015743.460878,2.75304706570942,2.57240279091359,0.0450903363154858,2.83102955637266,28677238392.6699,29774304370.2729,18847583087.4139,355995648.403832,83760146.7144421,356316978.756654,17168852537.5696,5273887891.95758,18012621984.6506,1.49895605345679,19645,53.1784999739007,-27.7841056219551,39.8196891356989
44.0584644517511,-1.99956393406673,0.300002363645413,-0.365106674895545,0.684305937113302,3.82113449161182e-05,1.93887782925408,2.002044684849,0.000539920436974124,6.70973673697145e+42,41.0359120671764,0.100004262075869,202406750.774714,0.881486578509471,0.780080742940374,-18.2888743407687,-15.6379988430999,5382709506.78277,132108.79559803,5382841615.57837,10678578.7119748,314.450852825437,10678893.1628276,2351191956176.85,69235273.3184463,2351261191450.17,-21.9140443294504,52.6039014385107,-1.86995075793103,0.3,-0.335350077752305,1.18723594856226,0.00466419107439283,1.86759219444666,2.00485725982216,0.000951943987531169,1.23609566886649e+42,42.4192695986107,0.453122051533684,234751538.273058,1.045335033444,0.922848160892393,-18.2992818777281,-13.1638993811777,7196987175.64963,8135453.8233617,7251143350.44851,3341.14633703815,2.48757389839341,3449.50253690168,160337034.099282,74146.4602386696,163039164.73121,-24.6937015224008,39.0413999952162,-1.94659908943407,0.3,-0.374853924423045,0.256568811984331,0.00045926913935224,0.934008214408682,1.07573108215944,0.000286493478361121,9.64911382520111e+40,40.6814956633956,0.117886035834176,169478569.902353,0.830582354314857,0.722328617598684,-18.3451885284639,-15.4064788814331,3505972685.47847,165178.861709566,3508896573.10376,38.7451717621397,0.0160136670715881,39.4018373262014,8032000.19959373,2328.39981325248,8616366.85182747,-26.1878595959101,68.8190313374589,-1.82444287406237,0.3,-0.330955351945655,6.36665302569055,0.0234814478019565,2.63665696484876,2.72636090887067,0.00417751560323863,7.83029883325629e+42,44.8171820862076,5.83258605493647,265320389.569801,1.24636414031759,1.08399592105374,-18.2510104205964,-10.1229971622465,8735271106.56048,233508391.230921,8902658987.10912,52601.5951391678,322.423788654303,52955.0770702763,512231842.284685,9956108.23634854,532545473.93697,-23.6465989113109,13.5625014432945,0.0766483315030435,0,0.0395038466707397,0.930667136577931,0.00420492193504059,0.933583980037975,0.929126177662724,0.000665450509170048,1.13960453061448e+42,1.7377739352151,0.335236015699508,65272968.3707051,0.214752679129147,0.200519543293709,0.0459066507357306,2.24257950025538,3691014490.17116,7970274.96165213,3742246777.34475,3302.40116527601,2.47156023132182,3410.10069957548,152305033.899688,71818.0604254171,154422797.879383,1.49415807350933,16.2151298989482,0.0455078838686529,0,0.0043947258066499,5.17941707712828,0.0188172567275636,0.769064770402099,0.721503649048504,0.00322557161570747,6.5942031643898e+42,2.39791248759691,5.37946400340278,30568851.2967424,0.201029106873585,0.161147760161349,0.0482714571317118,3.0409022189312,1538283930.91086,225372937.407559,1651515636.66061,49260.4488021297,319.936214755909,49505.5745333746,351894808.185402,9881961.77610988,369506309.20576,1.04710261108991,22373,53.1707977607414,-27.793355297063,48.1460338388154
4.47595417377124,0.174447666806063,0.300000796710676,-0.113715825095879,6.62086706389398,1.00002264981724e-05,2.01307596821522,2.00014331185903,0.0244863413311767,4.51403155680811e+37,44.468500450702,0.154417244057631,1493190069.35121,3.72361922546509,4.02647208649803,-19.3464833045302,-2.77240025399212,24638575956.2113,42945789.8061414,24681521746.0174,60429330.9670477,101689.339416888,60531020.3064646,5603403829.86937,9429302.37397785,5612833132.24335,-17.7733083024725,4.22413757697415,0.00452818546023318,5.92712039961567,0.406140468906547,7.39201727898829,0.000148343487345847,1.84797499244481,1.5862298491479,0.0185810080079343,1.37235487755128e+37,45.7910874937752,1.00424391097016,1573751966.38492,3.97446256442995,3.91242310292284,-19.3492850992137,-1.32883174765946,26698495344.8526,42510883.7766441,26810134778.786,6595206.97862609,9772.53444342928,6732501.13359874,1265315939.94657,1265204.40632457,1298405618.22534,-19.9697143697027,3.25344870218628,-0.225884583473408,0.987455600557955,-0.298160313063085,2.17334101263857,1.75805049956802e-05,1.00429035715493,0.828351513368011,0.00899307963921645,3.91827766445727e+35,43.1269647677046,0.174436030263145,1445905590.19411,3.1661329845849,3.18500245292809,-19.3932660854684,-6.04386028063215,22144772621.9279,264.941320919524,22425739232.0707,464411.817216182,0.0315940280615457,517321.911825312,71534038.6015219,3.18961878341096,75785249.2880388,-22.0150694586377,4.75760032551833,0.378762200265506,43.3045615145773,0.878481101694856,24.7260380554672,0.0196743197685497,2.70878831970746,2.28945231982512,0.0267634176316161,1.16903375940862e+39,46.9982445122071,5.72787324589748,1707023851.36939,4.37702582957237,4.29530493819678,-19.3075174493911,2.75342405976103,29303325366.9568,836356196.530405,29977171002.0082,49711355.4020713,382619.549023305,49916189.6689946,5453444221.31453,41110076.9601954,5477257742.93151,-18.864241959895,0.970688874787873,0.230412768933641,4.93966479905771,0.704300781969632,5.21867626634972,0.000130762982350167,0.843684635289877,0.757878335779892,0.00958792836871787,1.33317210090671e+37,2.66412272607064,0.829807880707012,127846376.19081,0.808329579845051,0.727420649994743,0.0439809862547236,4.71502853297269,4553722722.92465,42510618.8353232,4384395546.71529,6130795.16140991,9772.50284940122,6215179.22177343,1193781901.34505,1265201.21670579,1222620368.9373,2.04535508893492,0.533462748544183,0.374234014805273,37.3774411149617,0.472340632788309,17.334020776479,0.0195259762812039,0.860813327262643,0.703222470677222,0.0081824096236818,1.15531021063311e+39,1.20715701843189,4.72362933492733,133271884.984462,0.402563265142422,0.382881835273941,0.0417676498225141,4.0822558074205,2604830022.10423,793845312.753761,3167036223.22225,43116148.4234453,372847.014579875,43183688.5353958,4188128281.36796,39844872.5538709,4178852124.70617,1.10547240980776,37536,53.1315691215306,-27.8099034631679,40.8946796772096
8.15163766553574,0.597232260363024,0.940613824459435,0.848371881437617,26.3603314024783,0.8029916286158,2.10100498542759,1.91227983933804,1e-04,3.32871161842428e+35,40.2145199544037,4.43448020630806,5408358979.59589,7.58232035140259,7.62896866877567,-18.6093830498496,8.64157737344272,58300771043.7219,54717089244.6827,113017860288.405,178138256.361368,99988410.5892736,278126666.950642,7307252384771910,4101536450687260,11408788835459200,-26.6588221553697,6.00176658444695,0.671849389205817,8.55791015175124,0.439827085985643,7.41305200088481,0.612166825345933,1.64569027767061,1.97203368781331,0.000194761747432203,5.63015054851409e+38,40.4049019977019,1.78443309218366,4451198475.80894,5.82571556204038,5.8312851569791,-18.7091985911241,-0.0318838281433997,42997508562.665,34367319040.6377,76969000954.182,87.1004073268208,117.393685269492,281.093673001765,532808758.239774,1067212191.76901,1946655854.14375,-30.4839319727351,4.77317209041735,-0.0113607012114676,1.39933576478112,-0.209860439430891,2.24891778480128,0.501606841284431,0.908282577723936,0.984059758582796,1e-04,5.63029922183915e+35,39.2010710780952,0.262212510084901,3638799404.84728,4.70204797033417,4.70918162279452,-18.8720519110252,-5.51343460733653,33840835769.0293,26143619736.8883,60017056022.4457,14.3029735518577,11.0718357961655,55.4311508946061,43172078.1343661,46844851.0434451,431338583.762481,-31.9221770054649,8.20263079117098,1.24464974768875,53.9721407745981,0.909067173449383,25.1402189882004,0.765659499421862,2.30611010568982,2.88650518662187,0.00049559762316219,2.12340341140597e+40,43.9060427448651,6.16355110036767,5233418228.00626,7.63702336725536,7.59783740115951,-18.5878067286424,5.9135016293745,56667901909.072,49597521218.3338,104613224829.556,945.11809976267,3112.20304960122,4640.75951240858,2334421696.99224,2434043683.06005,3987364139.25826,-28.8771365781908,1.22859449402961,0.683210090417285,7.15857438697012,0.649687525416534,5.16413421608353,0.110559984061502,0.737407699946671,0.987973929230518,9.47617474322028e-05,5.62452024929225e+38,1.20383091960674,1.52222058209876,812399070.961666,1.12366759170621,1.12210353418458,0.162853319901075,5.48155077919313,9156672793.63565,8223699303.74938,16951944931.7364,72.797433774963,106.321849473327,225.662522107159,489636680.105408,1020367340.72556,1515317270.38127,1.43824503272976,2.20086420672403,0.572800358482937,45.4142306228469,0.469240087463741,17.7271669873156,0.153492674075929,0.660419828019214,0.914471498808557,0.000300835875729987,2.06710190592083e+40,3.5011407471632,4.37911800818402,782219752.197319,1.81130780521498,1.76655224418041,0.121391862481751,5.9453854575179,13670393346.4071,15230202177.6961,27644223875.3738,858.01769243585,2994.80936433173,4359.66583940682,1801612938.75246,1366831491.29104,2040708285.11451,1.6067953945443,33832,53.1618126482993,-27.7707202326345,61.2618482505939
4.60110700118888,0.226143038599124,0.300000031047195,0.121115361706068,31.563430729601,1.00000352469456e-05,1.98648800915657,2.00029618668023,0.0386463749468901,3.0624640055896e+38,45.1969958278296,9.95679870837145,1522116338.12865,3.64762743676271,3.93534746451688,-19.1819782783035,-4.39324757372529,24195160517.8857,42107377.114204,24237267894.9999,55157288.4074539,99745.9993203417,55257034.4067743,3240575768.54526,5860231.30830974,3246435999.85357,-25.7340542568698,4.72521593830614,-0.163277699368926,8.72258858222678,0.0822489228594303,10.2638599707019,0.000481841190430293,1.77401151354547,1.87909292788303,0.0439638765180609,3.56286399304989e+37,53.4366222233214,1.24695146352199,1642197173.27376,4.35354753152137,4.25860809829706,-19.1696596844392,-2.74141841474382,28853291489.8168,51015714.4206254,29008694586.7851,21954185.9392105,67980.2532436207,22518627.5157694,1333201119.0744,4253380.34368618,1350424094.75977,-27.8225797868551,3.83873350417829,-0.328875596039767,1.68652832081285,-0.404673991240922,3.63739545260498,2.13308824246594e-05,0.981045676543252,1.11219651712575,0.0275704141436673,2.40107649936788e+36,51.4624191083135,0.191663933046358,1524910207.04218,3.72669622685501,3.70196134358627,-19.212644899103,-5.68993583406206,24687543386.557,36316638.3585503,24758960591.6484,1317575.38938157,3334.71882841844,2483362.69979001,76664134.5388108,185094.140871973,160595894.359039,-29.0774156773716,5.22754927880332,0.1071511269832,52.1843541197978,0.720130949355419,27.1492442368339,0.0112934092951448,3.01386998858839,2.68043998117175,0.0501187233627272,5.91070933008695e+38,56.155614244401,6.40337871402322,1759564202.74561,4.60404369145695,4.47707548901252,-19.1220351025361,0.204325458362035,30586259793.7909,432894033.63918,30894124211.5518,127334323.426952,721666.401006196,127384753.322416,7053474076.99899,40247543.2158499,7074612326.6617,-26.9525360156391,0.886482434127847,0.165597896670842,7.03606026141393,0.486922914100352,6.62646451809691,0.000460510308005634,0.792965837002219,0.766896410757284,0.0163934623743935,3.3227563431131e+37,1.97420311500796,1.05528753047563,117286966.231584,0.626851304666352,0.556646754710792,0.0429852146637728,2.94851741931824,4165748103.25973,14699076.0620751,4249733995.1367,20636610.5498289,64645.5344152022,20035264.8159794,1256536984.53559,4068286.20281421,1189828200.40073,1.25483589051651,0.502333340497176,0.270428826352126,43.461765537571,0.637882026495988,16.885384266132,0.0108115681047145,1.23985847504292,0.801347053288717,0.00615484684466635,5.55442293078196e+38,2.71899202107954,5.15642725050123,117367029.471844,0.250496159935581,0.21846739071546,0.0476245819031647,2.94574387310585,1732968303.97409,381878319.218554,1885429624.76671,105380137.487742,653686.147762575,104866125.806647,5720272957.92459,35994162.8721637,5724188231.90193,0.870043771215954,1646,53.1123669735433,-27.7595927632192,54.0113386476504
9.72529761048083,-0.196587800896473,0.300258028264095,-0.00377850311660395,24.7646753334489,0.436529379504771,1.83122586671447,1.93584830176502,0.049891345148443,7.43851301707492e+43,53.073051070297,0.102579017338572,1174433104.21143,7.30869584181464,6.4457879921702,-18.9238892156971,-17.3906196771061,48833953365.841,27142412169.354,75976365535.1951,68102237.0881185,53354032.5203383,121456269.608457,3099304170.03328,2428119582.39219,5527423752.42547,-17.799303816195,6.36703039450667,-0.146892116576632,0.375129970547111,0.13842673029467,4.07321909439403,0.440560209135037,1.83910988616662,1.96339723167496,0.0236694575341143,6.93623115580255e+43,54.3401870778942,0.710166698818291,1135689036.54807,5.56784571172615,5.12117837039387,-18.9746427621838,-17.6625302653027,38729631151.6119,26280233535.5227,68631825873.2563,6336500.47154473,5113356.68545792,18798811.5173327,1282088412.82585,846405278.106409,2881967935.18216,-21.488913888637,4.53903147320457,-0.92933133792276,0.3,-0.471641115593081,1.13518691036897,0.122567144236698,0.853706900288482,1.03004289502204,0.00537749513345375,2.73782584937894e+43,52.3202809532273,0.13390052957432,836626144.885019,2.61279119120531,2.49232046990627,-19.0786853198704,-18.1571260428626,16028277910.2646,7372045085.1565,24486338869.5343,368840.895637182,397108.831891103,1475686.34622659,64550452.7630048,54780477.5724893,379643289.227396,-23.4774070715128,9.84252753131914,-0.0530977934142367,4.9664015163148,0.843144060364443,19.6705503325919,0.572975678288629,2.67774447861324,2.60444235012391,0.0493477231869573,1.18744631872508e+44,57.1803355581891,4.60636293256895,1571349505.46831,8.86345275897099,8.01998453770973,-18.8906421485288,-16.3485340872864,61249485965.0196,42382677292.6564,99445585128.695,73412306.6173709,30548911.0151048,102605025.317366,6957740908.26137,3977255239.68311,10175381636.4557,-19.487978716611,1.8279989213021,0.782439221346128,0.0751299705471112,0.610067845887751,2.93803218402507,0.317993064898339,0.98540298587814,0.933354336652926,0.0182919624006606,4.1984053064236e+43,2.01990612466685,0.576266169243971,299062891.663053,2.95505452052083,2.6288579004876,0.104042557686643,0.494595777559894,22701353241.3473,18908188450.3662,44145487003.722,5967659.57590754,4716247.85356681,17323125.1711061,1217537960.06285,791624800.533919,2502324645.95476,1.9884931828758,3.47549713681247,0.0937943231623949,4.59127154576769,0.704717330069772,15.5973312381979,0.132415469153592,0.838634592446613,0.64104511844895,0.0256782656528429,4.93823203144827e+43,2.84014848029494,3.89619623375066,435660468.920238,3.29560704724484,2.89880616731586,0.0840006136550073,1.3139961780163,22519854813.4077,16102443757.1337,30813759255.4387,67075806.1458262,25435554.3296469,83806213.8000332,5675652495.43551,3130849961.5767,7293413701.27353,2.00093517202605,4573,214.896908650368,52.9367115644261,46.7552874191763
